slug,startAt,discoveredAt,discovery_lead_seconds,outcome,yesTouched,noTouched,yesFirstTouchAt,noFirstTouchAt,pnl_per_share,yes_actual_ask,no_actual_ask,actual_touch_pnl_per_share,beijing_day,beijing_hour,time_block
btc-updown-5m-1783268700,2026-07-05 16:25:00+00:00,2026-07-05 16:29:32.063000+00:00,-272.063,single,True,False,2026-07-05T16:29:32.835Z,,-0.29,0.003,,-0.003,2026-07-06,0,00-04
btc-updown-5m-1783269000,2026-07-05 16:30:00+00:00,2026-07-05 16:29:32.088000+00:00,27.912,single,False,True,,2026-07-05T16:30:23.570Z,-0.29,,0.28,-0.28,2026-07-06,0,00-04
btc-updown-5m-1783269300,2026-07-05 16:35:00+00:00,2026-07-05 16:29:32.110000+00:00,327.89,single,True,False,2026-07-05T16:38:00.650Z,,-0.29,0.27,,-0.27,2026-07-06,0,00-04
btc-updown-5m-1783269600,2026-07-05 16:40:00+00:00,2026-07-05 16:30:02.509000+00:00,597.491,paired,True,True,2026-07-05T16:43:15.284Z,2026-07-05T16:44:56.352Z,0.42,0.28,0.29,0.43,2026-07-06,0,00-04
btc-updown-5m-1783269900,2026-07-05 16:45:00+00:00,2026-07-05 16:35:02.577000+00:00,597.423,paired,True,True,2026-07-05T16:49:56.420Z,2026-07-05T16:49:58.612Z,0.42,0.28,0.27,0.44999999999999996,2026-07-06,0,00-04
btc-updown-5m-1783270200,2026-07-05 16:50:00+00:00,2026-07-05 16:40:03.429000+00:00,596.571,paired,True,True,2026-07-05T16:52:03.273Z,2026-07-05T16:54:33.896Z,0.42,0.29,0.29,0.42,2026-07-06,0,00-04
btc-updown-5m-1783270500,2026-07-05 16:55:00+00:00,2026-07-05 16:45:03.331000+00:00,596.669,single,False,True,,2026-07-05T16:55:28.059Z,-0.29,,0.29,-0.29,2026-07-06,0,00-04
btc-updown-5m-1783270800,2026-07-05 17:00:00+00:00,2026-07-05 16:50:03.247000+00:00,596.753,single,False,True,,2026-07-05T17:00:35.193Z,-0.29,,0.29,-0.29,2026-07-06,0,00-04
btc-updown-5m-1783271100,2026-07-05 17:05:00+00:00,2026-07-05 16:55:03.270000+00:00,596.73,single,True,False,2026-07-05T17:05:46.742Z,,-0.29,0.29,,-0.29,2026-07-06,1,00-04
btc-updown-5m-1783271400,2026-07-05 17:10:00+00:00,2026-07-05 17:00:03.312000+00:00,596.688,single,True,False,2026-07-05T17:12:46.936Z,,-0.29,0.29,,-0.29,2026-07-06,1,00-04
btc-updown-5m-1783271700,2026-07-05 17:15:00+00:00,2026-07-05 17:05:03.403000+00:00,596.597,single,True,False,2026-07-05T17:16:53.402Z,,-0.29,0.29,,-0.29,2026-07-06,1,00-04
btc-updown-5m-1783272000,2026-07-05 17:20:00+00:00,2026-07-05 17:10:03.606000+00:00,596.394,paired,True,True,2026-07-05T17:21:38.088Z,2026-07-05T17:22:45.879Z,0.42,0.29,0.25,0.45999999999999996,2026-07-06,1,00-04
btc-updown-5m-1783272300,2026-07-05 17:25:00+00:00,2026-07-05 17:15:03.345000+00:00,596.655,single,True,False,2026-07-05T17:25:28.203Z,,-0.29,0.28,,-0.28,2026-07-06,1,00-04
btc-updown-5m-1783272600,2026-07-05 17:30:00+00:00,2026-07-05 17:20:03.344000+00:00,596.656,paired,True,True,2026-07-05T17:32:25.369Z,2026-07-05T17:32:03.403Z,0.42,0.29,0.29,0.42,2026-07-06,1,00-04
btc-updown-5m-1783272900,2026-07-05 17:35:00+00:00,2026-07-05 17:25:03.455000+00:00,596.545,paired,True,True,2026-07-05T17:39:56.020Z,2026-07-05T17:37:31.976Z,0.42,0.27,0.29,0.44,2026-07-06,1,00-04
btc-updown-5m-1783273200,2026-07-05 17:40:00+00:00,2026-07-05 17:30:03.317000+00:00,596.683,single,True,False,2026-07-05T17:43:06.719Z,,-0.29,0.29,,-0.29,2026-07-06,1,00-04
btc-updown-5m-1783273500,2026-07-05 17:45:00+00:00,2026-07-05 17:35:03.298000+00:00,596.702,single,False,True,,2026-07-05T17:45:49.530Z,-0.29,,0.29,-0.29,2026-07-06,1,00-04
btc-updown-5m-1783273800,2026-07-05 17:50:00+00:00,2026-07-05 17:40:03.306000+00:00,596.694,single,True,False,2026-07-05T17:52:00.978Z,,-0.29,0.29,,-0.29,2026-07-06,1,00-04
btc-updown-5m-1783274100,2026-07-05 17:55:00+00:00,2026-07-05 17:45:03.348000+00:00,596.652,single,False,True,,2026-07-05T17:57:36.561Z,-0.29,,0.29,-0.29,2026-07-06,1,00-04
btc-updown-5m-1783274400,2026-07-05 18:00:00+00:00,2026-07-05 17:50:03.332000+00:00,596.668,single,False,True,,2026-07-05T18:02:42.984Z,-0.29,,0.29,-0.29,2026-07-06,1,00-04
btc-updown-5m-1783274700,2026-07-05 18:05:00+00:00,2026-07-05 17:55:03.340000+00:00,596.66,paired,True,True,2026-07-05T18:08:58.432Z,2026-07-05T18:05:32.097Z,0.42,0.23,0.29,0.48000000000000004,2026-07-06,2,00-04
btc-updown-5m-1783275000,2026-07-05 18:10:00+00:00,2026-07-05 18:00:03.397000+00:00,596.603,single,True,False,2026-07-05T18:14:29.800Z,,-0.29,0.17,,-0.17,2026-07-06,2,00-04
btc-updown-5m-1783275300,2026-07-05 18:15:00+00:00,2026-07-05 18:05:03.423000+00:00,596.577,single,False,True,,2026-07-05T18:16:09.615Z,-0.29,,0.29,-0.29,2026-07-06,2,00-04
btc-updown-5m-1783275600,2026-07-05 18:20:00+00:00,2026-07-05 18:10:03.389000+00:00,596.611,paired,True,True,2026-07-05T18:24:41.426Z,2026-07-05T18:23:05.753Z,0.42,0.26,0.29,0.45,2026-07-06,2,00-04
btc-updown-5m-1783275900,2026-07-05 18:25:00+00:00,2026-07-05 18:15:03.604000+00:00,596.396,paired,True,True,2026-07-05T18:29:54.865Z,2026-07-05T18:25:46.604Z,0.42,0.29,0.29,0.42,2026-07-06,2,00-04
btc-updown-5m-1783276200,2026-07-05 18:30:00+00:00,2026-07-05 18:20:03.523000+00:00,596.477,single,False,True,,2026-07-05T18:31:25.699Z,-0.29,,0.29,-0.29,2026-07-06,2,00-04
btc-updown-5m-1783276500,2026-07-05 18:35:00+00:00,2026-07-05 18:25:03.548000+00:00,596.452,paired,True,True,2026-07-05T18:35:16.229Z,2026-07-05T18:38:48.466Z,0.42,0.29,0.28,0.42999999999999994,2026-07-06,2,00-04
btc-updown-5m-1783276800,2026-07-05 18:40:00+00:00,2026-07-05 18:30:03.536000+00:00,596.464,single,False,True,,2026-07-05T18:43:32.514Z,-0.29,,0.29,-0.29,2026-07-06,2,00-04
btc-updown-5m-1783277100,2026-07-05 18:45:00+00:00,2026-07-05 18:35:03.554000+00:00,596.446,paired,True,True,2026-07-05T18:45:22.051Z,2026-07-05T18:49:01.594Z,0.42,0.24,0.29,0.47000000000000003,2026-07-06,2,00-04
btc-updown-5m-1783277400,2026-07-05 18:50:00+00:00,2026-07-05 18:40:03.627000+00:00,596.373,paired,True,True,2026-07-05T18:50:14.852Z,2026-07-05T18:51:27.280Z,0.42,0.26,0.21,0.53,2026-07-06,2,00-04
btc-updown-5m-1783277700,2026-07-05 18:55:00+00:00,2026-07-05 18:45:03.549000+00:00,596.451,paired,True,True,2026-07-05T18:55:18.822Z,2026-07-05T18:59:28.953Z,0.42,0.29,0.29,0.42,2026-07-06,2,00-04
btc-updown-5m-1783278000,2026-07-05 19:00:00+00:00,2026-07-05 18:50:03.572000+00:00,596.428,paired,True,True,2026-07-05T19:01:02.392Z,2026-07-05T19:03:08.708Z,0.42,0.29,0.29,0.42,2026-07-06,2,00-04
btc-updown-5m-1783278300,2026-07-05 19:05:00+00:00,2026-07-05 18:55:03.608000+00:00,596.392,paired,True,True,2026-07-05T19:06:09.711Z,2026-07-05T19:09:52.334Z,0.42,0.29,0.29,0.42,2026-07-06,3,00-04
btc-updown-5m-1783278600,2026-07-05 19:10:00+00:00,2026-07-05 19:00:04.018000+00:00,595.982,single,False,True,,2026-07-05T19:12:56.321Z,-0.29,,0.29,-0.29,2026-07-06,3,00-04
btc-updown-5m-1783278900,2026-07-05 19:15:00+00:00,2026-07-05 19:05:04.020000+00:00,595.98,paired,True,True,2026-07-05T19:18:54.682Z,2026-07-05T19:15:22.342Z,0.42,0.28,0.29,0.43,2026-07-06,3,00-04
btc-updown-5m-1783279200,2026-07-05 19:20:00+00:00,2026-07-05 19:10:04.015000+00:00,595.985,single,True,False,2026-07-05T19:20:44.399Z,,-0.29,0.29,,-0.29,2026-07-06,3,00-04
btc-updown-5m-1783279500,2026-07-05 19:25:00+00:00,2026-07-05 19:15:04.520000+00:00,595.48,paired,True,True,2026-07-05T19:25:38.323Z,2026-07-05T19:29:05.520Z,0.42,0.23,0.25,0.52,2026-07-06,3,00-04
btc-updown-5m-1783279800,2026-07-05 19:30:00+00:00,2026-07-05 19:20:04.159000+00:00,595.841,single,False,True,,2026-07-05T19:32:11.640Z,-0.29,,0.29,-0.29,2026-07-06,3,00-04
btc-updown-5m-1783280100,2026-07-05 19:35:00+00:00,2026-07-05 19:25:04.183000+00:00,595.817,single,True,False,2026-07-05T19:39:06.357Z,,-0.29,0.29,,-0.29,2026-07-06,3,00-04
btc-updown-5m-1783280400,2026-07-05 19:40:00+00:00,2026-07-05 19:30:04.226000+00:00,595.774,paired,True,True,2026-07-05T19:41:44.788Z,2026-07-05T19:44:58.593Z,0.42,0.29,0.29,0.42,2026-07-06,3,00-04
btc-updown-5m-1783280700,2026-07-05 19:45:00+00:00,2026-07-05 19:35:04.281000+00:00,595.719,paired,True,True,2026-07-05T19:49:20.123Z,2026-07-05T19:47:30.566Z,0.42,0.28,0.25,0.47,2026-07-06,3,00-04
btc-updown-5m-1783281000,2026-07-05 19:50:00+00:00,2026-07-05 19:40:04.219000+00:00,595.781,paired,True,True,2026-07-05T19:52:50.287Z,2026-07-05T19:54:10.552Z,0.42,0.29,0.28,0.42999999999999994,2026-07-06,3,00-04
btc-updown-5m-1783281300,2026-07-05 19:55:00+00:00,2026-07-05 19:45:04.192000+00:00,595.808,single,True,False,2026-07-05T19:59:31.211Z,,-0.29,0.27,,-0.27,2026-07-06,3,00-04
btc-updown-5m-1783281600,2026-07-05 20:00:00+00:00,2026-07-05 19:50:04.212000+00:00,595.788,paired,True,True,2026-07-05T20:04:53.868Z,2026-07-05T20:00:45.177Z,0.42,0.28,0.29,0.43,2026-07-06,3,00-04
btc-updown-5m-1783281900,2026-07-05 20:05:00+00:00,2026-07-05 19:55:04.238000+00:00,595.762,single,False,True,,2026-07-05T20:06:37.064Z,-0.29,,0.29,-0.29,2026-07-06,4,04-08
btc-updown-5m-1783282200,2026-07-05 20:10:00+00:00,2026-07-05 20:00:04.210000+00:00,595.79,single,False,True,,2026-07-05T20:13:51.497Z,-0.29,,0.29,-0.29,2026-07-06,4,04-08
btc-updown-5m-1783282500,2026-07-05 20:15:00+00:00,2026-07-05 20:05:04.266000+00:00,595.734,single,True,False,2026-07-05T20:18:01.415Z,,-0.29,0.29,,-0.29,2026-07-06,4,04-08
btc-updown-5m-1783282800,2026-07-05 20:20:00+00:00,2026-07-05 20:10:04.290000+00:00,595.71,single,False,True,,2026-07-05T20:20:34.247Z,-0.29,,0.28,-0.28,2026-07-06,4,04-08
btc-updown-5m-1783283100,2026-07-05 20:25:00+00:00,2026-07-05 20:15:04.290000+00:00,595.71,single,True,False,2026-07-05T20:26:14.448Z,,-0.29,0.29,,-0.29,2026-07-06,4,04-08
btc-updown-5m-1783283400,2026-07-05 20:30:00+00:00,2026-07-05 20:20:04.226000+00:00,595.774,none,False,False,,,0.0,,,0.0,2026-07-06,4,04-08
btc-updown-5m-1783283700,2026-07-05 20:35:00+00:00,2026-07-05 20:25:04.264000+00:00,595.736,none,False,False,,,0.0,,,0.0,2026-07-06,4,04-08
btc-updown-5m-1783284000,2026-07-05 20:40:00+00:00,2026-07-05 20:30:04.296000+00:00,595.704,none,False,False,,,0.0,,,0.0,2026-07-06,4,04-08
btc-updown-5m-1783284300,2026-07-05 20:45:00+00:00,2026-07-05 20:35:04.286000+00:00,595.714,none,False,False,,,0.0,,,0.0,2026-07-06,4,04-08
btc-updown-5m-1783284600,2026-07-05 20:50:00+00:00,2026-07-05 20:40:04.326000+00:00,595.674,paired,True,True,2026-07-05T20:54:40.483Z,2026-07-05T20:53:06.357Z,0.42,0.26,0.29,0.45,2026-07-06,4,04-08
btc-updown-5m-1783284900,2026-07-05 20:55:00+00:00,2026-07-05 20:45:04.299000+00:00,595.701,paired,True,True,2026-07-05T20:59:44.089Z,2026-07-05T20:56:38.745Z,0.42,0.26,0.29,0.45,2026-07-06,4,04-08
btc-updown-5m-1783285200,2026-07-05 21:00:00+00:00,2026-07-05 20:50:04.407000+00:00,595.593,single,True,False,2026-07-05T21:01:07.940Z,,-0.29,0.27,,-0.27,2026-07-06,4,04-08
btc-updown-5m-1783285500,2026-07-05 21:05:00+00:00,2026-07-05 20:55:04.588000+00:00,595.412,single,True,False,2026-07-05T21:06:18.857Z,,-0.29,0.29,,-0.29,2026-07-06,5,04-08
btc-updown-5m-1783285800,2026-07-05 21:10:00+00:00,2026-07-05 21:00:05.051000+00:00,594.949,single,False,True,,2026-07-05T21:10:12.084Z,-0.29,,0.29,-0.29,2026-07-06,5,04-08
btc-updown-5m-1783286100,2026-07-05 21:15:00+00:00,2026-07-05 21:05:05.015000+00:00,594.985,single,False,True,,2026-07-05T21:17:38.391Z,-0.29,,0.29,-0.29,2026-07-06,5,04-08
btc-updown-5m-1783286400,2026-07-05 21:20:00+00:00,2026-07-05 21:10:05.790000+00:00,594.21,paired,True,True,2026-07-05T21:20:10.898Z,2026-07-05T21:23:33.287Z,0.42,0.29,0.26,0.44999999999999996,2026-07-06,5,04-08
btc-updown-5m-1783286700,2026-07-05 21:25:00+00:00,2026-07-05 21:15:05.733000+00:00,594.267,none,False,False,,,0.0,,,0.0,2026-07-06,5,04-08
btc-updown-5m-1783287000,2026-07-05 21:30:00+00:00,2026-07-05 21:20:05.813000+00:00,594.187,paired,True,True,2026-07-05T21:34:38.179Z,2026-07-05T21:33:10.085Z,0.42,0.29,0.21,0.5,2026-07-06,5,04-08
btc-updown-5m-1783287300,2026-07-05 21:35:00+00:00,2026-07-05 21:25:05.935000+00:00,594.065,paired,True,True,2026-07-05T21:39:37.446Z,2026-07-05T21:36:39.413Z,0.42,0.29,0.29,0.42,2026-07-06,5,04-08
btc-updown-5m-1783287600,2026-07-05 21:40:00+00:00,2026-07-05 21:30:05.842000+00:00,594.158,single,False,True,,2026-07-05T21:40:59.135Z,-0.29,,0.29,-0.29,2026-07-06,5,04-08
btc-updown-5m-1783287900,2026-07-05 21:45:00+00:00,2026-07-05 21:35:06.059000+00:00,593.941,none,False,False,,,0.0,,,0.0,2026-07-06,5,04-08
btc-updown-5m-1783288200,2026-07-05 21:50:00+00:00,2026-07-05 21:40:05.919000+00:00,594.081,none,False,False,,,0.0,,,0.0,2026-07-06,5,04-08
btc-updown-5m-1783288500,2026-07-05 21:55:00+00:00,2026-07-05 21:45:05.884000+00:00,594.116,single,False,True,,2026-07-05T21:57:16.296Z,-0.29,,0.06,-0.06,2026-07-06,5,04-08
btc-updown-5m-1783288800,2026-07-05 22:00:00+00:00,2026-07-05 21:50:05.917000+00:00,594.083,paired,True,True,2026-07-05T22:00:13.305Z,2026-07-05T22:03:10.977Z,0.42,0.28,0.29,0.43,2026-07-06,5,04-08
btc-updown-5m-1783289100,2026-07-05 22:05:00+00:00,2026-07-05 21:55:05.895000+00:00,594.105,paired,True,True,2026-07-05T22:08:05.895Z,2026-07-05T22:06:03.387Z,0.42,0.29,0.29,0.42,2026-07-06,6,04-08
btc-updown-5m-1783289400,2026-07-05 22:10:00+00:00,2026-07-05 22:00:10.135000+00:00,589.865,single,False,True,,2026-07-05T22:10:51.671Z,-0.29,,0.29,-0.29,2026-07-06,6,04-08
btc-updown-5m-1783289700,2026-07-05 22:15:00+00:00,2026-07-05 22:05:07.311000+00:00,592.689,single,False,True,,2026-07-05T22:16:44.051Z,-0.29,,0.29,-0.29,2026-07-06,6,04-08
btc-updown-5m-1783290000,2026-07-05 22:20:00+00:00,2026-07-05 22:10:07.339000+00:00,592.661,single,False,True,,2026-07-05T22:20:42.625Z,-0.29,,0.29,-0.29,2026-07-06,6,04-08
btc-updown-5m-1783290300,2026-07-05 22:25:00+00:00,2026-07-05 22:15:07.674000+00:00,592.326,single,False,True,,2026-07-05T22:28:27.786Z,-0.29,,0.25,-0.25,2026-07-06,6,04-08
btc-updown-5m-1783290600,2026-07-05 22:30:00+00:00,2026-07-05 22:20:07.318000+00:00,592.682,paired,True,True,2026-07-05T22:33:24.618Z,2026-07-05T22:30:31.941Z,0.42,0.29,0.29,0.42,2026-07-06,6,04-08
btc-updown-5m-1783290900,2026-07-05 22:35:00+00:00,2026-07-05 22:25:07.256000+00:00,592.744,paired,True,True,2026-07-05T22:35:19.396Z,2026-07-05T22:36:40.899Z,0.42,0.29,0.26,0.44999999999999996,2026-07-06,6,04-08
btc-updown-5m-1783291200,2026-07-05 22:40:00+00:00,2026-07-05 22:30:09.380000+00:00,590.62,single,True,False,2026-07-05T22:40:15.817Z,,-0.29,0.28,,-0.28,2026-07-06,6,04-08
btc-updown-5m-1783291500,2026-07-05 22:45:00+00:00,2026-07-05 22:35:07.912000+00:00,592.088,single,False,True,,2026-07-05T22:45:40.673Z,-0.29,,0.29,-0.29,2026-07-06,6,04-08
btc-updown-5m-1783291800,2026-07-05 22:50:00+00:00,2026-07-05 22:40:08.056000+00:00,591.944,single,False,True,,2026-07-05T22:53:14.976Z,-0.29,,0.29,-0.29,2026-07-06,6,04-08
btc-updown-5m-1783292100,2026-07-05 22:55:00+00:00,2026-07-05 22:45:08.110000+00:00,591.89,paired,True,True,2026-07-05T22:57:13.574Z,2026-07-05T22:58:05.280Z,0.42,0.29,0.29,0.42,2026-07-06,6,04-08
btc-updown-5m-1783292400,2026-07-05 23:00:00+00:00,2026-07-05 22:50:08.368000+00:00,591.632,single,False,True,,2026-07-05T23:02:03.745Z,-0.29,,0.29,-0.29,2026-07-06,6,04-08
btc-updown-5m-1783292700,2026-07-05 23:05:00+00:00,2026-07-05 22:55:08.123000+00:00,591.877,single,True,False,2026-07-05T23:07:29.357Z,,-0.29,0.24,,-0.24,2026-07-06,7,04-08
btc-updown-5m-1783293000,2026-07-05 23:10:00+00:00,2026-07-05 23:00:08.563000+00:00,591.437,single,False,True,,2026-07-05T23:11:05.041Z,-0.29,,0.29,-0.29,2026-07-06,7,04-08
btc-updown-5m-1783293300,2026-07-05 23:15:00+00:00,2026-07-05 23:05:08.547000+00:00,591.453,single,True,False,2026-07-05T23:15:22.993Z,,-0.29,0.29,,-0.29,2026-07-06,7,04-08
btc-updown-5m-1783293600,2026-07-05 23:20:00+00:00,2026-07-05 23:10:12.837000+00:00,587.163,none,False,False,,,0.0,,,0.0,2026-07-06,7,04-08
btc-updown-5m-1783293900,2026-07-05 23:25:00+00:00,2026-07-05 23:15:10.251000+00:00,589.749,paired,True,True,2026-07-05T23:29:39.662Z,2026-07-05T23:27:55.337Z,0.42,0.28,0.29,0.43,2026-07-06,7,04-08
btc-updown-5m-1783294200,2026-07-05 23:30:00+00:00,2026-07-05 23:20:09.889000+00:00,590.111,paired,True,True,2026-07-05T23:32:14.063Z,2026-07-05T23:31:28.971Z,0.42,0.29,0.29,0.42,2026-07-06,7,04-08
btc-updown-5m-1783294500,2026-07-05 23:35:00+00:00,2026-07-05 23:25:09.900000+00:00,590.1,single,False,True,,2026-07-05T23:37:38.370Z,-0.29,,0.29,-0.29,2026-07-06,7,04-08
btc-updown-5m-1783294800,2026-07-05 23:40:00+00:00,2026-07-05 23:30:09.924000+00:00,590.076,single,False,True,,2026-07-05T23:41:21.063Z,-0.29,,0.29,-0.29,2026-07-06,7,04-08
btc-updown-5m-1783295100,2026-07-05 23:45:00+00:00,2026-07-05 23:35:09.866000+00:00,590.134,single,True,False,2026-07-05T23:45:12.085Z,,-0.29,0.29,,-0.29,2026-07-06,7,04-08
btc-updown-5m-1783295400,2026-07-05 23:50:00+00:00,2026-07-05 23:40:09.967000+00:00,590.033,paired,True,True,2026-07-05T23:52:42.496Z,2026-07-05T23:50:59.652Z,0.42,0.29,0.29,0.42,2026-07-06,7,04-08
btc-updown-5m-1783295700,2026-07-05 23:55:00+00:00,2026-07-05 23:45:10.283000+00:00,589.717,single,False,True,,2026-07-05T23:58:01.743Z,-0.29,,0.29,-0.29,2026-07-06,7,04-08
btc-updown-5m-1783296000,2026-07-06 00:00:00+00:00,2026-07-05 23:50:10.298000+00:00,589.702,paired,True,True,2026-07-06T00:00:53.913Z,2026-07-06T00:04:11.913Z,0.42,0.29,0.29,0.42,2026-07-06,7,04-08
btc-updown-5m-1783296300,2026-07-06 00:05:00+00:00,2026-07-05 23:55:10.370000+00:00,589.63,single,True,False,2026-07-06T00:05:30.426Z,,-0.29,0.29,,-0.29,2026-07-06,8,08-12
btc-updown-5m-1783296600,2026-07-06 00:10:00+00:00,2026-07-06 00:00:10.099000+00:00,589.901,paired,True,True,2026-07-06T00:10:21.081Z,2026-07-06T00:14:58.598Z,0.42,0.27,0.29,0.44,2026-07-06,8,08-12
btc-updown-5m-1783296900,2026-07-06 00:15:00+00:00,2026-07-06 00:05:10.198000+00:00,589.802,paired,True,True,2026-07-06T00:19:34.567Z,2026-07-06T00:15:15.432Z,0.42,0.29,0.29,0.42,2026-07-06,8,08-12
btc-updown-5m-1783297200,2026-07-06 00:20:00+00:00,2026-07-06 00:10:11.873000+00:00,588.127,paired,True,True,2026-07-06T00:22:42.735Z,2026-07-06T00:21:57.086Z,0.42,0.29,0.27,0.43999999999999995,2026-07-06,8,08-12
btc-updown-5m-1783297500,2026-07-06 00:25:00+00:00,2026-07-06 00:15:11.271000+00:00,588.729,paired,True,True,2026-07-06T00:28:35.984Z,2026-07-06T00:25:14.236Z,0.42,0.28,0.29,0.43,2026-07-06,8,08-12
btc-updown-5m-1783297800,2026-07-06 00:30:00+00:00,2026-07-06 00:20:11.236000+00:00,588.764,paired,True,True,2026-07-06T00:30:16.909Z,2026-07-06T00:30:57.966Z,0.42,0.29,0.29,0.42,2026-07-06,8,08-12
btc-updown-5m-1783298100,2026-07-06 00:35:00+00:00,2026-07-06 00:25:11.382000+00:00,588.618,single,False,True,,2026-07-06T00:37:34.655Z,-0.29,,0.29,-0.29,2026-07-06,8,08-12
btc-updown-5m-1783298400,2026-07-06 00:40:00+00:00,2026-07-06 00:30:13.968000+00:00,586.032,single,False,True,,2026-07-06T00:40:48.346Z,-0.29,,0.29,-0.29,2026-07-06,8,08-12
btc-updown-5m-1783298700,2026-07-06 00:45:00+00:00,2026-07-06 00:35:11.669000+00:00,588.331,single,False,True,,2026-07-06T00:45:10.570Z,-0.29,,0.29,-0.29,2026-07-06,8,08-12
btc-updown-5m-1783299000,2026-07-06 00:50:00+00:00,2026-07-06 00:40:11.672000+00:00,588.328,none,False,False,,,0.0,,,0.0,2026-07-06,8,08-12
btc-updown-5m-1783299300,2026-07-06 00:55:00+00:00,2026-07-06 00:45:12.134000+00:00,587.866,single,False,True,,2026-07-06T00:56:20.214Z,-0.29,,0.29,-0.29,2026-07-06,8,08-12
btc-updown-5m-1783299600,2026-07-06 01:00:00+00:00,2026-07-06 00:50:12.030000+00:00,587.97,single,True,False,2026-07-06T01:00:32.386Z,,-0.29,0.29,,-0.29,2026-07-06,8,08-12
btc-updown-5m-1783299900,2026-07-06 01:05:00+00:00,2026-07-06 00:55:12.018000+00:00,587.982,none,False,False,,,0.0,,,0.0,2026-07-06,9,08-12
btc-updown-5m-1783300200,2026-07-06 01:10:00+00:00,2026-07-06 01:00:12.161000+00:00,587.839,single,True,False,2026-07-06T01:12:22.544Z,,-0.29,0.14,,-0.14,2026-07-06,9,08-12
btc-updown-5m-1783300500,2026-07-06 01:15:00+00:00,2026-07-06 01:05:12.097000+00:00,587.903,paired,True,True,2026-07-06T01:18:22.425Z,2026-07-06T01:17:04.719Z,0.42,0.29,0.29,0.42,2026-07-06,9,08-12
btc-updown-5m-1783300800,2026-07-06 01:20:00+00:00,2026-07-06 01:10:12.163000+00:00,587.837,single,True,False,2026-07-06T01:22:17.208Z,,-0.29,0.29,,-0.29,2026-07-06,9,08-12
btc-updown-5m-1783301100,2026-07-06 01:25:00+00:00,2026-07-06 01:15:12.415000+00:00,587.585,paired,True,True,2026-07-06T01:25:16.655Z,2026-07-06T01:29:17.179Z,0.42,0.29,0.29,0.42,2026-07-06,9,08-12
btc-updown-5m-1783301400,2026-07-06 01:30:00+00:00,2026-07-06 01:20:13.058000+00:00,586.942,paired,True,True,2026-07-06T01:30:25.031Z,2026-07-06T01:31:45.869Z,0.42,0.29,0.29,0.42,2026-07-06,9,08-12
btc-updown-5m-1783301700,2026-07-06 01:35:00+00:00,2026-07-06 01:25:13.106000+00:00,586.894,single,True,False,2026-07-06T01:35:48.791Z,,-0.29,0.29,,-0.29,2026-07-06,9,08-12
btc-updown-5m-1783302000,2026-07-06 01:40:00+00:00,2026-07-06 01:30:13.295000+00:00,586.705,single,True,False,2026-07-06T01:42:10.551Z,,-0.29,0.29,,-0.29,2026-07-06,9,08-12
btc-updown-5m-1783302300,2026-07-06 01:45:00+00:00,2026-07-06 01:35:12.825000+00:00,587.175,single,True,False,2026-07-06T01:45:11.511Z,,-0.29,0.29,,-0.29,2026-07-06,9,08-12
btc-updown-5m-1783302600,2026-07-06 01:50:00+00:00,2026-07-06 01:40:12.872000+00:00,587.128,single,True,False,2026-07-06T01:52:34.555Z,,-0.29,0.29,,-0.29,2026-07-06,9,08-12
btc-updown-5m-1783302900,2026-07-06 01:55:00+00:00,2026-07-06 01:45:12.986000+00:00,587.014,paired,True,True,2026-07-06T01:55:18.916Z,2026-07-06T01:57:19.280Z,0.42,0.29,0.29,0.42,2026-07-06,9,08-12
btc-updown-5m-1783303200,2026-07-06 02:00:00+00:00,2026-07-06 01:50:12.845000+00:00,587.155,single,False,True,,2026-07-06T02:03:51.099Z,-0.29,,0.25,-0.25,2026-07-06,9,08-12
btc-updown-5m-1783303500,2026-07-06 02:05:00+00:00,2026-07-06 01:55:13.619000+00:00,586.381,single,True,False,2026-07-06T02:09:09.526Z,,-0.29,0.29,,-0.29,2026-07-06,10,08-12
btc-updown-5m-1783303800,2026-07-06 02:10:00+00:00,2026-07-06 02:00:20.451000+00:00,579.549,single,True,False,2026-07-06T02:11:11.681Z,,-0.29,0.29,,-0.29,2026-07-06,10,08-12
btc-updown-5m-1783304100,2026-07-06 02:15:00+00:00,2026-07-06 02:05:20.926000+00:00,579.074,single,False,True,,2026-07-06T02:16:53.036Z,-0.29,,0.28,-0.28,2026-07-06,10,08-12
btc-updown-5m-1783304400,2026-07-06 02:20:00+00:00,2026-07-06 02:10:09.231000+00:00,590.769,single,False,True,,2026-07-06T02:20:24.267Z,-0.29,,0.29,-0.29,2026-07-06,10,08-12
btc-updown-5m-1783304700,2026-07-06 02:25:00+00:00,2026-07-06 02:15:09.238000+00:00,590.762,single,True,False,2026-07-06T02:26:32.144Z,,-0.29,0.29,,-0.29,2026-07-06,10,08-12
btc-updown-5m-1783305000,2026-07-06 02:30:00+00:00,2026-07-06 02:20:09.273000+00:00,590.727,paired,True,True,2026-07-06T02:34:05.482Z,2026-07-06T02:31:44.483Z,0.42,0.28,0.25,0.47,2026-07-06,10,08-12
btc-updown-5m-1783305300,2026-07-06 02:35:00+00:00,2026-07-06 02:25:09.306000+00:00,590.694,paired,True,True,2026-07-06T02:39:58.946Z,2026-07-06T02:37:07.998Z,0.42,0.24,0.29,0.47000000000000003,2026-07-06,10,08-12
btc-updown-5m-1783305600,2026-07-06 02:40:00+00:00,2026-07-06 02:30:09.296000+00:00,590.704,single,True,False,2026-07-06T02:40:09.848Z,,-0.29,0.29,,-0.29,2026-07-06,10,08-12
btc-updown-5m-1783305900,2026-07-06 02:45:00+00:00,2026-07-06 02:35:09.236000+00:00,590.764,single,False,True,,2026-07-06T02:45:17.339Z,-0.29,,0.29,-0.29,2026-07-06,10,08-12
btc-updown-5m-1783306200,2026-07-06 02:50:00+00:00,2026-07-06 02:40:09.419000+00:00,590.581,paired,True,True,2026-07-06T02:51:04.739Z,2026-07-06T02:54:28.296Z,0.42,0.27,0.29,0.44,2026-07-06,10,08-12
btc-updown-5m-1783306500,2026-07-06 02:55:00+00:00,2026-07-06 02:45:09.281000+00:00,590.719,paired,True,True,2026-07-06T02:56:47.240Z,2026-07-06T02:59:00.783Z,0.42,0.29,0.29,0.42,2026-07-06,10,08-12
btc-updown-5m-1783306800,2026-07-06 03:00:00+00:00,2026-07-06 02:50:09.249000+00:00,590.751,single,False,True,,2026-07-06T03:02:53.987Z,-0.29,,0.26,-0.26,2026-07-06,10,08-12
btc-updown-5m-1783307100,2026-07-06 03:05:00+00:00,2026-07-06 02:55:09.291000+00:00,590.709,single,True,False,2026-07-06T03:06:08.160Z,,-0.29,0.29,,-0.29,2026-07-06,11,08-12
btc-updown-5m-1783307400,2026-07-06 03:10:00+00:00,2026-07-06 03:00:09.264000+00:00,590.736,single,True,False,2026-07-06T03:14:37.336Z,,-0.29,0.27,0.29,0.44,2026-07-06,11,08-12
btc-updown-5m-1783307700,2026-07-06 03:15:00+00:00,2026-07-06 03:05:09.286000+00:00,590.714,paired,True,True,2026-07-06T03:15:20.650Z,2026-07-06T03:17:31.869Z,0.42,0.29,0.29,0.42,2026-07-06,11,08-12
btc-updown-5m-1783308000,2026-07-06 03:20:00+00:00,2026-07-06 03:10:09.545000+00:00,590.455,single,True,False,2026-07-06T03:21:15.729Z,,-0.29,0.29,,-0.29,2026-07-06,11,08-12
btc-updown-5m-1783308300,2026-07-06 03:25:00+00:00,2026-07-06 03:15:07.205000+00:00,592.795,single,True,False,2026-07-06T03:27:59.813Z,,-0.29,0.28,,-0.28,2026-07-06,11,08-12
btc-updown-5m-1783308600,2026-07-06 03:30:00+00:00,2026-07-06 03:20:07.249000+00:00,592.751,single,True,False,2026-07-06T03:32:00.920Z,,-0.29,0.25,,-0.25,2026-07-06,11,08-12
btc-updown-5m-1783308900,2026-07-06 03:35:00+00:00,2026-07-06 03:25:07.255000+00:00,592.745,single,False,True,,2026-07-06T03:35:28.641Z,-0.29,,0.29,-0.29,2026-07-06,11,08-12
btc-updown-5m-1783309200,2026-07-06 03:40:00+00:00,2026-07-06 03:30:29.707000+00:00,570.293,single,True,False,2026-07-06T03:42:41.374Z,,-0.29,0.28,,-0.28,2026-07-06,11,08-12
btc-updown-5m-1783309500,2026-07-06 03:45:00+00:00,2026-07-06 03:35:04.537000+00:00,595.463,single,False,True,,2026-07-06T03:45:52.655Z,-0.29,,0.29,-0.29,2026-07-06,11,08-12
btc-updown-5m-1783309800,2026-07-06 03:50:00+00:00,2026-07-06 03:40:02.230000+00:00,597.77,paired,True,True,2026-07-06T03:50:14.488Z,2026-07-06T03:54:40.461Z,0.42,0.29,0.29,0.42,2026-07-06,11,08-12
btc-updown-5m-1783310100,2026-07-06 03:55:00+00:00,2026-07-06 03:45:02.422000+00:00,597.578,single,False,True,,2026-07-06T03:57:15.667Z,-0.29,,0.29,-0.29,2026-07-06,11,08-12
btc-updown-5m-1783310400,2026-07-06 04:00:00+00:00,2026-07-06 03:50:04.006000+00:00,595.994,single,False,True,,2026-07-06T04:01:47.989Z,-0.29,,0.29,-0.29,2026-07-06,11,08-12
btc-updown-5m-1783310700,2026-07-06 04:05:00+00:00,2026-07-06 03:55:04.976000+00:00,595.024,single,True,False,2026-07-06T04:09:28.941Z,,-0.29,0.29,,-0.29,2026-07-06,12,12-16
btc-updown-5m-1783311000,2026-07-06 04:10:00+00:00,2026-07-06 04:00:12.116000+00:00,587.884,single,False,True,,2026-07-06T04:10:36.315Z,-0.29,,0.29,-0.29,2026-07-06,12,12-16
btc-updown-5m-1783311300,2026-07-06 04:15:00+00:00,2026-07-06 04:05:06.189000+00:00,593.811,single,True,False,2026-07-06T04:16:12.679Z,,-0.29,0.29,,-0.29,2026-07-06,12,12-16
btc-updown-5m-1783311600,2026-07-06 04:20:00+00:00,2026-07-06 04:10:28.625000+00:00,571.375,single,True,False,2026-07-06T04:24:56.973Z,,-0.29,0.28,0.29,0.43,2026-07-06,12,12-16
btc-updown-5m-1783311900,2026-07-06 04:25:00+00:00,2026-07-06 04:15:28.722000+00:00,571.278,single,True,False,2026-07-06T04:25:32.905Z,,-0.29,0.29,,-0.29,2026-07-06,12,12-16
btc-updown-5m-1783312200,2026-07-06 04:30:00+00:00,2026-07-06 04:20:31.333000+00:00,568.667,paired,True,True,2026-07-06T04:32:09.733Z,2026-07-06T04:31:10.414Z,0.42,0.29,0.29,0.42,2026-07-06,12,12-16
btc-updown-5m-1783312500,2026-07-06 04:35:00+00:00,2026-07-06 04:25:26.734000+00:00,573.266,single,False,True,,2026-07-06T04:37:01.806Z,-0.29,,0.23,-0.23,2026-07-06,12,12-16
btc-updown-5m-1783312800,2026-07-06 04:40:00+00:00,2026-07-06 04:30:26.739000+00:00,573.261,paired,True,True,2026-07-06T04:43:50.748Z,2026-07-06T04:41:21.270Z,0.42,0.29,0.29,0.42,2026-07-06,12,12-16
btc-updown-5m-1783313100,2026-07-06 04:45:00+00:00,2026-07-06 04:35:27.785000+00:00,572.215,paired,True,True,2026-07-06T04:47:40.719Z,2026-07-06T04:48:44.820Z,0.42,0.29,0.28,0.42999999999999994,2026-07-06,12,12-16
btc-updown-5m-1783313400,2026-07-06 04:50:00+00:00,2026-07-06 04:40:27.732000+00:00,572.268,none,False,False,,,0.0,,,0.0,2026-07-06,12,12-16
btc-updown-5m-1783313700,2026-07-06 04:55:00+00:00,2026-07-06 04:45:27.766000+00:00,572.234,none,False,False,,,0.0,,,0.0,2026-07-06,12,12-16
btc-updown-5m-1783314000,2026-07-06 05:00:00+00:00,2026-07-06 04:50:27.731000+00:00,572.269,single,True,False,2026-07-06T05:00:29.241Z,,-0.29,0.29,,-0.29,2026-07-06,12,12-16
btc-updown-5m-1783314300,2026-07-06 05:05:00+00:00,2026-07-06 04:55:27.883000+00:00,572.117,paired,True,True,2026-07-06T05:08:12.564Z,2026-07-06T05:06:52.934Z,0.42,0.27,0.29,0.44,2026-07-06,13,12-16
btc-updown-5m-1783314600,2026-07-06 05:10:00+00:00,2026-07-06 05:00:30.591000+00:00,569.409,single,False,True,,2026-07-06T05:10:34.164Z,-0.29,,0.29,-0.29,2026-07-06,13,12-16
btc-updown-5m-1783314900,2026-07-06 05:15:00+00:00,2026-07-06 05:05:29.403000+00:00,570.597,paired,True,True,2026-07-06T05:15:23.877Z,2026-07-06T05:16:55.737Z,0.42,0.29,0.28,0.42999999999999994,2026-07-06,13,12-16
btc-updown-5m-1783315200,2026-07-06 05:20:00+00:00,2026-07-06 05:10:29.387000+00:00,570.613,paired,True,True,2026-07-06T05:21:57.432Z,2026-07-06T05:24:52.392Z,0.42,0.26,0.22,0.52,2026-07-06,13,12-16
btc-updown-5m-1783315500,2026-07-06 05:25:00+00:00,2026-07-06 05:15:29.492000+00:00,570.508,single,True,False,2026-07-06T05:27:33.413Z,,-0.29,0.29,,-0.29,2026-07-06,13,12-16
btc-updown-5m-1783315800,2026-07-06 05:30:00+00:00,2026-07-06 05:20:29.462000+00:00,570.538,paired,True,True,2026-07-06T05:31:36.404Z,2026-07-06T05:34:33.779Z,0.42,0.28,0.29,0.43,2026-07-06,13,12-16
btc-updown-5m-1783316100,2026-07-06 05:35:00+00:00,2026-07-06 05:25:29.504000+00:00,570.496,single,False,True,,2026-07-06T05:35:24.082Z,-0.29,,0.28,-0.28,2026-07-06,13,12-16
btc-updown-5m-1783316400,2026-07-06 05:40:00+00:00,2026-07-06 05:30:29.532000+00:00,570.468,paired,True,True,2026-07-06T05:44:57.140Z,2026-07-06T05:40:25.116Z,0.42,0.26,0.29,0.45,2026-07-06,13,12-16
btc-updown-5m-1783316700,2026-07-06 05:45:00+00:00,2026-07-06 05:35:29.907000+00:00,570.093,single,False,True,,2026-07-06T05:49:41.702Z,-0.29,,0.29,-0.29,2026-07-06,13,12-16
btc-updown-5m-1783317000,2026-07-06 05:50:00+00:00,2026-07-06 05:40:29.748000+00:00,570.252,single,False,True,,2026-07-06T05:53:19.534Z,-0.29,,0.29,-0.29,2026-07-06,13,12-16
btc-updown-5m-1783317300,2026-07-06 05:55:00+00:00,2026-07-06 05:46:00.031000+00:00,539.969,single,True,False,2026-07-06T05:58:05.151Z,,-0.29,0.29,,-0.29,2026-07-06,13,12-16
btc-updown-5m-1783317600,2026-07-06 06:00:00+00:00,2026-07-06 05:50:30.926000+00:00,569.074,paired,True,True,2026-07-06T06:01:56.955Z,2026-07-06T06:00:24.498Z,0.42,0.29,0.29,0.42,2026-07-06,13,12-16
btc-updown-5m-1783317900,2026-07-06 06:05:00+00:00,2026-07-06 05:55:01.108000+00:00,598.892,paired,True,True,2026-07-06T06:06:22.088Z,2026-07-06T06:09:41.809Z,0.42,0.29,0.29,0.42,2026-07-06,14,12-16
btc-updown-5m-1783318200,2026-07-06 06:10:00+00:00,2026-07-06 06:00:00.960000+00:00,599.04,paired,True,True,2026-07-06T06:11:00.353Z,2026-07-06T06:14:14.417Z,0.42,0.29,0.29,0.42,2026-07-06,14,12-16
btc-updown-5m-1783318500,2026-07-06 06:15:00+00:00,2026-07-06 06:05:05.104000+00:00,594.896,paired,True,True,2026-07-06T06:18:08.247Z,2026-07-06T06:15:26.650Z,0.42,0.28,0.29,0.43,2026-07-06,14,12-16
btc-updown-5m-1783318800,2026-07-06 06:20:00+00:00,2026-07-06 06:10:02.780000+00:00,597.22,single,True,False,2026-07-06T06:20:45.558Z,,-0.29,0.28,,-0.28,2026-07-06,14,12-16
btc-updown-5m-1783319100,2026-07-06 06:25:00+00:00,2026-07-06 06:15:04.790000+00:00,595.21,paired,True,True,2026-07-06T06:26:36.135Z,2026-07-06T06:29:59.074Z,0.42,0.29,0.27,0.43999999999999995,2026-07-06,14,12-16
btc-updown-5m-1783319400,2026-07-06 06:30:00+00:00,2026-07-06 06:20:03.467000+00:00,596.533,paired,True,True,2026-07-06T06:33:04.894Z,2026-07-06T06:33:40.587Z,0.42,0.27,0.29,0.44,2026-07-06,14,12-16
btc-updown-5m-1783319700,2026-07-06 06:35:00+00:00,2026-07-06 06:25:03.665000+00:00,596.335,single,False,True,,2026-07-06T06:39:16.782Z,-0.29,,0.29,-0.29,2026-07-06,14,12-16
btc-updown-5m-1783320000,2026-07-06 06:40:00+00:00,2026-07-06 06:30:35.633000+00:00,564.367,single,False,True,,2026-07-06T06:42:44.158Z,-0.29,,0.29,-0.29,2026-07-06,14,12-16
btc-updown-5m-1783320300,2026-07-06 06:45:00+00:00,2026-07-06 06:35:06.242000+00:00,593.758,single,True,False,2026-07-06T06:47:26.169Z,,-0.29,0.29,,-0.29,2026-07-06,14,12-16
btc-updown-5m-1783320600,2026-07-06 06:50:00+00:00,2026-07-06 06:40:16.839000+00:00,583.161,single,True,False,2026-07-06T06:52:24.311Z,,-0.29,0.29,,-0.29,2026-07-06,14,12-16
btc-updown-5m-1783320900,2026-07-06 06:55:00+00:00,2026-07-06 06:45:16.757000+00:00,583.243,paired,True,True,2026-07-06T06:59:40.332Z,2026-07-06T06:58:47.223Z,0.42,0.28,0.29,0.43,2026-07-06,14,12-16
btc-updown-5m-1783321200,2026-07-06 07:00:00+00:00,2026-07-06 06:50:16.963000+00:00,583.037,single,True,False,2026-07-06T07:01:55.586Z,,-0.29,0.29,,-0.29,2026-07-06,14,12-16
btc-updown-5m-1783321500,2026-07-06 07:05:00+00:00,2026-07-06 06:55:17.615000+00:00,582.385,single,False,True,,2026-07-06T07:05:16.092Z,-0.29,,0.29,-0.29,2026-07-06,15,12-16
btc-updown-5m-1783321800,2026-07-06 07:10:00+00:00,2026-07-06 07:00:17.749000+00:00,582.251,paired,True,True,2026-07-06T07:11:35.069Z,2026-07-06T07:14:32.449Z,0.42,0.29,0.29,0.42,2026-07-06,15,12-16
btc-updown-5m-1783322100,2026-07-06 07:15:00+00:00,2026-07-06 07:05:17.665000+00:00,582.335,paired,True,True,2026-07-06T07:19:40.303Z,2026-07-06T07:17:38.890Z,0.42,0.28,0.29,0.43,2026-07-06,15,12-16
btc-updown-5m-1783322400,2026-07-06 07:20:00+00:00,2026-07-06 07:10:18.984000+00:00,581.016,single,False,True,,2026-07-06T07:20:25.560Z,-0.29,,0.29,-0.29,2026-07-06,15,12-16
btc-updown-5m-1783322700,2026-07-06 07:25:00+00:00,2026-07-06 07:15:17.932000+00:00,582.068,paired,True,True,2026-07-06T07:28:42.890Z,2026-07-06T07:26:58.001Z,0.42,0.29,0.26,0.44999999999999996,2026-07-06,15,12-16
btc-updown-5m-1783323000,2026-07-06 07:30:00+00:00,2026-07-06 07:20:20.594000+00:00,579.406,paired,True,True,2026-07-06T07:30:18.946Z,2026-07-06T07:34:14.373Z,0.42,0.28,0.29,0.43,2026-07-06,15,12-16
btc-updown-5m-1783323300,2026-07-06 07:35:00+00:00,2026-07-06 07:25:20.981000+00:00,579.019,single,False,True,,2026-07-06T07:36:12.322Z,-0.29,,0.21,-0.21,2026-07-06,15,12-16
btc-updown-5m-1783323600,2026-07-06 07:40:00+00:00,2026-07-06 07:30:20.746000+00:00,579.254,single,False,True,,2026-07-06T07:41:24.059Z,-0.29,,0.28,-0.28,2026-07-06,15,12-16
btc-updown-5m-1783323900,2026-07-06 07:45:00+00:00,2026-07-06 07:35:20.727000+00:00,579.273,paired,True,True,2026-07-06T07:46:43.199Z,2026-07-06T07:49:40.337Z,0.42,0.29,0.11,0.6,2026-07-06,15,12-16
btc-updown-5m-1783324200,2026-07-06 07:50:00+00:00,2026-07-06 07:40:23.312000+00:00,576.688,single,True,False,2026-07-06T07:51:19.313Z,,-0.29,0.29,,-0.29,2026-07-06,15,12-16
btc-updown-5m-1783324500,2026-07-06 07:55:00+00:00,2026-07-06 07:45:25.608000+00:00,574.392,single,False,True,,2026-07-06T07:56:43.577Z,-0.29,,0.29,-0.29,2026-07-06,15,12-16
btc-updown-5m-1783324800,2026-07-06 08:00:00+00:00,2026-07-06 07:50:25.309000+00:00,574.691,single,False,True,,2026-07-06T08:00:23.609Z,-0.29,,0.28,-0.28,2026-07-06,15,12-16
btc-updown-5m-1783325100,2026-07-06 08:05:00+00:00,2026-07-06 07:55:25.294000+00:00,574.706,paired,True,True,2026-07-06T08:09:18.353Z,2026-07-06T08:05:33.917Z,0.42,0.27,0.29,0.44,2026-07-06,16,16-20
btc-updown-5m-1783325400,2026-07-06 08:10:00+00:00,2026-07-06 08:00:25.933000+00:00,574.067,single,True,False,2026-07-06T08:10:34.850Z,,-0.29,0.29,,-0.29,2026-07-06,16,16-20
btc-updown-5m-1783325700,2026-07-06 08:15:00+00:00,2026-07-06 08:05:25.939000+00:00,574.061,paired,True,True,2026-07-06T08:16:24.743Z,2026-07-06T08:19:40.243Z,0.42,0.28,0.28,0.43999999999999995,2026-07-06,16,16-20
btc-updown-5m-1783326000,2026-07-06 08:20:00+00:00,2026-07-06 08:10:27.291000+00:00,572.709,paired,True,True,2026-07-06T08:22:50.250Z,2026-07-06T08:21:49.452Z,0.42,0.29,0.28,0.42999999999999994,2026-07-06,16,16-20
btc-updown-5m-1783326300,2026-07-06 08:25:00+00:00,2026-07-06 08:15:27.249000+00:00,572.751,single,False,True,,2026-07-06T08:28:59.743Z,-0.29,,0.29,-0.29,2026-07-06,16,16-20
btc-updown-5m-1783326600,2026-07-06 08:30:00+00:00,2026-07-06 08:20:27.365000+00:00,572.635,single,True,False,2026-07-06T08:31:34.188Z,,-0.29,0.22,,-0.22,2026-07-06,16,16-20
btc-updown-5m-1783326900,2026-07-06 08:35:00+00:00,2026-07-06 08:25:27.427000+00:00,572.573,single,True,False,2026-07-06T08:36:17.088Z,,-0.29,0.29,,-0.29,2026-07-06,16,16-20
btc-updown-5m-1783327200,2026-07-06 08:40:00+00:00,2026-07-06 08:30:29.151000+00:00,570.849,single,False,True,,2026-07-06T08:40:42.280Z,-0.29,,0.29,-0.29,2026-07-06,16,16-20
btc-updown-5m-1783327500,2026-07-06 08:45:00+00:00,2026-07-06 08:35:31.316000+00:00,568.684,paired,True,True,2026-07-06T08:46:17.315Z,2026-07-06T08:47:05.025Z,0.42,0.29,0.29,0.42,2026-07-06,16,16-20
btc-updown-5m-1783327800,2026-07-06 08:50:00+00:00,2026-07-06 08:40:28.274000+00:00,571.726,single,True,False,2026-07-06T08:53:24.628Z,,-0.29,0.29,,-0.29,2026-07-06,16,16-20
btc-updown-5m-1783328100,2026-07-06 08:55:00+00:00,2026-07-06 08:45:32.340000+00:00,567.66,single,False,True,,2026-07-06T08:56:04.398Z,-0.29,,0.29,-0.29,2026-07-06,16,16-20
btc-updown-5m-1783328400,2026-07-06 09:00:00+00:00,2026-07-06 08:50:09.971000+00:00,590.029,paired,True,True,2026-07-06T09:01:35.321Z,2026-07-06T09:02:50.858Z,0.42,0.29,0.29,0.42,2026-07-06,16,16-20
btc-updown-5m-1783328700,2026-07-06 09:05:00+00:00,2026-07-06 08:55:02.524000+00:00,597.476,paired,True,True,2026-07-06T09:09:08.129Z,2026-07-06T09:05:48.382Z,0.42,0.29,0.29,0.42,2026-07-06,17,16-20
btc-updown-5m-1783329000,2026-07-06 09:10:00+00:00,2026-07-06 09:00:03.843000+00:00,596.157,paired,True,True,2026-07-06T09:11:10.057Z,2026-07-06T09:13:14.963Z,0.42,0.29,0.21,0.5,2026-07-06,17,16-20
btc-updown-5m-1783329300,2026-07-06 09:15:00+00:00,2026-07-06 09:05:06.602000+00:00,593.398,paired,True,True,2026-07-06T09:19:30.134Z,2026-07-06T09:17:04.312Z,0.42,0.29,0.29,0.42,2026-07-06,17,16-20
btc-updown-5m-1783329600,2026-07-06 09:20:00+00:00,2026-07-06 09:10:05.370000+00:00,594.63,single,True,False,2026-07-06T09:20:59.437Z,,-0.29,0.29,,-0.29,2026-07-06,17,16-20
btc-updown-5m-1783329900,2026-07-06 09:25:00+00:00,2026-07-06 09:15:05.544000+00:00,594.456,single,True,False,2026-07-06T09:25:23.784Z,,-0.29,0.29,,-0.29,2026-07-06,17,16-20
btc-updown-5m-1783330200,2026-07-06 09:30:00+00:00,2026-07-06 09:20:05.397000+00:00,594.603,single,True,False,2026-07-06T09:31:08.262Z,,-0.29,0.29,,-0.29,2026-07-06,17,16-20
btc-updown-5m-1783330500,2026-07-06 09:35:00+00:00,2026-07-06 09:25:05.996000+00:00,594.004,single,True,False,2026-07-06T09:37:23.951Z,,-0.29,0.28,,-0.28,2026-07-06,17,16-20
btc-updown-5m-1783330800,2026-07-06 09:40:00+00:00,2026-07-06 09:30:05.868000+00:00,594.132,single,False,True,,2026-07-06T09:40:44.098Z,-0.29,,0.29,-0.29,2026-07-06,17,16-20
btc-updown-5m-1783331100,2026-07-06 09:45:00+00:00,2026-07-06 09:35:06.653000+00:00,593.347,paired,True,True,2026-07-06T09:45:55.619Z,2026-07-06T09:48:02.341Z,0.42,0.29,0.29,0.42,2026-07-06,17,16-20
btc-updown-5m-1783331400,2026-07-06 09:50:00+00:00,2026-07-06 09:40:07.018000+00:00,592.982,single,False,True,,2026-07-06T09:50:24.756Z,-0.29,,0.29,-0.29,2026-07-06,17,16-20
btc-updown-5m-1783331700,2026-07-06 09:55:00+00:00,2026-07-06 09:45:09.473000+00:00,590.527,paired,True,True,2026-07-06T09:57:06.749Z,2026-07-06T09:58:35.835Z,0.42,0.27,0.26,0.47,2026-07-06,17,16-20
btc-updown-5m-1783332000,2026-07-06 10:00:00+00:00,2026-07-06 09:50:18.394000+00:00,581.606,single,False,True,,2026-07-06T10:00:45.482Z,-0.29,,0.21,-0.21,2026-07-06,17,16-20
btc-updown-5m-1783332300,2026-07-06 10:05:00+00:00,2026-07-06 09:55:12.087000+00:00,587.913,single,False,True,,2026-07-06T10:05:54.438Z,-0.29,,0.28,-0.28,2026-07-06,18,16-20
btc-updown-5m-1783332600,2026-07-06 10:10:00+00:00,2026-07-06 10:00:17.714000+00:00,582.286,single,False,True,,2026-07-06T10:13:51.928Z,-0.29,,0.29,-0.29,2026-07-06,18,16-20
btc-updown-5m-1783332900,2026-07-06 10:15:00+00:00,2026-07-06 10:05:17.984000+00:00,582.016,single,False,True,,2026-07-06T10:16:36.323Z,-0.29,,0.29,-0.29,2026-07-06,18,16-20
btc-updown-5m-1783333200,2026-07-06 10:20:00+00:00,2026-07-06 10:10:17.331000+00:00,582.669,paired,True,True,2026-07-06T10:21:44.094Z,2026-07-06T10:23:00.264Z,0.42,0.29,0.29,0.42,2026-07-06,18,16-20
btc-updown-5m-1783333500,2026-07-06 10:25:00+00:00,2026-07-06 10:15:19.421000+00:00,580.579,single,False,True,,2026-07-06T10:27:04.437Z,-0.29,,0.29,-0.29,2026-07-06,18,16-20
btc-updown-5m-1783333800,2026-07-06 10:30:00+00:00,2026-07-06 10:20:21.813000+00:00,578.187,paired,True,True,2026-07-06T10:32:05.040Z,2026-07-06T10:32:31.425Z,0.42,0.29,0.29,0.42,2026-07-06,18,16-20
btc-updown-5m-1783334100,2026-07-06 10:35:00+00:00,2026-07-06 10:25:21.898000+00:00,578.102,single,False,True,,2026-07-06T10:37:23.463Z,-0.29,,0.29,-0.29,2026-07-06,18,16-20
btc-updown-5m-1783334400,2026-07-06 10:40:00+00:00,2026-07-06 10:30:21.814000+00:00,578.186,single,True,False,2026-07-06T10:42:36.356Z,,-0.29,0.29,,-0.29,2026-07-06,18,16-20
btc-updown-5m-1783334700,2026-07-06 10:45:00+00:00,2026-07-06 10:35:22.526000+00:00,577.474,single,True,False,2026-07-06T10:47:48.570Z,,-0.29,0.28,,-0.28,2026-07-06,18,16-20
btc-updown-5m-1783335000,2026-07-06 10:50:00+00:00,2026-07-06 10:40:22.470000+00:00,577.53,paired,True,True,2026-07-06T10:54:07.047Z,2026-07-06T10:51:46.983Z,0.42,0.29,0.29,0.42,2026-07-06,18,16-20
btc-updown-5m-1783335300,2026-07-06 10:55:00+00:00,2026-07-06 10:45:15.713000+00:00,584.287,single,True,False,2026-07-06T10:59:41.811Z,,-0.29,0.29,,-0.29,2026-07-06,18,16-20
btc-updown-5m-1783335600,2026-07-06 11:00:00+00:00,2026-07-06 10:50:16.418000+00:00,583.582,single,False,True,,2026-07-06T11:00:22.688Z,-0.29,,0.29,-0.29,2026-07-06,18,16-20
btc-updown-5m-1783335900,2026-07-06 11:05:00+00:00,2026-07-06 10:55:09.062000+00:00,590.938,single,True,False,2026-07-06T11:09:07.619Z,,-0.29,0.28,,-0.28,2026-07-06,19,16-20
btc-updown-5m-1783336200,2026-07-06 11:10:00+00:00,2026-07-06 11:00:14.457000+00:00,585.543,single,True,False,2026-07-06T11:13:38.555Z,,-0.29,0.29,,-0.29,2026-07-06,19,16-20
btc-updown-5m-1783336500,2026-07-06 11:15:00+00:00,2026-07-06 11:05:13.177000+00:00,586.823,single,False,True,,2026-07-06T11:18:37.621Z,-0.29,0.29,0.29,0.42,2026-07-06,19,16-20
btc-updown-5m-1783336800,2026-07-06 11:20:00+00:00,2026-07-06 11:10:07.251000+00:00,592.749,single,False,True,,2026-07-06T11:24:31.237Z,-0.29,0.28,0.29,0.43,2026-07-06,19,16-20
btc-updown-5m-1783337100,2026-07-06 11:25:00+00:00,2026-07-06 11:15:07.331000+00:00,592.669,single,False,True,,2026-07-06T11:26:50.281Z,-0.29,,0.28,-0.28,2026-07-06,19,16-20
btc-updown-5m-1783337400,2026-07-06 11:30:00+00:00,2026-07-06 11:20:22.786000+00:00,577.214,single,False,True,,2026-07-06T11:30:41.113Z,-0.29,,0.29,-0.29,2026-07-06,19,16-20
btc-updown-5m-1783337700,2026-07-06 11:35:00+00:00,2026-07-06 11:25:01.530000+00:00,598.47,single,True,False,2026-07-06T11:36:05.689Z,,-0.29,0.29,,-0.29,2026-07-06,19,16-20
btc-updown-5m-1783338000,2026-07-06 11:40:00+00:00,2026-07-06 11:30:08.786000+00:00,591.214,single,False,True,,2026-07-06T11:40:33.910Z,-0.29,,0.29,-0.29,2026-07-06,19,16-20
btc-updown-5m-1783338300,2026-07-06 11:45:00+00:00,2026-07-06 11:35:02.957000+00:00,597.043,paired,True,True,2026-07-06T11:48:17.994Z,2026-07-06T11:46:07.797Z,0.42,0.29,0.29,0.42,2026-07-06,19,16-20
btc-updown-5m-1783338600,2026-07-06 11:50:00+00:00,2026-07-06 11:40:14.160000+00:00,585.84,single,True,False,2026-07-06T11:52:12.551Z,,-0.29,0.27,,-0.27,2026-07-06,19,16-20
btc-updown-5m-1783338900,2026-07-06 11:55:00+00:00,2026-07-06 11:45:10.133000+00:00,589.867,single,True,False,2026-07-06T11:57:17.826Z,,-0.29,0.29,,-0.29,2026-07-06,19,16-20
btc-updown-5m-1783339200,2026-07-06 12:00:00+00:00,2026-07-06 11:50:10.288000+00:00,589.712,single,True,False,2026-07-06T12:00:24.143Z,,-0.29,0.28,,-0.28,2026-07-06,19,16-20
btc-updown-5m-1783339500,2026-07-06 12:05:00+00:00,2026-07-06 11:55:41.305000+00:00,558.695,single,False,True,,2026-07-06T12:06:17.258Z,-0.29,,0.27,-0.27,2026-07-06,20,20-24
btc-updown-5m-1783339800,2026-07-06 12:10:00+00:00,2026-07-06 12:00:21.318000+00:00,578.682,paired,True,True,2026-07-06T12:14:58.298Z,2026-07-06T12:12:24.146Z,0.42,0.28,0.28,0.43999999999999995,2026-07-06,20,20-24
btc-updown-5m-1783340100,2026-07-06 12:15:00+00:00,2026-07-06 12:05:11.891000+00:00,588.109,paired,True,True,2026-07-06T12:16:37.196Z,2026-07-06T12:16:04.682Z,0.42,0.29,0.29,0.42,2026-07-06,20,20-24
btc-updown-5m-1783340400,2026-07-06 12:20:00+00:00,2026-07-06 12:10:13.042000+00:00,586.958,single,True,False,2026-07-06T12:21:24.472Z,,-0.29,0.29,,-0.29,2026-07-06,20,20-24
btc-updown-5m-1783340700,2026-07-06 12:25:00+00:00,2026-07-06 12:15:15.029000+00:00,584.971,paired,True,True,2026-07-06T12:26:47.282Z,2026-07-06T12:28:30.253Z,0.42,0.29,0.29,0.42,2026-07-06,20,20-24
btc-updown-5m-1783341000,2026-07-06 12:30:00+00:00,2026-07-06 12:20:44.766000+00:00,555.234,single,False,True,,2026-07-06T12:31:29.061Z,-0.29,,0.29,-0.29,2026-07-06,20,20-24
btc-updown-5m-1783341300,2026-07-06 12:35:00+00:00,2026-07-06 12:25:19.081000+00:00,580.919,single,True,False,2026-07-06T12:35:54.058Z,,-0.29,0.29,,-0.29,2026-07-06,20,20-24
btc-updown-5m-1783341600,2026-07-06 12:40:00+00:00,2026-07-06 12:30:22.647000+00:00,577.353,single,True,False,2026-07-06T12:42:23.399Z,,-0.29,0.29,,-0.29,2026-07-06,20,20-24
btc-updown-5m-1783341900,2026-07-06 12:45:00+00:00,2026-07-06 12:35:19.561000+00:00,580.439,single,True,False,2026-07-06T12:45:33.385Z,,-0.29,0.29,,-0.29,2026-07-06,20,20-24
btc-updown-5m-1783342200,2026-07-06 12:50:00+00:00,2026-07-06 12:40:19.436000+00:00,580.564,single,False,True,,2026-07-06T12:50:22.950Z,-0.29,,0.29,-0.29,2026-07-06,20,20-24
btc-updown-5m-1783342500,2026-07-06 12:55:00+00:00,2026-07-06 12:45:19.734000+00:00,580.266,single,True,False,2026-07-06T12:56:59.818Z,,-0.29,0.29,,-0.29,2026-07-06,20,20-24
btc-updown-5m-1783342800,2026-07-06 13:00:00+00:00,2026-07-06 12:50:24.740000+00:00,575.26,single,True,False,2026-07-06T13:00:20.113Z,,-0.29,0.29,,-0.29,2026-07-06,20,20-24
btc-updown-5m-1783343100,2026-07-06 13:05:00+00:00,2026-07-06 12:55:20.137000+00:00,579.863,single,False,True,,2026-07-06T13:06:07.436Z,-0.29,,0.29,-0.29,2026-07-06,21,20-24
btc-updown-5m-1783343400,2026-07-06 13:10:00+00:00,2026-07-06 13:00:26.117000+00:00,573.883,paired,True,True,2026-07-06T13:13:47.340Z,2026-07-06T13:10:29.726Z,0.42,0.28,0.29,0.43,2026-07-06,21,20-24
btc-updown-5m-1783343700,2026-07-06 13:15:00+00:00,2026-07-06 13:05:22.521000+00:00,577.479,single,True,False,2026-07-06T13:16:33.614Z,,-0.29,0.29,,-0.29,2026-07-06,21,20-24
btc-updown-5m-1783344000,2026-07-06 13:20:00+00:00,2026-07-06 13:10:21.502000+00:00,578.498,paired,True,True,2026-07-06T13:21:09.063Z,2026-07-06T13:21:36.499Z,0.42,0.28,0.28,0.43999999999999995,2026-07-06,21,20-24
btc-updown-5m-1783344300,2026-07-06 13:25:00+00:00,2026-07-06 13:15:58.599000+00:00,541.401,single,True,False,2026-07-06T13:25:17.485Z,,-0.29,0.29,,-0.29,2026-07-06,21,20-24
btc-updown-5m-1783344600,2026-07-06 13:30:00+00:00,2026-07-06 13:20:29.575000+00:00,570.425,single,False,True,,2026-07-06T13:30:25.496Z,-0.29,,0.27,-0.27,2026-07-06,21,20-24
btc-updown-5m-1783344900,2026-07-06 13:35:00+00:00,2026-07-06 13:25:17.904000+00:00,582.096,single,True,False,2026-07-06T13:36:20.694Z,,-0.29,0.28,,-0.28,2026-07-06,21,20-24
btc-updown-5m-1783345200,2026-07-06 13:40:00+00:00,2026-07-06 13:30:25.738000+00:00,574.262,single,False,True,,2026-07-06T13:41:02.007Z,-0.29,,0.29,-0.29,2026-07-06,21,20-24
btc-updown-5m-1783345500,2026-07-06 13:45:00+00:00,2026-07-06 13:35:15.541000+00:00,584.459,single,False,True,,2026-07-06T13:47:34.453Z,-0.29,,0.29,-0.29,2026-07-06,21,20-24
btc-updown-5m-1783345800,2026-07-06 13:50:00+00:00,2026-07-06 13:40:12.411000+00:00,587.589,single,False,True,,2026-07-06T13:50:49.144Z,-0.29,,0.29,-0.29,2026-07-06,21,20-24
btc-updown-5m-1783346100,2026-07-06 13:55:00+00:00,2026-07-06 13:45:14.236000+00:00,585.764,single,True,False,2026-07-06T13:57:00.242Z,,-0.29,0.28,,-0.28,2026-07-06,21,20-24
btc-updown-5m-1783346400,2026-07-06 14:00:00+00:00,2026-07-06 13:50:16.378000+00:00,583.622,single,False,True,,2026-07-06T14:02:31.858Z,-0.29,,0.24,-0.24,2026-07-06,21,20-24
btc-updown-5m-1783346700,2026-07-06 14:05:00+00:00,2026-07-06 13:55:13.838000+00:00,586.162,paired,True,True,2026-07-06T14:07:39.582Z,2026-07-06T14:09:31.571Z,0.42,0.29,0.29,0.42,2026-07-06,22,20-24
btc-updown-5m-1783347000,2026-07-06 14:10:00+00:00,2026-07-06 14:00:22.272000+00:00,577.728,paired,True,True,2026-07-06T14:11:54.056Z,2026-07-06T14:13:43.802Z,0.42,0.27,0.29,0.44,2026-07-06,22,20-24
btc-updown-5m-1783347300,2026-07-06 14:15:00+00:00,2026-07-06 14:05:01.867000+00:00,598.133,paired,True,True,2026-07-06T14:17:43.151Z,2026-07-06T14:17:08.202Z,0.42,0.28,0.28,0.43999999999999995,2026-07-06,22,20-24
btc-updown-5m-1783347600,2026-07-06 14:20:00+00:00,2026-07-06 14:10:16.617000+00:00,583.383,single,False,True,,2026-07-06T14:23:08.890Z,-0.29,0.29,0.18,0.53,2026-07-06,22,20-24
btc-updown-5m-1783347900,2026-07-06 14:25:00+00:00,2026-07-06 14:15:31.038000+00:00,568.962,single,False,True,,2026-07-06T14:26:53.058Z,-0.29,,0.28,-0.28,2026-07-06,22,20-24
btc-updown-5m-1783348200,2026-07-06 14:30:00+00:00,2026-07-06 14:20:22.648000+00:00,577.352,paired,True,True,2026-07-06T14:34:27.288Z,2026-07-06T14:31:07.529Z,0.42,0.29,0.28,0.42999999999999994,2026-07-06,22,20-24
btc-updown-5m-1783348500,2026-07-06 14:35:00+00:00,2026-07-06 14:25:08.739000+00:00,591.261,single,False,True,,2026-07-06T14:36:10.924Z,-0.29,,0.29,-0.29,2026-07-06,22,20-24
btc-updown-5m-1783348800,2026-07-06 14:40:00+00:00,2026-07-06 14:30:28.797000+00:00,571.203,single,True,False,2026-07-06T14:42:43.908Z,,-0.29,0.29,0.29,0.42,2026-07-06,22,20-24
btc-updown-5m-1783349400,2026-07-06 14:50:00+00:00,2026-07-06 14:40:26.803000+00:00,573.197,single,False,True,,2026-07-06T14:51:17.985Z,-0.29,,0.29,-0.29,2026-07-06,22,20-24
btc-updown-5m-1783349700,2026-07-06 14:55:00+00:00,2026-07-06 14:45:40.709000+00:00,559.291,single,False,True,,2026-07-06T14:57:58.934Z,-0.29,,0.28,-0.28,2026-07-06,22,20-24
btc-updown-5m-1783350000,2026-07-06 15:00:00+00:00,2026-07-06 14:50:05.170000+00:00,594.83,single,False,True,,2026-07-06T15:01:19.698Z,-0.29,,0.28,-0.28,2026-07-06,22,20-24
btc-updown-5m-1783350300,2026-07-06 15:05:00+00:00,2026-07-06 14:55:07.142000+00:00,592.858,single,False,True,,2026-07-06T15:06:02.717Z,-0.29,,0.29,-0.29,2026-07-06,23,20-24
btc-updown-5m-1783350600,2026-07-06 15:10:00+00:00,2026-07-06 15:00:09.975000+00:00,590.025,single,False,True,,2026-07-06T15:14:11.075Z,-0.29,,0.29,-0.29,2026-07-06,23,20-24
btc-updown-5m-1783350900,2026-07-06 15:15:00+00:00,2026-07-06 15:05:33.254000+00:00,566.746,paired,True,True,2026-07-06T15:18:18.473Z,2026-07-06T15:16:43.308Z,0.42,0.25,0.29,0.46,2026-07-06,23,20-24
btc-updown-5m-1783351200,2026-07-06 15:20:00+00:00,2026-07-06 15:10:25.990000+00:00,574.01,single,True,False,2026-07-06T15:21:54.739Z,,-0.29,0.29,,-0.29,2026-07-06,23,20-24
btc-updown-5m-1783351500,2026-07-06 15:25:00+00:00,2026-07-06 15:15:10.084000+00:00,589.916,paired,True,True,2026-07-06T15:26:25.414Z,2026-07-06T15:29:03.255Z,0.42,0.28,0.28,0.43999999999999995,2026-07-06,23,20-24
btc-updown-5m-1783351800,2026-07-06 15:30:00+00:00,2026-07-06 15:20:26.018000+00:00,573.982,single,True,False,2026-07-06T15:30:47.148Z,,-0.29,0.29,,-0.29,2026-07-06,23,20-24
btc-updown-5m-1783352100,2026-07-06 15:35:00+00:00,2026-07-06 15:25:17.551000+00:00,582.449,paired,True,True,2026-07-06T15:35:51.643Z,2026-07-06T15:39:09.712Z,0.42,0.29,0.27,0.43999999999999995,2026-07-06,23,20-24
btc-updown-5m-1783352400,2026-07-06 15:40:00+00:00,2026-07-06 15:30:23.257000+00:00,576.743,single,False,True,,2026-07-06T15:41:35.061Z,-0.29,,0.05,-0.05,2026-07-06,23,20-24
btc-updown-5m-1783352700,2026-07-06 15:45:00+00:00,2026-07-06 15:35:52.091000+00:00,547.909,single,True,False,2026-07-06T15:46:20.584Z,,-0.29,0.28,,-0.28,2026-07-06,23,20-24
btc-updown-5m-1783353000,2026-07-06 15:50:00+00:00,2026-07-06 15:41:29.407000+00:00,510.593,single,False,True,,2026-07-06T15:51:48.013Z,-0.29,,0.29,-0.29,2026-07-06,23,20-24
btc-updown-5m-1783353300,2026-07-06 15:55:00+00:00,2026-07-06 15:45:57.683000+00:00,542.317,paired,True,True,2026-07-06T15:57:27.908Z,2026-07-06T15:59:30.297Z,0.42,0.29,0.29,0.42,2026-07-06,23,20-24
btc-updown-5m-1783353600,2026-07-06 16:00:00+00:00,2026-07-06 15:50:33.275000+00:00,566.725,single,True,False,2026-07-06T16:01:52.435Z,,-0.29,0.28,,-0.28,2026-07-06,23,20-24
btc-updown-5m-1783353900,2026-07-06 16:05:00+00:00,2026-07-06 15:56:04.326000+00:00,535.674,single,False,True,,2026-07-06T16:08:07.880Z,-0.29,,0.27,-0.27,2026-07-07,0,00-04
btc-updown-5m-1783354200,2026-07-06 16:10:00+00:00,2026-07-06 16:01:58.351000+00:00,481.649,single,False,True,,2026-07-06T16:11:58.698Z,-0.29,,0.24,-0.24,2026-07-07,0,00-04
btc-updown-5m-1783354500,2026-07-06 16:15:00+00:00,2026-07-06 16:05:50.131000+00:00,549.869,single,True,False,2026-07-06T16:17:22.886Z,,-0.29,0.29,,-0.29,2026-07-07,0,00-04
btc-updown-5m-1783354800,2026-07-06 16:20:00+00:00,2026-07-06 16:10:39.629000+00:00,560.371,single,True,False,2026-07-06T16:21:54.575Z,,-0.29,0.26,,-0.26,2026-07-07,0,00-04
btc-updown-5m-1783355100,2026-07-06 16:25:00+00:00,2026-07-06 16:15:42.452000+00:00,557.548,single,True,False,2026-07-06T16:26:24.334Z,,-0.29,0.29,,-0.29,2026-07-07,0,00-04
btc-updown-5m-1783355400,2026-07-06 16:30:00+00:00,2026-07-06 16:20:41.510000+00:00,558.49,single,False,True,,2026-07-06T16:31:57.753Z,-0.29,,0.13,-0.13,2026-07-07,0,00-04
btc-updown-5m-1783355700,2026-07-06 16:35:00+00:00,2026-07-06 16:26:03.638000+00:00,536.362,single,False,True,,2026-07-06T16:36:29.884Z,-0.29,,0.29,-0.29,2026-07-07,0,00-04
btc-updown-5m-1783356000,2026-07-06 16:40:00+00:00,2026-07-06 16:30:56.538000+00:00,543.462,single,False,True,,2026-07-06T16:41:17.156Z,-0.29,,0.22,-0.22,2026-07-07,0,00-04
btc-updown-5m-1783356300,2026-07-06 16:45:00+00:00,2026-07-06 16:35:23.227000+00:00,576.773,single,True,False,2026-07-06T16:46:00.404Z,,-0.29,0.29,,-0.29,2026-07-07,0,00-04
btc-updown-5m-1783356600,2026-07-06 16:50:00+00:00,2026-07-06 16:40:24.576000+00:00,575.424,single,False,True,,2026-07-06T16:52:20.269Z,-0.29,,0.29,-0.29,2026-07-07,0,00-04
btc-updown-5m-1783356900,2026-07-06 16:55:00+00:00,2026-07-06 16:45:43.765000+00:00,556.235,paired,True,True,2026-07-06T16:56:11.267Z,2026-07-06T16:59:41.988Z,0.42,0.29,0.29,0.42,2026-07-07,0,00-04
btc-updown-5m-1783357200,2026-07-06 17:00:00+00:00,2026-07-06 16:50:30.681000+00:00,569.319,paired,True,True,2026-07-06T17:01:36.567Z,2026-07-06T17:03:42.758Z,0.42,0.26,0.29,0.45,2026-07-07,0,00-04
btc-updown-5m-1783357500,2026-07-06 17:05:00+00:00,2026-07-06 16:55:29.778000+00:00,570.222,single,False,True,,2026-07-06T17:06:02.874Z,-0.29,,0.29,-0.29,2026-07-07,1,00-04
btc-updown-5m-1783357800,2026-07-06 17:10:00+00:00,2026-07-06 17:00:36.814000+00:00,563.186,single,True,False,2026-07-06T17:10:49.719Z,,-0.29,0.29,,-0.29,2026-07-07,1,00-04
btc-updown-5m-1783358100,2026-07-06 17:15:00+00:00,2026-07-06 17:05:27.622000+00:00,572.378,single,False,True,,2026-07-06T17:17:25.362Z,-0.29,,0.29,-0.29,2026-07-07,1,00-04
btc-updown-5m-1783358400,2026-07-06 17:20:00+00:00,2026-07-06 17:10:51.627000+00:00,548.373,single,True,False,2026-07-06T17:21:03.654Z,,-0.29,0.29,,-0.29,2026-07-07,1,00-04
btc-updown-5m-1783358700,2026-07-06 17:25:00+00:00,2026-07-06 17:15:14.245000+00:00,585.755,paired,True,True,2026-07-06T17:29:57.450Z,2026-07-06T17:25:35.334Z,0.42,0.29,0.29,0.42,2026-07-07,1,00-04
btc-updown-5m-1783359000,2026-07-06 17:30:00+00:00,2026-07-06 17:20:38.492000+00:00,561.508,single,True,False,2026-07-06T17:33:36.042Z,,-0.29,0.28,,-0.28,2026-07-07,1,00-04
btc-updown-5m-1783359300,2026-07-06 17:35:00+00:00,2026-07-06 17:25:37.897000+00:00,562.103,single,True,False,2026-07-06T17:36:07.904Z,,-0.29,0.28,,-0.28,2026-07-07,1,00-04
btc-updown-5m-1783359600,2026-07-06 17:40:00+00:00,2026-07-06 17:31:06.439000+00:00,533.561,single,True,False,2026-07-06T17:42:21.095Z,,-0.29,0.29,,-0.29,2026-07-07,1,00-04
btc-updown-5m-1783359900,2026-07-06 17:45:00+00:00,2026-07-06 17:35:35.093000+00:00,564.907,single,True,False,2026-07-06T17:45:51.341Z,,-0.29,0.29,,-0.29,2026-07-07,1,00-04
btc-updown-5m-1783360200,2026-07-06 17:50:00+00:00,2026-07-06 17:40:15.516000+00:00,584.484,paired,True,True,2026-07-06T17:53:04.250Z,2026-07-06T17:50:30.372Z,0.42,0.29,0.29,0.42,2026-07-07,1,00-04
btc-updown-5m-1783360500,2026-07-06 17:55:00+00:00,2026-07-06 17:45:34.073000+00:00,565.927,single,True,False,2026-07-06T17:56:49.648Z,,-0.29,0.29,,-0.29,2026-07-07,1,00-04
btc-updown-5m-1783360800,2026-07-06 18:00:00+00:00,2026-07-06 17:50:32.185000+00:00,567.815,single,False,True,,2026-07-06T18:02:16.742Z,-0.29,,0.28,-0.28,2026-07-07,1,00-04
btc-updown-5m-1783361100,2026-07-06 18:05:00+00:00,2026-07-06 17:55:27.304000+00:00,572.696,single,True,False,2026-07-06T18:07:12.857Z,,-0.29,0.29,,-0.29,2026-07-07,2,00-04
btc-updown-5m-1783361400,2026-07-06 18:10:00+00:00,2026-07-06 18:00:26.256000+00:00,573.744,single,False,True,,2026-07-06T18:11:14.559Z,-0.29,,0.29,-0.29,2026-07-07,2,00-04
btc-updown-5m-1783361700,2026-07-06 18:15:00+00:00,2026-07-06 18:05:01.076000+00:00,598.924,paired,True,True,2026-07-06T18:18:21.982Z,2026-07-06T18:15:43.572Z,0.42,0.29,0.27,0.43999999999999995,2026-07-07,2,00-04
btc-updown-5m-1783362000,2026-07-06 18:20:00+00:00,2026-07-06 18:10:36.831000+00:00,563.169,single,False,True,,2026-07-06T18:20:38.417Z,-0.29,,0.29,-0.29,2026-07-07,2,00-04
btc-updown-5m-1783362300,2026-07-06 18:25:00+00:00,2026-07-06 18:15:31.351000+00:00,568.649,paired,True,True,2026-07-06T18:28:47.019Z,2026-07-06T18:27:02.664Z,0.42,0.29,0.29,0.42,2026-07-07,2,00-04
btc-updown-5m-1783362600,2026-07-06 18:30:00+00:00,2026-07-06 18:20:17.881000+00:00,582.119,single,True,False,2026-07-06T18:30:37.453Z,,-0.29,0.28,,-0.28,2026-07-07,2,00-04
btc-updown-5m-1783362900,2026-07-06 18:35:00+00:00,2026-07-06 18:25:23.485000+00:00,576.515,single,False,True,,2026-07-06T18:36:12.890Z,-0.29,,0.29,-0.29,2026-07-07,2,00-04
btc-updown-5m-1783363200,2026-07-06 18:40:00+00:00,2026-07-06 18:30:23.896000+00:00,576.104,single,True,False,2026-07-06T18:40:37.735Z,,-0.29,0.29,,-0.29,2026-07-07,2,00-04
btc-updown-5m-1783363500,2026-07-06 18:45:00+00:00,2026-07-06 18:36:03.166000+00:00,536.834,single,True,False,2026-07-06T18:46:21.536Z,,-0.29,0.29,,-0.29,2026-07-07,2,00-04
btc-updown-5m-1783363800,2026-07-06 18:50:00+00:00,2026-07-06 18:40:37.722000+00:00,562.278,paired,True,True,2026-07-06T18:54:42.093Z,2026-07-06T18:50:51.483Z,0.42,0.29,0.29,0.42,2026-07-07,2,00-04
btc-updown-5m-1783364100,2026-07-06 18:55:00+00:00,2026-07-06 18:45:11.991000+00:00,588.009,single,True,False,2026-07-06T18:56:11.985Z,,-0.29,0.23,,-0.23,2026-07-07,2,00-04
btc-updown-5m-1783364400,2026-07-06 19:00:00+00:00,2026-07-06 18:50:06.682000+00:00,593.318,paired,True,True,2026-07-06T19:03:09.327Z,2026-07-06T19:01:43.006Z,0.42,0.27,0.29,0.44,2026-07-07,2,00-04
btc-updown-5m-1783364700,2026-07-06 19:05:00+00:00,2026-07-06 18:55:26.391000+00:00,573.609,paired,True,True,2026-07-06T19:08:54.322Z,2026-07-06T19:06:42.356Z,0.42,0.29,0.29,0.42,2026-07-07,3,00-04
btc-updown-5m-1783365000,2026-07-06 19:10:00+00:00,2026-07-06 19:00:31.576000+00:00,568.424,single,False,True,,2026-07-06T19:14:05.600Z,-0.29,,0.29,-0.29,2026-07-07,3,00-04
btc-updown-5m-1783365300,2026-07-06 19:15:00+00:00,2026-07-06 19:05:17.225000+00:00,582.775,single,False,True,,2026-07-06T19:15:57.337Z,-0.29,,0.29,-0.29,2026-07-07,3,00-04
btc-updown-5m-1783365600,2026-07-06 19:20:00+00:00,2026-07-06 19:10:19.946000+00:00,580.054,paired,True,True,2026-07-06T19:20:56.962Z,2026-07-06T19:24:03.871Z,0.42,0.29,0.28,0.42999999999999994,2026-07-07,3,00-04
btc-updown-5m-1783365900,2026-07-06 19:25:00+00:00,2026-07-06 19:15:25.021000+00:00,574.979,single,True,False,2026-07-06T19:26:28.185Z,,-0.29,0.29,,-0.29,2026-07-07,3,00-04
btc-updown-5m-1783366200,2026-07-06 19:30:00+00:00,2026-07-06 19:20:59.536000+00:00,540.464,single,True,False,2026-07-06T19:31:01.363Z,,-0.29,0.29,,-0.29,2026-07-07,3,00-04
btc-updown-5m-1783366500,2026-07-06 19:35:00+00:00,2026-07-06 19:25:37.059000+00:00,562.941,single,True,False,2026-07-06T19:39:01.024Z,,-0.29,0.29,,-0.29,2026-07-07,3,00-04
btc-updown-5m-1783366800,2026-07-06 19:40:00+00:00,2026-07-06 19:30:39.134000+00:00,560.866,single,False,True,,2026-07-06T19:41:29.948Z,-0.29,,0.28,-0.28,2026-07-07,3,00-04
btc-updown-5m-1783367100,2026-07-06 19:45:00+00:00,2026-07-06 19:35:23.990000+00:00,576.01,paired,True,True,2026-07-06T19:46:30.068Z,2026-07-06T19:48:13.898Z,0.42,0.29,0.28,0.42999999999999994,2026-07-07,3,00-04
btc-updown-5m-1783367400,2026-07-06 19:50:00+00:00,2026-07-06 19:40:39.451000+00:00,560.549,paired,True,True,2026-07-06T19:50:06.223Z,2026-07-06T19:53:55.681Z,0.42,0.27,0.28,0.44999999999999996,2026-07-07,3,00-04
btc-updown-5m-1783367700,2026-07-06 19:55:00+00:00,2026-07-06 19:45:21.448000+00:00,578.552,single,True,False,2026-07-06T19:57:37.967Z,,-0.29,0.08,,-0.08,2026-07-07,3,00-04
btc-updown-5m-1783368000,2026-07-06 20:00:00+00:00,2026-07-06 19:50:21.066000+00:00,578.934,single,True,False,2026-07-06T20:00:56.670Z,,-0.29,0.29,,-0.29,2026-07-07,3,00-04
btc-updown-5m-1783368300,2026-07-06 20:05:00+00:00,2026-07-06 19:55:24.083000+00:00,575.917,single,False,True,,2026-07-06T20:07:04.620Z,-0.29,,0.28,-0.28,2026-07-07,4,04-08
btc-updown-5m-1783368600,2026-07-06 20:10:00+00:00,2026-07-06 20:00:47.527000+00:00,552.473,single,False,True,,2026-07-06T20:13:07.796Z,-0.29,,0.27,-0.27,2026-07-07,4,04-08
btc-updown-5m-1783368900,2026-07-06 20:15:00+00:00,2026-07-06 20:05:44.884000+00:00,555.116,single,False,True,,2026-07-06T20:16:03.770Z,-0.29,,0.29,-0.29,2026-07-07,4,04-08
btc-updown-5m-1783369200,2026-07-06 20:20:00+00:00,2026-07-06 20:10:04.667000+00:00,595.333,single,False,True,,2026-07-06T20:21:15.404Z,-0.29,,0.16,-0.16,2026-07-07,4,04-08
btc-updown-5m-1783369500,2026-07-06 20:25:00+00:00,2026-07-06 20:15:26.247000+00:00,573.753,single,False,True,,2026-07-06T20:25:39.861Z,-0.29,,0.29,-0.29,2026-07-07,4,04-08
btc-updown-5m-1783369800,2026-07-06 20:30:00+00:00,2026-07-06 20:20:33.899000+00:00,566.101,single,False,True,,2026-07-06T20:31:00.311Z,-0.29,,0.29,-0.29,2026-07-07,4,04-08
btc-updown-5m-1783370100,2026-07-06 20:35:00+00:00,2026-07-06 20:25:17.340000+00:00,582.66,single,True,False,2026-07-06T20:36:17.671Z,,-0.29,0.29,,-0.29,2026-07-07,4,04-08
btc-updown-5m-1783370400,2026-07-06 20:40:00+00:00,2026-07-06 20:30:36.035000+00:00,563.965,single,True,False,2026-07-06T20:42:39.472Z,,-0.29,0.29,,-0.29,2026-07-07,4,04-08
btc-updown-5m-1783370700,2026-07-06 20:45:00+00:00,2026-07-06 20:35:30.729000+00:00,569.271,single,True,False,2026-07-06T20:45:28.893Z,,-0.29,0.29,,-0.29,2026-07-07,4,04-08
btc-updown-5m-1783371000,2026-07-06 20:50:00+00:00,2026-07-06 20:40:24.433000+00:00,575.567,single,False,True,,2026-07-06T20:52:40.301Z,-0.29,,0.29,-0.29,2026-07-07,4,04-08
btc-updown-5m-1783371300,2026-07-06 20:55:00+00:00,2026-07-06 20:45:25.913000+00:00,574.087,single,True,False,2026-07-06T20:55:34.876Z,,-0.29,0.29,,-0.29,2026-07-07,4,04-08
btc-updown-5m-1783371600,2026-07-06 21:00:00+00:00,2026-07-06 20:50:09.508000+00:00,590.492,paired,True,True,2026-07-06T21:02:31.043Z,2026-07-06T21:04:22.134Z,0.42,0.29,0.26,0.44999999999999996,2026-07-07,4,04-08
btc-updown-5m-1783371900,2026-07-06 21:05:00+00:00,2026-07-06 20:55:35.569000+00:00,564.431,single,False,True,,2026-07-06T21:05:47.254Z,-0.29,,0.29,-0.29,2026-07-07,5,04-08
btc-updown-5m-1783372200,2026-07-06 21:10:00+00:00,2026-07-06 21:00:33.987000+00:00,566.013,paired,True,True,2026-07-06T21:13:32.293Z,2026-07-06T21:10:31.820Z,0.42,0.29,0.29,0.42,2026-07-07,5,04-08
btc-updown-5m-1783372500,2026-07-06 21:15:00+00:00,2026-07-06 21:06:01.879000+00:00,538.121,single,True,False,2026-07-06T21:17:17.411Z,,-0.29,0.28,,-0.28,2026-07-07,5,04-08
btc-updown-5m-1783372800,2026-07-06 21:20:00+00:00,2026-07-06 21:10:32.880000+00:00,567.12,single,False,True,,2026-07-06T21:22:35.791Z,-0.29,,0.26,-0.26,2026-07-07,5,04-08
btc-updown-5m-1783373100,2026-07-06 21:25:00+00:00,2026-07-06 21:15:25.372000+00:00,574.628,single,True,False,2026-07-06T21:26:00.939Z,,-0.29,0.29,,-0.29,2026-07-07,5,04-08
btc-updown-5m-1783373400,2026-07-06 21:30:00+00:00,2026-07-06 21:20:21.379000+00:00,578.621,paired,True,True,2026-07-06T21:31:02.409Z,2026-07-06T21:32:20.315Z,0.42,0.28,0.29,0.43,2026-07-07,5,04-08
btc-updown-5m-1783373700,2026-07-06 21:35:00+00:00,2026-07-06 21:25:19.795000+00:00,580.205,single,True,False,2026-07-06T21:35:19.852Z,,-0.29,0.29,,-0.29,2026-07-07,5,04-08
btc-updown-5m-1783374000,2026-07-06 21:40:00+00:00,2026-07-06 21:30:24.228000+00:00,575.772,single,False,True,,2026-07-06T21:43:57.530Z,-0.29,,0.29,-0.29,2026-07-07,5,04-08
btc-updown-5m-1783374300,2026-07-06 21:45:00+00:00,2026-07-06 21:36:02.545000+00:00,537.455,none,False,False,,,0.0,,,0.0,2026-07-07,5,04-08
btc-updown-5m-1783374600,2026-07-06 21:50:00+00:00,2026-07-06 21:40:26.716000+00:00,573.284,none,False,False,,,0.0,,,0.0,2026-07-07,5,04-08
btc-updown-5m-1783374900,2026-07-06 21:55:00+00:00,2026-07-06 21:45:04.566000+00:00,595.434,none,False,False,,,0.0,,,0.0,2026-07-07,5,04-08
btc-updown-5m-1783375200,2026-07-06 22:00:00+00:00,2026-07-06 21:50:04.580000+00:00,595.42,none,False,False,,,0.0,,,0.0,2026-07-07,5,04-08
btc-updown-5m-1783375500,2026-07-06 22:05:00+00:00,2026-07-06 21:55:04.484000+00:00,595.516,none,False,False,,,0.0,,,0.0,2026-07-07,6,04-08
btc-updown-5m-1783375800,2026-07-06 22:10:00+00:00,2026-07-06 22:00:04.631000+00:00,595.369,none,False,False,,,0.0,,,0.0,2026-07-07,6,04-08
btc-updown-5m-1783376100,2026-07-06 22:15:00+00:00,2026-07-06 22:05:04.302000+00:00,595.698,none,False,False,,,0.0,,,0.0,2026-07-07,6,04-08
btc-updown-5m-1783376400,2026-07-06 22:20:00+00:00,2026-07-06 22:10:04.416000+00:00,595.584,none,False,False,,,0.0,,,0.0,2026-07-07,6,04-08
btc-updown-5m-1783376700,2026-07-06 22:25:00+00:00,2026-07-06 22:15:04.316000+00:00,595.684,none,False,False,,,0.0,,,0.0,2026-07-07,6,04-08
btc-updown-5m-1783377000,2026-07-06 22:30:00+00:00,2026-07-06 22:20:04.692000+00:00,595.308,none,False,False,,,0.0,,,0.0,2026-07-07,6,04-08
btc-updown-5m-1783377300,2026-07-06 22:35:00+00:00,2026-07-06 22:25:04.520000+00:00,595.48,paired,True,True,2026-07-06T22:38:54.543Z,2026-07-06T22:39:11.746Z,0.42,0.29,0.29,0.42,2026-07-07,6,04-08
btc-updown-5m-1783377600,2026-07-06 22:40:00+00:00,2026-07-06 22:30:04.632000+00:00,595.368,single,True,False,2026-07-06T22:41:50.588Z,,-0.29,0.29,,-0.29,2026-07-07,6,04-08
btc-updown-5m-1783377900,2026-07-06 22:45:00+00:00,2026-07-06 22:35:04.639000+00:00,595.361,paired,True,True,2026-07-06T22:46:00.078Z,2026-07-06T22:49:05.732Z,0.42,0.29,0.26,0.44999999999999996,2026-07-07,6,04-08
btc-updown-5m-1783378200,2026-07-06 22:50:00+00:00,2026-07-06 22:40:23.090000+00:00,576.91,single,True,False,2026-07-06T22:52:25.940Z,,-0.29,0.28,,-0.28,2026-07-07,6,04-08
btc-updown-5m-1783378500,2026-07-06 22:55:00+00:00,2026-07-06 22:45:34.527000+00:00,565.473,single,False,True,,2026-07-06T22:57:17.425Z,-0.29,,0.29,-0.29,2026-07-07,6,04-08
btc-updown-5m-1783378800,2026-07-06 23:00:00+00:00,2026-07-06 22:50:40.801000+00:00,559.199,single,False,True,,2026-07-06T23:02:06.567Z,-0.29,,0.28,-0.28,2026-07-07,6,04-08
btc-updown-5m-1783379100,2026-07-06 23:05:00+00:00,2026-07-06 22:55:03.967000+00:00,596.033,paired,True,True,2026-07-06T23:09:25.218Z,2026-07-06T23:05:47.954Z,0.42,0.26,0.29,0.45,2026-07-07,7,04-08
btc-updown-5m-1783379400,2026-07-06 23:10:00+00:00,2026-07-06 23:00:50.693000+00:00,549.307,single,False,True,,2026-07-06T23:11:09.417Z,-0.29,,0.29,-0.29,2026-07-07,7,04-08
btc-updown-5m-1783379700,2026-07-06 23:15:00+00:00,2026-07-06 23:05:56.759000+00:00,543.241,single,True,False,2026-07-06T23:16:57.800Z,,-0.29,0.29,,-0.29,2026-07-07,7,04-08
btc-updown-5m-1783380000,2026-07-06 23:20:00+00:00,2026-07-06 23:11:12.283000+00:00,527.717,single,True,False,2026-07-06T23:20:58.294Z,,-0.29,0.29,,-0.29,2026-07-07,7,04-08
btc-updown-5m-1783380300,2026-07-06 23:25:00+00:00,2026-07-06 23:15:37.161000+00:00,562.839,paired,True,True,2026-07-06T23:29:42.156Z,2026-07-06T23:29:03.044Z,0.42,0.29,0.29,0.42,2026-07-07,7,04-08
btc-updown-5m-1783380600,2026-07-06 23:30:00+00:00,2026-07-06 23:20:47.532000+00:00,552.468,single,False,True,,2026-07-06T23:30:50.775Z,-0.29,,0.29,-0.29,2026-07-07,7,04-08
btc-updown-5m-1783380900,2026-07-06 23:35:00+00:00,2026-07-06 23:25:19.290000+00:00,580.71,paired,True,True,2026-07-06T23:38:40.917Z,2026-07-06T23:36:24.819Z,0.42,0.29,0.29,0.42,2026-07-07,7,04-08
btc-updown-5m-1783381200,2026-07-06 23:40:00+00:00,2026-07-06 23:30:42.788000+00:00,557.212,none,False,False,,,0.0,,,0.0,2026-07-07,7,04-08
btc-updown-5m-1783381500,2026-07-06 23:45:00+00:00,2026-07-06 23:35:51.747000+00:00,548.253,none,False,False,,,0.0,,,0.0,2026-07-07,7,04-08
btc-updown-5m-1783381800,2026-07-06 23:50:00+00:00,2026-07-06 23:40:10.073000+00:00,589.927,none,False,False,,,0.0,,,0.0,2026-07-07,7,04-08
btc-updown-5m-1783382100,2026-07-06 23:55:00+00:00,2026-07-06 23:45:10.012000+00:00,589.988,single,True,False,2026-07-06T23:58:07.857Z,,-0.29,0.02,,-0.02,2026-07-07,7,04-08
btc-updown-5m-1783382400,2026-07-07 00:00:00+00:00,2026-07-06 23:50:10.046000+00:00,589.954,paired,True,True,2026-07-07T00:03:34.019Z,2026-07-07T00:00:41.260Z,0.42,0.29,0.29,0.42,2026-07-07,7,04-08
btc-updown-5m-1783382700,2026-07-07 00:05:00+00:00,2026-07-06 23:55:10.119000+00:00,589.881,paired,True,True,2026-07-07T00:08:46.076Z,2026-07-07T00:06:26.908Z,0.42,0.29,0.28,0.42999999999999994,2026-07-07,8,08-12
btc-updown-5m-1783383000,2026-07-07 00:10:00+00:00,2026-07-07 00:00:38.878000+00:00,561.122,single,True,False,2026-07-07T00:12:32.325Z,,-0.29,0.29,,-0.29,2026-07-07,8,08-12
btc-updown-5m-1783383300,2026-07-07 00:15:00+00:00,2026-07-07 00:05:41.056000+00:00,558.944,paired,True,True,2026-07-07T00:15:32.488Z,2026-07-07T00:16:40.563Z,0.42,0.28,0.29,0.43,2026-07-07,8,08-12
btc-updown-5m-1783383600,2026-07-07 00:20:00+00:00,2026-07-07 00:11:06.233000+00:00,533.767,single,False,True,,2026-07-07T00:20:49.673Z,-0.29,,0.12,-0.12,2026-07-07,8,08-12
btc-updown-5m-1783384200,2026-07-07 00:30:00+00:00,2026-07-07 00:20:41.494000+00:00,558.506,single,True,False,2026-07-07T00:32:07.225Z,,-0.29,0.24,,-0.24,2026-07-07,8,08-12
btc-updown-5m-1783384500,2026-07-07 00:35:00+00:00,2026-07-07 00:25:20.476000+00:00,579.524,single,True,False,2026-07-07T00:36:20.886Z,,-0.29,0.29,,-0.29,2026-07-07,8,08-12
btc-updown-5m-1783384800,2026-07-07 00:40:00+00:00,2026-07-07 00:30:25.718000+00:00,574.282,single,False,True,,2026-07-07T00:42:21.113Z,-0.29,,0.28,-0.28,2026-07-07,8,08-12
btc-updown-5m-1783385100,2026-07-07 00:45:00+00:00,2026-07-07 00:35:23.047000+00:00,576.953,single,False,True,,2026-07-07T00:46:41.731Z,-0.29,,0.27,-0.27,2026-07-07,8,08-12
btc-updown-5m-1783385400,2026-07-07 00:50:00+00:00,2026-07-07 00:40:24.631000+00:00,575.369,paired,True,True,2026-07-07T00:51:04.157Z,2026-07-07T00:52:45.182Z,0.42,0.29,0.29,0.42,2026-07-07,8,08-12
btc-updown-5m-1783385700,2026-07-07 00:55:00+00:00,2026-07-07 00:45:25.293000+00:00,574.707,single,True,False,2026-07-07T00:55:45.451Z,,-0.29,0.29,,-0.29,2026-07-07,8,08-12
btc-updown-5m-1783386000,2026-07-07 01:00:00+00:00,2026-07-07 00:50:55.216000+00:00,544.784,single,True,False,2026-07-07T01:00:35.857Z,,-0.29,0.27,,-0.27,2026-07-07,8,08-12
btc-updown-5m-1783386300,2026-07-07 01:05:00+00:00,2026-07-07 00:55:46.996000+00:00,553.004,single,False,True,,2026-07-07T01:06:20.058Z,-0.29,,0.29,-0.29,2026-07-07,9,08-12
btc-updown-5m-1783386600,2026-07-07 01:10:00+00:00,2026-07-07 01:00:36.549000+00:00,563.451,paired,True,True,2026-07-07T01:13:20.838Z,2026-07-07T01:10:31.733Z,0.42,0.26,0.29,0.45,2026-07-07,9,08-12
btc-updown-5m-1783386900,2026-07-07 01:15:00+00:00,2026-07-07 01:05:22.596000+00:00,577.404,single,False,True,,2026-07-07T01:15:32.564Z,-0.29,,0.29,-0.29,2026-07-07,9,08-12
btc-updown-5m-1783387200,2026-07-07 01:20:00+00:00,2026-07-07 01:10:51.074000+00:00,548.926,paired,True,True,2026-07-07T01:21:54.296Z,2026-07-07T01:23:36.889Z,0.42,0.29,0.25,0.45999999999999996,2026-07-07,9,08-12
btc-updown-5m-1783387500,2026-07-07 01:25:00+00:00,2026-07-07 01:16:33.392000+00:00,506.608,single,True,False,2026-07-07T01:25:46.864Z,,-0.29,0.29,,-0.29,2026-07-07,9,08-12
btc-updown-5m-1783387800,2026-07-07 01:30:00+00:00,2026-07-07 01:21:02.896000+00:00,537.104,paired,True,True,2026-07-07T01:31:53.197Z,2026-07-07T01:34:08.432Z,0.42,0.29,0.29,0.42,2026-07-07,9,08-12
btc-updown-5m-1783388100,2026-07-07 01:35:00+00:00,2026-07-07 01:25:28.356000+00:00,571.644,single,True,False,2026-07-07T01:36:21.526Z,,-0.29,0.29,,-0.29,2026-07-07,9,08-12
btc-updown-5m-1783388400,2026-07-07 01:40:00+00:00,2026-07-07 01:30:30.265000+00:00,569.735,paired,True,True,2026-07-07T01:40:36.947Z,2026-07-07T01:43:24.955Z,0.42,0.29,0.29,0.42,2026-07-07,9,08-12
btc-updown-5m-1783388700,2026-07-07 01:45:00+00:00,2026-07-07 01:35:25.163000+00:00,574.837,single,False,True,,2026-07-07T01:49:56.744Z,-0.29,,0.29,-0.29,2026-07-07,9,08-12
btc-updown-5m-1783389000,2026-07-07 01:50:00+00:00,2026-07-07 01:40:37.779000+00:00,562.221,single,True,False,2026-07-07T01:52:05.714Z,,-0.29,0.29,,-0.29,2026-07-07,9,08-12
btc-updown-5m-1783389300,2026-07-07 01:55:00+00:00,2026-07-07 01:45:59.341000+00:00,540.659,single,True,False,2026-07-07T01:56:21.096Z,,-0.29,0.29,,-0.29,2026-07-07,9,08-12
btc-updown-5m-1783389600,2026-07-07 02:00:00+00:00,2026-07-07 01:50:26.669000+00:00,573.331,single,False,True,,2026-07-07T02:01:02.509Z,-0.29,,0.29,-0.29,2026-07-07,9,08-12
btc-updown-5m-1783389900,2026-07-07 02:05:00+00:00,2026-07-07 01:55:26.611000+00:00,573.389,none,False,False,,,0.0,,,0.0,2026-07-07,10,08-12
btc-updown-5m-1783390200,2026-07-07 02:10:00+00:00,2026-07-07 02:00:26.724000+00:00,573.276,single,False,True,,2026-07-07T02:12:36.912Z,-0.29,,0.19,-0.19,2026-07-07,10,08-12
btc-updown-5m-1783390500,2026-07-07 02:15:00+00:00,2026-07-07 02:05:26.719000+00:00,573.281,paired,True,True,2026-07-07T02:17:33.437Z,2026-07-07T02:16:18.877Z,0.42,0.29,0.29,0.42,2026-07-07,10,08-12
btc-updown-5m-1783390800,2026-07-07 02:20:00+00:00,2026-07-07 02:10:26.701000+00:00,573.299,single,True,False,2026-07-07T02:21:48.271Z,,-0.29,0.29,,-0.29,2026-07-07,10,08-12
btc-updown-5m-1783391100,2026-07-07 02:25:00+00:00,2026-07-07 02:15:26.678000+00:00,573.322,none,False,False,,,0.0,,,0.0,2026-07-07,10,08-12
btc-updown-5m-1783391400,2026-07-07 02:30:00+00:00,2026-07-07 02:20:26.702000+00:00,573.298,single,True,False,2026-07-07T02:32:36.945Z,,-0.29,0.11,,-0.11,2026-07-07,10,08-12
btc-updown-5m-1783391700,2026-07-07 02:35:00+00:00,2026-07-07 02:25:26.693000+00:00,573.307,paired,True,True,2026-07-07T02:38:23.884Z,2026-07-07T02:36:02.797Z,0.42,0.24,0.29,0.47000000000000003,2026-07-07,10,08-12
btc-updown-5m-1783392000,2026-07-07 02:40:00+00:00,2026-07-07 02:30:26.713000+00:00,573.287,single,False,True,,2026-07-07T02:41:01.537Z,-0.29,,0.29,-0.29,2026-07-07,10,08-12
btc-updown-5m-1783392300,2026-07-07 02:45:00+00:00,2026-07-07 02:35:26.735000+00:00,573.265,single,True,False,2026-07-07T02:49:52.090Z,,-0.29,0.01,,-0.01,2026-07-07,10,08-12
btc-updown-5m-1783392600,2026-07-07 02:50:00+00:00,2026-07-07 02:40:26.744000+00:00,573.256,single,True,False,2026-07-07T02:51:21.477Z,,-0.29,0.29,,-0.29,2026-07-07,10,08-12
btc-updown-5m-1783392900,2026-07-07 02:55:00+00:00,2026-07-07 02:45:26.767000+00:00,573.233,single,True,False,2026-07-07T02:56:37.888Z,,-0.29,0.29,,-0.29,2026-07-07,10,08-12
btc-updown-5m-1783393200,2026-07-07 03:00:00+00:00,2026-07-07 02:50:26.776000+00:00,573.224,none,False,False,,,0.0,,,0.0,2026-07-07,10,08-12
btc-updown-5m-1783393500,2026-07-07 03:05:00+00:00,2026-07-07 02:55:26.830000+00:00,573.17,none,False,False,,,0.0,,,0.0,2026-07-07,11,08-12
btc-updown-5m-1783393800,2026-07-07 03:10:00+00:00,2026-07-07 03:00:26.797000+00:00,573.203,single,True,False,2026-07-07T03:14:45.623Z,,-0.29,0.01,,-0.01,2026-07-07,11,08-12
btc-updown-5m-1783394100,2026-07-07 03:15:00+00:00,2026-07-07 03:05:26.809000+00:00,573.191,single,True,False,2026-07-07T03:16:06.837Z,,-0.29,0.29,,-0.29,2026-07-07,11,08-12
btc-updown-5m-1783394400,2026-07-07 03:20:00+00:00,2026-07-07 03:10:26.851000+00:00,573.149,single,False,True,,2026-07-07T03:20:49.294Z,-0.29,,0.28,-0.28,2026-07-07,11,08-12
btc-updown-5m-1783394700,2026-07-07 03:25:00+00:00,2026-07-07 03:15:26.895000+00:00,573.105,single,True,False,2026-07-07T03:29:57.790Z,,-0.29,0.01,,-0.01,2026-07-07,11,08-12
btc-updown-5m-1783395000,2026-07-07 03:30:00+00:00,2026-07-07 03:20:26.880000+00:00,573.12,single,False,True,,2026-07-07T03:32:06.718Z,-0.29,,0.29,-0.29,2026-07-07,11,08-12
btc-updown-5m-1783395300,2026-07-07 03:35:00+00:00,2026-07-07 03:25:26.940000+00:00,573.06,paired,True,True,2026-07-07T03:39:41.352Z,2026-07-07T03:36:51.004Z,0.42,0.29,0.27,0.43999999999999995,2026-07-07,11,08-12
btc-updown-5m-1783395600,2026-07-07 03:40:00+00:00,2026-07-07 03:30:26.885000+00:00,573.115,single,True,False,2026-07-07T03:40:52.314Z,,-0.29,0.29,,-0.29,2026-07-07,11,08-12
btc-updown-5m-1783395900,2026-07-07 03:45:00+00:00,2026-07-07 03:35:26.910000+00:00,573.09,single,True,False,2026-07-07T03:46:01.004Z,,-0.29,0.29,,-0.29,2026-07-07,11,08-12
btc-updown-5m-1783396200,2026-07-07 03:50:00+00:00,2026-07-07 03:40:26.933000+00:00,573.067,none,False,False,,,0.0,,,0.0,2026-07-07,11,08-12
btc-updown-5m-1783396500,2026-07-07 03:55:00+00:00,2026-07-07 03:45:26.912000+00:00,573.088,paired,True,True,2026-07-07T03:55:33.499Z,2026-07-07T03:59:19.036Z,0.42,0.29,0.29,0.42,2026-07-07,11,08-12
btc-updown-5m-1783396800,2026-07-07 04:00:00+00:00,2026-07-07 03:50:26.960000+00:00,573.04,paired,True,True,2026-07-07T04:02:29.808Z,2026-07-07T04:00:38.746Z,0.42,0.28,0.27,0.44999999999999996,2026-07-07,11,08-12
btc-updown-5m-1783397100,2026-07-07 04:05:00+00:00,2026-07-07 03:55:26.934000+00:00,573.066,none,False,False,,,0.0,,,0.0,2026-07-07,12,12-16
btc-updown-5m-1783397400,2026-07-07 04:10:00+00:00,2026-07-07 04:00:26.912000+00:00,573.088,paired,True,True,2026-07-07T04:14:53.066Z,2026-07-07T04:12:20.090Z,0.42,0.25,0.29,0.46,2026-07-07,12,12-16
btc-updown-5m-1783397700,2026-07-07 04:15:00+00:00,2026-07-07 04:05:26.938000+00:00,573.062,paired,True,True,2026-07-07T04:17:31.879Z,2026-07-07T04:16:32.942Z,0.42,0.29,0.29,0.42,2026-07-07,12,12-16
btc-updown-5m-1783398000,2026-07-07 04:20:00+00:00,2026-07-07 04:10:26.953000+00:00,573.047,none,False,False,,,0.0,,,0.0,2026-07-07,12,12-16
btc-updown-5m-1783398300,2026-07-07 04:25:00+00:00,2026-07-07 04:15:26.959000+00:00,573.041,single,False,True,,2026-07-07T04:29:49.117Z,-0.29,,0.01,-0.01,2026-07-07,12,12-16
btc-updown-5m-1783398600,2026-07-07 04:30:00+00:00,2026-07-07 04:20:26.948000+00:00,573.052,paired,True,True,2026-07-07T04:30:29.753Z,2026-07-07T04:34:54.563Z,0.42,0.29,0.27,0.43999999999999995,2026-07-07,12,12-16
btc-updown-5m-1783398900,2026-07-07 04:35:00+00:00,2026-07-07 04:25:27.008000+00:00,572.992,single,True,False,2026-07-07T04:35:51.118Z,,-0.29,0.29,,-0.29,2026-07-07,12,12-16
btc-updown-5m-1783399200,2026-07-07 04:40:00+00:00,2026-07-07 04:30:26.991000+00:00,573.009,none,False,False,,,0.0,,,0.0,2026-07-07,12,12-16
btc-updown-5m-1783399500,2026-07-07 04:45:00+00:00,2026-07-07 04:35:26.986000+00:00,573.014,none,False,False,,,0.0,,,0.0,2026-07-07,12,12-16
btc-updown-5m-1783399800,2026-07-07 04:50:00+00:00,2026-07-07 04:40:27.037000+00:00,572.963,single,False,True,,2026-07-07T04:53:10.465Z,-0.29,,0.29,-0.29,2026-07-07,12,12-16
btc-updown-5m-1783400100,2026-07-07 04:55:00+00:00,2026-07-07 04:45:27.074000+00:00,572.926,paired,True,True,2026-07-07T04:55:52.096Z,2026-07-07T04:58:05.697Z,0.42,0.29,0.28,0.42999999999999994,2026-07-07,12,12-16
btc-updown-5m-1783400400,2026-07-07 05:00:00+00:00,2026-07-07 04:50:27.106000+00:00,572.894,paired,True,True,2026-07-07T05:02:02.817Z,2026-07-07T05:04:06.946Z,0.42,0.29,0.29,0.42,2026-07-07,12,12-16
btc-updown-5m-1783400700,2026-07-07 05:05:00+00:00,2026-07-07 04:55:27.056000+00:00,572.944,single,True,False,2026-07-07T05:09:58.915Z,,-0.29,0.01,,-0.01,2026-07-07,13,12-16
btc-updown-5m-1783401000,2026-07-07 05:10:00+00:00,2026-07-07 05:00:27.096000+00:00,572.904,single,True,False,2026-07-07T05:10:17.588Z,,-0.29,0.29,,-0.29,2026-07-07,13,12-16
btc-updown-5m-1783401300,2026-07-07 05:15:00+00:00,2026-07-07 05:05:27.092000+00:00,572.908,single,False,True,,2026-07-07T05:15:49.161Z,-0.29,,0.29,-0.29,2026-07-07,13,12-16
btc-updown-5m-1783401600,2026-07-07 05:20:00+00:00,2026-07-07 05:10:27.051000+00:00,572.949,single,False,True,,2026-07-07T05:22:12.111Z,-0.29,,0.29,-0.29,2026-07-07,13,12-16
btc-updown-5m-1783401900,2026-07-07 05:25:00+00:00,2026-07-07 05:15:27.155000+00:00,572.845,single,True,False,2026-07-07T05:25:18.035Z,,-0.29,0.29,,-0.29,2026-07-07,13,12-16
btc-updown-5m-1783402200,2026-07-07 05:30:00+00:00,2026-07-07 05:20:27.373000+00:00,572.627,single,False,True,,2026-07-07T05:30:24.989Z,-0.29,,0.29,-0.29,2026-07-07,13,12-16
btc-updown-5m-1783402500,2026-07-07 05:35:00+00:00,2026-07-07 05:25:29.253000+00:00,570.747,single,False,True,,2026-07-07T05:39:10.301Z,-0.29,,0.03,-0.03,2026-07-07,13,12-16
btc-updown-5m-1783402800,2026-07-07 05:40:00+00:00,2026-07-07 05:30:29.252000+00:00,570.748,single,True,False,2026-07-07T05:44:53.481Z,,-0.29,0.29,,-0.29,2026-07-07,13,12-16
btc-updown-5m-1783403100,2026-07-07 05:45:00+00:00,2026-07-07 05:35:29.324000+00:00,570.676,paired,True,True,2026-07-07T05:49:11.602Z,2026-07-07T05:46:43.858Z,0.42,0.29,0.29,0.42,2026-07-07,13,12-16
btc-updown-5m-1783403400,2026-07-07 05:50:00+00:00,2026-07-07 05:40:29.267000+00:00,570.733,single,False,True,,2026-07-07T05:53:16.014Z,-0.29,,0.29,-0.29,2026-07-07,13,12-16
btc-updown-5m-1783403700,2026-07-07 05:55:00+00:00,2026-07-07 05:45:12.205000+00:00,587.795,single,True,False,2026-07-07T05:56:31.953Z,,-0.29,0.29,,-0.29,2026-07-07,13,12-16
btc-updown-5m-1783404000,2026-07-07 06:00:00+00:00,2026-07-07 05:50:12.542000+00:00,587.458,paired,True,True,2026-07-07T06:04:01.947Z,2026-07-07T06:02:09.300Z,0.42,0.29,0.27,0.43999999999999995,2026-07-07,13,12-16
btc-updown-5m-1783404300,2026-07-07 06:05:00+00:00,2026-07-07 05:55:16.023000+00:00,583.977,single,True,False,2026-07-07T06:06:30.509Z,,-0.29,0.18,,-0.18,2026-07-07,14,12-16
btc-updown-5m-1783404600,2026-07-07 06:10:00+00:00,2026-07-07 06:00:15.956000+00:00,584.044,single,True,False,2026-07-07T06:11:35.646Z,,-0.29,0.28,,-0.28,2026-07-07,14,12-16
btc-updown-5m-1783404900,2026-07-07 06:15:00+00:00,2026-07-07 06:05:16.230000+00:00,583.77,single,False,True,,2026-07-07T06:15:17.887Z,-0.29,,0.29,-0.29,2026-07-07,14,12-16
btc-updown-5m-1783405200,2026-07-07 06:20:00+00:00,2026-07-07 06:10:15.971000+00:00,584.029,none,False,False,,,0.0,,,0.0,2026-07-07,14,12-16
btc-updown-5m-1783405500,2026-07-07 06:25:00+00:00,2026-07-07 06:15:15.941000+00:00,584.059,single,False,True,,2026-07-07T06:27:26.245Z,-0.29,,0.27,-0.27,2026-07-07,14,12-16
btc-updown-5m-1783405800,2026-07-07 06:30:00+00:00,2026-07-07 06:20:16.023000+00:00,583.977,single,False,True,,2026-07-07T06:34:53.369Z,-0.29,0.29,0.28,0.42999999999999994,2026-07-07,14,12-16
btc-updown-5m-1783406100,2026-07-07 06:35:00+00:00,2026-07-07 06:25:15.989000+00:00,584.011,single,False,True,,2026-07-07T06:37:23.510Z,-0.29,,0.29,-0.29,2026-07-07,14,12-16
btc-updown-5m-1783406400,2026-07-07 06:40:00+00:00,2026-07-07 06:30:15.988000+00:00,584.012,single,True,False,2026-07-07T06:42:44.070Z,,-0.29,0.29,,-0.29,2026-07-07,14,12-16
btc-updown-5m-1783406700,2026-07-07 06:45:00+00:00,2026-07-07 06:35:23.351000+00:00,576.649,paired,True,True,2026-07-07T06:47:59.729Z,2026-07-07T06:49:26.483Z,0.42,0.29,0.29,0.42,2026-07-07,14,12-16
btc-updown-5m-1783407000,2026-07-07 06:50:00+00:00,2026-07-07 06:40:23.273000+00:00,576.727,paired,True,True,2026-07-07T06:50:55.425Z,2026-07-07T06:53:08.116Z,0.42,0.29,0.25,0.45999999999999996,2026-07-07,14,12-16
btc-updown-5m-1783407300,2026-07-07 06:55:00+00:00,2026-07-07 06:45:23.355000+00:00,576.645,paired,True,True,2026-07-07T06:58:02.945Z,2026-07-07T06:56:40.457Z,0.42,0.29,0.29,0.42,2026-07-07,14,12-16
btc-updown-5m-1783407600,2026-07-07 07:00:00+00:00,2026-07-07 06:50:23.336000+00:00,576.664,single,False,True,,2026-07-07T07:04:48.516Z,-0.29,,0.019,-0.019,2026-07-07,14,12-16
btc-updown-5m-1783407900,2026-07-07 07:05:00+00:00,2026-07-07 06:55:23.301000+00:00,576.699,single,True,False,2026-07-07T07:06:17.765Z,,-0.29,0.27,,-0.27,2026-07-07,15,12-16
btc-updown-5m-1783408200,2026-07-07 07:10:00+00:00,2026-07-07 07:00:23.267000+00:00,576.733,single,False,True,,2026-07-07T07:11:01.205Z,-0.29,,0.28,-0.28,2026-07-07,15,12-16
btc-updown-5m-1783408500,2026-07-07 07:15:00+00:00,2026-07-07 07:05:23.395000+00:00,576.605,none,False,False,,,0.0,,,0.0,2026-07-07,15,12-16
btc-updown-5m-1783408800,2026-07-07 07:20:00+00:00,2026-07-07 07:10:23.325000+00:00,576.675,single,True,False,2026-07-07T07:23:28.440Z,,-0.29,0.29,,-0.29,2026-07-07,15,12-16
btc-updown-5m-1783409100,2026-07-07 07:25:00+00:00,2026-07-07 07:15:23.342000+00:00,576.658,single,True,False,2026-07-07T07:25:32.423Z,,-0.29,0.29,,-0.29,2026-07-07,15,12-16
btc-updown-5m-1783409400,2026-07-07 07:30:00+00:00,2026-07-07 07:20:23.405000+00:00,576.595,paired,True,True,2026-07-07T07:33:26.865Z,2026-07-07T07:30:32.689Z,0.42,0.29,0.29,0.42,2026-07-07,15,12-16
btc-updown-5m-1783409700,2026-07-07 07:35:00+00:00,2026-07-07 07:25:23.423000+00:00,576.577,single,True,False,2026-07-07T07:39:56.348Z,,-0.29,0.001,,-0.001,2026-07-07,15,12-16
btc-updown-5m-1783410000,2026-07-07 07:40:00+00:00,2026-07-07 07:30:23.415000+00:00,576.585,single,False,True,,2026-07-07T07:42:41.483Z,-0.29,,0.29,-0.29,2026-07-07,15,12-16
btc-updown-5m-1783410300,2026-07-07 07:45:00+00:00,2026-07-07 07:35:23.363000+00:00,576.637,single,False,True,,2026-07-07T07:47:19.615Z,-0.29,,0.28,-0.28,2026-07-07,15,12-16
btc-updown-5m-1783410600,2026-07-07 07:50:00+00:00,2026-07-07 07:40:23.377000+00:00,576.623,single,True,False,2026-07-07T07:52:22.729Z,,-0.29,0.29,,-0.29,2026-07-07,15,12-16
btc-updown-5m-1783410900,2026-07-07 07:55:00+00:00,2026-07-07 07:45:23.364000+00:00,576.636,single,True,False,2026-07-07T07:57:54.359Z,,-0.29,0.25,,-0.25,2026-07-07,15,12-16
btc-updown-5m-1783411200,2026-07-07 08:00:00+00:00,2026-07-07 07:50:23.455000+00:00,576.545,paired,True,True,2026-07-07T08:04:24.114Z,2026-07-07T08:00:39.800Z,0.42,0.27,0.29,0.44,2026-07-07,15,12-16
btc-updown-5m-1783411500,2026-07-07 08:05:00+00:00,2026-07-07 07:55:23.393000+00:00,576.607,single,True,False,2026-07-07T08:06:13.340Z,,-0.29,0.29,,-0.29,2026-07-07,16,16-20
btc-updown-5m-1783411800,2026-07-07 08:10:00+00:00,2026-07-07 08:00:23.414000+00:00,576.586,single,False,True,,2026-07-07T08:14:37.731Z,-0.29,,0.01,-0.01,2026-07-07,16,16-20
btc-updown-5m-1783412100,2026-07-07 08:15:00+00:00,2026-07-07 08:05:23.399000+00:00,576.601,single,False,True,,2026-07-07T08:18:28.766Z,-0.29,0.29,0.24,0.47,2026-07-07,16,16-20
btc-updown-5m-1783412400,2026-07-07 08:20:00+00:00,2026-07-07 08:10:23.367000+00:00,576.633,single,True,False,2026-07-07T08:24:40.684Z,,-0.29,0.24,,-0.24,2026-07-07,16,16-20
btc-updown-5m-1783412700,2026-07-07 08:25:00+00:00,2026-07-07 08:15:07.686000+00:00,592.314,single,True,False,2026-07-07T08:26:46.318Z,,-0.29,0.29,,-0.29,2026-07-07,16,16-20
btc-updown-5m-1783413000,2026-07-07 08:30:00+00:00,2026-07-07 08:20:28.679000+00:00,571.321,paired,True,True,2026-07-07T08:31:51.530Z,2026-07-07T08:34:24.567Z,0.42,0.28,0.29,0.43,2026-07-07,16,16-20
btc-updown-5m-1783413300,2026-07-07 08:35:00+00:00,2026-07-07 08:25:28.766000+00:00,571.234,single,False,True,,2026-07-07T08:37:47.216Z,-0.29,,0.29,-0.29,2026-07-07,16,16-20
btc-updown-5m-1783413600,2026-07-07 08:40:00+00:00,2026-07-07 08:30:28.801000+00:00,571.199,paired,True,True,2026-07-07T08:42:48.405Z,2026-07-07T08:41:19.724Z,0.42,0.29,0.29,0.42,2026-07-07,16,16-20
btc-updown-5m-1783413900,2026-07-07 08:45:00+00:00,2026-07-07 08:35:21.409000+00:00,578.591,single,True,False,2026-07-07T08:47:06.161Z,,-0.29,0.29,,-0.29,2026-07-07,16,16-20
btc-updown-5m-1783414200,2026-07-07 08:50:00+00:00,2026-07-07 08:40:21.530000+00:00,578.47,single,True,False,2026-07-07T08:51:01.966Z,,-0.29,0.28,,-0.28,2026-07-07,16,16-20
btc-updown-5m-1783414500,2026-07-07 08:55:00+00:00,2026-07-07 08:45:21.441000+00:00,578.559,single,False,True,,2026-07-07T08:56:30.846Z,-0.29,,0.27,-0.27,2026-07-07,16,16-20
btc-updown-5m-1783414800,2026-07-07 09:00:00+00:00,2026-07-07 08:50:21.434000+00:00,578.566,single,False,True,,2026-07-07T09:03:02.106Z,-0.29,0.29,0.27,0.43999999999999995,2026-07-07,16,16-20
btc-updown-5m-1783415100,2026-07-07 09:05:00+00:00,2026-07-07 08:55:21.432000+00:00,578.568,paired,True,True,2026-07-07T09:05:35.314Z,2026-07-07T09:08:15.455Z,0.42,0.29,0.29,0.42,2026-07-07,17,16-20
btc-updown-5m-1783415400,2026-07-07 09:10:00+00:00,2026-07-07 09:00:21.462000+00:00,578.538,single,False,True,,2026-07-07T09:14:36.129Z,-0.29,,0.29,-0.29,2026-07-07,17,16-20
btc-updown-5m-1783415700,2026-07-07 09:15:00+00:00,2026-07-07 09:05:13.337000+00:00,586.663,single,True,False,2026-07-07T09:16:39.654Z,,-0.29,0.29,,-0.29,2026-07-07,17,16-20
btc-updown-5m-1783416000,2026-07-07 09:20:00+00:00,2026-07-07 09:10:13.474000+00:00,586.526,single,True,False,2026-07-07T09:24:18.951Z,,-0.29,0.29,,-0.29,2026-07-07,17,16-20
btc-updown-5m-1783416300,2026-07-07 09:25:00+00:00,2026-07-07 09:15:06.095000+00:00,593.905,paired,True,True,2026-07-07T09:29:07.555Z,2026-07-07T09:27:46.463Z,0.42,0.29,0.29,0.42,2026-07-07,17,16-20
btc-updown-5m-1783416600,2026-07-07 09:30:00+00:00,2026-07-07 09:20:06.121000+00:00,593.879,paired,True,True,2026-07-07T09:34:05.223Z,2026-07-07T09:34:18.842Z,0.42,0.29,0.29,0.42,2026-07-07,17,16-20
btc-updown-5m-1783416900,2026-07-07 09:35:00+00:00,2026-07-07 09:25:18.797000+00:00,581.203,single,False,True,,2026-07-07T09:37:50.583Z,-0.29,,0.29,-0.29,2026-07-07,17,16-20
btc-updown-5m-1783417200,2026-07-07 09:40:00+00:00,2026-07-07 09:30:16.710000+00:00,583.29,single,False,True,,2026-07-07T09:41:21.858Z,-0.29,,0.28,-0.28,2026-07-07,17,16-20
btc-updown-5m-1783417500,2026-07-07 09:45:00+00:00,2026-07-07 09:35:18.887000+00:00,581.113,single,False,True,,2026-07-07T09:49:06.354Z,-0.29,0.29,0.29,0.42,2026-07-07,17,16-20
btc-updown-5m-1783417800,2026-07-07 09:50:00+00:00,2026-07-07 09:40:09.030000+00:00,590.97,single,True,False,2026-07-07T09:51:05.260Z,,-0.29,0.29,,-0.29,2026-07-07,17,16-20
btc-updown-5m-1783418100,2026-07-07 09:55:00+00:00,2026-07-07 09:45:25.991000+00:00,574.009,paired,True,True,2026-07-07T09:58:23.385Z,2026-07-07T09:58:53.824Z,0.42,0.29,0.29,0.42,2026-07-07,17,16-20
btc-updown-5m-1783418400,2026-07-07 10:00:00+00:00,2026-07-07 09:50:02.428000+00:00,597.572,single,False,True,,2026-07-07T10:01:41.562Z,-0.29,,0.27,-0.27,2026-07-07,17,16-20
btc-updown-5m-1783418700,2026-07-07 10:05:00+00:00,2026-07-07 09:55:02.004000+00:00,597.996,single,True,False,2026-07-07T10:08:33.681Z,,-0.29,0.29,,-0.29,2026-07-07,18,16-20
btc-updown-5m-1783419000,2026-07-07 10:10:00+00:00,2026-07-07 10:00:23.435000+00:00,576.565,single,True,False,2026-07-07T10:10:36.911Z,,-0.29,0.29,,-0.29,2026-07-07,18,16-20
btc-updown-5m-1783419300,2026-07-07 10:15:00+00:00,2026-07-07 10:05:11.554000+00:00,588.446,single,False,True,,2026-07-07T10:15:12.314Z,-0.29,,0.29,-0.29,2026-07-07,18,16-20
btc-updown-5m-1783419600,2026-07-07 10:20:00+00:00,2026-07-07 10:10:03.780000+00:00,596.22,single,True,False,2026-07-07T10:20:43.118Z,,-0.29,0.27,,-0.27,2026-07-07,18,16-20
btc-updown-5m-1783419900,2026-07-07 10:25:00+00:00,2026-07-07 10:15:03.551000+00:00,596.449,paired,True,True,2026-07-07T10:29:33.080Z,2026-07-07T10:26:34.321Z,0.42,0.29,0.29,0.42,2026-07-07,18,16-20
btc-updown-5m-1783420200,2026-07-07 10:30:00+00:00,2026-07-07 10:20:03.791000+00:00,596.209,single,True,False,2026-07-07T10:30:32.518Z,,-0.29,0.25,,-0.25,2026-07-07,18,16-20
btc-updown-5m-1783420500,2026-07-07 10:35:00+00:00,2026-07-07 10:25:07.318000+00:00,592.682,single,False,True,,2026-07-07T10:37:06.980Z,-0.29,,0.29,-0.29,2026-07-07,18,16-20
btc-updown-5m-1783420800,2026-07-07 10:40:00+00:00,2026-07-07 10:30:07.154000+00:00,592.846,none,False,False,,,0.0,,,0.0,2026-07-07,18,16-20
btc-updown-5m-1783421100,2026-07-07 10:45:00+00:00,2026-07-07 10:35:07.150000+00:00,592.85,single,True,False,2026-07-07T10:47:39.629Z,,-0.29,0.29,,-0.29,2026-07-07,18,16-20
btc-updown-5m-1783421400,2026-07-07 10:50:00+00:00,2026-07-07 10:40:07.238000+00:00,592.762,single,False,True,,2026-07-07T10:54:35.668Z,-0.29,,0.29,-0.29,2026-07-07,18,16-20
btc-updown-5m-1783421700,2026-07-07 10:55:00+00:00,2026-07-07 10:45:07.203000+00:00,592.797,paired,True,True,2026-07-07T10:55:36.438Z,2026-07-07T10:59:11.715Z,0.42,0.29,0.26,0.44999999999999996,2026-07-07,18,16-20
btc-updown-5m-1783422000,2026-07-07 11:00:00+00:00,2026-07-07 10:50:07.178000+00:00,592.822,single,True,False,2026-07-07T11:00:08.736Z,,-0.29,0.27,,-0.27,2026-07-07,18,16-20
btc-updown-5m-1783422300,2026-07-07 11:05:00+00:00,2026-07-07 10:55:07.225000+00:00,592.775,none,False,False,,,0.0,,,0.0,2026-07-07,19,16-20
btc-updown-5m-1783422600,2026-07-07 11:10:00+00:00,2026-07-07 11:00:07.176000+00:00,592.824,single,True,False,2026-07-07T11:12:17.488Z,,-0.29,0.24,,-0.24,2026-07-07,19,16-20
btc-updown-5m-1783422900,2026-07-07 11:15:00+00:00,2026-07-07 11:05:07.240000+00:00,592.76,single,False,True,,2026-07-07T11:18:02.344Z,-0.29,,0.29,-0.29,2026-07-07,19,16-20
btc-updown-5m-1783423200,2026-07-07 11:20:00+00:00,2026-07-07 11:10:07.238000+00:00,592.762,single,False,True,,2026-07-07T11:21:53.388Z,-0.29,,0.29,-0.29,2026-07-07,19,16-20
btc-updown-5m-1783423500,2026-07-07 11:25:00+00:00,2026-07-07 11:15:07.224000+00:00,592.776,none,False,False,,,0.0,,,0.0,2026-07-07,19,16-20
btc-updown-5m-1783423800,2026-07-07 11:30:00+00:00,2026-07-07 11:20:07.301000+00:00,592.699,single,True,False,2026-07-07T11:32:37.259Z,,-0.29,0.27,,-0.27,2026-07-07,19,16-20
btc-updown-5m-1783424100,2026-07-07 11:35:00+00:00,2026-07-07 11:25:07.233000+00:00,592.767,single,False,True,,2026-07-07T11:36:06.514Z,-0.29,,0.29,-0.29,2026-07-07,19,16-20
btc-updown-5m-1783424400,2026-07-07 11:40:00+00:00,2026-07-07 11:30:07.293000+00:00,592.707,single,False,True,,2026-07-07T11:42:40.896Z,-0.29,,0.28,-0.28,2026-07-07,19,16-20
btc-updown-5m-1783424700,2026-07-07 11:45:00+00:00,2026-07-07 11:35:07.284000+00:00,592.716,single,False,True,,2026-07-07T11:49:52.265Z,-0.29,,0.001,-0.001,2026-07-07,19,16-20
btc-updown-5m-1783425000,2026-07-07 11:50:00+00:00,2026-07-07 11:40:07.284000+00:00,592.716,single,True,False,2026-07-07T11:51:41.604Z,,-0.29,0.29,,-0.29,2026-07-07,19,16-20
btc-updown-5m-1783425300,2026-07-07 11:55:00+00:00,2026-07-07 11:45:07.297000+00:00,592.703,single,False,True,,2026-07-07T11:55:26.144Z,-0.29,,0.29,-0.29,2026-07-07,19,16-20
btc-updown-5m-1783425600,2026-07-07 12:00:00+00:00,2026-07-07 11:50:07.340000+00:00,592.66,none,False,False,,,0.0,,,0.0,2026-07-07,19,16-20
btc-updown-5m-1783425900,2026-07-07 12:05:00+00:00,2026-07-07 11:55:07.306000+00:00,592.694,none,False,False,,,0.0,,,0.0,2026-07-07,20,20-24
btc-updown-5m-1783426200,2026-07-07 12:10:00+00:00,2026-07-07 12:00:07.325000+00:00,592.675,none,False,False,,,0.0,,,0.0,2026-07-07,20,20-24
btc-updown-5m-1783426500,2026-07-07 12:15:00+00:00,2026-07-07 12:05:07.312000+00:00,592.688,none,False,False,,,0.0,,,0.0,2026-07-07,20,20-24
btc-updown-5m-1783426800,2026-07-07 12:20:00+00:00,2026-07-07 12:10:07.351000+00:00,592.649,none,False,False,,,0.0,,,0.0,2026-07-07,20,20-24
btc-updown-5m-1783427100,2026-07-07 12:25:00+00:00,2026-07-07 12:15:07.365000+00:00,592.635,none,False,False,,,0.0,,,0.0,2026-07-07,20,20-24
btc-updown-5m-1783427400,2026-07-07 12:30:00+00:00,2026-07-07 12:20:07.423000+00:00,592.577,single,True,False,2026-07-07T12:32:17.681Z,,-0.29,0.02,,-0.02,2026-07-07,20,20-24
btc-updown-5m-1783427700,2026-07-07 12:35:00+00:00,2026-07-07 12:25:07.466000+00:00,592.534,single,True,False,2026-07-07T12:35:24.537Z,,-0.29,0.28,,-0.28,2026-07-07,20,20-24
btc-updown-5m-1783428000,2026-07-07 12:40:00+00:00,2026-07-07 12:30:07.456000+00:00,592.544,single,False,True,,2026-07-07T12:40:59.316Z,-0.29,,0.28,-0.28,2026-07-07,20,20-24
btc-updown-5m-1783428300,2026-07-07 12:45:00+00:00,2026-07-07 12:35:07.457000+00:00,592.543,none,False,False,,,0.0,,,0.0,2026-07-07,20,20-24
btc-updown-5m-1783428600,2026-07-07 12:50:00+00:00,2026-07-07 12:40:07.476000+00:00,592.524,single,False,True,,2026-07-07T12:52:17.729Z,-0.29,,0.07,-0.07,2026-07-07,20,20-24
btc-updown-5m-1783428900,2026-07-07 12:55:00+00:00,2026-07-07 12:45:07.464000+00:00,592.536,single,True,False,2026-07-07T12:55:22.836Z,,-0.29,0.29,,-0.29,2026-07-07,20,20-24
btc-updown-5m-1783429200,2026-07-07 13:00:00+00:00,2026-07-07 12:50:07.488000+00:00,592.512,single,True,False,2026-07-07T13:00:33.151Z,,-0.29,0.29,,-0.29,2026-07-07,20,20-24
btc-updown-5m-1783429500,2026-07-07 13:05:00+00:00,2026-07-07 12:55:07.529000+00:00,592.471,none,False,False,,,0.0,,,0.0,2026-07-07,21,20-24
btc-updown-5m-1783429800,2026-07-07 13:10:00+00:00,2026-07-07 13:00:07.493000+00:00,592.507,single,True,False,2026-07-07T13:12:22.183Z,,-0.29,0.13,,-0.13,2026-07-07,21,20-24
btc-updown-5m-1783430100,2026-07-07 13:15:00+00:00,2026-07-07 13:05:07.569000+00:00,592.431,paired,True,True,2026-07-07T13:16:05.860Z,2026-07-07T13:15:33.118Z,0.42,0.27,0.29,0.44,2026-07-07,21,20-24
btc-updown-5m-1783430400,2026-07-07 13:20:00+00:00,2026-07-07 13:10:07.494000+00:00,592.506,single,True,False,2026-07-07T13:21:19.463Z,,-0.29,0.29,,-0.29,2026-07-07,21,20-24
btc-updown-5m-1783430700,2026-07-07 13:25:00+00:00,2026-07-07 13:15:07.576000+00:00,592.424,single,True,False,2026-07-07T13:27:48.501Z,,-0.29,0.29,,-0.29,2026-07-07,21,20-24
btc-updown-5m-1783431000,2026-07-07 13:30:00+00:00,2026-07-07 13:20:07.524000+00:00,592.476,single,False,True,,2026-07-07T13:30:16.083Z,-0.29,,0.28,-0.28,2026-07-07,21,20-24
btc-updown-5m-1783431300,2026-07-07 13:35:00+00:00,2026-07-07 13:25:07.560000+00:00,592.44,none,False,False,,,0.0,,,0.0,2026-07-07,21,20-24
btc-updown-5m-1783431600,2026-07-07 13:40:00+00:00,2026-07-07 13:30:07.601000+00:00,592.399,single,False,True,,2026-07-07T13:42:17.784Z,-0.29,,0.23,-0.23,2026-07-07,21,20-24
btc-updown-5m-1783431900,2026-07-07 13:45:00+00:00,2026-07-07 13:35:07.551000+00:00,592.449,single,False,True,,2026-07-07T13:45:59.698Z,-0.29,,0.28,-0.28,2026-07-07,21,20-24
btc-updown-5m-1783432200,2026-07-07 13:50:00+00:00,2026-07-07 13:40:07.565000+00:00,592.435,single,True,False,2026-07-07T13:51:34.309Z,,-0.29,0.29,,-0.29,2026-07-07,21,20-24
btc-updown-5m-1783432500,2026-07-07 13:55:00+00:00,2026-07-07 13:45:07.594000+00:00,592.406,single,True,False,2026-07-07T13:59:49.003Z,,-0.29,0.01,,-0.01,2026-07-07,21,20-24
btc-updown-5m-1783432800,2026-07-07 14:00:00+00:00,2026-07-07 13:50:07.550000+00:00,592.45,paired,True,True,2026-07-07T14:00:08.946Z,2026-07-07T14:02:57.145Z,0.42,0.29,0.28,0.42999999999999994,2026-07-07,21,20-24
btc-updown-5m-1783433100,2026-07-07 14:05:00+00:00,2026-07-07 13:55:07.589000+00:00,592.411,paired,True,True,2026-07-07T14:08:37.860Z,2026-07-07T14:06:06.471Z,0.42,0.25,0.29,0.46,2026-07-07,22,20-24
btc-updown-5m-1783433400,2026-07-07 14:10:00+00:00,2026-07-07 14:00:07.629000+00:00,592.371,paired,True,True,2026-07-07T14:11:59.054Z,2026-07-07T14:13:29.546Z,0.42,0.29,0.29,0.42,2026-07-07,22,20-24
btc-updown-5m-1783433700,2026-07-07 14:15:00+00:00,2026-07-07 14:05:07.581000+00:00,592.419,single,False,True,,2026-07-07T14:16:06.374Z,-0.29,,0.28,-0.28,2026-07-07,22,20-24
btc-updown-5m-1783434000,2026-07-07 14:20:00+00:00,2026-07-07 14:10:07.565000+00:00,592.435,paired,True,True,2026-07-07T14:21:12.557Z,2026-07-07T14:23:41.813Z,0.42,0.29,0.2,0.51,2026-07-07,22,20-24
btc-updown-5m-1783434300,2026-07-07 14:25:00+00:00,2026-07-07 14:15:07.587000+00:00,592.413,paired,True,True,2026-07-07T14:26:57.389Z,2026-07-07T14:27:42.052Z,0.42,0.26,0.29,0.45,2026-07-07,22,20-24
btc-updown-5m-1783434600,2026-07-07 14:30:00+00:00,2026-07-07 14:20:07.648000+00:00,592.352,paired,True,True,2026-07-07T14:32:08.177Z,2026-07-07T14:31:15.642Z,0.42,0.29,0.29,0.42,2026-07-07,22,20-24
btc-updown-5m-1783434900,2026-07-07 14:35:00+00:00,2026-07-07 14:25:07.584000+00:00,592.416,single,True,False,2026-07-07T14:35:25.779Z,,-0.29,0.29,,-0.29,2026-07-07,22,20-24
btc-updown-5m-1783435200,2026-07-07 14:40:00+00:00,2026-07-07 14:30:07.634000+00:00,592.366,single,False,True,,2026-07-07T14:40:57.517Z,-0.29,,0.28,-0.28,2026-07-07,22,20-24
btc-updown-5m-1783435500,2026-07-07 14:45:00+00:00,2026-07-07 14:35:07.610000+00:00,592.39,single,False,True,,2026-07-07T14:45:22.618Z,-0.29,,0.29,-0.29,2026-07-07,22,20-24
btc-updown-5m-1783435800,2026-07-07 14:50:00+00:00,2026-07-07 14:40:07.652000+00:00,592.348,single,False,True,,2026-07-07T14:51:15.843Z,-0.29,,0.28,-0.28,2026-07-07,22,20-24
btc-updown-5m-1783436100,2026-07-07 14:55:00+00:00,2026-07-07 14:45:07.648000+00:00,592.352,none,False,False,,,0.0,,,0.0,2026-07-07,22,20-24
btc-updown-5m-1783436400,2026-07-07 15:00:00+00:00,2026-07-07 14:50:07.724000+00:00,592.276,none,False,False,,,0.0,,,0.0,2026-07-07,22,20-24
btc-updown-5m-1783436700,2026-07-07 15:05:00+00:00,2026-07-07 14:55:07.653000+00:00,592.347,none,False,False,,,0.0,,,0.0,2026-07-07,23,20-24
btc-updown-5m-1783437000,2026-07-07 15:10:00+00:00,2026-07-07 15:00:07.690000+00:00,592.31,none,False,False,,,0.0,,,0.0,2026-07-07,23,20-24
btc-updown-5m-1783437300,2026-07-07 15:15:00+00:00,2026-07-07 15:05:07.631000+00:00,592.369,none,False,False,,,0.0,,,0.0,2026-07-07,23,20-24
btc-updown-5m-1783437600,2026-07-07 15:20:00+00:00,2026-07-07 15:10:07.630000+00:00,592.37,none,False,False,,,0.0,,,0.0,2026-07-07,23,20-24
btc-updown-5m-1783437900,2026-07-07 15:25:00+00:00,2026-07-07 15:15:07.718000+00:00,592.282,none,False,False,,,0.0,,,0.0,2026-07-07,23,20-24
btc-updown-5m-1783438200,2026-07-07 15:30:00+00:00,2026-07-07 15:20:07.693000+00:00,592.307,single,False,True,,2026-07-07T15:34:58.102Z,-0.29,,0.01,-0.01,2026-07-07,23,20-24
btc-updown-5m-1783438500,2026-07-07 15:35:00+00:00,2026-07-07 15:25:07.680000+00:00,592.32,single,False,True,,2026-07-07T15:36:02.701Z,-0.29,,0.29,-0.29,2026-07-07,23,20-24
btc-updown-5m-1783438800,2026-07-07 15:40:00+00:00,2026-07-07 15:30:07.762000+00:00,592.238,single,True,False,2026-07-07T15:40:13.862Z,,-0.29,0.29,,-0.29,2026-07-07,23,20-24
btc-updown-5m-1783439100,2026-07-07 15:45:00+00:00,2026-07-07 15:35:28.069000+00:00,571.931,single,False,True,,2026-07-07T15:45:06.557Z,-0.29,,0.29,-0.29,2026-07-07,23,20-24
btc-updown-5m-1783439400,2026-07-07 15:50:00+00:00,2026-07-07 15:40:28.015000+00:00,571.985,paired,True,True,2026-07-07T15:54:47.859Z,2026-07-07T15:52:25.485Z,0.42,0.29,0.29,0.42,2026-07-07,23,20-24
btc-updown-5m-1783439700,2026-07-07 15:55:00+00:00,2026-07-07 15:45:28.017000+00:00,571.983,none,False,False,,,0.0,,,0.0,2026-07-07,23,20-24
btc-updown-5m-1783440000,2026-07-07 16:00:00+00:00,2026-07-07 15:50:28.200000+00:00,571.8,none,False,False,,,0.0,,,0.0,2026-07-07,23,20-24
btc-updown-5m-1783440300,2026-07-07 16:05:00+00:00,2026-07-07 15:55:28.080000+00:00,571.92,none,False,False,,,0.0,,,0.0,2026-07-08,0,00-04
btc-updown-5m-1783440600,2026-07-07 16:10:00+00:00,2026-07-07 16:00:28.239000+00:00,571.761,none,False,False,,,0.0,,,0.0,2026-07-08,0,00-04
btc-updown-5m-1783440900,2026-07-07 16:15:00+00:00,2026-07-07 16:05:28.108000+00:00,571.892,none,False,False,,,0.0,,,0.0,2026-07-08,0,00-04
btc-updown-5m-1783441200,2026-07-07 16:20:00+00:00,2026-07-07 16:10:28.121000+00:00,571.879,none,False,False,,,0.0,,,0.0,2026-07-08,0,00-04
btc-updown-5m-1783441500,2026-07-07 16:25:00+00:00,2026-07-07 16:15:28.174000+00:00,571.826,none,False,False,,,0.0,,,0.0,2026-07-08,0,00-04
btc-updown-5m-1783441800,2026-07-07 16:30:00+00:00,2026-07-07 16:20:28.199000+00:00,571.801,none,False,False,,,0.0,,,0.0,2026-07-08,0,00-04
btc-updown-5m-1783442100,2026-07-07 16:35:00+00:00,2026-07-07 16:25:28.295000+00:00,571.705,none,False,False,,,0.0,,,0.0,2026-07-08,0,00-04
btc-updown-5m-1783442400,2026-07-07 16:40:00+00:00,2026-07-07 16:30:28.306000+00:00,571.694,none,False,False,,,0.0,,,0.0,2026-07-08,0,00-04
btc-updown-5m-1783442700,2026-07-07 16:45:00+00:00,2026-07-07 16:35:28.258000+00:00,571.742,none,False,False,,,0.0,,,0.0,2026-07-08,0,00-04
btc-updown-5m-1783443000,2026-07-07 16:50:00+00:00,2026-07-07 16:40:28.275000+00:00,571.725,none,False,False,,,0.0,,,0.0,2026-07-08,0,00-04
btc-updown-5m-1783443300,2026-07-07 16:55:00+00:00,2026-07-07 16:45:28.287000+00:00,571.713,none,False,False,,,0.0,,,0.0,2026-07-08,0,00-04
btc-updown-5m-1783443600,2026-07-07 17:00:00+00:00,2026-07-07 16:50:28.350000+00:00,571.65,none,False,False,,,0.0,,,0.0,2026-07-08,0,00-04
btc-updown-5m-1783443900,2026-07-07 17:05:00+00:00,2026-07-07 16:55:28.365000+00:00,571.635,none,False,False,,,0.0,,,0.0,2026-07-08,1,00-04
btc-updown-5m-1783444200,2026-07-07 17:10:00+00:00,2026-07-07 17:00:28.492000+00:00,571.508,none,False,False,,,0.0,,,0.0,2026-07-08,1,00-04
btc-updown-5m-1783444500,2026-07-07 17:15:00+00:00,2026-07-07 17:05:28.417000+00:00,571.583,none,False,False,,,0.0,,,0.0,2026-07-08,1,00-04
btc-updown-5m-1783444800,2026-07-07 17:20:00+00:00,2026-07-07 17:10:28.416000+00:00,571.584,none,False,False,,,0.0,,,0.0,2026-07-08,1,00-04
btc-updown-5m-1783445100,2026-07-07 17:25:00+00:00,2026-07-07 17:15:28.442000+00:00,571.558,none,False,False,,,0.0,,,0.0,2026-07-08,1,00-04
btc-updown-5m-1783445400,2026-07-07 17:30:00+00:00,2026-07-07 17:20:28.612000+00:00,571.388,none,False,False,,,0.0,,,0.0,2026-07-08,1,00-04
btc-updown-5m-1783445700,2026-07-07 17:35:00+00:00,2026-07-07 17:25:28.463000+00:00,571.537,none,False,False,,,0.0,,,0.0,2026-07-08,1,00-04
btc-updown-5m-1783446000,2026-07-07 17:40:00+00:00,2026-07-07 17:30:28.552000+00:00,571.448,none,False,False,,,0.0,,,0.0,2026-07-08,1,00-04
btc-updown-5m-1783446300,2026-07-07 17:45:00+00:00,2026-07-07 17:35:28.581000+00:00,571.419,none,False,False,,,0.0,,,0.0,2026-07-08,1,00-04
btc-updown-5m-1783446600,2026-07-07 17:50:00+00:00,2026-07-07 17:40:28.564000+00:00,571.436,none,False,False,,,0.0,,,0.0,2026-07-08,1,00-04
btc-updown-5m-1783446900,2026-07-07 17:55:00+00:00,2026-07-07 17:45:28.583000+00:00,571.417,single,True,False,2026-07-07T17:59:47.062Z,,-0.29,0.1,,-0.1,2026-07-08,1,00-04
btc-updown-5m-1783447200,2026-07-07 18:00:00+00:00,2026-07-07 17:50:28.584000+00:00,571.416,single,True,False,2026-07-07T18:00:21.758Z,,-0.29,0.29,,-0.29,2026-07-08,1,00-04
btc-updown-5m-1783447500,2026-07-07 18:05:00+00:00,2026-07-07 17:55:28.620000+00:00,571.38,paired,True,True,2026-07-07T18:07:11.373Z,2026-07-07T18:09:53.316Z,0.42,0.29,0.23,0.48,2026-07-08,2,00-04
btc-updown-5m-1783447800,2026-07-07 18:10:00+00:00,2026-07-07 18:00:28.683000+00:00,571.317,none,False,False,,,0.0,,,0.0,2026-07-08,2,00-04
btc-updown-5m-1783448100,2026-07-07 18:15:00+00:00,2026-07-07 18:05:28.628000+00:00,571.372,none,False,False,,,0.0,,,0.0,2026-07-08,2,00-04
btc-updown-5m-1783448400,2026-07-07 18:20:00+00:00,2026-07-07 18:10:28.627000+00:00,571.373,paired,True,True,2026-07-07T18:24:53.893Z,2026-07-07T18:22:38.876Z,0.42,0.25,0.28,0.47,2026-07-08,2,00-04
btc-updown-5m-1783448700,2026-07-07 18:25:00+00:00,2026-07-07 18:15:28.777000+00:00,571.223,single,True,False,2026-07-07T18:27:39.733Z,,-0.29,0.29,,-0.29,2026-07-08,2,00-04
btc-updown-5m-1783449000,2026-07-07 18:30:00+00:00,2026-07-07 18:20:28.632000+00:00,571.368,paired,True,True,2026-07-07T18:33:42.487Z,2026-07-07T18:34:38.350Z,0.42,0.29,0.29,0.42,2026-07-08,2,00-04
btc-updown-5m-1783449300,2026-07-07 18:35:00+00:00,2026-07-07 18:25:28.722000+00:00,571.278,none,False,False,,,0.0,,,0.0,2026-07-08,2,00-04
btc-updown-5m-1783449600,2026-07-07 18:40:00+00:00,2026-07-07 18:30:28.741000+00:00,571.259,none,False,False,,,0.0,,,0.0,2026-07-08,2,00-04
btc-updown-5m-1783449900,2026-07-07 18:45:00+00:00,2026-07-07 18:35:28.711000+00:00,571.289,single,True,False,2026-07-07T18:49:45.385Z,,-0.29,0.01,,-0.01,2026-07-08,2,00-04
btc-updown-5m-1783450200,2026-07-07 18:50:00+00:00,2026-07-07 18:40:28.703000+00:00,571.297,single,True,False,2026-07-07T18:50:18.558Z,,-0.29,0.28,,-0.28,2026-07-08,2,00-04
btc-updown-5m-1783450500,2026-07-07 18:55:00+00:00,2026-07-07 18:45:28.700000+00:00,571.3,single,True,False,2026-07-07T18:57:18.254Z,,-0.29,0.29,,-0.29,2026-07-08,2,00-04
btc-updown-5m-1783450800,2026-07-07 19:00:00+00:00,2026-07-07 18:50:28.724000+00:00,571.276,paired,True,True,2026-07-07T19:00:20.580Z,2026-07-07T19:02:11.023Z,0.42,0.29,0.29,0.42,2026-07-08,2,00-04
btc-updown-5m-1783451100,2026-07-07 19:05:00+00:00,2026-07-07 18:55:28.748000+00:00,571.252,paired,True,True,2026-07-07T19:07:29.606Z,2026-07-07T19:05:44.164Z,0.42,0.28,0.29,0.43,2026-07-08,3,00-04
btc-updown-5m-1783451400,2026-07-07 19:10:00+00:00,2026-07-07 19:00:28.715000+00:00,571.285,single,True,False,2026-07-07T19:10:59.141Z,,-0.29,0.29,,-0.29,2026-07-08,3,00-04
btc-updown-5m-1783451700,2026-07-07 19:15:00+00:00,2026-07-07 19:05:28.737000+00:00,571.263,none,False,False,,,0.0,,,0.0,2026-07-08,3,00-04
btc-updown-5m-1783452000,2026-07-07 19:20:00+00:00,2026-07-07 19:10:28.990000+00:00,571.01,none,False,False,,,0.0,,,0.0,2026-07-08,3,00-04
btc-updown-5m-1783452300,2026-07-07 19:25:00+00:00,2026-07-07 19:15:28.895000+00:00,571.105,single,False,True,,2026-07-07T19:29:51.624Z,-0.29,,0.02,-0.02,2026-07-08,3,00-04
btc-updown-5m-1783452600,2026-07-07 19:30:00+00:00,2026-07-07 19:20:28.871000+00:00,571.129,single,False,True,,2026-07-07T19:30:13.808Z,-0.29,,0.29,-0.29,2026-07-08,3,00-04
btc-updown-5m-1783452900,2026-07-07 19:35:00+00:00,2026-07-07 19:25:29.097000+00:00,570.903,single,True,False,2026-07-07T19:36:18.191Z,,-0.29,0.29,,-0.29,2026-07-08,3,00-04
btc-updown-5m-1783453200,2026-07-07 19:40:00+00:00,2026-07-07 19:30:29.216000+00:00,570.784,none,False,False,,,0.0,,,0.0,2026-07-08,3,00-04
btc-updown-5m-1783453500,2026-07-07 19:45:00+00:00,2026-07-07 19:35:29.228000+00:00,570.772,single,False,True,,2026-07-07T19:49:53.529Z,-0.29,,0.01,-0.01,2026-07-08,3,00-04
btc-updown-5m-1783453800,2026-07-07 19:50:00+00:00,2026-07-07 19:40:29.319000+00:00,570.681,single,True,False,2026-07-07T19:51:41.856Z,,-0.29,0.29,,-0.29,2026-07-08,3,00-04
btc-updown-5m-1783454100,2026-07-07 19:55:00+00:00,2026-07-07 19:45:29.403000+00:00,570.597,single,True,False,2026-07-07T19:57:04.774Z,,-0.29,0.29,,-0.29,2026-07-08,3,00-04
btc-updown-5m-1783454400,2026-07-07 20:00:00+00:00,2026-07-07 19:50:29.678000+00:00,570.322,single,False,True,,2026-07-07T20:01:25.287Z,-0.29,,0.28,-0.28,2026-07-08,3,00-04
btc-updown-5m-1783454700,2026-07-07 20:05:00+00:00,2026-07-07 19:55:29.676000+00:00,570.324,none,False,False,,,0.0,,,0.0,2026-07-08,4,04-08
btc-updown-5m-1783455000,2026-07-07 20:10:00+00:00,2026-07-07 20:00:29.660000+00:00,570.34,single,False,True,,2026-07-07T20:11:45.585Z,-0.29,,0.29,-0.29,2026-07-08,4,04-08
btc-updown-5m-1783455300,2026-07-07 20:15:00+00:00,2026-07-07 20:05:29.720000+00:00,570.28,paired,True,True,2026-07-07T20:17:40.217Z,2026-07-07T20:16:21.430Z,0.42,0.26,0.29,0.45,2026-07-08,4,04-08
btc-updown-5m-1783455600,2026-07-07 20:20:00+00:00,2026-07-07 20:10:29.883000+00:00,570.117,none,False,False,,,0.0,,,0.0,2026-07-08,4,04-08
btc-updown-5m-1783455900,2026-07-07 20:25:00+00:00,2026-07-07 20:15:29.928000+00:00,570.072,none,False,False,,,0.0,,,0.0,2026-07-08,4,04-08
btc-updown-5m-1783456200,2026-07-07 20:30:00+00:00,2026-07-07 20:20:29.952000+00:00,570.048,single,True,False,2026-07-07T20:33:06.737Z,,-0.29,0.04,,-0.04,2026-07-08,4,04-08
btc-updown-5m-1783456500,2026-07-07 20:35:00+00:00,2026-07-07 20:25:30.087000+00:00,569.913,paired,True,True,2026-07-07T20:39:38.366Z,2026-07-07T20:37:30.716Z,0.42,0.26,0.29,0.45,2026-07-08,4,04-08
btc-updown-5m-1783456800,2026-07-07 20:40:00+00:00,2026-07-07 20:30:00.446000+00:00,599.554,single,False,True,,2026-07-07T20:40:13.047Z,-0.29,,0.29,-0.29,2026-07-08,4,04-08
btc-updown-5m-1783457100,2026-07-07 20:45:00+00:00,2026-07-07 20:35:00.563000+00:00,599.437,single,True,False,2026-07-07T20:46:51.837Z,,-0.29,0.28,,-0.28,2026-07-08,4,04-08
btc-updown-5m-1783457400,2026-07-07 20:50:00+00:00,2026-07-07 20:40:00.472000+00:00,599.528,single,False,True,,2026-07-07T20:52:25.933Z,-0.29,,0.29,-0.29,2026-07-08,4,04-08
btc-updown-5m-1783457700,2026-07-07 20:55:00+00:00,2026-07-07 20:45:00.482000+00:00,599.518,paired,True,True,2026-07-07T20:56:32.940Z,2026-07-07T20:57:43.481Z,0.42,0.29,0.29,0.42,2026-07-08,4,04-08
btc-updown-5m-1783458000,2026-07-07 21:00:00+00:00,2026-07-07 20:50:00.506000+00:00,599.494,none,False,False,,,0.0,,,0.0,2026-07-08,4,04-08
btc-updown-5m-1783458300,2026-07-07 21:05:00+00:00,2026-07-07 20:55:00.651000+00:00,599.349,none,False,False,,,0.0,,,0.0,2026-07-08,5,04-08
btc-updown-5m-1783458600,2026-07-07 21:10:00+00:00,2026-07-07 21:00:00.619000+00:00,599.381,none,False,False,,,0.0,,,0.0,2026-07-08,5,04-08
btc-updown-5m-1783458900,2026-07-07 21:15:00+00:00,2026-07-07 21:05:00.719000+00:00,599.281,single,True,False,2026-07-07T21:19:46.444Z,,-0.29,0.01,,-0.01,2026-07-08,5,04-08
btc-updown-5m-1783459200,2026-07-07 21:20:00+00:00,2026-07-07 21:10:00.872000+00:00,599.128,single,True,False,2026-07-07T21:20:57.573Z,,-0.29,0.29,,-0.29,2026-07-08,5,04-08
btc-updown-5m-1783459500,2026-07-07 21:25:00+00:00,2026-07-07 21:15:01.251000+00:00,598.749,paired,True,True,2026-07-07T21:26:26.547Z,2026-07-07T21:27:12.681Z,0.42,0.29,0.29,0.42,2026-07-08,5,04-08
btc-updown-5m-1783459800,2026-07-07 21:30:00+00:00,2026-07-07 21:20:01.484000+00:00,598.516,none,False,False,,,0.0,,,0.0,2026-07-08,5,04-08
btc-updown-5m-1783460100,2026-07-07 21:35:00+00:00,2026-07-07 21:25:01.594000+00:00,598.406,none,False,False,,,0.0,,,0.0,2026-07-08,5,04-08
btc-updown-5m-1783460400,2026-07-07 21:40:00+00:00,2026-07-07 21:30:01.588000+00:00,598.412,none,False,False,,,0.0,,,0.0,2026-07-08,5,04-08
btc-updown-5m-1783460700,2026-07-07 21:45:00+00:00,2026-07-07 21:35:01.629000+00:00,598.371,none,False,False,,,0.0,,,0.0,2026-07-08,5,04-08
btc-updown-5m-1783461000,2026-07-07 21:50:00+00:00,2026-07-07 21:40:01.679000+00:00,598.321,none,False,False,,,0.0,,,0.0,2026-07-08,5,04-08
btc-updown-5m-1783461300,2026-07-07 21:55:00+00:00,2026-07-07 21:45:01.814000+00:00,598.186,paired,True,True,2026-07-07T21:57:36.144Z,2026-07-07T21:57:12.448Z,0.42,0.29,0.14,0.57,2026-07-08,5,04-08
btc-updown-5m-1783461600,2026-07-07 22:00:00+00:00,2026-07-07 21:50:02.086000+00:00,597.914,single,True,False,2026-07-07T22:00:16.051Z,,-0.29,0.29,,-0.29,2026-07-08,5,04-08
btc-updown-5m-1783461900,2026-07-07 22:05:00+00:00,2026-07-07 21:55:02.234000+00:00,597.766,single,False,True,,2026-07-07T22:07:12.615Z,-0.29,,0.29,-0.29,2026-07-08,6,04-08
btc-updown-5m-1783462200,2026-07-07 22:10:00+00:00,2026-07-07 22:00:02.328000+00:00,597.672,none,False,False,,,0.0,,,0.0,2026-07-08,6,04-08
btc-updown-5m-1783462500,2026-07-07 22:15:00+00:00,2026-07-07 22:05:02.475000+00:00,597.525,single,False,True,,2026-07-07T22:17:42.575Z,-0.29,,0.29,-0.29,2026-07-08,6,04-08
btc-updown-5m-1783462800,2026-07-07 22:20:00+00:00,2026-07-07 22:10:02.370000+00:00,597.63,paired,True,True,2026-07-07T22:23:18.303Z,2026-07-07T22:20:21.702Z,0.42,0.29,0.29,0.42,2026-07-08,6,04-08
btc-updown-5m-1783463100,2026-07-07 22:25:00+00:00,2026-07-07 22:15:02.510000+00:00,597.49,paired,True,True,2026-07-07T22:26:50.291Z,2026-07-07T22:28:54.869Z,0.42,0.28,0.29,0.43,2026-07-08,6,04-08
btc-updown-5m-1783463400,2026-07-07 22:30:00+00:00,2026-07-07 22:20:02.630000+00:00,597.37,paired,True,True,2026-07-07T22:30:48.220Z,2026-07-07T22:32:46.245Z,0.42,0.29,0.29,0.42,2026-07-08,6,04-08
btc-updown-5m-1783463700,2026-07-07 22:35:00+00:00,2026-07-07 22:25:02.769000+00:00,597.231,single,False,True,,2026-07-07T22:35:34.214Z,-0.29,,0.29,-0.29,2026-07-08,6,04-08
btc-updown-5m-1783464000,2026-07-07 22:40:00+00:00,2026-07-07 22:30:02.808000+00:00,597.192,none,False,False,,,0.0,,,0.0,2026-07-08,6,04-08
btc-updown-5m-1783464300,2026-07-07 22:45:00+00:00,2026-07-07 22:35:02.754000+00:00,597.246,none,False,False,,,0.0,,,0.0,2026-07-08,6,04-08
btc-updown-5m-1783464600,2026-07-07 22:50:00+00:00,2026-07-07 22:40:02.773000+00:00,597.227,single,False,True,,2026-07-07T22:52:13.364Z,-0.29,,0.07,-0.07,2026-07-08,6,04-08
btc-updown-5m-1783464900,2026-07-07 22:55:00+00:00,2026-07-07 22:45:02.866000+00:00,597.134,single,False,True,,2026-07-07T22:58:09.903Z,-0.29,,0.25,-0.25,2026-07-08,6,04-08
btc-updown-5m-1783465200,2026-07-07 23:00:00+00:00,2026-07-07 22:50:03.125000+00:00,596.875,single,False,True,,2026-07-07T23:00:38.390Z,-0.29,,0.27,-0.27,2026-07-08,6,04-08
btc-updown-5m-1783465500,2026-07-07 23:05:00+00:00,2026-07-07 22:55:03.236000+00:00,596.764,none,False,False,,,0.0,,,0.0,2026-07-08,7,04-08
btc-updown-5m-1783465800,2026-07-07 23:10:00+00:00,2026-07-07 23:00:03.309000+00:00,596.691,paired,True,True,2026-07-07T23:12:52.443Z,2026-07-07T23:14:44.876Z,0.42,0.29,0.28,0.42999999999999994,2026-07-08,7,04-08
btc-updown-5m-1783466100,2026-07-07 23:15:00+00:00,2026-07-07 23:05:03.265000+00:00,596.735,single,False,True,,2026-07-07T23:16:27.785Z,-0.29,,0.29,-0.29,2026-07-08,7,04-08
btc-updown-5m-1783466400,2026-07-07 23:20:00+00:00,2026-07-07 23:10:03.446000+00:00,596.554,single,True,False,2026-07-07T23:20:50.239Z,,-0.29,0.29,,-0.29,2026-07-08,7,04-08
btc-updown-5m-1783466700,2026-07-07 23:25:00+00:00,2026-07-07 23:15:03.663000+00:00,596.337,none,False,False,,,0.0,,,0.0,2026-07-08,7,04-08
btc-updown-5m-1783467000,2026-07-07 23:30:00+00:00,2026-07-07 23:20:03.774000+00:00,596.226,none,False,False,,,0.0,,,0.0,2026-07-08,7,04-08
btc-updown-5m-1783467300,2026-07-07 23:35:00+00:00,2026-07-07 23:25:03.708000+00:00,596.292,single,True,False,2026-07-07T23:37:24.441Z,,-0.29,0.27,,-0.27,2026-07-08,7,04-08
btc-updown-5m-1783467600,2026-07-07 23:40:00+00:00,2026-07-07 23:30:03.879000+00:00,596.121,single,True,False,2026-07-07T23:41:12.433Z,,-0.29,0.29,,-0.29,2026-07-08,7,04-08
btc-updown-5m-1783467900,2026-07-07 23:45:00+00:00,2026-07-07 23:35:04.077000+00:00,595.923,single,True,False,2026-07-07T23:48:26.222Z,,-0.29,0.29,,-0.29,2026-07-08,7,04-08
btc-updown-5m-1783468200,2026-07-07 23:50:00+00:00,2026-07-07 23:40:04.176000+00:00,595.824,none,False,False,,,0.0,,,0.0,2026-07-08,7,04-08
btc-updown-5m-1783468500,2026-07-07 23:55:00+00:00,2026-07-07 23:45:04.136000+00:00,595.864,single,True,False,2026-07-07T23:57:14.574Z,,-0.29,0.25,,-0.25,2026-07-08,7,04-08
btc-updown-5m-1783468800,2026-07-08 00:00:00+00:00,2026-07-07 23:50:04.184000+00:00,595.816,paired,True,True,2026-07-08T00:00:51.344Z,2026-07-08T00:00:11.149Z,0.42,0.29,0.29,0.42,2026-07-08,7,04-08
btc-updown-5m-1783469100,2026-07-08 00:05:00+00:00,2026-07-07 23:55:04.269000+00:00,595.731,single,False,True,,2026-07-08T00:05:24.887Z,-0.29,,0.29,-0.29,2026-07-08,8,08-12
btc-updown-5m-1783469400,2026-07-08 00:10:00+00:00,2026-07-08 00:00:04.462000+00:00,595.538,none,False,False,,,0.0,,,0.0,2026-07-08,8,08-12
btc-updown-5m-1783469700,2026-07-08 00:15:00+00:00,2026-07-08 00:05:04.442000+00:00,595.558,none,False,False,,,0.0,,,0.0,2026-07-08,8,08-12
btc-updown-5m-1783470000,2026-07-08 00:20:00+00:00,2026-07-08 00:10:04.511000+00:00,595.489,none,False,False,,,0.0,,,0.0,2026-07-08,8,08-12
btc-updown-5m-1783470300,2026-07-08 00:25:00+00:00,2026-07-08 00:15:04.537000+00:00,595.463,paired,True,True,2026-07-08T00:29:49.437Z,2026-07-08T00:27:15.275Z,0.42,0.18,0.16,0.66,2026-07-08,8,08-12
btc-updown-5m-1783470600,2026-07-08 00:30:00+00:00,2026-07-08 00:20:04.799000+00:00,595.201,single,True,False,2026-07-08T00:32:20.615Z,,-0.29,0.29,,-0.29,2026-07-08,8,08-12
btc-updown-5m-1783470900,2026-07-08 00:35:00+00:00,2026-07-08 00:25:05.011000+00:00,594.989,paired,True,True,2026-07-08T00:35:55.710Z,2026-07-08T00:36:59.183Z,0.42,0.27,0.28,0.44999999999999996,2026-07-08,8,08-12
btc-updown-5m-1783471200,2026-07-08 00:40:00+00:00,2026-07-08 00:30:05.195000+00:00,594.805,none,False,False,,,0.0,,,0.0,2026-07-08,8,08-12
btc-updown-5m-1783471500,2026-07-08 00:45:00+00:00,2026-07-08 00:35:05.248000+00:00,594.752,none,False,False,,,0.0,,,0.0,2026-07-08,8,08-12
btc-updown-5m-1783471800,2026-07-08 00:50:00+00:00,2026-07-08 00:40:05.226000+00:00,594.774,none,False,False,,,0.0,,,0.0,2026-07-08,8,08-12
btc-updown-5m-1783472100,2026-07-08 00:55:00+00:00,2026-07-08 00:45:05.260000+00:00,594.74,none,False,False,,,0.0,,,0.0,2026-07-08,8,08-12
btc-updown-5m-1783472400,2026-07-08 01:00:00+00:00,2026-07-08 00:50:05.303000+00:00,594.697,none,False,False,,,0.0,,,0.0,2026-07-08,8,08-12
btc-updown-5m-1783472700,2026-07-08 01:05:00+00:00,2026-07-08 00:55:05.329000+00:00,594.671,none,False,False,,,0.0,,,0.0,2026-07-08,9,08-12
btc-updown-5m-1783473000,2026-07-08 01:10:00+00:00,2026-07-08 01:00:05.350000+00:00,594.65,none,False,False,,,0.0,,,0.0,2026-07-08,9,08-12
btc-updown-5m-1783473300,2026-07-08 01:15:00+00:00,2026-07-08 01:05:05.453000+00:00,594.547,none,False,False,,,0.0,,,0.0,2026-07-08,9,08-12
btc-updown-5m-1783473600,2026-07-08 01:20:00+00:00,2026-07-08 01:10:05.441000+00:00,594.559,none,False,False,,,0.0,,,0.0,2026-07-08,9,08-12
btc-updown-5m-1783473900,2026-07-08 01:25:00+00:00,2026-07-08 01:15:05.424000+00:00,594.576,single,True,False,2026-07-08T01:25:29.356Z,,-0.29,0.29,,-0.29,2026-07-08,9,08-12
btc-updown-5m-1783474200,2026-07-08 01:30:00+00:00,2026-07-08 01:20:05.458000+00:00,594.542,single,True,False,2026-07-08T01:30:10.299Z,,-0.29,0.29,,-0.29,2026-07-08,9,08-12
btc-updown-5m-1783474500,2026-07-08 01:35:00+00:00,2026-07-08 01:25:05.692000+00:00,594.308,single,True,False,2026-07-08T01:36:14.146Z,,-0.29,0.29,,-0.29,2026-07-08,9,08-12
btc-updown-5m-1783474800,2026-07-08 01:40:00+00:00,2026-07-08 01:30:28.415000+00:00,571.585,single,False,True,,2026-07-08T01:42:09.266Z,-0.29,,0.29,-0.29,2026-07-08,9,08-12
btc-updown-5m-1783475100,2026-07-08 01:45:00+00:00,2026-07-08 01:35:28.373000+00:00,571.627,single,False,True,,2026-07-08T01:46:13.321Z,-0.29,,0.29,-0.29,2026-07-08,9,08-12
btc-updown-5m-1783475400,2026-07-08 01:50:00+00:00,2026-07-08 01:40:28.262000+00:00,571.738,paired,True,True,2026-07-08T01:51:32.411Z,2026-07-08T01:53:01.678Z,0.42,0.29,0.29,0.42,2026-07-08,9,08-12
btc-updown-5m-1783475700,2026-07-08 01:55:00+00:00,2026-07-08 01:45:28.262000+00:00,571.738,none,False,False,,,0.0,,,0.0,2026-07-08,9,08-12
btc-updown-5m-1783476000,2026-07-08 02:00:00+00:00,2026-07-08 01:50:28.270000+00:00,571.73,none,False,False,,,0.0,,,0.0,2026-07-08,9,08-12
btc-updown-5m-1783476300,2026-07-08 02:05:00+00:00,2026-07-08 01:55:28.284000+00:00,571.716,none,False,False,,,0.0,,,0.0,2026-07-08,10,08-12
btc-updown-5m-1783476600,2026-07-08 02:10:00+00:00,2026-07-08 02:00:28.294000+00:00,571.706,none,False,False,,,0.0,,,0.0,2026-07-08,10,08-12
btc-updown-5m-1783476900,2026-07-08 02:15:00+00:00,2026-07-08 02:05:28.353000+00:00,571.647,none,False,False,,,0.0,,,0.0,2026-07-08,10,08-12
btc-updown-5m-1783477200,2026-07-08 02:20:00+00:00,2026-07-08 02:10:28.494000+00:00,571.506,none,False,False,,,0.0,,,0.0,2026-07-08,10,08-12
btc-updown-5m-1783477500,2026-07-08 02:25:00+00:00,2026-07-08 02:15:28.436000+00:00,571.564,none,False,False,,,0.0,,,0.0,2026-07-08,10,08-12
btc-updown-5m-1783477800,2026-07-08 02:30:00+00:00,2026-07-08 02:20:28.435000+00:00,571.565,none,False,False,,,0.0,,,0.0,2026-07-08,10,08-12
btc-updown-5m-1783478100,2026-07-08 02:35:00+00:00,2026-07-08 02:25:28.478000+00:00,571.522,none,False,False,,,0.0,,,0.0,2026-07-08,10,08-12
btc-updown-5m-1783478400,2026-07-08 02:40:00+00:00,2026-07-08 02:30:28.617000+00:00,571.383,single,False,True,,2026-07-08T02:40:22.106Z,-0.29,,0.29,-0.29,2026-07-08,10,08-12
btc-updown-5m-1783478700,2026-07-08 02:45:00+00:00,2026-07-08 02:35:28.590000+00:00,571.41,single,False,True,,2026-07-08T02:45:08.512Z,-0.29,,0.29,-0.29,2026-07-08,10,08-12
btc-updown-5m-1783479000,2026-07-08 02:50:00+00:00,2026-07-08 02:40:28.575000+00:00,571.425,none,False,False,,,0.0,,,0.0,2026-07-08,10,08-12
btc-updown-5m-1783479300,2026-07-08 02:55:00+00:00,2026-07-08 02:45:28.558000+00:00,571.442,single,False,True,,2026-07-08T02:59:45.409Z,-0.29,,0.01,-0.01,2026-07-08,10,08-12
btc-updown-5m-1783479600,2026-07-08 03:00:00+00:00,2026-07-08 02:50:28.647000+00:00,571.353,single,False,True,,2026-07-08T03:00:11.557Z,-0.29,,0.29,-0.29,2026-07-08,10,08-12
btc-updown-5m-1783479900,2026-07-08 03:05:00+00:00,2026-07-08 02:55:28.629000+00:00,571.371,single,True,False,2026-07-08T03:06:16.414Z,,-0.29,0.28,,-0.28,2026-07-08,11,08-12
btc-updown-5m-1783480200,2026-07-08 03:10:00+00:00,2026-07-08 03:00:28.614000+00:00,571.386,none,False,False,,,0.0,,,0.0,2026-07-08,11,08-12
btc-updown-5m-1783480500,2026-07-08 03:15:00+00:00,2026-07-08 03:05:28.649000+00:00,571.351,single,True,False,2026-07-08T03:19:41.584Z,,-0.29,0.01,,-0.01,2026-07-08,11,08-12
btc-updown-5m-1783480800,2026-07-08 03:20:00+00:00,2026-07-08 03:10:28.607000+00:00,571.393,single,False,True,,2026-07-08T03:20:57.539Z,-0.29,,0.29,-0.29,2026-07-08,11,08-12
btc-updown-5m-1783481100,2026-07-08 03:25:00+00:00,2026-07-08 03:15:28.645000+00:00,571.355,single,False,True,,2026-07-08T03:26:58.313Z,-0.29,,0.29,-0.29,2026-07-08,11,08-12
btc-updown-5m-1783481400,2026-07-08 03:30:00+00:00,2026-07-08 03:20:28.712000+00:00,571.288,single,True,False,2026-07-08T03:31:03.804Z,,-0.29,0.29,,-0.29,2026-07-08,11,08-12
btc-updown-5m-1783481700,2026-07-08 03:35:00+00:00,2026-07-08 03:25:28.700000+00:00,571.3,single,False,True,,2026-07-08T03:35:42.752Z,-0.29,,0.29,-0.29,2026-07-08,11,08-12
btc-updown-5m-1783482000,2026-07-08 03:40:00+00:00,2026-07-08 03:30:28.722000+00:00,571.278,single,True,False,2026-07-08T03:40:23.608Z,,-0.29,0.28,,-0.28,2026-07-08,11,08-12
btc-updown-5m-1783482300,2026-07-08 03:45:00+00:00,2026-07-08 03:35:28.680000+00:00,571.32,single,True,False,2026-07-08T03:48:33.522Z,,-0.29,0.29,,-0.29,2026-07-08,11,08-12
btc-updown-5m-1783482600,2026-07-08 03:50:00+00:00,2026-07-08 03:40:28.705000+00:00,571.295,single,True,False,2026-07-08T03:50:19.257Z,,-0.29,0.29,,-0.29,2026-07-08,11,08-12
btc-updown-5m-1783482900,2026-07-08 03:55:00+00:00,2026-07-08 03:45:28.897000+00:00,571.103,single,False,True,,2026-07-08T03:55:11.769Z,-0.29,,0.29,-0.29,2026-07-08,11,08-12
btc-updown-5m-1783483200,2026-07-08 04:00:00+00:00,2026-07-08 03:50:20.485000+00:00,579.515,paired,True,True,2026-07-08T04:01:34.257Z,2026-07-08T04:03:12.702Z,0.42,0.29,0.29,0.42,2026-07-08,11,08-12
btc-updown-5m-1783483500,2026-07-08 04:05:00+00:00,2026-07-08 03:55:20.494000+00:00,579.506,paired,True,True,2026-07-08T04:05:25.804Z,2026-07-08T04:09:03.619Z,0.42,0.29,0.25,0.45999999999999996,2026-07-08,12,12-16
btc-updown-5m-1783483800,2026-07-08 04:10:00+00:00,2026-07-08 04:00:20.542000+00:00,579.458,single,True,False,2026-07-08T04:10:54.558Z,,-0.29,0.29,,-0.29,2026-07-08,12,12-16
btc-updown-5m-1783484100,2026-07-08 04:15:00+00:00,2026-07-08 04:05:20.523000+00:00,579.477,single,False,True,,2026-07-08T04:19:47.921Z,-0.29,,0.24,-0.24,2026-07-08,12,12-16
btc-updown-5m-1783484400,2026-07-08 04:20:00+00:00,2026-07-08 04:10:20.431000+00:00,579.569,single,False,True,,2026-07-08T04:21:53.820Z,-0.29,,0.27,-0.27,2026-07-08,12,12-16
btc-updown-5m-1783484700,2026-07-08 04:25:00+00:00,2026-07-08 04:15:20.546000+00:00,579.454,single,True,False,2026-07-08T04:27:04.398Z,,-0.29,0.29,,-0.29,2026-07-08,12,12-16
btc-updown-5m-1783485000,2026-07-08 04:30:00+00:00,2026-07-08 04:20:20.554000+00:00,579.446,none,False,False,,,0.0,,,0.0,2026-07-08,12,12-16
btc-updown-5m-1783485300,2026-07-08 04:35:00+00:00,2026-07-08 04:25:20.564000+00:00,579.436,single,True,False,2026-07-08T04:37:35.748Z,,-0.29,0.27,,-0.27,2026-07-08,12,12-16
btc-updown-5m-1783485600,2026-07-08 04:40:00+00:00,2026-07-08 04:30:20.676000+00:00,579.324,single,False,True,,2026-07-08T04:40:17.943Z,-0.29,,0.29,-0.29,2026-07-08,12,12-16
btc-updown-5m-1783485900,2026-07-08 04:45:00+00:00,2026-07-08 04:35:20.699000+00:00,579.301,paired,True,True,2026-07-08T04:45:58.360Z,2026-07-08T04:48:36.143Z,0.42,0.28,0.27,0.44999999999999996,2026-07-08,12,12-16
btc-updown-5m-1783486200,2026-07-08 04:50:00+00:00,2026-07-08 04:40:20.645000+00:00,579.355,none,False,False,,,0.0,,,0.0,2026-07-08,12,12-16
btc-updown-5m-1783486500,2026-07-08 04:55:00+00:00,2026-07-08 04:45:20.643000+00:00,579.357,single,False,True,,2026-07-08T04:59:44.589Z,-0.29,,0.01,-0.01,2026-07-08,12,12-16
btc-updown-5m-1783486800,2026-07-08 05:00:00+00:00,2026-07-08 04:50:20.672000+00:00,579.328,paired,True,True,2026-07-08T05:01:50.463Z,2026-07-08T05:03:52.771Z,0.42,0.28,0.28,0.43999999999999995,2026-07-08,12,12-16
btc-updown-5m-1783487100,2026-07-08 05:05:00+00:00,2026-07-08 04:55:20.689000+00:00,579.311,single,False,True,,2026-07-08T05:05:54.980Z,-0.29,,0.05,-0.05,2026-07-08,13,12-16
btc-updown-5m-1783487400,2026-07-08 05:10:00+00:00,2026-07-08 05:00:20.852000+00:00,579.148,none,False,False,,,0.0,,,0.0,2026-07-08,13,12-16
btc-updown-5m-1783487700,2026-07-08 05:15:00+00:00,2026-07-08 05:05:20.756000+00:00,579.244,single,False,True,,2026-07-08T05:19:53.194Z,-0.29,,0.01,-0.01,2026-07-08,13,12-16
btc-updown-5m-1783488000,2026-07-08 05:20:00+00:00,2026-07-08 05:10:20.729000+00:00,579.271,paired,True,True,2026-07-08T05:22:33.019Z,2026-07-08T05:20:33.956Z,0.42,0.27,0.29,0.44,2026-07-08,13,12-16
btc-updown-5m-1783488300,2026-07-08 05:25:00+00:00,2026-07-08 05:15:20.722000+00:00,579.278,paired,True,True,2026-07-08T05:27:04.912Z,2026-07-08T05:25:37.280Z,0.42,0.29,0.29,0.42,2026-07-08,13,12-16
btc-updown-5m-1783488600,2026-07-08 05:30:00+00:00,2026-07-08 05:20:20.732000+00:00,579.268,none,False,False,,,0.0,,,0.0,2026-07-08,13,12-16
btc-updown-5m-1783488900,2026-07-08 05:35:00+00:00,2026-07-08 05:25:20.790000+00:00,579.21,single,True,False,2026-07-08T05:35:56.602Z,,-0.29,0.26,,-0.26,2026-07-08,13,12-16
btc-updown-5m-1783489200,2026-07-08 05:40:00+00:00,2026-07-08 05:30:20.786000+00:00,579.214,single,True,False,2026-07-08T05:41:23.337Z,,-0.29,0.29,,-0.29,2026-07-08,13,12-16
btc-updown-5m-1783489500,2026-07-08 05:45:00+00:00,2026-07-08 05:35:20.759000+00:00,579.241,none,False,False,,,0.0,,,0.0,2026-07-08,13,12-16
btc-updown-5m-1783489800,2026-07-08 05:50:00+00:00,2026-07-08 05:40:20.796000+00:00,579.204,paired,True,True,2026-07-08T05:52:02.762Z,2026-07-08T05:50:38.809Z,0.42,0.28,0.29,0.43,2026-07-08,13,12-16
btc-updown-5m-1783490100,2026-07-08 05:55:00+00:00,2026-07-08 05:45:20.824000+00:00,579.176,single,False,True,,2026-07-08T05:56:41.605Z,-0.29,,0.28,-0.28,2026-07-08,13,12-16
btc-updown-5m-1783490400,2026-07-08 06:00:00+00:00,2026-07-08 05:50:20.805000+00:00,579.195,single,True,False,2026-07-08T06:01:22.492Z,,-0.29,0.29,,-0.29,2026-07-08,13,12-16
btc-updown-5m-1783490700,2026-07-08 06:05:00+00:00,2026-07-08 05:55:20.817000+00:00,579.183,paired,True,True,2026-07-08T06:06:13.938Z,2026-07-08T06:06:59.000Z,0.42,0.29,0.29,0.42,2026-07-08,14,12-16
btc-updown-5m-1783491000,2026-07-08 06:10:00+00:00,2026-07-08 06:00:21.045000+00:00,578.955,none,False,False,,,0.0,,,0.0,2026-07-08,14,12-16
btc-updown-5m-1783491300,2026-07-08 06:15:00+00:00,2026-07-08 06:05:20.839000+00:00,579.161,single,True,False,2026-07-08T06:19:41.921Z,,-0.29,0.03,,-0.03,2026-07-08,14,12-16
btc-updown-5m-1783491600,2026-07-08 06:20:00+00:00,2026-07-08 06:10:20.859000+00:00,579.141,paired,True,True,2026-07-08T06:21:08.192Z,2026-07-08T06:24:01.995Z,0.42,0.29,0.28,0.42999999999999994,2026-07-08,14,12-16
btc-updown-5m-1783491900,2026-07-08 06:25:00+00:00,2026-07-08 06:15:20.836000+00:00,579.164,paired,True,True,2026-07-08T06:25:24.816Z,2026-07-08T06:27:39.173Z,0.42,0.27,0.29,0.44,2026-07-08,14,12-16
btc-updown-5m-1783492200,2026-07-08 06:30:00+00:00,2026-07-08 06:20:20.880000+00:00,579.12,single,True,False,2026-07-08T06:30:25.654Z,,-0.29,0.29,,-0.29,2026-07-08,14,12-16
btc-updown-5m-1783492500,2026-07-08 06:35:00+00:00,2026-07-08 06:25:20.932000+00:00,579.068,single,True,False,2026-07-08T06:38:08.888Z,,-0.29,0.29,,-0.29,2026-07-08,14,12-16
btc-updown-5m-1783492800,2026-07-08 06:40:00+00:00,2026-07-08 06:30:20.939000+00:00,579.061,single,False,True,,2026-07-08T06:40:43.720Z,-0.29,,0.29,-0.29,2026-07-08,14,12-16
btc-updown-5m-1783493100,2026-07-08 06:45:00+00:00,2026-07-08 06:35:20.927000+00:00,579.073,single,False,True,,2026-07-08T06:47:10.245Z,-0.29,,0.29,-0.29,2026-07-08,14,12-16
btc-updown-5m-1783493400,2026-07-08 06:50:00+00:00,2026-07-08 06:40:20.962000+00:00,579.038,single,False,True,,2026-07-08T06:50:18.542Z,-0.29,,0.28,-0.28,2026-07-08,14,12-16
btc-updown-5m-1783493700,2026-07-08 06:55:00+00:00,2026-07-08 06:45:20.856000+00:00,579.144,single,True,False,2026-07-08T06:55:27.001Z,,-0.29,0.29,,-0.29,2026-07-08,14,12-16
btc-updown-5m-1783494000,2026-07-08 07:00:00+00:00,2026-07-08 06:50:20.851000+00:00,579.149,single,True,False,2026-07-08T07:00:25.198Z,,-0.29,0.28,,-0.28,2026-07-08,14,12-16
btc-updown-5m-1783494300,2026-07-08 07:05:00+00:00,2026-07-08 06:55:20.898000+00:00,579.102,paired,True,True,2026-07-08T07:05:54.012Z,2026-07-08T07:08:39.373Z,0.42,0.27,0.28,0.44999999999999996,2026-07-08,15,12-16
btc-updown-5m-1783494600,2026-07-08 07:10:00+00:00,2026-07-08 07:00:20.892000+00:00,579.108,single,False,True,,2026-07-08T07:14:48.560Z,-0.29,,0.01,-0.01,2026-07-08,15,12-16
btc-updown-5m-1783494900,2026-07-08 07:15:00+00:00,2026-07-08 07:05:20.927000+00:00,579.073,single,True,False,2026-07-08T07:15:07.115Z,,-0.29,0.28,,-0.28,2026-07-08,15,12-16
btc-updown-5m-1783495200,2026-07-08 07:20:00+00:00,2026-07-08 07:10:20.887000+00:00,579.113,paired,True,True,2026-07-08T07:22:37.894Z,2026-07-08T07:23:34.496Z,0.42,0.29,0.28,0.42999999999999994,2026-07-08,15,12-16
btc-updown-5m-1783495500,2026-07-08 07:25:00+00:00,2026-07-08 07:15:20.882000+00:00,579.118,none,False,False,,,0.0,,,0.0,2026-07-08,15,12-16
btc-updown-5m-1783495800,2026-07-08 07:30:00+00:00,2026-07-08 07:20:20.957000+00:00,579.043,single,False,True,,2026-07-08T07:30:47.237Z,-0.29,,0.28,-0.28,2026-07-08,15,12-16
btc-updown-5m-1783496100,2026-07-08 07:35:00+00:00,2026-07-08 07:25:20.899000+00:00,579.101,single,True,False,2026-07-08T07:35:36.335Z,,-0.29,0.28,,-0.28,2026-07-08,15,12-16
btc-updown-5m-1783496400,2026-07-08 07:40:00+00:00,2026-07-08 07:30:20.972000+00:00,579.028,none,False,False,,,0.0,,,0.0,2026-07-08,15,12-16
btc-updown-5m-1783496700,2026-07-08 07:45:00+00:00,2026-07-08 07:35:20.898000+00:00,579.102,single,False,True,,2026-07-08T07:49:55.558Z,-0.29,,0.01,-0.01,2026-07-08,15,12-16
btc-updown-5m-1783497000,2026-07-08 07:50:00+00:00,2026-07-08 07:40:20.920000+00:00,579.08,paired,True,True,2026-07-08T07:50:08.680Z,2026-07-08T07:53:55.762Z,0.42,0.29,0.29,0.42,2026-07-08,15,12-16
btc-updown-5m-1783497300,2026-07-08 07:55:00+00:00,2026-07-08 07:45:20.972000+00:00,579.028,single,True,False,2026-07-08T07:56:18.992Z,,-0.29,0.28,,-0.28,2026-07-08,15,12-16
btc-updown-5m-1783497600,2026-07-08 08:00:00+00:00,2026-07-08 07:50:20.966000+00:00,579.034,none,False,False,,,0.0,,,0.0,2026-07-08,15,12-16
btc-updown-5m-1783497900,2026-07-08 08:05:00+00:00,2026-07-08 07:55:20.972000+00:00,579.028,none,False,False,,,0.0,,,0.0,2026-07-08,16,16-20
btc-updown-5m-1783498200,2026-07-08 08:10:00+00:00,2026-07-08 08:00:21.156000+00:00,578.844,single,True,False,2026-07-08T08:12:43.067Z,,-0.29,0.29,,-0.29,2026-07-08,16,16-20
btc-updown-5m-1783498500,2026-07-08 08:15:00+00:00,2026-07-08 08:05:21.034000+00:00,578.966,single,True,False,2026-07-08T08:16:21.573Z,,-0.29,0.29,,-0.29,2026-07-08,16,16-20
btc-updown-5m-1783498800,2026-07-08 08:20:00+00:00,2026-07-08 08:10:20.980000+00:00,579.02,single,True,False,2026-07-08T08:21:11.141Z,,-0.29,0.29,,-0.29,2026-07-08,16,16-20
btc-updown-5m-1783499100,2026-07-08 08:25:00+00:00,2026-07-08 08:15:20.959000+00:00,579.041,none,False,False,,,0.0,,,0.0,2026-07-08,16,16-20
btc-updown-5m-1783499400,2026-07-08 08:30:00+00:00,2026-07-08 08:20:21.018000+00:00,578.982,paired,True,True,2026-07-08T08:32:31.278Z,2026-07-08T08:34:35.279Z,0.42,0.26,0.22,0.52,2026-07-08,16,16-20
btc-updown-5m-1783499700,2026-07-08 08:35:00+00:00,2026-07-08 08:25:20.976000+00:00,579.024,single,True,False,2026-07-08T08:35:33.731Z,,-0.29,0.29,,-0.29,2026-07-08,16,16-20
btc-updown-5m-1783500000,2026-07-08 08:40:00+00:00,2026-07-08 08:30:21.039000+00:00,578.961,paired,True,True,2026-07-08T08:41:47.001Z,2026-07-08T08:44:13.783Z,0.42,0.29,0.28,0.42999999999999994,2026-07-08,16,16-20
btc-updown-5m-1783500300,2026-07-08 08:45:00+00:00,2026-07-08 08:35:21.126000+00:00,578.874,none,False,False,,,0.0,,,0.0,2026-07-08,16,16-20
btc-updown-5m-1783500600,2026-07-08 08:50:00+00:00,2026-07-08 08:40:21.037000+00:00,578.963,paired,True,True,2026-07-08T08:54:30.190Z,2026-07-08T08:53:12.315Z,0.42,0.29,0.28,0.42999999999999994,2026-07-08,16,16-20
btc-updown-5m-1783500900,2026-07-08 08:55:00+00:00,2026-07-08 08:45:21.060000+00:00,578.94,paired,True,True,2026-07-08T08:56:30.008Z,2026-07-08T08:55:17.187Z,0.42,0.29,0.29,0.42,2026-07-08,16,16-20
btc-updown-5m-1783501200,2026-07-08 09:00:00+00:00,2026-07-08 08:50:21.029000+00:00,578.971,none,False,False,,,0.0,,,0.0,2026-07-08,16,16-20
btc-updown-5m-1783501500,2026-07-08 09:05:00+00:00,2026-07-08 08:55:21.031000+00:00,578.969,single,True,False,2026-07-08T09:07:31.318Z,,-0.29,0.27,,-0.27,2026-07-08,17,16-20
btc-updown-5m-1783501800,2026-07-08 09:10:00+00:00,2026-07-08 09:00:21.019000+00:00,578.981,single,True,False,2026-07-08T09:12:24.657Z,,-0.29,0.29,,-0.29,2026-07-08,17,16-20
btc-updown-5m-1783502100,2026-07-08 09:15:00+00:00,2026-07-08 09:05:21.074000+00:00,578.926,single,True,False,2026-07-08T09:15:48.994Z,,-0.29,0.29,,-0.29,2026-07-08,17,16-20
btc-updown-5m-1783502400,2026-07-08 09:20:00+00:00,2026-07-08 09:10:21.206000+00:00,578.794,none,False,False,,,0.0,,,0.0,2026-07-08,17,16-20
btc-updown-5m-1783502700,2026-07-08 09:25:00+00:00,2026-07-08 09:15:21.464000+00:00,578.536,single,False,True,,2026-07-08T09:27:36.935Z,-0.29,,0.12,-0.12,2026-07-08,17,16-20
btc-updown-5m-1783503000,2026-07-08 09:30:00+00:00,2026-07-08 09:20:21.486000+00:00,578.514,single,False,True,,2026-07-08T09:30:25.250Z,-0.29,,0.29,-0.29,2026-07-08,17,16-20
btc-updown-5m-1783503300,2026-07-08 09:35:00+00:00,2026-07-08 09:25:21.630000+00:00,578.37,single,True,False,2026-07-08T09:35:36.297Z,,-0.29,0.29,,-0.29,2026-07-08,17,16-20
btc-updown-5m-1783503600,2026-07-08 09:40:00+00:00,2026-07-08 09:30:22.452000+00:00,577.548,paired,True,True,2026-07-08T09:41:50.201Z,2026-07-08T09:42:56.085Z,0.42,0.29,0.29,0.42,2026-07-08,17,16-20
btc-updown-5m-1783503900,2026-07-08 09:45:00+00:00,2026-07-08 09:35:21.731000+00:00,578.269,none,False,False,,,0.0,,,0.0,2026-07-08,17,16-20
btc-updown-5m-1783504200,2026-07-08 09:50:00+00:00,2026-07-08 09:40:22.189000+00:00,577.811,paired,True,True,2026-07-08T09:54:42.445Z,2026-07-08T09:52:47.975Z,0.42,0.29,0.29,0.42,2026-07-08,17,16-20
btc-updown-5m-1783504500,2026-07-08 09:55:00+00:00,2026-07-08 09:45:22.015000+00:00,577.985,paired,True,True,2026-07-08T09:59:46.900Z,2026-07-08T09:56:21.491Z,0.42,0.28,0.29,0.43,2026-07-08,17,16-20
btc-updown-5m-1783504800,2026-07-08 10:00:00+00:00,2026-07-08 09:50:22.231000+00:00,577.769,paired,True,True,2026-07-08T10:01:26.353Z,2026-07-08T10:00:05.877Z,0.42,0.29,0.29,0.42,2026-07-08,17,16-20
btc-updown-5m-1783505100,2026-07-08 10:05:00+00:00,2026-07-08 09:55:22.508000+00:00,577.492,single,True,False,2026-07-08T10:06:18.135Z,,-0.29,0.29,,-0.29,2026-07-08,18,16-20
btc-updown-5m-1783505400,2026-07-08 10:10:00+00:00,2026-07-08 10:00:22.287000+00:00,577.713,none,False,False,,,0.0,,,0.0,2026-07-08,18,16-20
btc-updown-5m-1783505700,2026-07-08 10:15:00+00:00,2026-07-08 10:05:22.451000+00:00,577.549,single,False,True,,2026-07-08T10:17:38.867Z,-0.29,,0.29,-0.29,2026-07-08,18,16-20
btc-updown-5m-1783506000,2026-07-08 10:20:00+00:00,2026-07-08 10:10:22.472000+00:00,577.528,single,False,True,,2026-07-08T10:20:49.319Z,-0.29,,0.28,-0.28,2026-07-08,18,16-20
btc-updown-5m-1783506300,2026-07-08 10:25:00+00:00,2026-07-08 10:15:22.472000+00:00,577.528,single,False,True,,2026-07-08T10:26:09.369Z,-0.29,,0.29,-0.29,2026-07-08,18,16-20
btc-updown-5m-1783506600,2026-07-08 10:30:00+00:00,2026-07-08 10:20:22.426000+00:00,577.574,none,False,False,,,0.0,,,0.0,2026-07-08,18,16-20
btc-updown-5m-1783506900,2026-07-08 10:35:00+00:00,2026-07-08 10:25:22.398000+00:00,577.602,single,True,False,2026-07-08T10:37:32.630Z,,-0.29,0.26,,-0.26,2026-07-08,18,16-20
btc-updown-5m-1783507200,2026-07-08 10:40:00+00:00,2026-07-08 10:30:22.386000+00:00,577.614,single,False,True,,2026-07-08T10:42:24.563Z,-0.29,,0.29,-0.29,2026-07-08,18,16-20
btc-updown-5m-1783507500,2026-07-08 10:45:00+00:00,2026-07-08 10:35:22.403000+00:00,577.597,paired,True,True,2026-07-08T10:48:00.977Z,2026-07-08T10:47:14.210Z,0.42,0.29,0.29,0.42,2026-07-08,18,16-20
btc-updown-5m-1783507800,2026-07-08 10:50:00+00:00,2026-07-08 10:40:22.439000+00:00,577.561,none,False,False,,,0.0,,,0.0,2026-07-08,18,16-20
btc-updown-5m-1783508100,2026-07-08 10:55:00+00:00,2026-07-08 10:45:22.432000+00:00,577.568,paired,True,True,2026-07-08T10:57:49.752Z,2026-07-08T10:59:44.026Z,0.42,0.29,0.29,0.42,2026-07-08,18,16-20
btc-updown-5m-1783508400,2026-07-08 11:00:00+00:00,2026-07-08 10:50:22.511000+00:00,577.489,single,True,False,2026-07-08T11:00:31.214Z,,-0.29,0.29,,-0.29,2026-07-08,18,16-20
btc-updown-5m-1783508700,2026-07-08 11:05:00+00:00,2026-07-08 10:55:22.516000+00:00,577.484,single,False,True,,2026-07-08T11:05:46.644Z,-0.29,,0.29,-0.29,2026-07-08,19,16-20
btc-updown-5m-1783509000,2026-07-08 11:10:00+00:00,2026-07-08 11:00:22.502000+00:00,577.498,none,False,False,,,0.0,,,0.0,2026-07-08,19,16-20
btc-updown-5m-1783509300,2026-07-08 11:15:00+00:00,2026-07-08 11:05:22.475000+00:00,577.525,none,False,False,,,0.0,,,0.0,2026-07-08,19,16-20
btc-updown-5m-1783509600,2026-07-08 11:20:00+00:00,2026-07-08 11:10:22.519000+00:00,577.481,single,True,False,2026-07-08T11:20:15.386Z,,-0.29,0.29,,-0.29,2026-07-08,19,16-20
btc-updown-5m-1783509900,2026-07-08 11:25:00+00:00,2026-07-08 11:15:22.506000+00:00,577.494,paired,True,True,2026-07-08T11:27:17.506Z,2026-07-08T11:29:17.424Z,0.42,0.29,0.28,0.42999999999999994,2026-07-08,19,16-20
btc-updown-5m-1783510200,2026-07-08 11:30:00+00:00,2026-07-08 11:20:22.579000+00:00,577.421,paired,True,True,2026-07-08T11:32:52.795Z,2026-07-08T11:31:11.316Z,0.42,0.26,0.29,0.45,2026-07-08,19,16-20
btc-updown-5m-1783510500,2026-07-08 11:35:00+00:00,2026-07-08 11:25:22.556000+00:00,577.444,paired,True,True,2026-07-08T11:36:08.228Z,2026-07-08T11:39:15.882Z,0.42,0.29,0.28,0.42999999999999994,2026-07-08,19,16-20
btc-updown-5m-1783510800,2026-07-08 11:40:00+00:00,2026-07-08 11:30:22.517000+00:00,577.483,none,False,False,,,0.0,,,0.0,2026-07-08,19,16-20
btc-updown-5m-1783511100,2026-07-08 11:45:00+00:00,2026-07-08 11:35:22.663000+00:00,577.337,none,False,False,,,0.0,,,0.0,2026-07-08,19,16-20
btc-updown-5m-1783511400,2026-07-08 11:50:00+00:00,2026-07-08 11:40:22.598000+00:00,577.402,single,False,True,,2026-07-08T11:52:32.982Z,-0.29,,0.2,-0.2,2026-07-08,19,16-20
btc-updown-5m-1783511700,2026-07-08 11:55:00+00:00,2026-07-08 11:45:22.659000+00:00,577.341,single,True,False,2026-07-08T11:55:27.275Z,,-0.29,0.29,,-0.29,2026-07-08,19,16-20
btc-updown-5m-1783512000,2026-07-08 12:00:00+00:00,2026-07-08 11:50:22.719000+00:00,577.281,single,True,False,2026-07-08T12:00:15.011Z,,-0.29,0.29,,-0.29,2026-07-08,19,16-20
btc-updown-5m-1783512300,2026-07-08 12:05:00+00:00,2026-07-08 11:55:22.991000+00:00,577.009,none,False,False,,,0.0,,,0.0,2026-07-08,20,20-24
btc-updown-5m-1783512600,2026-07-08 12:10:00+00:00,2026-07-08 12:00:22.813000+00:00,577.187,single,True,False,2026-07-08T12:12:54.746Z,,-0.29,0.29,,-0.29,2026-07-08,20,20-24
btc-updown-5m-1783512900,2026-07-08 12:15:00+00:00,2026-07-08 12:05:22.723000+00:00,577.277,single,False,True,,2026-07-08T12:16:16.530Z,-0.29,,0.29,-0.29,2026-07-08,20,20-24
btc-updown-5m-1783513200,2026-07-08 12:20:00+00:00,2026-07-08 12:10:22.715000+00:00,577.285,single,True,False,2026-07-08T12:21:26.636Z,,-0.29,0.28,,-0.28,2026-07-08,20,20-24
btc-updown-5m-1783513500,2026-07-08 12:25:00+00:00,2026-07-08 12:15:22.728000+00:00,577.272,none,False,False,,,0.0,,,0.0,2026-07-08,20,20-24
btc-updown-5m-1783513800,2026-07-08 12:30:00+00:00,2026-07-08 12:20:22.895000+00:00,577.105,single,True,False,2026-07-08T12:30:40.757Z,,-0.29,0.29,,-0.29,2026-07-08,20,20-24
btc-updown-5m-1783514100,2026-07-08 12:35:00+00:00,2026-07-08 12:25:22.960000+00:00,577.04,paired,True,True,2026-07-08T12:35:41.768Z,2026-07-08T12:39:54.083Z,0.42,0.29,0.28,0.42999999999999994,2026-07-08,20,20-24
btc-updown-5m-1783514400,2026-07-08 12:40:00+00:00,2026-07-08 12:30:22.817000+00:00,577.183,single,True,False,2026-07-08T12:40:42.363Z,,-0.29,0.28,,-0.28,2026-07-08,20,20-24
btc-updown-5m-1783514700,2026-07-08 12:45:00+00:00,2026-07-08 12:35:22.832000+00:00,577.168,single,True,False,2026-07-08T12:49:10.652Z,,-0.29,0.25,,-0.25,2026-07-08,20,20-24
btc-updown-5m-1783515000,2026-07-08 12:50:00+00:00,2026-07-08 12:40:22.780000+00:00,577.22,single,False,True,,2026-07-08T12:50:50.235Z,-0.29,,0.29,-0.29,2026-07-08,20,20-24
btc-updown-5m-1783515300,2026-07-08 12:55:00+00:00,2026-07-08 12:45:22.869000+00:00,577.131,paired,True,True,2026-07-08T12:56:32.428Z,2026-07-08T12:55:33.659Z,0.42,0.29,0.29,0.42,2026-07-08,20,20-24
btc-updown-5m-1783515600,2026-07-08 13:00:00+00:00,2026-07-08 12:50:23.003000+00:00,576.997,none,False,False,,,0.0,,,0.0,2026-07-08,20,20-24
btc-updown-5m-1783515900,2026-07-08 13:05:00+00:00,2026-07-08 12:55:23.004000+00:00,576.996,paired,True,True,2026-07-08T13:06:04.389Z,2026-07-08T13:09:08.709Z,0.42,0.28,0.29,0.43,2026-07-08,21,20-24
btc-updown-5m-1783516200,2026-07-08 13:10:00+00:00,2026-07-08 13:00:22.882000+00:00,577.118,single,True,False,2026-07-08T13:10:20.508Z,,-0.29,0.29,,-0.29,2026-07-08,21,20-24
btc-updown-5m-1783516500,2026-07-08 13:15:00+00:00,2026-07-08 13:05:22.982000+00:00,577.018,none,False,False,,,0.0,,,0.0,2026-07-08,21,20-24
btc-updown-5m-1783516800,2026-07-08 13:20:00+00:00,2026-07-08 13:10:23.003000+00:00,576.997,single,True,False,2026-07-08T13:22:12.717Z,,-0.29,0.29,,-0.29,2026-07-08,21,20-24
btc-updown-5m-1783517100,2026-07-08 13:25:00+00:00,2026-07-08 13:15:22.831000+00:00,577.169,single,True,False,2026-07-08T13:25:06.340Z,,-0.29,0.29,,-0.29,2026-07-08,21,20-24
btc-updown-5m-1783517400,2026-07-08 13:30:00+00:00,2026-07-08 13:20:22.957000+00:00,577.043,none,False,False,,,0.0,,,0.0,2026-07-08,21,20-24
btc-updown-5m-1783517700,2026-07-08 13:35:00+00:00,2026-07-08 13:25:23.115000+00:00,576.885,none,False,False,,,0.0,,,0.0,2026-07-08,21,20-24
btc-updown-5m-1783518000,2026-07-08 13:40:00+00:00,2026-07-08 13:30:22.988000+00:00,577.012,paired,True,True,2026-07-08T13:42:20.697Z,2026-07-08T13:41:23.013Z,0.42,0.29,0.29,0.42,2026-07-08,21,20-24
btc-updown-5m-1783518300,2026-07-08 13:45:00+00:00,2026-07-08 13:35:23.041000+00:00,576.959,single,True,False,2026-07-08T13:45:15.172Z,,-0.29,0.29,,-0.29,2026-07-08,21,20-24
btc-updown-5m-1783518600,2026-07-08 13:50:00+00:00,2026-07-08 13:40:23.215000+00:00,576.785,single,True,False,2026-07-08T13:54:21.615Z,,-0.29,0.29,,-0.29,2026-07-08,21,20-24
btc-updown-5m-1783518900,2026-07-08 13:55:00+00:00,2026-07-08 13:45:23.705000+00:00,576.295,single,False,True,,2026-07-08T13:56:37.414Z,-0.29,,0.29,-0.29,2026-07-08,21,20-24
btc-updown-5m-1783519200,2026-07-08 14:00:00+00:00,2026-07-08 13:50:23.339000+00:00,576.661,single,False,True,,2026-07-08T14:00:48.290Z,-0.29,,0.29,-0.29,2026-07-08,21,20-24
btc-updown-5m-1783519500,2026-07-08 14:05:00+00:00,2026-07-08 13:55:12.917000+00:00,587.083,single,False,True,,2026-07-08T14:07:24.410Z,-0.29,,0.29,-0.29,2026-07-08,22,20-24
btc-updown-5m-1783519800,2026-07-08 14:10:00+00:00,2026-07-08 14:00:13.075000+00:00,586.925,paired,True,True,2026-07-08T14:14:51.992Z,2026-07-08T14:13:10.149Z,0.42,0.29,0.29,0.42,2026-07-08,22,20-24
btc-updown-5m-1783520100,2026-07-08 14:15:00+00:00,2026-07-08 14:05:12.925000+00:00,587.075,single,True,False,2026-07-08T14:15:26.013Z,,-0.29,0.29,,-0.29,2026-07-08,22,20-24
btc-updown-5m-1783520400,2026-07-08 14:20:00+00:00,2026-07-08 14:10:12.914000+00:00,587.086,single,False,True,,2026-07-08T14:20:21.498Z,-0.29,,0.29,-0.29,2026-07-08,22,20-24
btc-updown-5m-1783520700,2026-07-08 14:25:00+00:00,2026-07-08 14:15:12.875000+00:00,587.125,single,True,False,2026-07-08T14:29:40.535Z,,-0.29,0.06,,-0.06,2026-07-08,22,20-24
btc-updown-5m-1783521000,2026-07-08 14:30:00+00:00,2026-07-08 14:20:12.922000+00:00,587.078,paired,True,True,2026-07-08T14:30:38.945Z,2026-07-08T14:34:28.513Z,0.42,0.29,0.29,0.42,2026-07-08,22,20-24
btc-updown-5m-1783521300,2026-07-08 14:35:00+00:00,2026-07-08 14:25:12.950000+00:00,587.05,single,True,False,2026-07-08T14:35:51.024Z,,-0.29,0.29,,-0.29,2026-07-08,22,20-24
btc-updown-5m-1783521600,2026-07-08 14:40:00+00:00,2026-07-08 14:30:12.965000+00:00,587.035,paired,True,True,2026-07-08T14:43:29.889Z,2026-07-08T14:40:58.066Z,0.42,0.29,0.28,0.42999999999999994,2026-07-08,22,20-24
btc-updown-5m-1783521900,2026-07-08 14:45:00+00:00,2026-07-08 14:35:12.959000+00:00,587.041,none,False,False,,,0.0,,,0.0,2026-07-08,22,20-24
btc-updown-5m-1783522200,2026-07-08 14:50:00+00:00,2026-07-08 14:40:12.923000+00:00,587.077,paired,True,True,2026-07-08T14:52:23.173Z,2026-07-08T14:52:50.058Z,0.42,0.24,0.23,0.53,2026-07-08,22,20-24
btc-updown-5m-1783522500,2026-07-08 14:55:00+00:00,2026-07-08 14:45:12.961000+00:00,587.039,single,True,False,2026-07-08T14:56:26.943Z,,-0.29,0.29,,-0.29,2026-07-08,22,20-24
btc-updown-5m-1783522800,2026-07-08 15:00:00+00:00,2026-07-08 14:50:12.949000+00:00,587.051,single,True,False,2026-07-08T15:01:23.692Z,,-0.29,0.29,,-0.29,2026-07-08,22,20-24
btc-updown-5m-1783523100,2026-07-08 15:05:00+00:00,2026-07-08 14:55:13.369000+00:00,586.631,paired,True,True,2026-07-08T15:08:50.719Z,2026-07-08T15:05:43.623Z,0.42,0.29,0.29,0.42,2026-07-08,23,20-24
btc-updown-5m-1783523400,2026-07-08 15:10:00+00:00,2026-07-08 15:00:13.054000+00:00,586.946,single,True,False,2026-07-08T15:10:46.596Z,,-0.29,0.29,,-0.29,2026-07-08,23,20-24
btc-updown-5m-1783523700,2026-07-08 15:15:00+00:00,2026-07-08 15:05:13.011000+00:00,586.989,paired,True,True,2026-07-08T15:17:24.918Z,2026-07-08T15:18:51.810Z,0.42,0.29,0.29,0.42,2026-07-08,23,20-24
btc-updown-5m-1783524000,2026-07-08 15:20:00+00:00,2026-07-08 15:10:13.035000+00:00,586.965,none,False,False,,,0.0,,,0.0,2026-07-08,23,20-24
btc-updown-5m-1783524300,2026-07-08 15:25:00+00:00,2026-07-08 15:15:13.120000+00:00,586.88,none,False,False,,,0.0,,,0.0,2026-07-08,23,20-24
btc-updown-5m-1783524600,2026-07-08 15:30:00+00:00,2026-07-08 15:20:13.130000+00:00,586.87,single,False,True,,2026-07-08T15:32:48.495Z,-0.29,,0.29,-0.29,2026-07-08,23,20-24
btc-updown-5m-1783524900,2026-07-08 15:35:00+00:00,2026-07-08 15:25:13.211000+00:00,586.789,paired,True,True,2026-07-08T15:39:17.325Z,2026-07-08T15:35:48.134Z,0.42,0.28,0.28,0.43999999999999995,2026-07-08,23,20-24
btc-updown-5m-1783525200,2026-07-08 15:40:00+00:00,2026-07-08 15:30:13.136000+00:00,586.864,paired,True,True,2026-07-08T15:41:58.989Z,2026-07-08T15:40:16.422Z,0.42,0.29,0.29,0.42,2026-07-08,23,20-24
btc-updown-5m-1783525500,2026-07-08 15:45:00+00:00,2026-07-08 15:35:13.139000+00:00,586.861,none,False,False,,,0.0,,,0.0,2026-07-08,23,20-24
btc-updown-5m-1783525800,2026-07-08 15:50:00+00:00,2026-07-08 15:40:13.204000+00:00,586.796,single,False,True,,2026-07-08T15:52:23.470Z,-0.29,,0.29,-0.29,2026-07-08,23,20-24
btc-updown-5m-1783526100,2026-07-08 15:55:00+00:00,2026-07-08 15:45:13.193000+00:00,586.807,paired,True,True,2026-07-08T15:56:54.092Z,2026-07-08T15:59:06.495Z,0.42,0.29,0.28,0.42999999999999994,2026-07-08,23,20-24
btc-updown-5m-1783526400,2026-07-08 16:00:00+00:00,2026-07-08 15:50:13.162000+00:00,586.838,paired,True,True,2026-07-08T16:04:35.508Z,2026-07-08T16:00:42.773Z,0.42,0.29,0.29,0.42,2026-07-08,23,20-24
btc-updown-5m-1783526700,2026-07-08 16:05:00+00:00,2026-07-08 15:55:13.310000+00:00,586.69,none,False,False,,,0.0,,,0.0,2026-07-09,0,00-04
btc-updown-5m-1783527000,2026-07-08 16:10:00+00:00,2026-07-08 16:00:13.347000+00:00,586.653,none,False,False,,,0.0,,,0.0,2026-07-09,0,00-04
btc-updown-5m-1783527300,2026-07-08 16:15:00+00:00,2026-07-08 16:05:13.391000+00:00,586.609,none,False,False,,,0.0,,,0.0,2026-07-09,0,00-04
btc-updown-5m-1783527600,2026-07-08 16:20:00+00:00,2026-07-08 16:10:13.446000+00:00,586.554,single,False,True,,2026-07-08T16:20:42.483Z,-0.29,,0.29,-0.29,2026-07-09,0,00-04
btc-updown-5m-1783527900,2026-07-08 16:25:00+00:00,2026-07-08 16:15:13.395000+00:00,586.605,single,False,True,,2026-07-08T16:27:14.868Z,-0.29,,0.28,-0.28,2026-07-09,0,00-04
btc-updown-5m-1783528200,2026-07-08 16:30:00+00:00,2026-07-08 16:20:13.452000+00:00,586.548,none,False,False,,,0.0,,,0.0,2026-07-09,0,00-04
btc-updown-5m-1783528500,2026-07-08 16:35:00+00:00,2026-07-08 16:25:13.453000+00:00,586.547,none,False,False,,,0.0,,,0.0,2026-07-09,0,00-04
btc-updown-5m-1783528800,2026-07-08 16:40:00+00:00,2026-07-08 16:30:13.424000+00:00,586.576,none,False,False,,,0.0,,,0.0,2026-07-09,0,00-04
btc-updown-5m-1783529100,2026-07-08 16:45:00+00:00,2026-07-08 16:35:13.433000+00:00,586.567,none,False,False,,,0.0,,,0.0,2026-07-09,0,00-04
btc-updown-5m-1783529400,2026-07-08 16:50:00+00:00,2026-07-08 16:40:13.447000+00:00,586.553,none,False,False,,,0.0,,,0.0,2026-07-09,0,00-04
btc-updown-5m-1783529700,2026-07-08 16:55:00+00:00,2026-07-08 16:45:13.482000+00:00,586.518,none,False,False,,,0.0,,,0.0,2026-07-09,0,00-04
btc-updown-5m-1783530000,2026-07-08 17:00:00+00:00,2026-07-08 16:50:13.526000+00:00,586.474,none,False,False,,,0.0,,,0.0,2026-07-09,0,00-04
btc-updown-5m-1783530300,2026-07-08 17:05:00+00:00,2026-07-08 16:55:13.502000+00:00,586.498,none,False,False,,,0.0,,,0.0,2026-07-09,1,00-04
btc-updown-5m-1783530600,2026-07-08 17:10:00+00:00,2026-07-08 17:00:13.480000+00:00,586.52,none,False,False,,,0.0,,,0.0,2026-07-09,1,00-04
btc-updown-5m-1783530900,2026-07-08 17:15:00+00:00,2026-07-08 17:05:13.506000+00:00,586.494,none,False,False,,,0.0,,,0.0,2026-07-09,1,00-04
btc-updown-5m-1783531200,2026-07-08 17:20:00+00:00,2026-07-08 17:10:13.626000+00:00,586.374,none,False,False,,,0.0,,,0.0,2026-07-09,1,00-04
btc-updown-5m-1783531500,2026-07-08 17:25:00+00:00,2026-07-08 17:15:13.543000+00:00,586.457,none,False,False,,,0.0,,,0.0,2026-07-09,1,00-04
btc-updown-5m-1783531800,2026-07-08 17:30:00+00:00,2026-07-08 17:20:13.594000+00:00,586.406,none,False,False,,,0.0,,,0.0,2026-07-09,1,00-04
btc-updown-5m-1783532100,2026-07-08 17:35:00+00:00,2026-07-08 17:25:13.565000+00:00,586.435,none,False,False,,,0.0,,,0.0,2026-07-09,1,00-04
btc-updown-5m-1783532400,2026-07-08 17:40:00+00:00,2026-07-08 17:30:13.625000+00:00,586.375,none,False,False,,,0.0,,,0.0,2026-07-09,1,00-04
btc-updown-5m-1783532700,2026-07-08 17:45:00+00:00,2026-07-08 17:35:13.606000+00:00,586.394,none,False,False,,,0.0,,,0.0,2026-07-09,1,00-04
btc-updown-5m-1783533000,2026-07-08 17:50:00+00:00,2026-07-08 17:40:13.668000+00:00,586.332,none,False,False,,,0.0,,,0.0,2026-07-09,1,00-04
btc-updown-5m-1783533300,2026-07-08 17:55:00+00:00,2026-07-08 17:45:13.604000+00:00,586.396,none,False,False,,,0.0,,,0.0,2026-07-09,1,00-04
btc-updown-5m-1783533600,2026-07-08 18:00:00+00:00,2026-07-08 17:50:13.640000+00:00,586.36,none,False,False,,,0.0,,,0.0,2026-07-09,1,00-04
btc-updown-5m-1783533900,2026-07-08 18:05:00+00:00,2026-07-08 17:55:13.607000+00:00,586.393,none,False,False,,,0.0,,,0.0,2026-07-09,2,00-04
btc-updown-5m-1783534200,2026-07-08 18:10:00+00:00,2026-07-08 18:00:13.601000+00:00,586.399,none,False,False,,,0.0,,,0.0,2026-07-09,2,00-04
btc-updown-5m-1783534500,2026-07-08 18:15:00+00:00,2026-07-08 18:05:13.664000+00:00,586.336,none,False,False,,,0.0,,,0.0,2026-07-09,2,00-04
btc-updown-5m-1783534800,2026-07-08 18:20:00+00:00,2026-07-08 18:10:13.813000+00:00,586.187,none,False,False,,,0.0,,,0.0,2026-07-09,2,00-04
btc-updown-5m-1783535100,2026-07-08 18:25:00+00:00,2026-07-08 18:15:13.963000+00:00,586.037,none,False,False,,,0.0,,,0.0,2026-07-09,2,00-04
btc-updown-5m-1783535400,2026-07-08 18:30:00+00:00,2026-07-08 18:20:14.205000+00:00,585.795,none,False,False,,,0.0,,,0.0,2026-07-09,2,00-04
btc-updown-5m-1783535700,2026-07-08 18:35:00+00:00,2026-07-08 18:25:14.416000+00:00,585.584,none,False,False,,,0.0,,,0.0,2026-07-09,2,00-04
btc-updown-5m-1783536000,2026-07-08 18:40:00+00:00,2026-07-08 18:30:14.531000+00:00,585.469,none,False,False,,,0.0,,,0.0,2026-07-09,2,00-04
btc-updown-5m-1783536300,2026-07-08 18:45:00+00:00,2026-07-08 18:35:14.705000+00:00,585.295,none,False,False,,,0.0,,,0.0,2026-07-09,2,00-04
btc-updown-5m-1783536600,2026-07-08 18:50:00+00:00,2026-07-08 18:40:14.874000+00:00,585.126,none,False,False,,,0.0,,,0.0,2026-07-09,2,00-04
btc-updown-5m-1783536900,2026-07-08 18:55:00+00:00,2026-07-08 18:45:15.088000+00:00,584.912,none,False,False,,,0.0,,,0.0,2026-07-09,2,00-04
btc-updown-5m-1783537200,2026-07-08 19:00:00+00:00,2026-07-08 18:50:15.285000+00:00,584.715,none,False,False,,,0.0,,,0.0,2026-07-09,2,00-04
btc-updown-5m-1783537500,2026-07-08 19:05:00+00:00,2026-07-08 18:55:15.641000+00:00,584.359,none,False,False,,,0.0,,,0.0,2026-07-09,3,00-04
btc-updown-5m-1783537800,2026-07-08 19:10:00+00:00,2026-07-08 19:00:15.795000+00:00,584.205,none,False,False,,,0.0,,,0.0,2026-07-09,3,00-04
btc-updown-5m-1783538100,2026-07-08 19:15:00+00:00,2026-07-08 19:05:15.857000+00:00,584.143,none,False,False,,,0.0,,,0.0,2026-07-09,3,00-04
btc-updown-5m-1783538400,2026-07-08 19:20:00+00:00,2026-07-08 19:10:15.994000+00:00,584.006,none,False,False,,,0.0,,,0.0,2026-07-09,3,00-04
btc-updown-5m-1783538700,2026-07-08 19:25:00+00:00,2026-07-08 19:15:16.183000+00:00,583.817,none,False,False,,,0.0,,,0.0,2026-07-09,3,00-04
btc-updown-5m-1783539000,2026-07-08 19:30:00+00:00,2026-07-08 19:20:16.596000+00:00,583.404,none,False,False,,,0.0,,,0.0,2026-07-09,3,00-04
btc-updown-5m-1783539300,2026-07-08 19:35:00+00:00,2026-07-08 19:25:16.501000+00:00,583.499,single,False,True,,2026-07-08T19:37:39.948Z,-0.29,,0.28,-0.28,2026-07-09,3,00-04
btc-updown-5m-1783539600,2026-07-08 19:40:00+00:00,2026-07-08 19:30:16.712000+00:00,583.288,single,False,True,,2026-07-08T19:43:45.746Z,-0.29,,0.29,-0.29,2026-07-09,3,00-04
btc-updown-5m-1783539900,2026-07-08 19:45:00+00:00,2026-07-08 19:35:16.935000+00:00,583.065,single,True,False,2026-07-08T19:45:27.603Z,,-0.29,0.29,,-0.29,2026-07-09,3,00-04
btc-updown-5m-1783540200,2026-07-08 19:50:00+00:00,2026-07-08 19:40:17.095000+00:00,582.905,none,False,False,,,0.0,,,0.0,2026-07-09,3,00-04
btc-updown-5m-1783540500,2026-07-08 19:55:00+00:00,2026-07-08 19:45:17.177000+00:00,582.823,single,False,True,,2026-07-08T19:57:30.172Z,-0.29,,0.29,-0.29,2026-07-09,3,00-04
btc-updown-5m-1783540800,2026-07-08 20:00:00+00:00,2026-07-08 19:50:17.109000+00:00,582.891,single,True,False,2026-07-08T20:00:05.074Z,,-0.29,0.28,,-0.28,2026-07-09,3,00-04
btc-updown-5m-1783541100,2026-07-08 20:05:00+00:00,2026-07-08 19:55:17.240000+00:00,582.76,single,False,True,,2026-07-08T20:05:44.389Z,-0.29,,0.29,-0.29,2026-07-09,4,04-08
btc-updown-5m-1783541400,2026-07-08 20:10:00+00:00,2026-07-08 20:00:17.533000+00:00,582.467,single,True,False,2026-07-08T20:11:02.339Z,,-0.29,0.29,,-0.29,2026-07-09,4,04-08
btc-updown-5m-1783541700,2026-07-08 20:15:00+00:00,2026-07-08 20:05:17.464000+00:00,582.536,single,True,False,2026-07-08T20:16:00.825Z,,-0.29,0.29,,-0.29,2026-07-09,4,04-08
btc-updown-5m-1783542000,2026-07-08 20:20:00+00:00,2026-07-08 20:10:17.468000+00:00,582.532,none,False,False,,,0.0,,,0.0,2026-07-09,4,04-08
btc-updown-5m-1783542300,2026-07-08 20:25:00+00:00,2026-07-08 20:15:17.429000+00:00,582.571,single,False,True,,2026-07-08T20:27:27.811Z,-0.29,,0.22,-0.22,2026-07-09,4,04-08
btc-updown-5m-1783542600,2026-07-08 20:30:00+00:00,2026-07-08 20:20:17.412000+00:00,582.588,single,True,False,2026-07-08T20:31:11.197Z,,-0.29,0.29,,-0.29,2026-07-09,4,04-08
btc-updown-5m-1783542900,2026-07-08 20:35:00+00:00,2026-07-08 20:25:17.532000+00:00,582.468,single,True,False,2026-07-08T20:36:05.937Z,,-0.29,0.29,,-0.29,2026-07-09,4,04-08
btc-updown-5m-1783543200,2026-07-08 20:40:00+00:00,2026-07-08 20:30:17.461000+00:00,582.539,single,False,True,,2026-07-08T20:41:06.035Z,-0.29,,0.29,-0.29,2026-07-09,4,04-08
btc-updown-5m-1783543500,2026-07-08 20:45:00+00:00,2026-07-08 20:35:17.584000+00:00,582.416,none,False,False,,,0.0,,,0.0,2026-07-09,4,04-08
btc-updown-5m-1783543800,2026-07-08 20:50:00+00:00,2026-07-08 20:40:17.532000+00:00,582.468,paired,True,True,2026-07-08T20:52:48.797Z,2026-07-08T20:52:27.866Z,0.42,0.29,0.17,0.5399999999999999,2026-07-09,4,04-08
btc-updown-5m-1783544100,2026-07-08 20:55:00+00:00,2026-07-08 20:45:17.510000+00:00,582.49,single,True,False,2026-07-08T20:55:51.452Z,,-0.29,0.29,,-0.29,2026-07-09,4,04-08
btc-updown-5m-1783544400,2026-07-08 21:00:00+00:00,2026-07-08 20:50:17.617000+00:00,582.383,single,False,True,,2026-07-08T21:03:13.495Z,-0.29,,0.28,-0.28,2026-07-09,4,04-08
btc-updown-5m-1783544700,2026-07-08 21:05:00+00:00,2026-07-08 20:55:17.631000+00:00,582.369,none,False,False,,,0.0,,,0.0,2026-07-09,5,04-08
btc-updown-5m-1783545000,2026-07-08 21:10:00+00:00,2026-07-08 21:00:17.522000+00:00,582.478,single,True,False,2026-07-08T21:12:27.900Z,,-0.29,0.17,,-0.17,2026-07-09,5,04-08
btc-updown-5m-1783545300,2026-07-08 21:15:00+00:00,2026-07-08 21:05:17.526000+00:00,582.474,none,False,False,,,0.0,,,0.0,2026-07-09,5,04-08
btc-updown-5m-1783545600,2026-07-08 21:20:00+00:00,2026-07-08 21:10:17.657000+00:00,582.343,single,False,True,,2026-07-08T21:20:15.749Z,-0.29,,0.29,-0.29,2026-07-09,5,04-08
btc-updown-5m-1783545900,2026-07-08 21:25:00+00:00,2026-07-08 21:15:17.602000+00:00,582.398,paired,True,True,2026-07-08T21:25:06.805Z,2026-07-08T21:27:29.254Z,0.42,0.29,0.29,0.42,2026-07-09,5,04-08
btc-updown-5m-1783546200,2026-07-08 21:30:00+00:00,2026-07-08 21:20:17.572000+00:00,582.428,none,False,False,,,0.0,,,0.0,2026-07-09,5,04-08
btc-updown-5m-1783546500,2026-07-08 21:35:00+00:00,2026-07-08 21:25:17.600000+00:00,582.4,paired,True,True,2026-07-08T21:35:28.707Z,2026-07-08T21:37:18.104Z,0.42,0.22,0.28,0.5,2026-07-09,5,04-08
btc-updown-5m-1783546800,2026-07-08 21:40:00+00:00,2026-07-08 21:30:17.625000+00:00,582.375,paired,True,True,2026-07-08T21:43:43.142Z,2026-07-08T21:43:33.778Z,0.42,0.28,0.29,0.43,2026-07-09,5,04-08
btc-updown-5m-1783547100,2026-07-08 21:45:00+00:00,2026-07-08 21:35:17.678000+00:00,582.322,single,False,True,,2026-07-08T21:45:45.826Z,-0.29,,0.29,-0.29,2026-07-09,5,04-08
btc-updown-5m-1783547400,2026-07-08 21:50:00+00:00,2026-07-08 21:40:17.623000+00:00,582.377,none,False,False,,,0.0,,,0.0,2026-07-09,5,04-08
btc-updown-5m-1783547700,2026-07-08 21:55:00+00:00,2026-07-08 21:45:17.771000+00:00,582.229,paired,True,True,2026-07-08T21:59:59.846Z,2026-07-08T21:57:28.017Z,0.42,0.29,0.09,0.62,2026-07-09,5,04-08
btc-updown-5m-1783548000,2026-07-08 22:00:00+00:00,2026-07-08 21:50:17.745000+00:00,582.255,single,False,True,,2026-07-08T22:00:40.317Z,-0.29,,0.28,-0.28,2026-07-09,5,04-08
btc-updown-5m-1783548300,2026-07-08 22:05:00+00:00,2026-07-08 21:55:17.779000+00:00,582.221,paired,True,True,2026-07-08T22:08:36.115Z,2026-07-08T22:06:16.811Z,0.42,0.29,0.29,0.42,2026-07-09,6,04-08
btc-updown-5m-1783548600,2026-07-08 22:10:00+00:00,2026-07-08 22:00:17.789000+00:00,582.211,paired,True,True,2026-07-08T22:14:17.141Z,2026-07-08T22:11:50.319Z,0.42,0.28,0.29,0.43,2026-07-09,6,04-08
btc-updown-5m-1783548900,2026-07-08 22:15:00+00:00,2026-07-08 22:05:17.824000+00:00,582.176,paired,True,True,2026-07-08T22:18:49.445Z,2026-07-08T22:16:01.194Z,0.42,0.29,0.28,0.42999999999999994,2026-07-09,6,04-08
btc-updown-5m-1783549200,2026-07-08 22:20:00+00:00,2026-07-08 22:10:17.809000+00:00,582.191,paired,True,True,2026-07-08T22:20:40.557Z,2026-07-08T22:23:17.874Z,0.42,0.29,0.29,0.42,2026-07-09,6,04-08
btc-updown-5m-1783549500,2026-07-08 22:25:00+00:00,2026-07-08 22:15:17.919000+00:00,582.081,single,False,True,,2026-07-08T22:28:35.817Z,-0.29,,0.26,-0.26,2026-07-09,6,04-08
btc-updown-5m-1783549800,2026-07-08 22:30:00+00:00,2026-07-08 22:20:17.919000+00:00,582.081,none,False,False,,,0.0,,,0.0,2026-07-09,6,04-08
btc-updown-5m-1783550100,2026-07-08 22:35:00+00:00,2026-07-08 22:25:18.463000+00:00,581.537,paired,True,True,2026-07-08T22:37:52.751Z,2026-07-08T22:39:19.001Z,0.42,0.28,0.28,0.43999999999999995,2026-07-09,6,04-08
btc-updown-5m-1783550400,2026-07-08 22:40:00+00:00,2026-07-08 22:30:17.848000+00:00,582.152,single,False,True,,2026-07-08T22:40:34.540Z,-0.29,,0.29,-0.29,2026-07-09,6,04-08
btc-updown-5m-1783550700,2026-07-08 22:45:00+00:00,2026-07-08 22:35:17.909000+00:00,582.091,single,True,False,2026-07-08T22:46:24.603Z,,-0.29,0.29,,-0.29,2026-07-09,6,04-08
btc-updown-5m-1783551000,2026-07-08 22:50:00+00:00,2026-07-08 22:40:19.409000+00:00,580.591,none,False,False,,,0.0,,,0.0,2026-07-09,6,04-08
btc-updown-5m-1783551300,2026-07-08 22:55:00+00:00,2026-07-08 22:45:19.384000+00:00,580.616,none,False,False,,,0.0,,,0.0,2026-07-09,6,04-08
btc-updown-5m-1783551600,2026-07-08 23:00:00+00:00,2026-07-08 22:50:19.328000+00:00,580.672,none,False,False,,,0.0,,,0.0,2026-07-09,6,04-08
btc-updown-5m-1783551900,2026-07-08 23:05:00+00:00,2026-07-08 22:55:19.394000+00:00,580.606,none,False,False,,,0.0,,,0.0,2026-07-09,7,04-08
btc-updown-5m-1783552200,2026-07-08 23:10:00+00:00,2026-07-08 23:00:19.394000+00:00,580.606,none,False,False,,,0.0,,,0.0,2026-07-09,7,04-08
btc-updown-5m-1783552500,2026-07-08 23:15:00+00:00,2026-07-08 23:05:19.428000+00:00,580.572,none,False,False,,,0.0,,,0.0,2026-07-09,7,04-08
btc-updown-5m-1783552800,2026-07-08 23:20:00+00:00,2026-07-08 23:10:19.412000+00:00,580.588,none,False,False,,,0.0,,,0.0,2026-07-09,7,04-08
btc-updown-5m-1783553100,2026-07-08 23:25:00+00:00,2026-07-08 23:15:19.429000+00:00,580.571,single,False,True,,2026-07-08T23:29:55.737Z,-0.29,,0.01,-0.01,2026-07-09,7,04-08
btc-updown-5m-1783553400,2026-07-08 23:30:00+00:00,2026-07-08 23:20:19.515000+00:00,580.485,single,True,False,2026-07-08T23:30:16.305Z,,-0.29,0.29,,-0.29,2026-07-09,7,04-08
btc-updown-5m-1783553700,2026-07-08 23:35:00+00:00,2026-07-08 23:25:19.488000+00:00,580.512,paired,True,True,2026-07-08T23:39:35.984Z,2026-07-08T23:37:46.184Z,0.42,0.29,0.28,0.42999999999999994,2026-07-09,7,04-08
btc-updown-5m-1783554000,2026-07-08 23:40:00+00:00,2026-07-08 23:30:19.626000+00:00,580.374,paired,True,True,2026-07-08T23:40:16.633Z,2026-07-08T23:41:26.537Z,0.42,0.29,0.29,0.42,2026-07-09,7,04-08
btc-updown-5m-1783554300,2026-07-08 23:45:00+00:00,2026-07-08 23:35:19.653000+00:00,580.347,paired,True,True,2026-07-08T23:46:30.875Z,2026-07-08T23:45:56.314Z,0.42,0.26,0.29,0.45,2026-07-09,7,04-08
btc-updown-5m-1783554600,2026-07-08 23:50:00+00:00,2026-07-08 23:40:19.504000+00:00,580.496,single,False,True,,2026-07-08T23:51:32.393Z,-0.29,,0.28,-0.28,2026-07-09,7,04-08
btc-updown-5m-1783554900,2026-07-08 23:55:00+00:00,2026-07-08 23:45:19.545000+00:00,580.455,single,True,False,2026-07-08T23:58:45.846Z,,-0.29,0.27,,-0.27,2026-07-09,7,04-08
btc-updown-5m-1783555200,2026-07-09 00:00:00+00:00,2026-07-08 23:50:19.506000+00:00,580.494,none,False,False,,,0.0,,,0.0,2026-07-09,7,04-08
btc-updown-5m-1783555500,2026-07-09 00:05:00+00:00,2026-07-08 23:55:19.636000+00:00,580.364,paired,True,True,2026-07-09T00:09:15.586Z,2026-07-09T00:07:04.052Z,0.42,0.29,0.29,0.42,2026-07-09,8,08-12
btc-updown-5m-1783555800,2026-07-09 00:10:00+00:00,2026-07-09 00:00:19.722000+00:00,580.278,single,False,True,,2026-07-09T00:11:40.266Z,-0.29,,0.29,-0.29,2026-07-09,8,08-12
btc-updown-5m-1783556100,2026-07-09 00:15:00+00:00,2026-07-09 00:05:19.621000+00:00,580.379,single,True,False,2026-07-09T00:15:12.898Z,,-0.29,0.29,,-0.29,2026-07-09,8,08-12
btc-updown-5m-1783556400,2026-07-09 00:20:00+00:00,2026-07-09 00:10:19.594000+00:00,580.406,none,False,False,,,0.0,,,0.0,2026-07-09,8,08-12
btc-updown-5m-1783556700,2026-07-09 00:25:00+00:00,2026-07-09 00:15:19.619000+00:00,580.381,single,False,True,,2026-07-09T00:28:30.563Z,-0.29,,0.29,-0.29,2026-07-09,8,08-12
btc-updown-5m-1783557000,2026-07-09 00:30:00+00:00,2026-07-09 00:20:19.807000+00:00,580.193,single,False,True,,2026-07-09T00:30:13.187Z,-0.29,,0.28,-0.28,2026-07-09,8,08-12
btc-updown-5m-1783557300,2026-07-09 00:35:00+00:00,2026-07-09 00:25:19.671000+00:00,580.329,paired,True,True,2026-07-09T00:35:59.373Z,2026-07-09T00:36:54.070Z,0.42,0.29,0.29,0.42,2026-07-09,8,08-12
btc-updown-5m-1783557600,2026-07-09 00:40:00+00:00,2026-07-09 00:30:19.682000+00:00,580.318,paired,True,True,2026-07-09T00:40:13.168Z,2026-07-09T00:43:45.175Z,0.42,0.29,0.29,0.42,2026-07-09,8,08-12
btc-updown-5m-1783557900,2026-07-09 00:45:00+00:00,2026-07-09 00:35:19.644000+00:00,580.356,paired,True,True,2026-07-09T00:49:36.415Z,2026-07-09T00:46:11.983Z,0.42,0.29,0.29,0.42,2026-07-09,8,08-12
btc-updown-5m-1783558200,2026-07-09 00:50:00+00:00,2026-07-09 00:40:19.628000+00:00,580.372,none,False,False,,,0.0,,,0.0,2026-07-09,8,08-12
btc-updown-5m-1783558500,2026-07-09 00:55:00+00:00,2026-07-09 00:45:19.737000+00:00,580.263,none,False,False,,,0.0,,,0.0,2026-07-09,8,08-12
btc-updown-5m-1783558800,2026-07-09 01:00:00+00:00,2026-07-09 00:50:19.633000+00:00,580.367,single,False,True,,2026-07-09T01:01:02.614Z,-0.29,,0.29,-0.29,2026-07-09,8,08-12
btc-updown-5m-1783559100,2026-07-09 01:05:00+00:00,2026-07-09 00:55:19.706000+00:00,580.294,paired,True,True,2026-07-09T01:05:28.003Z,2026-07-09T01:07:36.252Z,0.42,0.28,0.29,0.43,2026-07-09,9,08-12
btc-updown-5m-1783559400,2026-07-09 01:10:00+00:00,2026-07-09 01:00:19.713000+00:00,580.287,none,False,False,,,0.0,,,0.0,2026-07-09,9,08-12
btc-updown-5m-1783559700,2026-07-09 01:15:00+00:00,2026-07-09 01:05:20.272000+00:00,579.728,single,False,True,,2026-07-09T01:17:48.742Z,-0.29,,0.29,-0.29,2026-07-09,9,08-12
btc-updown-5m-1783560000,2026-07-09 01:20:00+00:00,2026-07-09 01:10:19.745000+00:00,580.255,single,True,False,2026-07-09T01:21:41.330Z,,-0.29,0.29,,-0.29,2026-07-09,9,08-12
btc-updown-5m-1783560300,2026-07-09 01:25:00+00:00,2026-07-09 01:15:19.738000+00:00,580.262,paired,True,True,2026-07-09T01:25:56.323Z,2026-07-09T01:28:10.931Z,0.42,0.29,0.29,0.42,2026-07-09,9,08-12
btc-updown-5m-1783560600,2026-07-09 01:30:00+00:00,2026-07-09 01:20:19.772000+00:00,580.228,single,True,False,2026-07-09T01:34:54.822Z,,-0.29,0.01,,-0.01,2026-07-09,9,08-12
btc-updown-5m-1783560900,2026-07-09 01:35:00+00:00,2026-07-09 01:25:19.773000+00:00,580.227,paired,True,True,2026-07-09T01:38:56.391Z,2026-07-09T01:36:45.434Z,0.42,0.29,0.29,0.42,2026-07-09,9,08-12
btc-updown-5m-1783561200,2026-07-09 01:40:00+00:00,2026-07-09 01:30:19.788000+00:00,580.212,single,True,False,2026-07-09T01:40:46.834Z,,-0.29,0.29,,-0.29,2026-07-09,9,08-12
btc-updown-5m-1783561500,2026-07-09 01:45:00+00:00,2026-07-09 01:35:19.780000+00:00,580.22,single,True,False,2026-07-09T01:45:52.430Z,,-0.29,0.29,,-0.29,2026-07-09,9,08-12
btc-updown-5m-1783561800,2026-07-09 01:50:00+00:00,2026-07-09 01:40:19.963000+00:00,580.037,none,False,False,,,0.0,,,0.0,2026-07-09,9,08-12
btc-updown-5m-1783562100,2026-07-09 01:55:00+00:00,2026-07-09 01:45:20.081000+00:00,579.919,none,False,False,,,0.0,,,0.0,2026-07-09,9,08-12
btc-updown-5m-1783562400,2026-07-09 02:00:00+00:00,2026-07-09 01:50:20.163000+00:00,579.837,single,False,True,,2026-07-09T02:04:55.009Z,-0.29,,0.01,-0.01,2026-07-09,9,08-12
btc-updown-5m-1783562700,2026-07-09 02:05:00+00:00,2026-07-09 01:55:20.135000+00:00,579.865,single,False,True,,2026-07-09T02:06:06.134Z,-0.29,,0.29,-0.29,2026-07-09,10,08-12
btc-updown-5m-1783563000,2026-07-09 02:10:00+00:00,2026-07-09 02:00:20.403000+00:00,579.597,single,False,True,,2026-07-09T02:10:29.704Z,-0.29,,0.29,-0.29,2026-07-09,10,08-12
btc-updown-5m-1783563300,2026-07-09 02:15:00+00:00,2026-07-09 02:05:20.595000+00:00,579.405,none,False,False,,,0.0,,,0.0,2026-07-09,10,08-12
btc-updown-5m-1783563600,2026-07-09 02:20:00+00:00,2026-07-09 02:10:20.615000+00:00,579.385,none,False,False,,,0.0,,,0.0,2026-07-09,10,08-12
btc-updown-5m-1783563900,2026-07-09 02:25:00+00:00,2026-07-09 02:15:20.664000+00:00,579.336,single,True,False,2026-07-09T02:29:48.737Z,,-0.29,0.01,,-0.01,2026-07-09,10,08-12
btc-updown-5m-1783564200,2026-07-09 02:30:00+00:00,2026-07-09 02:20:20.702000+00:00,579.298,single,True,False,2026-07-09T02:32:10.821Z,,-0.29,0.29,,-0.29,2026-07-09,10,08-12
btc-updown-5m-1783564500,2026-07-09 02:35:00+00:00,2026-07-09 02:25:20.936000+00:00,579.064,paired,True,True,2026-07-09T02:35:13.645Z,2026-07-09T02:37:34.570Z,0.42,0.29,0.29,0.42,2026-07-09,10,08-12
btc-updown-5m-1783564800,2026-07-09 02:40:00+00:00,2026-07-09 02:30:21.128000+00:00,578.872,paired,True,True,2026-07-09T02:42:03.397Z,2026-07-09T02:40:45.189Z,0.42,0.29,0.28,0.42999999999999994,2026-07-09,10,08-12
btc-updown-5m-1783565100,2026-07-09 02:45:00+00:00,2026-07-09 02:35:21.453000+00:00,578.547,paired,True,True,2026-07-09T02:48:09.891Z,2026-07-09T02:45:47.273Z,0.42,0.29,0.29,0.42,2026-07-09,10,08-12
btc-updown-5m-1783565400,2026-07-09 02:50:00+00:00,2026-07-09 02:40:21.343000+00:00,578.657,none,False,False,,,0.0,,,0.0,2026-07-09,10,08-12
btc-updown-5m-1783565700,2026-07-09 02:55:00+00:00,2026-07-09 02:45:21.342000+00:00,578.658,single,True,False,2026-07-09T02:57:54.927Z,,-0.29,0.29,,-0.29,2026-07-09,10,08-12
btc-updown-5m-1783566000,2026-07-09 03:00:00+00:00,2026-07-09 02:50:21.349000+00:00,578.651,paired,True,True,2026-07-09T03:00:38.222Z,2026-07-09T03:02:02.833Z,0.42,0.29,0.29,0.42,2026-07-09,10,08-12
btc-updown-5m-1783566300,2026-07-09 03:05:00+00:00,2026-07-09 02:55:21.511000+00:00,578.489,single,False,True,,2026-07-09T03:05:20.518Z,-0.29,,0.29,-0.29,2026-07-09,11,08-12
btc-updown-5m-1783566600,2026-07-09 03:10:00+00:00,2026-07-09 03:00:21.435000+00:00,578.565,none,False,False,,,0.0,,,0.0,2026-07-09,11,08-12
btc-updown-5m-1783566900,2026-07-09 03:15:00+00:00,2026-07-09 03:05:21.483000+00:00,578.517,single,True,False,2026-07-09T03:19:52.562Z,,-0.29,0.01,,-0.01,2026-07-09,11,08-12
btc-updown-5m-1783567200,2026-07-09 03:20:00+00:00,2026-07-09 03:10:21.428000+00:00,578.572,single,False,True,,2026-07-09T03:20:46.292Z,-0.29,,0.29,-0.29,2026-07-09,11,08-12
btc-updown-5m-1783567500,2026-07-09 03:25:00+00:00,2026-07-09 03:15:21.426000+00:00,578.574,paired,True,True,2026-07-09T03:28:35.107Z,2026-07-09T03:26:12.373Z,0.42,0.22,0.28,0.5,2026-07-09,11,08-12
btc-updown-5m-1783567800,2026-07-09 03:30:00+00:00,2026-07-09 03:20:21.363000+00:00,578.637,single,False,True,,2026-07-09T03:34:50.774Z,-0.29,,0.001,-0.001,2026-07-09,11,08-12
btc-updown-5m-1783568100,2026-07-09 03:35:00+00:00,2026-07-09 03:25:21.356000+00:00,578.644,single,True,False,2026-07-09T03:36:28.839Z,,-0.29,0.29,,-0.29,2026-07-09,11,08-12
btc-updown-5m-1783568400,2026-07-09 03:40:00+00:00,2026-07-09 03:30:21.541000+00:00,578.459,paired,True,True,2026-07-09T03:40:29.088Z,2026-07-09T03:44:40.472Z,0.42,0.29,0.28,0.42999999999999994,2026-07-09,11,08-12
btc-updown-5m-1783568700,2026-07-09 03:45:00+00:00,2026-07-09 03:35:21.464000+00:00,578.536,none,False,False,,,0.0,,,0.0,2026-07-09,11,08-12
btc-updown-5m-1783569000,2026-07-09 03:50:00+00:00,2026-07-09 03:40:21.506000+00:00,578.494,single,False,True,,2026-07-09T03:53:05.218Z,-0.29,,0.29,-0.29,2026-07-09,11,08-12
btc-updown-5m-1783569300,2026-07-09 03:55:00+00:00,2026-07-09 03:45:21.426000+00:00,578.574,paired,True,True,2026-07-09T03:59:42.775Z,2026-07-09T03:56:44.956Z,0.42,0.25,0.29,0.46,2026-07-09,11,08-12
btc-updown-5m-1783569600,2026-07-09 04:00:00+00:00,2026-07-09 03:50:21.537000+00:00,578.463,single,False,True,,2026-07-09T04:00:07.558Z,-0.29,,0.29,-0.29,2026-07-09,11,08-12
btc-updown-5m-1783569900,2026-07-09 04:05:00+00:00,2026-07-09 03:55:21.460000+00:00,578.54,none,False,False,,,0.0,,,0.0,2026-07-09,12,12-16
btc-updown-5m-1783570200,2026-07-09 04:10:00+00:00,2026-07-09 04:00:21.436000+00:00,578.564,none,False,False,,,0.0,,,0.0,2026-07-09,12,12-16
btc-updown-5m-1783570500,2026-07-09 04:15:00+00:00,2026-07-09 04:05:21.492000+00:00,578.508,single,False,True,,2026-07-09T04:16:10.300Z,-0.29,,0.29,-0.29,2026-07-09,12,12-16
btc-updown-5m-1783570800,2026-07-09 04:20:00+00:00,2026-07-09 04:10:21.553000+00:00,578.447,single,True,False,2026-07-09T04:21:41.754Z,,-0.29,0.29,,-0.29,2026-07-09,12,12-16
btc-updown-5m-1783571100,2026-07-09 04:25:00+00:00,2026-07-09 04:15:21.541000+00:00,578.459,none,False,False,,,0.0,,,0.0,2026-07-09,12,12-16
btc-updown-5m-1783571400,2026-07-09 04:30:00+00:00,2026-07-09 04:20:21.638000+00:00,578.362,single,False,True,,2026-07-09T04:30:53.343Z,-0.29,,0.27,-0.27,2026-07-09,12,12-16
btc-updown-5m-1783571700,2026-07-09 04:35:00+00:00,2026-07-09 04:25:21.547000+00:00,578.453,single,False,True,,2026-07-09T04:35:24.453Z,-0.29,,0.28,-0.28,2026-07-09,12,12-16
btc-updown-5m-1783572000,2026-07-09 04:40:00+00:00,2026-07-09 04:30:21.621000+00:00,578.379,single,False,True,,2026-07-09T04:41:40.058Z,-0.29,,0.28,-0.28,2026-07-09,12,12-16
btc-updown-5m-1783572300,2026-07-09 04:45:00+00:00,2026-07-09 04:35:22.122000+00:00,577.878,single,False,True,,2026-07-09T04:49:51.912Z,-0.29,,0.24,-0.24,2026-07-09,12,12-16
btc-updown-5m-1783572600,2026-07-09 04:50:00+00:00,2026-07-09 04:40:21.834000+00:00,578.166,single,False,True,,2026-07-09T04:50:29.495Z,-0.29,,0.29,-0.29,2026-07-09,12,12-16
btc-updown-5m-1783572900,2026-07-09 04:55:00+00:00,2026-07-09 04:45:21.711000+00:00,578.289,paired,True,True,2026-07-09T04:55:34.423Z,2026-07-09T04:56:30.801Z,0.42,0.29,0.29,0.42,2026-07-09,12,12-16
btc-updown-5m-1783573200,2026-07-09 05:00:00+00:00,2026-07-09 04:50:21.817000+00:00,578.183,paired,True,True,2026-07-09T05:00:35.449Z,2026-07-09T05:04:56.128Z,0.42,0.29,0.28,0.42999999999999994,2026-07-09,12,12-16
btc-updown-5m-1783573500,2026-07-09 05:05:00+00:00,2026-07-09 04:55:21.730000+00:00,578.27,paired,True,True,2026-07-09T05:05:14.837Z,2026-07-09T05:09:54.042Z,0.42,0.29,0.27,0.43999999999999995,2026-07-09,13,12-16
btc-updown-5m-1783573800,2026-07-09 05:10:00+00:00,2026-07-09 05:00:21.724000+00:00,578.276,none,False,False,,,0.0,,,0.0,2026-07-09,13,12-16
btc-updown-5m-1783574100,2026-07-09 05:15:00+00:00,2026-07-09 05:05:21.855000+00:00,578.145,none,False,False,,,0.0,,,0.0,2026-07-09,13,12-16
btc-updown-5m-1783574400,2026-07-09 05:20:00+00:00,2026-07-09 05:10:21.842000+00:00,578.158,single,True,False,2026-07-09T05:22:32.344Z,,-0.29,0.07,,-0.07,2026-07-09,13,12-16
btc-updown-5m-1783574700,2026-07-09 05:25:00+00:00,2026-07-09 05:15:21.976000+00:00,578.024,single,True,False,2026-07-09T05:26:07.131Z,,-0.29,0.29,,-0.29,2026-07-09,13,12-16
btc-updown-5m-1783575000,2026-07-09 05:30:00+00:00,2026-07-09 05:20:22.097000+00:00,577.903,single,True,False,2026-07-09T05:30:16.918Z,,-0.29,0.29,,-0.29,2026-07-09,13,12-16
btc-updown-5m-1783575300,2026-07-09 05:35:00+00:00,2026-07-09 05:25:22.226000+00:00,577.774,none,False,False,,,0.0,,,0.0,2026-07-09,13,12-16
btc-updown-5m-1783575600,2026-07-09 05:40:00+00:00,2026-07-09 05:30:22.387000+00:00,577.613,paired,True,True,2026-07-09T05:43:29.086Z,2026-07-09T05:41:00.252Z,0.42,0.29,0.28,0.42999999999999994,2026-07-09,13,12-16
btc-updown-5m-1783575900,2026-07-09 05:45:00+00:00,2026-07-09 05:35:22.525000+00:00,577.475,single,False,True,,2026-07-09T05:46:35.296Z,-0.29,,0.29,-0.29,2026-07-09,13,12-16
btc-updown-5m-1783576200,2026-07-09 05:50:00+00:00,2026-07-09 05:40:22.596000+00:00,577.404,single,False,True,,2026-07-09T05:51:18.800Z,-0.29,,0.29,-0.29,2026-07-09,13,12-16
btc-updown-5m-1783576500,2026-07-09 05:55:00+00:00,2026-07-09 05:45:22.627000+00:00,577.373,single,False,True,,2026-07-09T05:59:46.739Z,-0.29,,0.01,-0.01,2026-07-09,13,12-16
btc-updown-5m-1783576800,2026-07-09 06:00:00+00:00,2026-07-09 05:50:22.699000+00:00,577.301,single,False,True,,2026-07-09T06:01:07.986Z,-0.29,,0.29,-0.29,2026-07-09,13,12-16
btc-updown-5m-1783577100,2026-07-09 06:05:00+00:00,2026-07-09 05:55:22.787000+00:00,577.213,single,True,False,2026-07-09T06:06:11.769Z,,-0.29,0.29,,-0.29,2026-07-09,14,12-16
btc-updown-5m-1783577400,2026-07-09 06:10:00+00:00,2026-07-09 06:00:22.880000+00:00,577.12,single,False,True,,2026-07-09T06:14:50.656Z,-0.29,,0.25,-0.25,2026-07-09,14,12-16
btc-updown-5m-1783577700,2026-07-09 06:15:00+00:00,2026-07-09 06:05:22.919000+00:00,577.081,paired,True,True,2026-07-09T06:15:32.779Z,2026-07-09T06:16:10.199Z,0.42,0.29,0.29,0.42,2026-07-09,14,12-16
btc-updown-5m-1783578000,2026-07-09 06:20:00+00:00,2026-07-09 06:10:22.937000+00:00,577.063,paired,True,True,2026-07-09T06:20:18.476Z,2026-07-09T06:22:01.033Z,0.42,0.29,0.29,0.42,2026-07-09,14,12-16
btc-updown-5m-1783578300,2026-07-09 06:25:00+00:00,2026-07-09 06:15:23.283000+00:00,576.717,none,False,False,,,0.0,,,0.0,2026-07-09,14,12-16
btc-updown-5m-1783578600,2026-07-09 06:30:00+00:00,2026-07-09 06:20:23.262000+00:00,576.738,paired,True,True,2026-07-09T06:30:23.474Z,2026-07-09T06:34:32.729Z,0.42,0.23,0.28,0.49,2026-07-09,14,12-16
btc-updown-5m-1783578900,2026-07-09 06:35:00+00:00,2026-07-09 06:25:23.269000+00:00,576.731,paired,True,True,2026-07-09T06:39:13.565Z,2026-07-09T06:37:57.791Z,0.42,0.29,0.29,0.42,2026-07-09,14,12-16
btc-updown-5m-1783579200,2026-07-09 06:40:00+00:00,2026-07-09 06:30:23.156000+00:00,576.844,paired,True,True,2026-07-09T06:40:38.407Z,2026-07-09T06:42:55.782Z,0.42,0.29,0.29,0.42,2026-07-09,14,12-16
btc-updown-5m-1783579500,2026-07-09 06:45:00+00:00,2026-07-09 06:35:23.235000+00:00,576.765,paired,True,True,2026-07-09T06:45:59.846Z,2026-07-09T06:48:19.349Z,0.42,0.29,0.29,0.42,2026-07-09,14,12-16
btc-updown-5m-1783579800,2026-07-09 06:50:00+00:00,2026-07-09 06:40:23.197000+00:00,576.803,none,False,False,,,0.0,,,0.0,2026-07-09,14,12-16
btc-updown-5m-1783580100,2026-07-09 06:55:00+00:00,2026-07-09 06:45:23.209000+00:00,576.791,single,False,True,,2026-07-09T06:56:12.989Z,-0.29,,0.29,-0.29,2026-07-09,14,12-16
btc-updown-5m-1783580400,2026-07-09 07:00:00+00:00,2026-07-09 06:50:23.195000+00:00,576.805,paired,True,True,2026-07-09T07:04:59.610Z,2026-07-09T07:00:56.544Z,0.42,0.29,0.29,0.42,2026-07-09,14,12-16
btc-updown-5m-1783580700,2026-07-09 07:05:00+00:00,2026-07-09 06:55:23.491000+00:00,576.509,none,False,False,,,0.0,,,0.0,2026-07-09,15,12-16
btc-updown-5m-1783581000,2026-07-09 07:10:00+00:00,2026-07-09 07:00:23.359000+00:00,576.641,single,False,True,,2026-07-09T07:14:53.611Z,-0.29,,0.01,-0.01,2026-07-09,15,12-16
btc-updown-5m-1783581300,2026-07-09 07:15:00+00:00,2026-07-09 07:05:23.391000+00:00,576.609,paired,True,True,2026-07-09T07:16:03.585Z,2026-07-09T07:18:00.190Z,0.42,0.29,0.29,0.42,2026-07-09,15,12-16
btc-updown-5m-1783581600,2026-07-09 07:20:00+00:00,2026-07-09 07:10:23.442000+00:00,576.558,single,True,False,2026-07-09T07:21:20.224Z,,-0.29,0.29,,-0.29,2026-07-09,15,12-16
btc-updown-5m-1783581900,2026-07-09 07:25:00+00:00,2026-07-09 07:15:23.629000+00:00,576.371,single,False,True,,2026-07-09T07:29:51.585Z,-0.29,,0.01,-0.01,2026-07-09,15,12-16
btc-updown-5m-1783582200,2026-07-09 07:30:00+00:00,2026-07-09 07:20:23.420000+00:00,576.58,single,True,False,2026-07-09T07:30:28.283Z,,-0.29,0.29,,-0.29,2026-07-09,15,12-16
btc-updown-5m-1783582500,2026-07-09 07:35:00+00:00,2026-07-09 07:25:23.541000+00:00,576.459,single,True,False,2026-07-09T07:36:19.170Z,,-0.29,0.29,,-0.29,2026-07-09,15,12-16
btc-updown-5m-1783582800,2026-07-09 07:40:00+00:00,2026-07-09 07:30:23.425000+00:00,576.575,none,False,False,,,0.0,,,0.0,2026-07-09,15,12-16
btc-updown-5m-1783583100,2026-07-09 07:45:00+00:00,2026-07-09 07:35:23.494000+00:00,576.506,single,False,True,,2026-07-09T07:49:41.679Z,-0.29,,0.004,-0.004,2026-07-09,15,12-16
btc-updown-5m-1783583400,2026-07-09 07:50:00+00:00,2026-07-09 07:40:23.532000+00:00,576.468,paired,True,True,2026-07-09T07:54:51.126Z,2026-07-09T07:52:37.783Z,0.42,0.29,0.28,0.42999999999999994,2026-07-09,15,12-16
btc-updown-5m-1783583700,2026-07-09 07:55:00+00:00,2026-07-09 07:45:23.540000+00:00,576.46,single,True,False,2026-07-09T07:55:20.422Z,,-0.29,0.28,,-0.28,2026-07-09,15,12-16
btc-updown-5m-1783584000,2026-07-09 08:00:00+00:00,2026-07-09 07:50:24.459000+00:00,575.541,paired,True,True,2026-07-09T08:04:59.719Z,2026-07-09T08:04:51.609Z,0.42,0.29,0.28,0.42999999999999994,2026-07-09,15,12-16
btc-updown-5m-1783584300,2026-07-09 08:05:00+00:00,2026-07-09 07:55:23.680000+00:00,576.32,single,True,False,2026-07-09T08:05:33.506Z,,-0.29,0.29,,-0.29,2026-07-09,16,16-20
btc-updown-5m-1783584600,2026-07-09 08:10:00+00:00,2026-07-09 08:00:23.719000+00:00,576.281,paired,True,True,2026-07-09T08:12:20.019Z,2026-07-09T08:12:55.229Z,0.42,0.29,0.28,0.42999999999999994,2026-07-09,16,16-20
btc-updown-5m-1783584900,2026-07-09 08:15:00+00:00,2026-07-09 08:05:23.627000+00:00,576.373,paired,True,True,2026-07-09T08:19:11.790Z,2026-07-09T08:17:01.918Z,0.42,0.28,0.29,0.43,2026-07-09,16,16-20
btc-updown-5m-1783585200,2026-07-09 08:20:00+00:00,2026-07-09 08:10:23.709000+00:00,576.291,single,False,True,,2026-07-09T08:20:23.171Z,-0.29,,0.29,-0.29,2026-07-09,16,16-20
btc-updown-5m-1783585500,2026-07-09 08:25:00+00:00,2026-07-09 08:15:23.748000+00:00,576.252,none,False,False,,,0.0,,,0.0,2026-07-09,16,16-20
btc-updown-5m-1783585800,2026-07-09 08:30:00+00:00,2026-07-09 08:20:23.668000+00:00,576.332,none,False,False,,,0.0,,,0.0,2026-07-09,16,16-20
btc-updown-5m-1783586100,2026-07-09 08:35:00+00:00,2026-07-09 08:25:23.731000+00:00,576.269,single,False,True,,2026-07-09T08:37:49.088Z,-0.29,,0.25,-0.25,2026-07-09,16,16-20
btc-updown-5m-1783586400,2026-07-09 08:40:00+00:00,2026-07-09 08:30:23.763000+00:00,576.237,single,True,False,2026-07-09T08:40:53.389Z,,-0.29,0.27,,-0.27,2026-07-09,16,16-20
btc-updown-5m-1783586700,2026-07-09 08:45:00+00:00,2026-07-09 08:35:23.798000+00:00,576.202,single,True,False,2026-07-09T08:45:57.846Z,,-0.29,0.29,,-0.29,2026-07-09,16,16-20
btc-updown-5m-1783587000,2026-07-09 08:50:00+00:00,2026-07-09 08:40:23.847000+00:00,576.153,none,False,False,,,0.0,,,0.0,2026-07-09,16,16-20
btc-updown-5m-1783587300,2026-07-09 08:55:00+00:00,2026-07-09 08:45:24.084000+00:00,575.916,none,False,False,,,0.0,,,0.0,2026-07-09,16,16-20
btc-updown-5m-1783587600,2026-07-09 09:00:00+00:00,2026-07-09 08:50:24.089000+00:00,575.911,single,True,False,2026-07-09T09:04:46.140Z,,-0.29,0.01,,-0.01,2026-07-09,16,16-20
btc-updown-5m-1783587900,2026-07-09 09:05:00+00:00,2026-07-09 08:55:24.152000+00:00,575.848,single,True,False,2026-07-09T09:07:20.708Z,,-0.29,0.28,,-0.28,2026-07-09,17,16-20
btc-updown-5m-1783588200,2026-07-09 09:10:00+00:00,2026-07-09 09:00:24.365000+00:00,575.635,single,False,True,,2026-07-09T09:11:38.780Z,-0.29,,0.28,-0.28,2026-07-09,17,16-20
btc-updown-5m-1783588500,2026-07-09 09:15:00+00:00,2026-07-09 09:05:24.621000+00:00,575.379,single,True,False,2026-07-09T09:19:52.188Z,,-0.29,0.12,,-0.12,2026-07-09,17,16-20
btc-updown-5m-1783588800,2026-07-09 09:20:00+00:00,2026-07-09 09:10:24.597000+00:00,575.403,paired,True,True,2026-07-09T09:24:20.113Z,2026-07-09T09:20:58.098Z,0.42,0.29,0.29,0.42,2026-07-09,17,16-20
btc-updown-5m-1783589100,2026-07-09 09:25:00+00:00,2026-07-09 09:15:24.620000+00:00,575.38,single,False,True,,2026-07-09T09:26:03.240Z,-0.29,,0.27,-0.27,2026-07-09,17,16-20
btc-updown-5m-1783589400,2026-07-09 09:30:00+00:00,2026-07-09 09:20:24.826000+00:00,575.174,paired,True,True,2026-07-09T09:31:16.883Z,2026-07-09T09:31:47.507Z,0.42,0.29,0.29,0.42,2026-07-09,17,16-20
btc-updown-5m-1783589700,2026-07-09 09:35:00+00:00,2026-07-09 09:25:24.924000+00:00,575.076,none,False,False,,,0.0,,,0.0,2026-07-09,17,16-20
btc-updown-5m-1783590000,2026-07-09 09:40:00+00:00,2026-07-09 09:30:25.051000+00:00,574.949,none,False,False,,,0.0,,,0.0,2026-07-09,17,16-20
btc-updown-5m-1783590300,2026-07-09 09:45:00+00:00,2026-07-09 09:35:25.190000+00:00,574.81,none,False,False,,,0.0,,,0.0,2026-07-09,17,16-20
btc-updown-5m-1783590600,2026-07-09 09:50:00+00:00,2026-07-09 09:40:25.108000+00:00,574.892,none,False,False,,,0.0,,,0.0,2026-07-09,17,16-20
btc-updown-5m-1783590900,2026-07-09 09:55:00+00:00,2026-07-09 09:45:25.272000+00:00,574.728,single,False,True,,2026-07-09T09:59:54.527Z,-0.29,,0.01,-0.01,2026-07-09,17,16-20
btc-updown-5m-1783591200,2026-07-09 10:00:00+00:00,2026-07-09 09:50:25.446000+00:00,574.554,paired,True,True,2026-07-09T10:00:24.197Z,2026-07-09T10:04:35.141Z,0.42,0.29,0.29,0.42,2026-07-09,17,16-20
btc-updown-5m-1783591500,2026-07-09 10:05:00+00:00,2026-07-09 09:55:25.636000+00:00,574.364,paired,True,True,2026-07-09T10:05:21.348Z,2026-07-09T10:07:17.363Z,0.42,0.28,0.29,0.43,2026-07-09,18,16-20
btc-updown-5m-1783591800,2026-07-09 10:10:00+00:00,2026-07-09 10:00:25.851000+00:00,574.149,paired,True,True,2026-07-09T10:13:42.626Z,2026-07-09T10:10:34.057Z,0.42,0.28,0.27,0.44999999999999996,2026-07-09,18,16-20
btc-updown-5m-1783592100,2026-07-09 10:15:00+00:00,2026-07-09 10:05:26.110000+00:00,573.89,single,True,False,2026-07-09T10:15:42.009Z,,-0.29,0.29,,-0.29,2026-07-09,18,16-20
btc-updown-5m-1783592400,2026-07-09 10:20:00+00:00,2026-07-09 10:10:25.969000+00:00,574.031,single,True,False,2026-07-09T10:21:41.332Z,,-0.29,0.28,,-0.28,2026-07-09,18,16-20
btc-updown-5m-1783592700,2026-07-09 10:25:00+00:00,2026-07-09 10:15:25.879000+00:00,574.121,single,True,False,2026-07-09T10:26:00.632Z,,-0.29,0.29,,-0.29,2026-07-09,18,16-20
btc-updown-5m-1783593000,2026-07-09 10:30:00+00:00,2026-07-09 10:20:25.912000+00:00,574.088,paired,True,True,2026-07-09T10:33:01.549Z,2026-07-09T10:34:00.798Z,0.42,0.29,0.29,0.42,2026-07-09,18,16-20
btc-updown-5m-1783593300,2026-07-09 10:35:00+00:00,2026-07-09 10:25:25.959000+00:00,574.041,single,False,True,,2026-07-09T10:35:23.177Z,-0.29,,0.29,-0.29,2026-07-09,18,16-20
btc-updown-5m-1783593600,2026-07-09 10:40:00+00:00,2026-07-09 10:30:25.986000+00:00,574.014,single,True,False,2026-07-09T10:40:48.097Z,,-0.29,0.29,,-0.29,2026-07-09,18,16-20
btc-updown-5m-1783593900,2026-07-09 10:45:00+00:00,2026-07-09 10:35:26.047000+00:00,573.953,none,False,False,,,0.0,,,0.0,2026-07-09,18,16-20
btc-updown-5m-1783594200,2026-07-09 10:50:00+00:00,2026-07-09 10:40:26.036000+00:00,573.964,none,False,False,,,0.0,,,0.0,2026-07-09,18,16-20
btc-updown-5m-1783594500,2026-07-09 10:55:00+00:00,2026-07-09 10:45:25.969000+00:00,574.031,none,False,False,,,0.0,,,0.0,2026-07-09,18,16-20
btc-updown-5m-1783594800,2026-07-09 11:00:00+00:00,2026-07-09 10:50:26.013000+00:00,573.987,paired,True,True,2026-07-09T11:04:51.217Z,2026-07-09T11:01:04.336Z,0.42,0.29,0.29,0.42,2026-07-09,18,16-20
btc-updown-5m-1783595100,2026-07-09 11:05:00+00:00,2026-07-09 10:55:26.056000+00:00,573.944,paired,True,True,2026-07-09T11:09:46.452Z,2026-07-09T11:05:17.991Z,0.42,0.29,0.29,0.42,2026-07-09,19,16-20
btc-updown-5m-1783595400,2026-07-09 11:10:00+00:00,2026-07-09 11:00:26.115000+00:00,573.885,none,False,False,,,0.0,,,0.0,2026-07-09,19,16-20
btc-updown-5m-1783595700,2026-07-09 11:15:00+00:00,2026-07-09 11:05:26.068000+00:00,573.932,single,True,False,2026-07-09T11:19:49.159Z,,-0.29,0.001,,-0.001,2026-07-09,19,16-20
btc-updown-5m-1783596000,2026-07-09 11:20:00+00:00,2026-07-09 11:10:26.084000+00:00,573.916,paired,True,True,2026-07-09T11:24:33.326Z,2026-07-09T11:20:51.650Z,0.42,0.28,0.28,0.43999999999999995,2026-07-09,19,16-20
btc-updown-5m-1783596300,2026-07-09 11:25:00+00:00,2026-07-09 11:15:26.160000+00:00,573.84,single,False,True,,2026-07-09T11:25:11.190Z,-0.29,,0.29,-0.29,2026-07-09,19,16-20
btc-updown-5m-1783596600,2026-07-09 11:30:00+00:00,2026-07-09 11:20:26.162000+00:00,573.838,paired,True,True,2026-07-09T11:32:50.069Z,2026-07-09T11:30:31.829Z,0.42,0.29,0.29,0.42,2026-07-09,19,16-20
btc-updown-5m-1783596900,2026-07-09 11:35:00+00:00,2026-07-09 11:25:26.146000+00:00,573.854,paired,True,True,2026-07-09T11:35:37.441Z,2026-07-09T11:39:28.150Z,0.42,0.29,0.29,0.42,2026-07-09,19,16-20
btc-updown-5m-1783597200,2026-07-09 11:40:00+00:00,2026-07-09 11:30:26.184000+00:00,573.816,single,True,False,2026-07-09T11:40:55.824Z,,-0.29,0.29,,-0.29,2026-07-09,19,16-20
btc-updown-5m-1783597500,2026-07-09 11:45:00+00:00,2026-07-09 11:35:26.210000+00:00,573.79,none,False,False,,,0.0,,,0.0,2026-07-09,19,16-20
btc-updown-5m-1783597800,2026-07-09 11:50:00+00:00,2026-07-09 11:40:26.069000+00:00,573.931,single,False,True,,2026-07-09T11:52:36.509Z,-0.29,,0.16,-0.16,2026-07-09,19,16-20
btc-updown-5m-1783598100,2026-07-09 11:55:00+00:00,2026-07-09 11:45:26.257000+00:00,573.743,single,False,True,,2026-07-09T11:55:40.030Z,-0.29,,0.29,-0.29,2026-07-09,19,16-20
btc-updown-5m-1783598400,2026-07-09 12:00:00+00:00,2026-07-09 11:50:26.264000+00:00,573.736,single,True,False,2026-07-09T12:01:48.267Z,,-0.29,0.29,,-0.29,2026-07-09,19,16-20
btc-updown-5m-1783598700,2026-07-09 12:05:00+00:00,2026-07-09 11:55:26.291000+00:00,573.709,none,False,False,,,0.0,,,0.0,2026-07-09,20,20-24
btc-updown-5m-1783599000,2026-07-09 12:10:00+00:00,2026-07-09 12:00:26.270000+00:00,573.73,single,True,False,2026-07-09T12:12:37.992Z,,-0.29,0.29,,-0.29,2026-07-09,20,20-24
btc-updown-5m-1783599300,2026-07-09 12:15:00+00:00,2026-07-09 12:05:26.277000+00:00,573.723,paired,True,True,2026-07-09T12:17:02.011Z,2026-07-09T12:18:43.087Z,0.42,0.28,0.29,0.43,2026-07-09,20,20-24
btc-updown-5m-1783599600,2026-07-09 12:20:00+00:00,2026-07-09 12:10:26.353000+00:00,573.647,single,True,False,2026-07-09T12:22:20.356Z,,-0.29,0.29,,-0.29,2026-07-09,20,20-24
btc-updown-5m-1783599900,2026-07-09 12:25:00+00:00,2026-07-09 12:15:26.492000+00:00,573.508,paired,True,True,2026-07-09T12:28:00.846Z,2026-07-09T12:25:19.777Z,0.42,0.15,0.29,0.56,2026-07-09,20,20-24
btc-updown-5m-1783600200,2026-07-09 12:30:00+00:00,2026-07-09 12:20:26.550000+00:00,573.45,none,False,False,,,0.0,,,0.0,2026-07-09,20,20-24
btc-updown-5m-1783600500,2026-07-09 12:35:00+00:00,2026-07-09 12:25:26.824000+00:00,573.176,none,False,False,,,0.0,,,0.0,2026-07-09,20,20-24
btc-updown-5m-1783600800,2026-07-09 12:40:00+00:00,2026-07-09 12:30:27.002000+00:00,572.998,single,True,False,2026-07-09T12:41:36.824Z,,-0.29,0.29,,-0.29,2026-07-09,20,20-24
btc-updown-5m-1783601100,2026-07-09 12:45:00+00:00,2026-07-09 12:35:27.391000+00:00,572.609,single,True,False,2026-07-09T12:45:26.608Z,,-0.29,0.29,,-0.29,2026-07-09,20,20-24
btc-updown-5m-1783601400,2026-07-09 12:50:00+00:00,2026-07-09 12:40:27.615000+00:00,572.385,single,False,True,,2026-07-09T12:50:35.029Z,-0.29,,0.29,-0.29,2026-07-09,20,20-24
btc-updown-5m-1783601700,2026-07-09 12:55:00+00:00,2026-07-09 12:45:27.724000+00:00,572.276,paired,True,True,2026-07-09T12:56:26.523Z,2026-07-09T12:58:00.099Z,0.42,0.29,0.29,0.42,2026-07-09,20,20-24
btc-updown-5m-1783602000,2026-07-09 13:00:00+00:00,2026-07-09 12:50:27.499000+00:00,572.501,none,False,False,,,0.0,,,0.0,2026-07-09,20,20-24
btc-updown-5m-1783602300,2026-07-09 13:05:00+00:00,2026-07-09 12:55:27.973000+00:00,572.027,single,False,True,,2026-07-09T13:06:47.416Z,-0.29,,0.28,-0.28,2026-07-09,21,20-24
btc-updown-5m-1783602600,2026-07-09 13:10:00+00:00,2026-07-09 13:00:27.621000+00:00,572.379,single,False,True,,2026-07-09T13:12:28.108Z,-0.29,,0.29,-0.29,2026-07-09,21,20-24
btc-updown-5m-1783602900,2026-07-09 13:15:00+00:00,2026-07-09 13:05:27.572000+00:00,572.428,single,True,False,2026-07-09T13:15:24.439Z,,-0.29,0.29,,-0.29,2026-07-09,21,20-24
btc-updown-5m-1783603200,2026-07-09 13:20:00+00:00,2026-07-09 13:10:27.827000+00:00,572.173,single,True,False,2026-07-09T13:20:20.625Z,,-0.29,0.29,,-0.29,2026-07-09,21,20-24
btc-updown-5m-1783603500,2026-07-09 13:25:00+00:00,2026-07-09 13:15:27.894000+00:00,572.106,paired,True,True,2026-07-09T13:28:12.136Z,2026-07-09T13:25:08.796Z,0.42,0.28,0.29,0.43,2026-07-09,21,20-24
btc-updown-5m-1783603800,2026-07-09 13:30:00+00:00,2026-07-09 13:20:27.721000+00:00,572.279,none,False,False,,,0.0,,,0.0,2026-07-09,21,20-24
btc-updown-5m-1783604100,2026-07-09 13:35:00+00:00,2026-07-09 13:25:27.742000+00:00,572.258,none,False,False,,,0.0,,,0.0,2026-07-09,21,20-24
btc-updown-5m-1783604400,2026-07-09 13:40:00+00:00,2026-07-09 13:30:27.867000+00:00,572.133,none,False,False,,,0.0,,,0.0,2026-07-09,21,20-24
btc-updown-5m-1783604700,2026-07-09 13:45:00+00:00,2026-07-09 13:35:27.803000+00:00,572.197,none,False,False,,,0.0,,,0.0,2026-07-09,21,20-24
btc-updown-5m-1783605000,2026-07-09 13:50:00+00:00,2026-07-09 13:40:27.824000+00:00,572.176,none,False,False,,,0.0,,,0.0,2026-07-09,21,20-24
btc-updown-5m-1783605300,2026-07-09 13:55:00+00:00,2026-07-09 13:45:27.822000+00:00,572.178,none,False,False,,,0.0,,,0.0,2026-07-09,21,20-24
btc-updown-5m-1783605600,2026-07-09 14:00:00+00:00,2026-07-09 13:50:27.905000+00:00,572.095,paired,True,True,2026-07-09T14:03:14.716Z,2026-07-09T14:03:47.063Z,0.42,0.29,0.29,0.42,2026-07-09,21,20-24
btc-updown-5m-1783605900,2026-07-09 14:05:00+00:00,2026-07-09 13:55:27.896000+00:00,572.104,single,True,False,2026-07-09T14:06:23.855Z,,-0.29,0.28,,-0.28,2026-07-09,22,20-24
btc-updown-5m-1783606200,2026-07-09 14:10:00+00:00,2026-07-09 14:00:27.910000+00:00,572.09,paired,True,True,2026-07-09T14:10:18.343Z,2026-07-09T14:14:10.048Z,0.42,0.29,0.28,0.42999999999999994,2026-07-09,22,20-24
btc-updown-5m-1783606500,2026-07-09 14:15:00+00:00,2026-07-09 14:05:27.828000+00:00,572.172,single,True,False,2026-07-09T14:15:16.379Z,,-0.29,0.29,,-0.29,2026-07-09,22,20-24
btc-updown-5m-1783606800,2026-07-09 14:20:00+00:00,2026-07-09 14:10:28.051000+00:00,571.949,paired,True,True,2026-07-09T14:21:25.819Z,2026-07-09T14:23:08.936Z,0.42,0.29,0.29,0.42,2026-07-09,22,20-24
btc-updown-5m-1783607100,2026-07-09 14:25:00+00:00,2026-07-09 14:15:27.896000+00:00,572.104,single,False,True,,2026-07-09T14:29:14.427Z,-0.29,,0.01,-0.01,2026-07-09,22,20-24
btc-updown-5m-1783607400,2026-07-09 14:30:00+00:00,2026-07-09 14:20:27.927000+00:00,572.073,single,True,False,2026-07-09T14:30:44.137Z,,-0.29,0.29,,-0.29,2026-07-09,22,20-24
btc-updown-5m-1783607700,2026-07-09 14:35:00+00:00,2026-07-09 14:25:28.018000+00:00,571.982,single,False,True,,2026-07-09T14:38:01.308Z,-0.29,,0.29,-0.29,2026-07-09,22,20-24
btc-updown-5m-1783608000,2026-07-09 14:40:00+00:00,2026-07-09 14:30:14.535000+00:00,585.465,paired,True,True,2026-07-09T14:44:28.578Z,2026-07-09T14:42:30.977Z,0.42,0.28,0.29,0.43,2026-07-09,22,20-24
btc-updown-5m-1783608300,2026-07-09 14:45:00+00:00,2026-07-09 14:35:14.649000+00:00,585.351,single,False,True,,2026-07-09T14:46:02.987Z,-0.29,,0.29,-0.29,2026-07-09,22,20-24
btc-updown-5m-1783608600,2026-07-09 14:50:00+00:00,2026-07-09 14:40:14.540000+00:00,585.46,none,False,False,,,0.0,,,0.0,2026-07-09,22,20-24
btc-updown-5m-1783608900,2026-07-09 14:55:00+00:00,2026-07-09 14:45:14.555000+00:00,585.445,none,False,False,,,0.0,,,0.0,2026-07-09,22,20-24
btc-updown-5m-1783609200,2026-07-09 15:00:00+00:00,2026-07-09 14:50:14.535000+00:00,585.465,none,False,False,,,0.0,,,0.0,2026-07-09,22,20-24
btc-updown-5m-1783609500,2026-07-09 15:05:00+00:00,2026-07-09 14:55:14.490000+00:00,585.51,none,False,False,,,0.0,,,0.0,2026-07-09,23,20-24
btc-updown-5m-1783609800,2026-07-09 15:10:00+00:00,2026-07-09 15:00:14.515000+00:00,585.485,single,True,False,2026-07-09T15:12:42.108Z,,-0.29,0.29,,-0.29,2026-07-09,23,20-24
btc-updown-5m-1783610100,2026-07-09 15:15:00+00:00,2026-07-09 15:05:14.624000+00:00,585.376,paired,True,True,2026-07-09T15:17:02.171Z,2026-07-09T15:16:01.944Z,0.42,0.29,0.28,0.42999999999999994,2026-07-09,23,20-24
btc-updown-5m-1783610400,2026-07-09 15:20:00+00:00,2026-07-09 15:10:14.604000+00:00,585.396,paired,True,True,2026-07-09T15:21:44.780Z,2026-07-09T15:22:47.352Z,0.42,0.29,0.28,0.42999999999999994,2026-07-09,23,20-24
btc-updown-5m-1783610700,2026-07-09 15:25:00+00:00,2026-07-09 15:15:14.728000+00:00,585.272,none,False,False,,,0.0,,,0.0,2026-07-09,23,20-24
btc-updown-5m-1783611000,2026-07-09 15:30:00+00:00,2026-07-09 15:20:14.782000+00:00,585.218,paired,True,True,2026-07-09T15:34:52.386Z,2026-07-09T15:31:37.541Z,0.42,0.28,0.29,0.43,2026-07-09,23,20-24
btc-updown-5m-1783611300,2026-07-09 15:35:00+00:00,2026-07-09 15:25:14.701000+00:00,585.299,single,True,False,2026-07-09T15:35:39.488Z,,-0.29,0.29,,-0.29,2026-07-09,23,20-24
btc-updown-5m-1783611600,2026-07-09 15:40:00+00:00,2026-07-09 15:30:14.699000+00:00,585.301,none,False,False,,,0.0,,,0.0,2026-07-09,23,20-24
btc-updown-5m-1783611900,2026-07-09 15:45:00+00:00,2026-07-09 15:35:14.676000+00:00,585.324,none,False,False,,,0.0,,,0.0,2026-07-09,23,20-24
btc-updown-5m-1783612200,2026-07-09 15:50:00+00:00,2026-07-09 15:40:14.754000+00:00,585.246,single,True,False,2026-07-09T15:52:24.946Z,,-0.29,0.27,,-0.27,2026-07-09,23,20-24
btc-updown-5m-1783612500,2026-07-09 15:55:00+00:00,2026-07-09 15:45:14.720000+00:00,585.28,single,True,False,2026-07-09T15:55:57.163Z,,-0.29,0.29,,-0.29,2026-07-09,23,20-24
btc-updown-5m-1783612800,2026-07-09 16:00:00+00:00,2026-07-09 15:50:14.728000+00:00,585.272,single,False,True,,2026-07-09T16:00:49.175Z,-0.29,,0.29,-0.29,2026-07-09,23,20-24
btc-updown-5m-1783613100,2026-07-09 16:05:00+00:00,2026-07-09 15:55:14.730000+00:00,585.27,none,False,False,,,0.0,,,0.0,2026-07-10,0,00-04
btc-updown-5m-1783613400,2026-07-09 16:10:00+00:00,2026-07-09 16:00:14.738000+00:00,585.262,none,False,False,,,0.0,,,0.0,2026-07-10,0,00-04
btc-updown-5m-1783613700,2026-07-09 16:15:00+00:00,2026-07-09 16:05:14.760000+00:00,585.24,none,False,False,,,0.0,,,0.0,2026-07-10,0,00-04
btc-updown-5m-1783614000,2026-07-09 16:20:00+00:00,2026-07-09 16:10:14.787000+00:00,585.213,none,False,False,,,0.0,,,0.0,2026-07-10,0,00-04
btc-updown-5m-1783614300,2026-07-09 16:25:00+00:00,2026-07-09 16:15:14.831000+00:00,585.169,none,False,False,,,0.0,,,0.0,2026-07-10,0,00-04
btc-updown-5m-1783614600,2026-07-09 16:30:00+00:00,2026-07-09 16:20:14.811000+00:00,585.189,none,False,False,,,0.0,,,0.0,2026-07-10,0,00-04
btc-updown-5m-1783614900,2026-07-09 16:35:00+00:00,2026-07-09 16:25:14.797000+00:00,585.203,none,False,False,,,0.0,,,0.0,2026-07-10,0,00-04
btc-updown-5m-1783615200,2026-07-09 16:40:00+00:00,2026-07-09 16:30:14.859000+00:00,585.141,none,False,False,,,0.0,,,0.0,2026-07-10,0,00-04
btc-updown-5m-1783615500,2026-07-09 16:45:00+00:00,2026-07-09 16:35:14.804000+00:00,585.196,none,False,False,,,0.0,,,0.0,2026-07-10,0,00-04
btc-updown-5m-1783615800,2026-07-09 16:50:00+00:00,2026-07-09 16:40:14.818000+00:00,585.182,none,False,False,,,0.0,,,0.0,2026-07-10,0,00-04
btc-updown-5m-1783616100,2026-07-09 16:55:00+00:00,2026-07-09 16:45:14.814000+00:00,585.186,none,False,False,,,0.0,,,0.0,2026-07-10,0,00-04
btc-updown-5m-1783616400,2026-07-09 17:00:00+00:00,2026-07-09 16:50:14.935000+00:00,585.065,none,False,False,,,0.0,,,0.0,2026-07-10,0,00-04
btc-updown-5m-1783616700,2026-07-09 17:05:00+00:00,2026-07-09 16:55:14.978000+00:00,585.022,none,False,False,,,0.0,,,0.0,2026-07-10,1,00-04
btc-updown-5m-1783617000,2026-07-09 17:10:00+00:00,2026-07-09 17:00:15.240000+00:00,584.76,single,True,False,2026-07-09T17:13:11.223Z,,-0.29,0.21,,-0.21,2026-07-10,1,00-04
btc-updown-5m-1783617300,2026-07-09 17:15:00+00:00,2026-07-09 17:05:15.347000+00:00,584.653,single,False,True,,2026-07-09T17:16:41.972Z,-0.29,,0.29,-0.29,2026-07-10,1,00-04
btc-updown-5m-1783617600,2026-07-09 17:20:00+00:00,2026-07-09 17:10:15.492000+00:00,584.508,single,True,False,2026-07-09T17:24:35.910Z,,-0.29,0.28,,-0.28,2026-07-10,1,00-04
btc-updown-5m-1783617900,2026-07-09 17:25:00+00:00,2026-07-09 17:15:15.650000+00:00,584.35,none,False,False,,,0.0,,,0.0,2026-07-10,1,00-04
btc-updown-5m-1783618200,2026-07-09 17:30:00+00:00,2026-07-09 17:20:15.812000+00:00,584.188,single,True,False,2026-07-09T17:31:06.280Z,,-0.29,0.28,,-0.28,2026-07-10,1,00-04
btc-updown-5m-1783618500,2026-07-09 17:35:00+00:00,2026-07-09 17:25:15.727000+00:00,584.273,single,False,True,,2026-07-09T17:37:05.932Z,-0.29,,0.29,-0.29,2026-07-10,1,00-04
btc-updown-5m-1783618800,2026-07-09 17:40:00+00:00,2026-07-09 17:30:15.919000+00:00,584.081,paired,True,True,2026-07-09T17:41:45.887Z,2026-07-09T17:44:52.846Z,0.42,0.29,0.29,0.42,2026-07-10,1,00-04
btc-updown-5m-1783619100,2026-07-09 17:45:00+00:00,2026-07-09 17:35:16.232000+00:00,583.768,none,False,False,,,0.0,,,0.0,2026-07-10,1,00-04
btc-updown-5m-1783619400,2026-07-09 17:50:00+00:00,2026-07-09 17:40:16.426000+00:00,583.574,none,False,False,,,0.0,,,0.0,2026-07-10,1,00-04
btc-updown-5m-1783619700,2026-07-09 17:55:00+00:00,2026-07-09 17:45:16.320000+00:00,583.68,none,False,False,,,0.0,,,0.0,2026-07-10,1,00-04
btc-updown-5m-1783620000,2026-07-09 18:00:00+00:00,2026-07-09 17:50:16.340000+00:00,583.66,none,False,False,,,0.0,,,0.0,2026-07-10,1,00-04
btc-updown-5m-1783620300,2026-07-09 18:05:00+00:00,2026-07-09 17:55:16.398000+00:00,583.602,none,False,False,,,0.0,,,0.0,2026-07-10,2,00-04
btc-updown-5m-1783620600,2026-07-09 18:10:00+00:00,2026-07-09 18:00:16.389000+00:00,583.611,none,False,False,,,0.0,,,0.0,2026-07-10,2,00-04
btc-updown-5m-1783620900,2026-07-09 18:15:00+00:00,2026-07-09 18:05:16.429000+00:00,583.571,none,False,False,,,0.0,,,0.0,2026-07-10,2,00-04
btc-updown-5m-1783621200,2026-07-09 18:20:00+00:00,2026-07-09 18:10:16.479000+00:00,583.521,single,True,False,2026-07-09T18:20:20.012Z,,-0.29,0.29,,-0.29,2026-07-10,2,00-04
btc-updown-5m-1783621500,2026-07-09 18:25:00+00:00,2026-07-09 18:15:16.483000+00:00,583.517,single,False,True,,2026-07-09T18:27:54.663Z,-0.29,,0.29,-0.29,2026-07-10,2,00-04
btc-updown-5m-1783621800,2026-07-09 18:30:00+00:00,2026-07-09 18:20:16.551000+00:00,583.449,paired,True,True,2026-07-09T18:31:36.103Z,2026-07-09T18:34:08.876Z,0.42,0.29,0.24,0.47,2026-07-10,2,00-04
btc-updown-5m-1783622100,2026-07-09 18:35:00+00:00,2026-07-09 18:25:16.497000+00:00,583.503,single,True,False,2026-07-09T18:36:19.979Z,,-0.29,0.27,,-0.27,2026-07-10,2,00-04
btc-updown-5m-1783622400,2026-07-09 18:40:00+00:00,2026-07-09 18:30:16.531000+00:00,583.469,single,False,True,,2026-07-09T18:41:59.239Z,-0.29,,0.29,-0.29,2026-07-10,2,00-04
btc-updown-5m-1783622700,2026-07-09 18:45:00+00:00,2026-07-09 18:35:16.581000+00:00,583.419,paired,True,True,2026-07-09T18:49:40.839Z,2026-07-09T18:46:46.525Z,0.42,0.26,0.29,0.45,2026-07-10,2,00-04
btc-updown-5m-1783623000,2026-07-09 18:50:00+00:00,2026-07-09 18:40:16.575000+00:00,583.425,single,True,False,2026-07-09T18:50:55.635Z,,-0.29,0.27,,-0.27,2026-07-10,2,00-04
btc-updown-5m-1783623300,2026-07-09 18:55:00+00:00,2026-07-09 18:45:16.523000+00:00,583.477,none,False,False,,,0.0,,,0.0,2026-07-10,2,00-04
btc-updown-5m-1783623600,2026-07-09 19:00:00+00:00,2026-07-09 18:50:17.436000+00:00,582.564,none,False,False,,,0.0,,,0.0,2026-07-10,2,00-04
btc-updown-5m-1783623900,2026-07-09 19:05:00+00:00,2026-07-09 18:55:16.775000+00:00,583.225,paired,True,True,2026-07-09T19:07:36.045Z,2026-07-09T19:09:45.546Z,0.42,0.22,0.26,0.52,2026-07-10,3,00-04
btc-updown-5m-1783624200,2026-07-09 19:10:00+00:00,2026-07-09 19:00:16.845000+00:00,583.155,single,True,False,2026-07-09T19:10:36.199Z,,-0.29,0.29,,-0.29,2026-07-10,3,00-04
btc-updown-5m-1783624500,2026-07-09 19:15:00+00:00,2026-07-09 19:05:16.795000+00:00,583.205,paired,True,True,2026-07-09T19:15:10.958Z,2026-07-09T19:16:24.266Z,0.42,0.29,0.29,0.42,2026-07-10,3,00-04
btc-updown-5m-1783624800,2026-07-09 19:20:00+00:00,2026-07-09 19:10:16.812000+00:00,583.188,none,False,False,,,0.0,,,0.0,2026-07-10,3,00-04
btc-updown-5m-1783625100,2026-07-09 19:25:00+00:00,2026-07-09 19:15:16.834000+00:00,583.166,none,False,False,,,0.0,,,0.0,2026-07-10,3,00-04
btc-updown-5m-1783625400,2026-07-09 19:30:00+00:00,2026-07-09 19:20:16.823000+00:00,583.177,none,False,False,,,0.0,,,0.0,2026-07-10,3,00-04
btc-updown-5m-1783625700,2026-07-09 19:35:00+00:00,2026-07-09 19:25:16.895000+00:00,583.105,single,False,True,,2026-07-09T19:37:27.133Z,-0.29,,0.2,-0.2,2026-07-10,3,00-04
btc-updown-5m-1783626000,2026-07-09 19:40:00+00:00,2026-07-09 19:30:16.901000+00:00,583.099,single,False,True,,2026-07-09T19:43:23.103Z,-0.29,,0.29,-0.29,2026-07-10,3,00-04
btc-updown-5m-1783626300,2026-07-09 19:45:00+00:00,2026-07-09 19:35:16.867000+00:00,583.133,single,True,False,2026-07-09T19:45:48.436Z,,-0.29,0.29,,-0.29,2026-07-10,3,00-04
btc-updown-5m-1783626600,2026-07-09 19:50:00+00:00,2026-07-09 19:40:16.884000+00:00,583.116,none,False,False,,,0.0,,,0.0,2026-07-10,3,00-04
btc-updown-5m-1783626900,2026-07-09 19:55:00+00:00,2026-07-09 19:45:16.959000+00:00,583.041,paired,True,True,2026-07-09T19:59:04.200Z,2026-07-09T19:57:37.998Z,0.42,0.27,0.29,0.44,2026-07-10,3,00-04
btc-updown-5m-1783627200,2026-07-09 20:00:00+00:00,2026-07-09 19:50:17.063000+00:00,582.937,paired,True,True,2026-07-09T20:02:30.576Z,2026-07-09T20:00:39.226Z,0.42,0.29,0.29,0.42,2026-07-10,3,00-04
btc-updown-5m-1783627500,2026-07-09 20:05:00+00:00,2026-07-09 19:55:17.107000+00:00,582.893,single,False,True,,2026-07-09T20:07:07.056Z,-0.29,,0.29,-0.29,2026-07-10,4,04-08
btc-updown-5m-1783627800,2026-07-09 20:10:00+00:00,2026-07-09 20:00:17.013000+00:00,582.987,none,False,False,,,0.0,,,0.0,2026-07-10,4,04-08
btc-updown-5m-1783628100,2026-07-09 20:15:00+00:00,2026-07-09 20:05:17.020000+00:00,582.98,single,False,True,,2026-07-09T20:19:46.642Z,-0.29,,0.03,-0.03,2026-07-10,4,04-08
btc-updown-5m-1783628400,2026-07-09 20:20:00+00:00,2026-07-09 20:10:17.011000+00:00,582.989,single,False,True,,2026-07-09T20:22:09.055Z,-0.29,,0.29,-0.29,2026-07-10,4,04-08
btc-updown-5m-1783628700,2026-07-09 20:25:00+00:00,2026-07-09 20:15:17.083000+00:00,582.917,single,False,True,,2026-07-09T20:26:01.823Z,-0.29,,0.29,-0.29,2026-07-10,4,04-08
btc-updown-5m-1783629000,2026-07-09 20:30:00+00:00,2026-07-09 20:20:17.246000+00:00,582.754,none,False,False,,,0.0,,,0.0,2026-07-10,4,04-08
btc-updown-5m-1783629300,2026-07-09 20:35:00+00:00,2026-07-09 20:25:17.146000+00:00,582.854,single,True,False,2026-07-09T20:37:35.741Z,,-0.29,0.29,,-0.29,2026-07-10,4,04-08
btc-updown-5m-1783629600,2026-07-09 20:40:00+00:00,2026-07-09 20:30:17.189000+00:00,582.811,single,False,True,,2026-07-09T20:41:51.192Z,-0.29,,0.29,-0.29,2026-07-10,4,04-08
btc-updown-5m-1783629900,2026-07-09 20:45:00+00:00,2026-07-09 20:35:17.247000+00:00,582.753,single,True,False,2026-07-09T20:48:11.850Z,,-0.29,0.29,,-0.29,2026-07-10,4,04-08
btc-updown-5m-1783630200,2026-07-09 20:50:00+00:00,2026-07-09 20:40:17.478000+00:00,582.522,none,False,False,,,0.0,,,0.0,2026-07-10,4,04-08
btc-updown-5m-1783630500,2026-07-09 20:55:00+00:00,2026-07-09 20:45:17.636000+00:00,582.364,single,False,True,,2026-07-09T20:57:37.093Z,-0.29,,0.29,-0.29,2026-07-10,4,04-08
btc-updown-5m-1783630800,2026-07-09 21:00:00+00:00,2026-07-09 20:50:17.513000+00:00,582.487,single,False,True,,2026-07-09T21:00:11.274Z,-0.29,,0.29,-0.29,2026-07-10,4,04-08
btc-updown-5m-1783631100,2026-07-09 21:05:00+00:00,2026-07-09 20:55:17.597000+00:00,582.403,single,True,False,2026-07-09T21:08:25.475Z,,-0.29,0.29,,-0.29,2026-07-10,5,04-08
btc-updown-5m-1783631400,2026-07-09 21:10:00+00:00,2026-07-09 21:00:17.577000+00:00,582.423,none,False,False,,,0.0,,,0.0,2026-07-10,5,04-08
btc-updown-5m-1783631700,2026-07-09 21:15:00+00:00,2026-07-09 21:05:17.527000+00:00,582.473,single,False,True,,2026-07-09T21:19:57.275Z,-0.29,,0.01,-0.01,2026-07-10,5,04-08
btc-updown-5m-1783632000,2026-07-09 21:20:00+00:00,2026-07-09 21:10:17.563000+00:00,582.437,single,True,False,2026-07-09T21:22:01.431Z,,-0.29,0.29,,-0.29,2026-07-10,5,04-08
btc-updown-5m-1783632300,2026-07-09 21:25:00+00:00,2026-07-09 21:15:17.617000+00:00,582.383,single,True,False,2026-07-09T21:26:11.600Z,,-0.29,0.29,,-0.29,2026-07-10,5,04-08
btc-updown-5m-1783632600,2026-07-09 21:30:00+00:00,2026-07-09 21:20:17.670000+00:00,582.33,none,False,False,,,0.0,,,0.0,2026-07-10,5,04-08
btc-updown-5m-1783632900,2026-07-09 21:35:00+00:00,2026-07-09 21:25:17.677000+00:00,582.323,single,False,True,,2026-07-09T21:38:01.417Z,-0.29,,0.29,-0.29,2026-07-10,5,04-08
btc-updown-5m-1783633200,2026-07-09 21:40:00+00:00,2026-07-09 21:30:17.653000+00:00,582.347,single,True,False,2026-07-09T21:40:03.063Z,,-0.29,0.29,,-0.29,2026-07-10,5,04-08
btc-updown-5m-1783633500,2026-07-09 21:45:00+00:00,2026-07-09 21:35:17.722000+00:00,582.278,single,False,True,,2026-07-09T21:45:23.561Z,-0.29,,0.29,-0.29,2026-07-10,5,04-08
btc-updown-5m-1783633800,2026-07-09 21:50:00+00:00,2026-07-09 21:40:17.633000+00:00,582.367,single,False,True,,2026-07-09T21:53:39.103Z,-0.29,,0.29,-0.29,2026-07-10,5,04-08
btc-updown-5m-1783634100,2026-07-09 21:55:00+00:00,2026-07-09 21:45:17.647000+00:00,582.353,paired,True,True,2026-07-09T21:59:33.599Z,2026-07-09T21:58:59.664Z,0.42,0.25,0.29,0.46,2026-07-10,5,04-08
btc-updown-5m-1783634400,2026-07-09 22:00:00+00:00,2026-07-09 21:50:17.667000+00:00,582.333,paired,True,True,2026-07-09T22:02:26.342Z,2026-07-09T22:00:40.654Z,0.42,0.27,0.28,0.44999999999999996,2026-07-10,5,04-08
btc-updown-5m-1783634700,2026-07-09 22:05:00+00:00,2026-07-09 21:55:17.721000+00:00,582.279,paired,True,True,2026-07-09T22:05:27.264Z,2026-07-09T22:07:11.313Z,0.42,0.28,0.29,0.43,2026-07-10,6,04-08
btc-updown-5m-1783635000,2026-07-09 22:10:00+00:00,2026-07-09 22:00:17.644000+00:00,582.356,single,True,False,2026-07-09T22:12:28.487Z,,-0.29,0.29,,-0.29,2026-07-10,6,04-08
btc-updown-5m-1783635300,2026-07-09 22:15:00+00:00,2026-07-09 22:05:17.646000+00:00,582.354,single,False,True,,2026-07-09T22:17:00.497Z,-0.29,,0.29,-0.29,2026-07-10,6,04-08
btc-updown-5m-1783635600,2026-07-09 22:20:00+00:00,2026-07-09 22:10:17.759000+00:00,582.241,none,False,False,,,0.0,,,0.0,2026-07-10,6,04-08
btc-updown-5m-1783635900,2026-07-09 22:25:00+00:00,2026-07-09 22:15:17.678000+00:00,582.322,single,True,False,2026-07-09T22:27:34.853Z,,-0.29,0.28,,-0.28,2026-07-10,6,04-08
btc-updown-5m-1783636200,2026-07-09 22:30:00+00:00,2026-07-09 22:20:17.720000+00:00,582.28,single,True,False,2026-07-09T22:34:09.610Z,,-0.29,0.27,,-0.27,2026-07-10,6,04-08
btc-updown-5m-1783636500,2026-07-09 22:35:00+00:00,2026-07-09 22:25:17.758000+00:00,582.242,paired,True,True,2026-07-09T22:35:07.630Z,2026-07-09T22:37:10.172Z,0.42,0.29,0.29,0.42,2026-07-10,6,04-08
btc-updown-5m-1783636800,2026-07-09 22:40:00+00:00,2026-07-09 22:30:17.756000+00:00,582.244,single,False,True,,2026-07-09T22:42:06.054Z,-0.29,,0.29,-0.29,2026-07-10,6,04-08
btc-updown-5m-1783637100,2026-07-09 22:45:00+00:00,2026-07-09 22:35:17.773000+00:00,582.227,paired,True,True,2026-07-09T22:48:10.153Z,2026-07-09T22:45:21.698Z,0.42,0.28,0.29,0.43,2026-07-10,6,04-08
btc-updown-5m-1783637400,2026-07-09 22:50:00+00:00,2026-07-09 22:40:17.853000+00:00,582.147,single,True,False,2026-07-09T22:50:18.637Z,,-0.29,0.29,,-0.29,2026-07-10,6,04-08
btc-updown-5m-1783637700,2026-07-09 22:55:00+00:00,2026-07-09 22:45:18.471000+00:00,581.529,none,False,False,,,0.0,,,0.0,2026-07-10,6,04-08
btc-updown-5m-1783638000,2026-07-09 23:00:00+00:00,2026-07-09 22:50:17.954000+00:00,582.046,none,False,False,,,0.0,,,0.0,2026-07-10,6,04-08
btc-updown-5m-1783638300,2026-07-09 23:05:00+00:00,2026-07-09 22:55:17.729000+00:00,582.271,none,False,False,,,0.0,,,0.0,2026-07-10,7,04-08
btc-updown-5m-1783638600,2026-07-09 23:10:00+00:00,2026-07-09 23:00:17.745000+00:00,582.255,none,False,False,,,0.0,,,0.0,2026-07-10,7,04-08
btc-updown-5m-1783638900,2026-07-09 23:15:00+00:00,2026-07-09 23:05:17.760000+00:00,582.24,none,False,False,,,0.0,,,0.0,2026-07-10,7,04-08
btc-updown-5m-1783639200,2026-07-09 23:20:00+00:00,2026-07-09 23:10:17.830000+00:00,582.17,none,False,False,,,0.0,,,0.0,2026-07-10,7,04-08
btc-updown-5m-1783639500,2026-07-09 23:25:00+00:00,2026-07-09 23:15:17.793000+00:00,582.207,single,True,False,2026-07-09T23:29:51.536Z,,-0.29,0.01,,-0.01,2026-07-10,7,04-08
btc-updown-5m-1783639800,2026-07-09 23:30:00+00:00,2026-07-09 23:20:17.734000+00:00,582.266,single,True,False,2026-07-09T23:30:26.398Z,,-0.29,0.29,,-0.29,2026-07-10,7,04-08
btc-updown-5m-1783640100,2026-07-09 23:35:00+00:00,2026-07-09 23:25:17.796000+00:00,582.204,single,False,True,,2026-07-09T23:36:49.289Z,-0.29,,0.29,-0.29,2026-07-10,7,04-08
btc-updown-5m-1783640400,2026-07-09 23:40:00+00:00,2026-07-09 23:30:17.872000+00:00,582.128,none,False,False,,,0.0,,,0.0,2026-07-10,7,04-08
btc-updown-5m-1783640700,2026-07-09 23:45:00+00:00,2026-07-09 23:35:17.808000+00:00,582.192,none,False,False,,,0.0,,,0.0,2026-07-10,7,04-08
btc-updown-5m-1783641000,2026-07-09 23:50:00+00:00,2026-07-09 23:40:17.827000+00:00,582.173,single,False,True,,2026-07-09T23:52:02.026Z,-0.29,,0.27,-0.27,2026-07-10,7,04-08
btc-updown-5m-1783641300,2026-07-09 23:55:00+00:00,2026-07-09 23:45:17.891000+00:00,582.109,single,True,False,2026-07-09T23:55:55.864Z,,-0.29,0.29,,-0.29,2026-07-10,7,04-08
btc-updown-5m-1783641600,2026-07-10 00:00:00+00:00,2026-07-09 23:50:18.110000+00:00,581.89,paired,True,True,2026-07-10T00:02:02.338Z,2026-07-10T00:04:03.212Z,0.42,0.29,0.29,0.42,2026-07-10,7,04-08
btc-updown-5m-1783641900,2026-07-10 00:05:00+00:00,2026-07-09 23:55:18.776000+00:00,581.224,none,False,False,,,0.0,,,0.0,2026-07-10,8,08-12
btc-updown-5m-1783642200,2026-07-10 00:10:00+00:00,2026-07-10 00:00:18.166000+00:00,581.834,none,False,False,,,0.0,,,0.0,2026-07-10,8,08-12
btc-updown-5m-1783642500,2026-07-10 00:15:00+00:00,2026-07-10 00:05:18.182000+00:00,581.818,none,False,False,,,0.0,,,0.0,2026-07-10,8,08-12
btc-updown-5m-1783642800,2026-07-10 00:20:00+00:00,2026-07-10 00:10:18.334000+00:00,581.666,single,True,False,2026-07-10T00:22:34.071Z,,-0.29,0.24,,-0.24,2026-07-10,8,08-12
btc-updown-5m-1783643100,2026-07-10 00:25:00+00:00,2026-07-10 00:15:18.573000+00:00,581.427,paired,True,True,2026-07-10T00:28:07.568Z,2026-07-10T00:26:56.080Z,0.42,0.29,0.28,0.42999999999999994,2026-07-10,8,08-12
btc-updown-5m-1783643400,2026-07-10 00:30:00+00:00,2026-07-10 00:20:18.696000+00:00,581.304,single,True,False,2026-07-10T00:32:49.643Z,,-0.29,0.29,,-0.29,2026-07-10,8,08-12
btc-updown-5m-1783643700,2026-07-10 00:35:00+00:00,2026-07-10 00:25:18.975000+00:00,581.025,single,False,True,,2026-07-10T00:39:52.704Z,-0.29,,0.001,-0.001,2026-07-10,8,08-12
btc-updown-5m-1783644000,2026-07-10 00:40:00+00:00,2026-07-10 00:30:19.360000+00:00,580.64,paired,True,True,2026-07-10T00:43:34.464Z,2026-07-10T00:41:27.010Z,0.42,0.29,0.29,0.42,2026-07-10,8,08-12
btc-updown-5m-1783644300,2026-07-10 00:45:00+00:00,2026-07-10 00:35:18.932000+00:00,581.068,paired,True,True,2026-07-10T00:48:33.016Z,2026-07-10T00:46:52.321Z,0.42,0.29,0.29,0.42,2026-07-10,8,08-12
btc-updown-5m-1783644600,2026-07-10 00:50:00+00:00,2026-07-10 00:40:18.964000+00:00,581.036,none,False,False,,,0.0,,,0.0,2026-07-10,8,08-12
btc-updown-5m-1783644900,2026-07-10 00:55:00+00:00,2026-07-10 00:45:19.003000+00:00,580.997,single,False,True,,2026-07-10T00:59:51.308Z,-0.29,,0.01,-0.01,2026-07-10,8,08-12
btc-updown-5m-1783645200,2026-07-10 01:00:00+00:00,2026-07-10 00:50:18.996000+00:00,581.004,single,True,False,2026-07-10T01:01:39.926Z,,-0.29,0.29,,-0.29,2026-07-10,8,08-12
btc-updown-5m-1783645500,2026-07-10 01:05:00+00:00,2026-07-10 00:55:19.068000+00:00,580.932,single,False,True,,2026-07-10T01:06:10.739Z,-0.29,,0.29,-0.29,2026-07-10,9,08-12
btc-updown-5m-1783645800,2026-07-10 01:10:00+00:00,2026-07-10 01:00:18.992000+00:00,581.008,none,False,False,,,0.0,,,0.0,2026-07-10,9,08-12
btc-updown-5m-1783646100,2026-07-10 01:15:00+00:00,2026-07-10 01:05:19.052000+00:00,580.948,single,False,True,,2026-07-10T01:19:55.792Z,-0.29,,0.01,-0.01,2026-07-10,9,08-12
btc-updown-5m-1783646400,2026-07-10 01:20:00+00:00,2026-07-10 01:10:19.030000+00:00,580.97,paired,True,True,2026-07-10T01:22:11.369Z,2026-07-10T01:20:47.252Z,0.42,0.29,0.29,0.42,2026-07-10,9,08-12
btc-updown-5m-1783646700,2026-07-10 01:25:00+00:00,2026-07-10 01:15:19.024000+00:00,580.976,paired,True,True,2026-07-10T01:26:45.136Z,2026-07-10T01:28:31.672Z,0.42,0.28,0.29,0.43,2026-07-10,9,08-12
btc-updown-5m-1783647000,2026-07-10 01:30:00+00:00,2026-07-10 01:20:19.064000+00:00,580.936,single,True,False,2026-07-10T01:30:13.021Z,,-0.29,0.29,,-0.29,2026-07-10,9,08-12
btc-updown-5m-1783647300,2026-07-10 01:35:00+00:00,2026-07-10 01:25:19.129000+00:00,580.871,none,False,False,,,0.0,,,0.0,2026-07-10,9,08-12
btc-updown-5m-1783647600,2026-07-10 01:40:00+00:00,2026-07-10 01:30:19.117000+00:00,580.883,none,False,False,,,0.0,,,0.0,2026-07-10,9,08-12
btc-updown-5m-1783647900,2026-07-10 01:45:00+00:00,2026-07-10 01:35:19.070000+00:00,580.93,none,False,False,,,0.0,,,0.0,2026-07-10,9,08-12
btc-updown-5m-1783648200,2026-07-10 01:50:00+00:00,2026-07-10 01:40:19.106000+00:00,580.894,none,False,False,,,0.0,,,0.0,2026-07-10,9,08-12
btc-updown-5m-1783648500,2026-07-10 01:55:00+00:00,2026-07-10 01:45:19.131000+00:00,580.869,none,False,False,,,0.0,,,0.0,2026-07-10,9,08-12
btc-updown-5m-1783648800,2026-07-10 02:00:00+00:00,2026-07-10 01:50:19.142000+00:00,580.858,single,False,True,,2026-07-10T02:02:31.754Z,-0.29,,0.28,-0.28,2026-07-10,9,08-12
btc-updown-5m-1783649100,2026-07-10 02:05:00+00:00,2026-07-10 01:55:19.138000+00:00,580.862,single,True,False,2026-07-10T02:05:33.517Z,,-0.29,0.29,,-0.29,2026-07-10,10,08-12
btc-updown-5m-1783649400,2026-07-10 02:10:00+00:00,2026-07-10 02:00:19.120000+00:00,580.88,paired,True,True,2026-07-10T02:10:26.291Z,2026-07-10T02:10:52.618Z,0.42,0.29,0.29,0.42,2026-07-10,10,08-12
btc-updown-5m-1783649700,2026-07-10 02:15:00+00:00,2026-07-10 02:05:19.173000+00:00,580.827,paired,True,True,2026-07-10T02:18:26.779Z,2026-07-10T02:18:53.930Z,0.42,0.29,0.29,0.42,2026-07-10,10,08-12
btc-updown-5m-1783650000,2026-07-10 02:20:00+00:00,2026-07-10 02:10:19.135000+00:00,580.865,single,True,False,2026-07-10T02:20:07.314Z,,-0.29,0.29,,-0.29,2026-07-10,10,08-12
btc-updown-5m-1783650300,2026-07-10 02:25:00+00:00,2026-07-10 02:15:19.192000+00:00,580.808,paired,True,True,2026-07-10T02:29:25.344Z,2026-07-10T02:25:53.866Z,0.42,0.28,0.29,0.43,2026-07-10,10,08-12
btc-updown-5m-1783650600,2026-07-10 02:30:00+00:00,2026-07-10 02:20:19.186000+00:00,580.814,none,False,False,,,0.0,,,0.0,2026-07-10,10,08-12
btc-updown-5m-1783650900,2026-07-10 02:35:00+00:00,2026-07-10 02:25:19.105000+00:00,580.895,single,False,True,,2026-07-10T02:37:46.909Z,-0.29,,0.29,-0.29,2026-07-10,10,08-12
btc-updown-5m-1783651200,2026-07-10 02:40:00+00:00,2026-07-10 02:30:19.157000+00:00,580.843,single,True,False,2026-07-10T02:40:09.785Z,,-0.29,0.28,,-0.28,2026-07-10,10,08-12
btc-updown-5m-1783651500,2026-07-10 02:45:00+00:00,2026-07-10 02:35:19.221000+00:00,580.779,paired,True,True,2026-07-10T02:46:16.528Z,2026-07-10T02:47:23.155Z,0.42,0.29,0.29,0.42,2026-07-10,10,08-12
btc-updown-5m-1783651800,2026-07-10 02:50:00+00:00,2026-07-10 02:40:19.149000+00:00,580.851,none,False,False,,,0.0,,,0.0,2026-07-10,10,08-12
btc-updown-5m-1783652100,2026-07-10 02:55:00+00:00,2026-07-10 02:45:19.233000+00:00,580.767,paired,True,True,2026-07-10T02:58:37.901Z,2026-07-10T02:57:47.427Z,0.42,0.29,0.27,0.43999999999999995,2026-07-10,10,08-12
btc-updown-5m-1783652400,2026-07-10 03:00:00+00:00,2026-07-10 02:50:19.285000+00:00,580.715,paired,True,True,2026-07-10T03:04:24.215Z,2026-07-10T03:01:40.363Z,0.42,0.29,0.29,0.42,2026-07-10,10,08-12
btc-updown-5m-1783652700,2026-07-10 03:05:00+00:00,2026-07-10 02:55:19.258000+00:00,580.742,single,True,False,2026-07-10T03:08:52.200Z,,-0.29,0.25,,-0.25,2026-07-10,11,08-12
btc-updown-5m-1783653000,2026-07-10 03:10:00+00:00,2026-07-10 03:00:19.225000+00:00,580.775,paired,True,True,2026-07-10T03:10:27.968Z,2026-07-10T03:11:27.551Z,0.42,0.29,0.29,0.42,2026-07-10,11,08-12
btc-updown-5m-1783653300,2026-07-10 03:15:00+00:00,2026-07-10 03:05:19.197000+00:00,580.803,single,True,False,2026-07-10T03:19:49.545Z,,-0.29,0.01,,-0.01,2026-07-10,11,08-12
btc-updown-5m-1783653600,2026-07-10 03:20:00+00:00,2026-07-10 03:10:19.340000+00:00,580.66,paired,True,True,2026-07-10T03:21:35.821Z,2026-07-10T03:20:20.324Z,0.42,0.29,0.29,0.42,2026-07-10,11,08-12
btc-updown-5m-1783653900,2026-07-10 03:25:00+00:00,2026-07-10 03:15:19.454000+00:00,580.546,paired,True,True,2026-07-10T03:27:30.820Z,2026-07-10T03:26:03.096Z,0.42,0.29,0.29,0.42,2026-07-10,11,08-12
btc-updown-5m-1783654200,2026-07-10 03:30:00+00:00,2026-07-10 03:20:19.381000+00:00,580.619,single,True,False,2026-07-10T03:34:59.300Z,,-0.29,0.01,,-0.01,2026-07-10,11,08-12
btc-updown-5m-1783654500,2026-07-10 03:35:00+00:00,2026-07-10 03:25:19.501000+00:00,580.499,single,False,True,,2026-07-10T03:35:29.665Z,-0.29,,0.29,-0.29,2026-07-10,11,08-12
btc-updown-5m-1783654800,2026-07-10 03:40:00+00:00,2026-07-10 03:30:19.463000+00:00,580.537,single,False,True,,2026-07-10T03:40:35.196Z,-0.29,,0.29,-0.29,2026-07-10,11,08-12
btc-updown-5m-1783655100,2026-07-10 03:45:00+00:00,2026-07-10 03:35:20.529000+00:00,579.471,none,False,False,,,0.0,,,0.0,2026-07-10,11,08-12
btc-updown-5m-1783655400,2026-07-10 03:50:00+00:00,2026-07-10 03:40:19.456000+00:00,580.544,single,True,False,2026-07-10T03:52:29.661Z,,-0.29,0.07,,-0.07,2026-07-10,11,08-12
btc-updown-5m-1783655700,2026-07-10 03:55:00+00:00,2026-07-10 03:45:19.423000+00:00,580.577,single,False,True,,2026-07-10T03:57:34.905Z,-0.29,,0.29,-0.29,2026-07-10,11,08-12
btc-updown-5m-1783656000,2026-07-10 04:00:00+00:00,2026-07-10 03:50:19.403000+00:00,580.597,single,False,True,,2026-07-10T04:00:09.796Z,-0.29,,0.29,-0.29,2026-07-10,11,08-12
btc-updown-5m-1783656300,2026-07-10 04:05:00+00:00,2026-07-10 03:55:19.562000+00:00,580.438,single,False,True,,2026-07-10T04:06:05.190Z,-0.29,,0.28,-0.28,2026-07-10,12,12-16
btc-updown-5m-1783656600,2026-07-10 04:10:00+00:00,2026-07-10 04:00:19.715000+00:00,580.285,none,False,False,,,0.0,,,0.0,2026-07-10,12,12-16
btc-updown-5m-1783656900,2026-07-10 04:15:00+00:00,2026-07-10 04:05:19.542000+00:00,580.458,paired,True,True,2026-07-10T04:15:54.203Z,2026-07-10T04:17:39.687Z,0.42,0.29,0.29,0.42,2026-07-10,12,12-16
btc-updown-5m-1783657200,2026-07-10 04:20:00+00:00,2026-07-10 04:10:19.397000+00:00,580.603,paired,True,True,2026-07-10T04:21:14.846Z,2026-07-10T04:20:11.566Z,0.42,0.29,0.29,0.42,2026-07-10,12,12-16
btc-updown-5m-1783657500,2026-07-10 04:25:00+00:00,2026-07-10 04:15:21.215000+00:00,578.785,none,False,False,,,0.0,,,0.0,2026-07-10,12,12-16
btc-updown-5m-1783657800,2026-07-10 04:30:00+00:00,2026-07-10 04:20:20.904000+00:00,579.096,none,False,False,,,0.0,,,0.0,2026-07-10,12,12-16
btc-updown-5m-1783658100,2026-07-10 04:35:00+00:00,2026-07-10 04:25:21.074000+00:00,578.926,single,False,True,,2026-07-10T04:35:18.761Z,-0.29,,0.27,-0.27,2026-07-10,12,12-16
btc-updown-5m-1783658400,2026-07-10 04:40:00+00:00,2026-07-10 04:30:20.970000+00:00,579.03,single,False,True,,2026-07-10T04:43:02.714Z,-0.29,,0.29,-0.29,2026-07-10,12,12-16
btc-updown-5m-1783658700,2026-07-10 04:45:00+00:00,2026-07-10 04:35:21.108000+00:00,578.892,none,False,False,,,0.0,,,0.0,2026-07-10,12,12-16
btc-updown-5m-1783659000,2026-07-10 04:50:00+00:00,2026-07-10 04:40:21.030000+00:00,578.97,single,True,False,2026-07-10T04:53:08.368Z,,-0.29,0.17,,-0.17,2026-07-10,12,12-16
btc-updown-5m-1783659300,2026-07-10 04:55:00+00:00,2026-07-10 04:45:21.051000+00:00,578.949,single,True,False,2026-07-10T04:57:23.451Z,,-0.29,0.29,,-0.29,2026-07-10,12,12-16
btc-updown-5m-1783659600,2026-07-10 05:00:00+00:00,2026-07-10 04:50:21.081000+00:00,578.919,single,True,False,2026-07-10T05:00:31.239Z,,-0.29,0.29,,-0.29,2026-07-10,12,12-16
btc-updown-5m-1783659900,2026-07-10 05:05:00+00:00,2026-07-10 04:55:21.287000+00:00,578.713,none,False,False,,,0.0,,,0.0,2026-07-10,13,12-16
btc-updown-5m-1783660200,2026-07-10 05:10:00+00:00,2026-07-10 05:00:21.177000+00:00,578.823,none,False,False,,,0.0,,,0.0,2026-07-10,13,12-16
btc-updown-5m-1783660500,2026-07-10 05:15:00+00:00,2026-07-10 05:05:21.186000+00:00,578.814,paired,True,True,2026-07-10T05:16:58.904Z,2026-07-10T05:19:09.074Z,0.42,0.29,0.29,0.42,2026-07-10,13,12-16
btc-updown-5m-1783660800,2026-07-10 05:20:00+00:00,2026-07-10 05:10:21.123000+00:00,578.877,single,True,False,2026-07-10T05:20:11.763Z,,-0.29,0.29,,-0.29,2026-07-10,13,12-16
btc-updown-5m-1783661100,2026-07-10 05:25:00+00:00,2026-07-10 05:15:21.345000+00:00,578.655,paired,True,True,2026-07-10T05:26:46.444Z,2026-07-10T05:29:39.335Z,0.42,0.29,0.28,0.42999999999999994,2026-07-10,13,12-16
btc-updown-5m-1783661400,2026-07-10 05:30:00+00:00,2026-07-10 05:20:21.139000+00:00,578.861,single,False,True,,2026-07-10T05:32:02.363Z,-0.29,,0.29,-0.29,2026-07-10,13,12-16
btc-updown-5m-1783661700,2026-07-10 05:35:00+00:00,2026-07-10 05:25:21.204000+00:00,578.796,paired,True,True,2026-07-10T05:39:17.315Z,2026-07-10T05:36:34.410Z,0.42,0.29,0.29,0.42,2026-07-10,13,12-16
btc-updown-5m-1783662000,2026-07-10 05:40:00+00:00,2026-07-10 05:30:21.205000+00:00,578.795,single,False,True,,2026-07-10T05:41:25.888Z,-0.29,,0.29,-0.29,2026-07-10,13,12-16
btc-updown-5m-1783662300,2026-07-10 05:45:00+00:00,2026-07-10 05:35:21.222000+00:00,578.778,single,True,False,2026-07-10T05:45:40.125Z,,-0.29,0.29,,-0.29,2026-07-10,13,12-16
btc-updown-5m-1783662600,2026-07-10 05:50:00+00:00,2026-07-10 05:40:21.127000+00:00,578.873,single,True,False,2026-07-10T05:52:48.321Z,,-0.29,0.29,,-0.29,2026-07-10,13,12-16
btc-updown-5m-1783662900,2026-07-10 05:55:00+00:00,2026-07-10 05:45:21.512000+00:00,578.488,paired,True,True,2026-07-10T05:56:24.076Z,2026-07-10T05:57:16.066Z,0.42,0.29,0.28,0.42999999999999994,2026-07-10,13,12-16
btc-updown-5m-1783663200,2026-07-10 06:00:00+00:00,2026-07-10 05:50:21.539000+00:00,578.461,paired,True,True,2026-07-10T06:01:02.594Z,2026-07-10T06:01:56.803Z,0.42,0.28,0.29,0.43,2026-07-10,13,12-16
btc-updown-5m-1783663500,2026-07-10 06:05:00+00:00,2026-07-10 05:55:21.696000+00:00,578.304,paired,True,True,2026-07-10T06:07:04.521Z,2026-07-10T06:08:19.233Z,0.42,0.29,0.29,0.42,2026-07-10,14,12-16
btc-updown-5m-1783663800,2026-07-10 06:10:00+00:00,2026-07-10 06:00:22.029000+00:00,577.971,paired,True,True,2026-07-10T06:14:17.525Z,2026-07-10T06:11:26.609Z,0.42,0.29,0.29,0.42,2026-07-10,14,12-16
btc-updown-5m-1783664100,2026-07-10 06:15:00+00:00,2026-07-10 06:05:21.692000+00:00,578.308,single,True,False,2026-07-10T06:17:49.521Z,,-0.29,0.28,,-0.28,2026-07-10,14,12-16
btc-updown-5m-1783664400,2026-07-10 06:20:00+00:00,2026-07-10 06:10:23.481000+00:00,576.519,none,False,False,,,0.0,,,0.0,2026-07-10,14,12-16
btc-updown-5m-1783664700,2026-07-10 06:25:00+00:00,2026-07-10 06:15:21.757000+00:00,578.243,single,True,False,2026-07-10T06:29:48.111Z,,-0.29,0.02,,-0.02,2026-07-10,14,12-16
btc-updown-5m-1783665000,2026-07-10 06:30:00+00:00,2026-07-10 06:20:21.850000+00:00,578.15,single,False,True,,2026-07-10T06:30:09.321Z,-0.29,,0.29,-0.29,2026-07-10,14,12-16
btc-updown-5m-1783665300,2026-07-10 06:35:00+00:00,2026-07-10 06:25:21.791000+00:00,578.209,paired,True,True,2026-07-10T06:39:46.052Z,2026-07-10T06:36:33.073Z,0.42,0.29,0.27,0.43999999999999995,2026-07-10,14,12-16
btc-updown-5m-1783665600,2026-07-10 06:40:00+00:00,2026-07-10 06:30:21.936000+00:00,578.064,single,True,False,2026-07-10T06:43:14.940Z,,-0.29,0.26,,-0.26,2026-07-10,14,12-16
btc-updown-5m-1783665900,2026-07-10 06:45:00+00:00,2026-07-10 06:35:21.900000+00:00,578.1,none,False,False,,,0.0,,,0.0,2026-07-10,14,12-16
btc-updown-5m-1783666200,2026-07-10 06:50:00+00:00,2026-07-10 06:40:21.944000+00:00,578.056,none,False,False,,,0.0,,,0.0,2026-07-10,14,12-16
btc-updown-5m-1783666500,2026-07-10 06:55:00+00:00,2026-07-10 06:45:21.797000+00:00,578.203,none,False,False,,,0.0,,,0.0,2026-07-10,14,12-16
btc-updown-5m-1783666800,2026-07-10 07:00:00+00:00,2026-07-10 06:50:21.931000+00:00,578.069,none,False,False,,,0.0,,,0.0,2026-07-10,14,12-16
btc-updown-5m-1783667100,2026-07-10 07:05:00+00:00,2026-07-10 06:55:21.922000+00:00,578.078,single,False,True,,2026-07-10T07:09:59.076Z,-0.29,,0.01,-0.01,2026-07-10,15,12-16
btc-updown-5m-1783667400,2026-07-10 07:10:00+00:00,2026-07-10 07:00:21.929000+00:00,578.071,single,False,True,,2026-07-10T07:11:18.116Z,-0.29,,0.28,-0.28,2026-07-10,15,12-16
btc-updown-5m-1783667700,2026-07-10 07:15:00+00:00,2026-07-10 07:05:21.950000+00:00,578.05,paired,True,True,2026-07-10T07:15:20.348Z,2026-07-10T07:18:29.116Z,0.42,0.29,0.29,0.42,2026-07-10,15,12-16
btc-updown-5m-1783668000,2026-07-10 07:20:00+00:00,2026-07-10 07:10:21.987000+00:00,578.013,single,False,True,,2026-07-10T07:22:22.057Z,-0.29,,0.29,-0.29,2026-07-10,15,12-16
btc-updown-5m-1783668300,2026-07-10 07:25:00+00:00,2026-07-10 07:15:21.937000+00:00,578.063,single,True,False,2026-07-10T07:25:22.448Z,,-0.29,0.29,,-0.29,2026-07-10,15,12-16
btc-updown-5m-1783668600,2026-07-10 07:30:00+00:00,2026-07-10 07:20:22.104000+00:00,577.896,none,False,False,,,0.0,,,0.0,2026-07-10,15,12-16
btc-updown-5m-1783668900,2026-07-10 07:35:00+00:00,2026-07-10 07:25:22.739000+00:00,577.261,single,True,False,2026-07-10T07:37:15.952Z,,-0.29,0.26,,-0.26,2026-07-10,15,12-16
btc-updown-5m-1783669200,2026-07-10 07:40:00+00:00,2026-07-10 07:30:22.386000+00:00,577.614,single,False,True,,2026-07-10T07:43:18.779Z,-0.29,,0.29,-0.29,2026-07-10,15,12-16
btc-updown-5m-1783669500,2026-07-10 07:45:00+00:00,2026-07-10 07:35:22.305000+00:00,577.695,single,True,False,2026-07-10T07:45:59.768Z,,-0.29,0.29,,-0.29,2026-07-10,15,12-16
btc-updown-5m-1783669800,2026-07-10 07:50:00+00:00,2026-07-10 07:40:22.365000+00:00,577.635,none,False,False,,,0.0,,,0.0,2026-07-10,15,12-16
btc-updown-5m-1783670100,2026-07-10 07:55:00+00:00,2026-07-10 07:45:23.874000+00:00,576.126,single,False,True,,2026-07-10T07:58:08.186Z,-0.29,,0.29,-0.29,2026-07-10,15,12-16
btc-updown-5m-1783670400,2026-07-10 08:00:00+00:00,2026-07-10 07:50:23.777000+00:00,576.223,single,False,True,,2026-07-10T08:01:20.190Z,-0.29,,0.29,-0.29,2026-07-10,15,12-16
btc-updown-5m-1783670700,2026-07-10 08:05:00+00:00,2026-07-10 07:55:23.878000+00:00,576.122,single,False,True,,2026-07-10T08:06:42.960Z,-0.29,,0.29,-0.29,2026-07-10,16,16-20
btc-updown-5m-1783671000,2026-07-10 08:10:00+00:00,2026-07-10 08:00:23.994000+00:00,576.006,paired,True,True,2026-07-10T08:11:43.797Z,2026-07-10T08:14:55.528Z,0.42,0.29,0.25,0.45999999999999996,2026-07-10,16,16-20
btc-updown-5m-1783671300,2026-07-10 08:15:00+00:00,2026-07-10 08:05:24.095000+00:00,575.905,single,False,True,,2026-07-10T08:19:57.801Z,-0.29,,0.001,-0.001,2026-07-10,16,16-20
btc-updown-5m-1783671600,2026-07-10 08:20:00+00:00,2026-07-10 08:10:24.271000+00:00,575.729,paired,True,True,2026-07-10T08:21:07.567Z,2026-07-10T08:22:18.449Z,0.42,0.29,0.29,0.42,2026-07-10,16,16-20
btc-updown-5m-1783671900,2026-07-10 08:25:00+00:00,2026-07-10 08:15:24.294000+00:00,575.706,paired,True,True,2026-07-10T08:25:17.105Z,2026-07-10T08:29:53.844Z,0.42,0.29,0.29,0.42,2026-07-10,16,16-20
btc-updown-5m-1783672200,2026-07-10 08:30:00+00:00,2026-07-10 08:20:26.691000+00:00,573.309,none,False,False,,,0.0,,,0.0,2026-07-10,16,16-20
btc-updown-5m-1783672500,2026-07-10 08:35:00+00:00,2026-07-10 08:25:26.332000+00:00,573.668,none,False,False,,,0.0,,,0.0,2026-07-10,16,16-20
btc-updown-5m-1783672800,2026-07-10 08:40:00+00:00,2026-07-10 08:30:26.378000+00:00,573.622,paired,True,True,2026-07-10T08:43:26.315Z,2026-07-10T08:44:44.928Z,0.42,0.29,0.28,0.42999999999999994,2026-07-10,16,16-20
btc-updown-5m-1783673100,2026-07-10 08:45:00+00:00,2026-07-10 08:35:26.290000+00:00,573.71,single,False,True,,2026-07-10T08:49:35.494Z,-0.29,0.29,0.29,0.42,2026-07-10,16,16-20
btc-updown-5m-1783673400,2026-07-10 08:50:00+00:00,2026-07-10 08:40:26.419000+00:00,573.581,single,True,False,2026-07-10T08:51:15.929Z,,-0.29,0.29,,-0.29,2026-07-10,16,16-20
btc-updown-5m-1783673700,2026-07-10 08:55:00+00:00,2026-07-10 08:45:26.824000+00:00,573.176,single,False,True,,2026-07-10T08:56:01.057Z,-0.29,,0.29,-0.29,2026-07-10,16,16-20
btc-updown-5m-1783674000,2026-07-10 09:00:00+00:00,2026-07-10 08:50:53.588000+00:00,546.412,single,True,False,2026-07-10T09:00:52.740Z,,-0.29,0.13,,-0.13,2026-07-10,16,16-20
btc-updown-5m-1783674300,2026-07-10 09:05:00+00:00,2026-07-10 08:55:40.186000+00:00,559.814,single,False,True,,2026-07-10T09:09:11.875Z,-0.29,,0.29,-0.29,2026-07-10,17,16-20
btc-updown-5m-1783674600,2026-07-10 09:10:00+00:00,2026-07-10 09:00:44.165000+00:00,555.835,paired,True,True,2026-07-10T09:12:32.277Z,2026-07-10T09:12:19.291Z,0.42,0.29,0.29,0.42,2026-07-10,17,16-20
btc-updown-5m-1783674900,2026-07-10 09:15:00+00:00,2026-07-10 09:05:24.936000+00:00,575.064,single,False,True,,2026-07-10T09:16:38.821Z,-0.29,,0.29,-0.29,2026-07-10,17,16-20
btc-updown-5m-1783675200,2026-07-10 09:20:00+00:00,2026-07-10 09:10:42.376000+00:00,557.624,single,False,True,,2026-07-10T09:21:14.803Z,-0.29,,0.2,-0.2,2026-07-10,17,16-20
btc-updown-5m-1783675500,2026-07-10 09:25:00+00:00,2026-07-10 09:15:46.783000+00:00,553.217,paired,True,True,2026-07-10T09:26:24.544Z,2026-07-10T09:27:33.014Z,0.42,0.23,0.29,0.48000000000000004,2026-07-10,17,16-20
btc-updown-5m-1783675800,2026-07-10 09:30:00+00:00,2026-07-10 09:20:43.013000+00:00,556.987,paired,True,True,2026-07-10T09:31:10.665Z,2026-07-10T09:31:54.954Z,0.42,0.29,0.29,0.42,2026-07-10,17,16-20
btc-updown-5m-1783676100,2026-07-10 09:35:00+00:00,2026-07-10 09:25:05.599000+00:00,594.401,single,False,True,,2026-07-10T09:36:00.102Z,-0.29,,0.29,-0.29,2026-07-10,17,16-20
btc-updown-5m-1783676400,2026-07-10 09:40:00+00:00,2026-07-10 09:31:05.112000+00:00,534.888,paired,True,True,2026-07-10T09:41:40.984Z,2026-07-10T09:44:46.012Z,0.42,0.29,0.21,0.5,2026-07-10,17,16-20
btc-updown-5m-1783676700,2026-07-10 09:45:00+00:00,2026-07-10 09:35:46.757000+00:00,553.243,single,True,False,2026-07-10T09:47:35.028Z,,-0.29,0.13,,-0.13,2026-07-10,17,16-20
btc-updown-5m-1783677000,2026-07-10 09:50:00+00:00,2026-07-10 09:40:35.336000+00:00,564.664,single,True,False,2026-07-10T09:51:35.939Z,,-0.29,0.29,,-0.29,2026-07-10,17,16-20
btc-updown-5m-1783677300,2026-07-10 09:55:00+00:00,2026-07-10 09:45:54.812000+00:00,545.188,single,True,False,2026-07-10T09:56:13.797Z,,-0.29,0.26,,-0.26,2026-07-10,17,16-20
btc-updown-5m-1783677600,2026-07-10 10:00:00+00:00,2026-07-10 09:50:45.472000+00:00,554.528,single,True,False,2026-07-10T10:02:59.727Z,,-0.29,0.29,,-0.29,2026-07-10,17,16-20
btc-updown-5m-1783677900,2026-07-10 10:05:00+00:00,2026-07-10 09:56:06.885000+00:00,533.115,single,True,False,2026-07-10T10:07:20.640Z,,-0.29,0.16,,-0.16,2026-07-10,18,16-20
btc-updown-5m-1783678200,2026-07-10 10:10:00+00:00,2026-07-10 10:01:43.792000+00:00,496.208,paired,True,True,2026-07-10T10:12:40.275Z,2026-07-10T10:11:00.168Z,0.42,0.29,0.27,0.43999999999999995,2026-07-10,18,16-20
btc-updown-5m-1783678500,2026-07-10 10:15:00+00:00,2026-07-10 10:05:29.824000+00:00,570.176,single,False,True,,2026-07-10T10:16:08.217Z,-0.29,,0.29,-0.29,2026-07-10,18,16-20
btc-updown-5m-1783678800,2026-07-10 10:20:00+00:00,2026-07-10 10:10:45.183000+00:00,554.817,single,False,True,,2026-07-10T10:21:37.587Z,-0.29,,0.27,-0.27,2026-07-10,18,16-20
btc-updown-5m-1783679100,2026-07-10 10:25:00+00:00,2026-07-10 10:15:59.457000+00:00,540.543,paired,True,True,2026-07-10T10:27:09.348Z,2026-07-10T10:29:40.029Z,0.42,0.29,0.23,0.48,2026-07-10,18,16-20
btc-updown-5m-1783679400,2026-07-10 10:30:00+00:00,2026-07-10 10:20:11.411000+00:00,588.589,paired,True,True,2026-07-10T10:31:11.256Z,2026-07-10T10:32:12.612Z,0.42,0.29,0.29,0.42,2026-07-10,18,16-20
btc-updown-5m-1783679700,2026-07-10 10:35:00+00:00,2026-07-10 10:25:55.549000+00:00,544.451,paired,True,True,2026-07-10T10:36:53.056Z,2026-07-10T10:38:34.942Z,0.42,0.29,0.29,0.42,2026-07-10,18,16-20
btc-updown-5m-1783680000,2026-07-10 10:40:00+00:00,2026-07-10 10:31:10.507000+00:00,529.493,paired,True,True,2026-07-10T10:41:11.767Z,2026-07-10T10:43:27.204Z,0.42,0.23,0.29,0.48000000000000004,2026-07-10,18,16-20
btc-updown-5m-1783680300,2026-07-10 10:45:00+00:00,2026-07-10 10:35:39.168000+00:00,560.832,single,False,True,,2026-07-10T10:46:43.328Z,-0.29,,0.29,-0.29,2026-07-10,18,16-20
btc-updown-5m-1783680600,2026-07-10 10:50:00+00:00,2026-07-10 10:41:06.463000+00:00,533.537,single,True,False,2026-07-10T10:51:16.773Z,,-0.29,0.29,,-0.29,2026-07-10,18,16-20
btc-updown-5m-1783680900,2026-07-10 10:55:00+00:00,2026-07-10 10:46:16.261000+00:00,523.739,paired,True,True,2026-07-10T10:59:08.152Z,2026-07-10T10:57:46.679Z,0.42,0.17,0.29,0.54,2026-07-10,18,16-20
btc-updown-5m-1783681200,2026-07-10 11:00:00+00:00,2026-07-10 10:51:18.488000+00:00,521.512,single,False,True,,2026-07-10T11:02:11.479Z,-0.29,,0.23,-0.23,2026-07-10,18,16-20
btc-updown-5m-1783681500,2026-07-10 11:05:00+00:00,2026-07-10 10:55:24.941000+00:00,575.059,paired,True,True,2026-07-10T11:07:53.129Z,2026-07-10T11:06:14.906Z,0.42,0.29,0.29,0.42,2026-07-10,19,16-20
btc-updown-5m-1783681800,2026-07-10 11:10:00+00:00,2026-07-10 11:01:10.647000+00:00,529.353,single,False,True,,2026-07-10T11:11:37.013Z,-0.29,,0.29,-0.29,2026-07-10,19,16-20
btc-updown-5m-1783682100,2026-07-10 11:15:00+00:00,2026-07-10 11:05:37.603000+00:00,562.397,paired,True,True,2026-07-10T11:18:38.722Z,2026-07-10T11:16:16.379Z,0.42,0.28,0.29,0.43,2026-07-10,19,16-20
btc-updown-5m-1783682400,2026-07-10 11:20:00+00:00,2026-07-10 11:11:04.122000+00:00,535.878,single,True,False,2026-07-10T11:21:26.497Z,,-0.29,0.29,,-0.29,2026-07-10,19,16-20
btc-updown-5m-1783682700,2026-07-10 11:25:00+00:00,2026-07-10 11:16:22.369000+00:00,517.631,paired,True,True,2026-07-10T11:26:43.437Z,2026-07-10T11:28:13.691Z,0.42,0.29,0.2,0.51,2026-07-10,19,16-20
btc-updown-5m-1783683000,2026-07-10 11:30:00+00:00,2026-07-10 11:20:57.096000+00:00,542.904,single,True,False,2026-07-10T11:31:11.029Z,,-0.29,0.29,,-0.29,2026-07-10,19,16-20
btc-updown-5m-1783683300,2026-07-10 11:35:00+00:00,2026-07-10 11:25:50.436000+00:00,549.564,single,True,False,2026-07-10T11:36:03.649Z,,-0.29,0.29,,-0.29,2026-07-10,19,16-20
btc-updown-5m-1783683600,2026-07-10 11:40:00+00:00,2026-07-10 11:31:03.510000+00:00,536.49,paired,True,True,2026-07-10T11:41:20.494Z,2026-07-10T11:44:20.397Z,0.42,0.2,0.28,0.52,2026-07-10,19,16-20
btc-updown-5m-1783683900,2026-07-10 11:45:00+00:00,2026-07-10 11:35:42.097000+00:00,557.903,single,False,True,,2026-07-10T11:46:14.539Z,-0.29,,0.22,-0.22,2026-07-10,19,16-20
btc-updown-5m-1783684200,2026-07-10 11:50:00+00:00,2026-07-10 11:41:12.049000+00:00,527.951,single,True,False,2026-07-10T11:52:11.674Z,,-0.29,0.29,,-0.29,2026-07-10,19,16-20
btc-updown-5m-1783684500,2026-07-10 11:55:00+00:00,2026-07-10 11:45:16.394000+00:00,583.606,paired,True,True,2026-07-10T11:58:19.066Z,2026-07-10T11:59:09.670Z,0.42,0.23,0.29,0.48000000000000004,2026-07-10,19,16-20
btc-updown-5m-1783684800,2026-07-10 12:00:00+00:00,2026-07-10 11:50:53.088000+00:00,546.912,single,True,False,2026-07-10T12:02:54.681Z,,-0.29,0.29,,-0.29,2026-07-10,19,16-20
btc-updown-5m-1783685100,2026-07-10 12:05:00+00:00,2026-07-10 11:55:35.448000+00:00,564.552,none,False,False,,,0.0,,,0.0,2026-07-10,20,20-24
btc-updown-5m-1783685400,2026-07-10 12:10:00+00:00,2026-07-10 12:00:37.013000+00:00,562.987,none,False,False,,,0.0,,,0.0,2026-07-10,20,20-24
btc-updown-5m-1783685700,2026-07-10 12:15:00+00:00,2026-07-10 12:05:58.168000+00:00,541.832,single,True,False,2026-07-10T12:15:46.768Z,,-0.29,0.15,,-0.15,2026-07-10,20,20-24
btc-updown-5m-1783686000,2026-07-10 12:20:00+00:00,2026-07-10 12:13:01.050000+00:00,418.95,none,False,False,,,0.0,,,0.0,2026-07-10,20,20-24
btc-updown-5m-1783686300,2026-07-10 12:25:00+00:00,2026-07-10 12:15:26.283000+00:00,573.717,single,False,True,,2026-07-10T12:28:00.667Z,-0.29,,0.18,-0.18,2026-07-10,20,20-24
btc-updown-5m-1783686600,2026-07-10 12:30:00+00:00,2026-07-10 12:27:33.626000+00:00,146.374,single,True,False,2026-07-10T12:31:38.481Z,,-0.29,0.27,,-0.27,2026-07-10,20,20-24
btc-updown-5m-1783686900,2026-07-10 12:35:00+00:00,2026-07-10 12:27:33.660000+00:00,446.34,paired,True,True,2026-07-10T12:39:19.947Z,2026-07-10T12:36:23.960Z,0.42,0.19,0.27,0.54,2026-07-10,20,20-24
btc-updown-5m-1783687200,2026-07-10 12:40:00+00:00,2026-07-10 12:31:35.893000+00:00,504.107,single,True,False,2026-07-10T12:41:42.018Z,,-0.29,0.29,,-0.29,2026-07-10,20,20-24
btc-updown-5m-1783687500,2026-07-10 12:45:00+00:00,2026-07-10 12:35:06.382000+00:00,593.618,paired,True,True,2026-07-10T12:48:43.173Z,2026-07-10T12:47:33.424Z,0.42,0.29,0.29,0.42,2026-07-10,20,20-24
btc-updown-5m-1783687800,2026-07-10 12:50:00+00:00,2026-07-10 12:40:56.981000+00:00,543.019,single,True,False,2026-07-10T12:51:33.027Z,,-0.29,0.29,,-0.29,2026-07-10,20,20-24
btc-updown-5m-1783688100,2026-07-10 12:55:00+00:00,2026-07-10 12:45:44.416000+00:00,555.584,paired,True,True,2026-07-10T12:57:54.255Z,2026-07-10T12:56:26.420Z,0.42,0.29,0.29,0.42,2026-07-10,20,20-24
btc-updown-5m-1783688400,2026-07-10 13:00:00+00:00,2026-07-10 12:50:41.162000+00:00,558.838,paired,True,True,2026-07-10T13:03:56.460Z,2026-07-10T13:01:10.988Z,0.42,0.29,0.27,0.43999999999999995,2026-07-10,20,20-24
btc-updown-5m-1783688700,2026-07-10 13:05:00+00:00,2026-07-10 12:55:39.899000+00:00,560.101,single,False,True,,2026-07-10T13:07:07.944Z,-0.29,,0.29,-0.29,2026-07-10,21,20-24
btc-updown-5m-1783689000,2026-07-10 13:10:00+00:00,2026-07-10 13:00:47.171000+00:00,552.829,single,True,False,2026-07-10T13:12:00.046Z,,-0.29,0.27,,-0.27,2026-07-10,21,20-24
btc-updown-5m-1783689300,2026-07-10 13:15:00+00:00,2026-07-10 13:05:55.257000+00:00,544.743,single,True,False,2026-07-10T13:17:25.667Z,,-0.29,0.29,,-0.29,2026-07-10,21,20-24
btc-updown-5m-1783689600,2026-07-10 13:20:00+00:00,2026-07-10 13:11:09.757000+00:00,530.243,single,False,True,,2026-07-10T13:22:13.240Z,-0.29,,0.27,-0.27,2026-07-10,21,20-24
btc-updown-5m-1783689900,2026-07-10 13:25:00+00:00,2026-07-10 13:15:26.234000+00:00,573.766,single,True,False,2026-07-10T13:25:28.782Z,,-0.29,0.29,,-0.29,2026-07-10,21,20-24
btc-updown-5m-1783690200,2026-07-10 13:30:00+00:00,2026-07-10 13:20:34.349000+00:00,565.651,single,False,True,,2026-07-10T13:31:09.924Z,-0.29,,0.29,-0.29,2026-07-10,21,20-24
btc-updown-5m-1783690500,2026-07-10 13:35:00+00:00,2026-07-10 13:25:40.224000+00:00,559.776,single,False,True,,2026-07-10T13:36:54.057Z,-0.29,,0.29,-0.29,2026-07-10,21,20-24
btc-updown-5m-1783690800,2026-07-10 13:40:00+00:00,2026-07-10 13:31:14.875000+00:00,525.125,paired,True,True,2026-07-10T13:41:24.627Z,2026-07-10T13:42:31.402Z,0.42,0.29,0.16,0.5499999999999999,2026-07-10,21,20-24
btc-updown-5m-1783691100,2026-07-10 13:45:00+00:00,2026-07-10 13:36:09.712000+00:00,530.288,single,False,True,,2026-07-10T13:46:54.806Z,-0.29,,0.29,-0.29,2026-07-10,21,20-24
btc-updown-5m-1783691400,2026-07-10 13:50:00+00:00,2026-07-10 13:41:50.123000+00:00,489.877,single,False,True,,2026-07-10T13:51:57.876Z,-0.29,,0.29,-0.29,2026-07-10,21,20-24
btc-updown-5m-1783691700,2026-07-10 13:55:00+00:00,2026-07-10 13:45:59.542000+00:00,540.458,single,True,False,2026-07-10T13:57:00.481Z,,-0.29,0.29,,-0.29,2026-07-10,21,20-24
btc-updown-5m-1783692000,2026-07-10 14:00:00+00:00,2026-07-10 13:51:00.535000+00:00,539.465,single,True,False,2026-07-10T14:03:08.476Z,,-0.29,0.29,,-0.29,2026-07-10,21,20-24
btc-updown-5m-1783692300,2026-07-10 14:05:00+00:00,2026-07-10 13:55:41.998000+00:00,558.002,paired,True,True,2026-07-10T14:07:56.163Z,2026-07-10T14:06:46.747Z,0.42,0.29,0.29,0.42,2026-07-10,22,20-24
btc-updown-5m-1783692600,2026-07-10 14:10:00+00:00,2026-07-10 14:01:14.600000+00:00,525.4,paired,True,True,2026-07-10T14:11:41.925Z,2026-07-10T14:12:56.845Z,0.42,0.29,0.29,0.42,2026-07-10,22,20-24
btc-updown-5m-1783692900,2026-07-10 14:15:00+00:00,2026-07-10 14:05:27.856000+00:00,572.144,paired,True,True,2026-07-10T14:19:05.260Z,2026-07-10T14:17:48.734Z,0.42,0.29,0.27,0.43999999999999995,2026-07-10,22,20-24
btc-updown-5m-1783693200,2026-07-10 14:20:00+00:00,2026-07-10 14:11:01.926000+00:00,538.074,single,True,False,2026-07-10T14:20:52.364Z,,-0.29,0.29,,-0.29,2026-07-10,22,20-24
btc-updown-5m-1783693500,2026-07-10 14:25:00+00:00,2026-07-10 14:15:33.166000+00:00,566.834,paired,True,True,2026-07-10T14:27:23.171Z,2026-07-10T14:28:54.415Z,0.42,0.29,0.25,0.45999999999999996,2026-07-10,22,20-24
btc-updown-5m-1783693800,2026-07-10 14:30:00+00:00,2026-07-10 14:20:42.767000+00:00,557.233,paired,True,True,2026-07-10T14:33:09.590Z,2026-07-10T14:31:44.413Z,0.42,0.28,0.29,0.43,2026-07-10,22,20-24
btc-updown-5m-1783694100,2026-07-10 14:35:00+00:00,2026-07-10 14:26:54.010000+00:00,485.99,single,False,True,,2026-07-10T14:38:47.245Z,-0.29,,0.27,-0.27,2026-07-10,22,20-24
btc-updown-5m-1783694400,2026-07-10 14:40:00+00:00,2026-07-10 14:30:31.836000+00:00,568.164,single,True,False,2026-07-10T14:42:07.022Z,,-0.29,0.25,,-0.25,2026-07-10,22,20-24
btc-updown-5m-1783694700,2026-07-10 14:45:00+00:00,2026-07-10 14:35:49.723000+00:00,550.277,paired,True,True,2026-07-10T14:47:24.598Z,2026-07-10T14:49:41.025Z,0.42,0.29,0.29,0.42,2026-07-10,22,20-24
btc-updown-5m-1783695000,2026-07-10 14:50:00+00:00,2026-07-10 14:40:55.782000+00:00,544.218,single,True,False,2026-07-10T14:51:15.046Z,,-0.29,0.13,,-0.13,2026-07-10,22,20-24
btc-updown-5m-1783695300,2026-07-10 14:55:00+00:00,2026-07-10 14:46:13.858000+00:00,526.142,single,True,False,2026-07-10T14:56:39.876Z,,-0.29,0.29,,-0.29,2026-07-10,22,20-24
btc-updown-5m-1783695600,2026-07-10 15:00:00+00:00,2026-07-10 14:50:57.178000+00:00,542.822,single,False,True,,2026-07-10T15:02:01.273Z,-0.29,,0.27,-0.27,2026-07-10,22,20-24
btc-updown-5m-1783695900,2026-07-10 15:05:00+00:00,2026-07-10 14:55:20.272000+00:00,579.728,single,False,True,,2026-07-10T15:07:49.626Z,-0.29,,0.29,-0.29,2026-07-10,23,20-24
btc-updown-5m-1783696200,2026-07-10 15:10:00+00:00,2026-07-10 15:00:14.310000+00:00,585.69,single,True,False,2026-07-10T15:12:43.922Z,,-0.29,0.29,,-0.29,2026-07-10,23,20-24
btc-updown-5m-1783696500,2026-07-10 15:15:00+00:00,2026-07-10 15:05:26.551000+00:00,573.449,single,False,True,,2026-07-10T15:16:40.521Z,-0.29,,0.29,-0.29,2026-07-10,23,20-24
btc-updown-5m-1783696800,2026-07-10 15:20:00+00:00,2026-07-10 15:11:19.448000+00:00,520.552,single,False,True,,2026-07-10T15:21:01.710Z,-0.29,,0.29,-0.29,2026-07-10,23,20-24
btc-updown-5m-1783697100,2026-07-10 15:25:00+00:00,2026-07-10 15:16:44.787000+00:00,495.213,paired,True,True,2026-07-10T15:28:36.556Z,2026-07-10T15:26:49.119Z,0.42,0.29,0.26,0.44999999999999996,2026-07-10,23,20-24
btc-updown-5m-1783697400,2026-07-10 15:30:00+00:00,2026-07-10 15:20:41.518000+00:00,558.482,single,True,False,2026-07-10T15:31:57.720Z,,-0.29,0.26,,-0.26,2026-07-10,23,20-24
btc-updown-5m-1783697700,2026-07-10 15:35:00+00:00,2026-07-10 15:26:45.106000+00:00,494.894,single,True,False,2026-07-10T15:36:01.463Z,,-0.29,0.21,,-0.21,2026-07-10,23,20-24
btc-updown-5m-1783698000,2026-07-10 15:40:00+00:00,2026-07-10 15:30:59.301000+00:00,540.699,single,True,False,2026-07-10T15:42:21.813Z,,-0.29,0.28,,-0.28,2026-07-10,23,20-24
btc-updown-5m-1783698300,2026-07-10 15:45:00+00:00,2026-07-10 15:35:14.689000+00:00,585.311,single,False,True,,2026-07-10T15:46:24.538Z,-0.29,,0.27,-0.27,2026-07-10,23,20-24
btc-updown-5m-1783698600,2026-07-10 15:50:00+00:00,2026-07-10 15:41:33.862000+00:00,506.138,paired,True,True,2026-07-10T15:51:52.186Z,2026-07-10T15:53:49.239Z,0.42,0.22,0.29,0.49000000000000005,2026-07-10,23,20-24
btc-updown-5m-1783698900,2026-07-10 15:55:00+00:00,2026-07-10 15:46:07.345000+00:00,532.655,single,True,False,2026-07-10T15:57:56.436Z,,-0.29,0.29,,-0.29,2026-07-10,23,20-24
btc-updown-5m-1783699200,2026-07-10 16:00:00+00:00,2026-07-10 15:51:23.443000+00:00,516.557,single,True,False,2026-07-10T16:02:49.738Z,,-0.29,0.15,,-0.15,2026-07-10,23,20-24
btc-updown-5m-1783699500,2026-07-10 16:05:00+00:00,2026-07-10 15:56:03.820000+00:00,536.18,single,False,True,,2026-07-10T16:08:32.980Z,-0.29,,0.28,-0.28,2026-07-11,0,00-04
btc-updown-5m-1783699800,2026-07-10 16:10:00+00:00,2026-07-10 16:00:57.495000+00:00,542.505,single,False,True,,2026-07-10T16:10:47.045Z,-0.29,,0.27,-0.27,2026-07-11,0,00-04
btc-updown-5m-1783700100,2026-07-10 16:15:00+00:00,2026-07-10 16:06:04.106000+00:00,535.894,single,False,True,,2026-07-10T16:16:34.419Z,-0.29,,0.09,-0.09,2026-07-11,0,00-04
btc-updown-5m-1783700400,2026-07-10 16:20:00+00:00,2026-07-10 16:10:41.819000+00:00,558.181,single,True,False,2026-07-10T16:21:19.199Z,,-0.29,0.21,,-0.21,2026-07-11,0,00-04
btc-updown-5m-1783700700,2026-07-10 16:25:00+00:00,2026-07-10 16:16:28.401000+00:00,511.599,paired,True,True,2026-07-10T16:29:30.968Z,2026-07-10T16:27:50.789Z,0.42,0.29,0.29,0.42,2026-07-11,0,00-04
btc-updown-5m-1783701000,2026-07-10 16:30:00+00:00,2026-07-10 16:20:59.041000+00:00,540.959,single,False,True,,2026-07-10T16:31:54.106Z,-0.29,,0.29,-0.29,2026-07-11,0,00-04
btc-updown-5m-1783701300,2026-07-10 16:35:00+00:00,2026-07-10 16:25:59.149000+00:00,540.851,single,True,False,2026-07-10T16:37:00.518Z,,-0.29,0.28,,-0.28,2026-07-11,0,00-04
btc-updown-5m-1783701600,2026-07-10 16:40:00+00:00,2026-07-10 16:30:47.475000+00:00,552.525,single,False,True,,2026-07-10T16:41:48.917Z,-0.29,,0.2,-0.2,2026-07-11,0,00-04
btc-updown-5m-1783701900,2026-07-10 16:45:00+00:00,2026-07-10 16:35:42.356000+00:00,557.644,single,False,True,,2026-07-10T16:46:40.000Z,-0.29,,0.29,-0.29,2026-07-11,0,00-04
btc-updown-5m-1783702200,2026-07-10 16:50:00+00:00,2026-07-10 16:41:21.580000+00:00,518.42,single,False,True,,2026-07-10T16:50:54.109Z,-0.29,,0.12,-0.12,2026-07-11,0,00-04
btc-updown-5m-1783702500,2026-07-10 16:55:00+00:00,2026-07-10 16:45:47.839000+00:00,552.161,single,False,True,,2026-07-10T16:56:34.170Z,-0.29,,0.13,-0.13,2026-07-11,0,00-04
btc-updown-5m-1783702800,2026-07-10 17:00:00+00:00,2026-07-10 16:50:47.414000+00:00,552.586,paired,True,True,2026-07-10T17:02:14.270Z,2026-07-10T17:04:57.256Z,0.42,0.28,0.29,0.43,2026-07-11,0,00-04
btc-updown-5m-1783703100,2026-07-10 17:05:00+00:00,2026-07-10 16:55:44.857000+00:00,555.143,single,True,False,2026-07-10T17:06:41.750Z,,-0.29,0.29,,-0.29,2026-07-11,1,00-04
btc-updown-5m-1783703400,2026-07-10 17:10:00+00:00,2026-07-10 17:00:46.792000+00:00,553.208,single,True,False,2026-07-10T17:11:24.505Z,,-0.29,0.27,,-0.27,2026-07-11,1,00-04
btc-updown-5m-1783703700,2026-07-10 17:15:00+00:00,2026-07-10 17:05:53.080000+00:00,546.92,single,True,False,2026-07-10T17:18:11.281Z,,-0.29,0.29,,-0.29,2026-07-11,1,00-04
btc-updown-5m-1783704000,2026-07-10 17:20:00+00:00,2026-07-10 17:11:20.516000+00:00,519.484,single,False,True,,2026-07-10T17:21:43.354Z,-0.29,,0.29,-0.29,2026-07-11,1,00-04
btc-updown-5m-1783704300,2026-07-10 17:25:00+00:00,2026-07-10 17:16:19.966000+00:00,520.034,single,False,True,,2026-07-10T17:26:28.250Z,-0.29,,0.26,-0.26,2026-07-11,1,00-04
btc-updown-5m-1783704600,2026-07-10 17:30:00+00:00,2026-07-10 17:21:23.773000+00:00,516.227,single,True,False,2026-07-10T17:31:59.899Z,,-0.29,0.29,,-0.29,2026-07-11,1,00-04
btc-updown-5m-1783704900,2026-07-10 17:35:00+00:00,2026-07-10 17:26:20.813000+00:00,519.187,single,True,False,2026-07-10T17:37:17.542Z,,-0.29,0.29,,-0.29,2026-07-11,1,00-04
btc-updown-5m-1783705200,2026-07-10 17:40:00+00:00,2026-07-10 17:31:46.025000+00:00,493.975,paired,True,True,2026-07-10T17:42:04.800Z,2026-07-10T17:43:24.489Z,0.42,0.27,0.29,0.44,2026-07-11,1,00-04
btc-updown-5m-1783705500,2026-07-10 17:45:00+00:00,2026-07-10 17:36:12.002000+00:00,527.998,paired,True,True,2026-07-10T17:47:09.040Z,2026-07-10T17:48:43.942Z,0.42,0.28,0.28,0.43999999999999995,2026-07-11,1,00-04
btc-updown-5m-1783705800,2026-07-10 17:50:00+00:00,2026-07-10 17:40:52.885000+00:00,547.115,single,True,False,2026-07-10T17:52:02.632Z,,-0.29,0.28,,-0.28,2026-07-11,1,00-04
btc-updown-5m-1783706100,2026-07-10 17:55:00+00:00,2026-07-10 17:47:05.487000+00:00,474.513,paired,True,True,2026-07-10T17:58:01.890Z,2026-07-10T17:56:39.570Z,0.42,0.27,0.24,0.49,2026-07-11,1,00-04
btc-updown-5m-1783706400,2026-07-10 18:00:00+00:00,2026-07-10 17:51:12.961000+00:00,527.039,single,False,True,,2026-07-10T18:01:38.178Z,-0.29,,0.29,-0.29,2026-07-11,1,00-04
btc-updown-5m-1783706700,2026-07-10 18:05:00+00:00,2026-07-10 17:56:21.856000+00:00,518.144,single,False,True,,2026-07-10T18:06:44.641Z,-0.29,,0.29,-0.29,2026-07-11,2,00-04
btc-updown-5m-1783707000,2026-07-10 18:10:00+00:00,2026-07-10 18:00:52.236000+00:00,547.764,paired,True,True,2026-07-10T18:12:53.301Z,2026-07-10T18:11:11.221Z,0.42,0.28,0.26,0.45999999999999996,2026-07-11,2,00-04
btc-updown-5m-1783707300,2026-07-10 18:15:00+00:00,2026-07-10 18:05:27.720000+00:00,572.28,single,True,False,2026-07-10T18:16:26.305Z,,-0.29,0.2,,-0.2,2026-07-11,2,00-04
btc-updown-5m-1783707600,2026-07-10 18:20:00+00:00,2026-07-10 18:10:26.696000+00:00,573.304,single,False,True,,2026-07-10T18:21:42.958Z,-0.29,,0.29,-0.29,2026-07-11,2,00-04
btc-updown-5m-1783707900,2026-07-10 18:25:00+00:00,2026-07-10 18:16:19.346000+00:00,520.654,paired,True,True,2026-07-10T18:27:01.203Z,2026-07-10T18:28:39.127Z,0.42,0.29,0.29,0.42,2026-07-11,2,00-04
btc-updown-5m-1783708200,2026-07-10 18:30:00+00:00,2026-07-10 18:20:48.415000+00:00,551.585,single,True,False,2026-07-10T18:31:26.363Z,,-0.29,0.29,,-0.29,2026-07-11,2,00-04
btc-updown-5m-1783708500,2026-07-10 18:35:00+00:00,2026-07-10 18:25:57.587000+00:00,542.413,single,True,False,2026-07-10T18:36:56.621Z,,-0.29,0.29,,-0.29,2026-07-11,2,00-04
btc-updown-5m-1783708800,2026-07-10 18:40:00+00:00,2026-07-10 18:31:31.337000+00:00,508.663,single,True,False,2026-07-10T18:42:07.949Z,,-0.29,0.12,,-0.12,2026-07-11,2,00-04
btc-updown-5m-1783709100,2026-07-10 18:45:00+00:00,2026-07-10 18:36:03.507000+00:00,536.493,single,True,False,2026-07-10T18:47:06.991Z,,-0.29,0.27,,-0.27,2026-07-11,2,00-04
btc-updown-5m-1783709400,2026-07-10 18:50:00+00:00,2026-07-10 18:41:29.526000+00:00,510.474,single,True,False,2026-07-10T18:52:04.911Z,,-0.29,0.29,,-0.29,2026-07-11,2,00-04
btc-updown-5m-1783709700,2026-07-10 18:55:00+00:00,2026-07-10 18:45:58.511000+00:00,541.489,single,False,True,,2026-07-10T18:57:02.275Z,-0.29,,0.09,-0.09,2026-07-11,2,00-04
btc-updown-5m-1783710000,2026-07-10 19:00:00+00:00,2026-07-10 18:51:22.076000+00:00,517.924,single,False,True,,2026-07-10T19:02:06.974Z,-0.29,,0.29,-0.29,2026-07-11,2,00-04
btc-updown-5m-1783710300,2026-07-10 19:05:00+00:00,2026-07-10 18:56:52.243000+00:00,487.757,paired,True,True,2026-07-10T19:06:45.353Z,2026-07-10T19:07:29.633Z,0.42,0.29,0.28,0.42999999999999994,2026-07-11,3,00-04
btc-updown-5m-1783710600,2026-07-10 19:10:00+00:00,2026-07-10 19:00:22.233000+00:00,577.767,single,False,True,,2026-07-10T19:11:23.888Z,-0.29,,0.29,-0.29,2026-07-11,3,00-04
btc-updown-5m-1783710900,2026-07-10 19:15:00+00:00,2026-07-10 19:06:05.110000+00:00,534.89,paired,True,True,2026-07-10T19:17:28.813Z,2026-07-10T19:16:46.316Z,0.42,0.29,0.2,0.51,2026-07-11,3,00-04
btc-updown-5m-1783711200,2026-07-10 19:20:00+00:00,2026-07-10 19:11:14.031000+00:00,525.969,single,True,False,2026-07-10T19:21:31.948Z,,-0.29,0.29,,-0.29,2026-07-11,3,00-04
btc-updown-5m-1783711500,2026-07-10 19:25:00+00:00,2026-07-10 19:15:59.903000+00:00,540.097,single,False,True,,2026-07-10T19:26:50.707Z,-0.29,,0.26,-0.26,2026-07-11,3,00-04
btc-updown-5m-1783711800,2026-07-10 19:30:00+00:00,2026-07-10 19:21:18.078000+00:00,521.922,single,False,True,,2026-07-10T19:31:42.022Z,-0.29,,0.28,-0.28,2026-07-11,3,00-04
btc-updown-5m-1783712100,2026-07-10 19:35:00+00:00,2026-07-10 19:26:01.472000+00:00,538.528,single,False,True,,2026-07-10T19:36:53.164Z,-0.29,,0.29,-0.29,2026-07-11,3,00-04
btc-updown-5m-1783712400,2026-07-10 19:40:00+00:00,2026-07-10 19:31:02.338000+00:00,537.662,single,True,False,2026-07-10T19:42:05.987Z,,-0.29,0.28,,-0.28,2026-07-11,3,00-04
btc-updown-5m-1783712700,2026-07-10 19:45:00+00:00,2026-07-10 19:35:33.348000+00:00,566.652,single,True,False,2026-07-10T19:48:29.520Z,,-0.29,0.25,,-0.25,2026-07-11,3,00-04
btc-updown-5m-1783713000,2026-07-10 19:50:00+00:00,2026-07-10 19:42:17.276000+00:00,462.724,single,False,True,,2026-07-10T19:52:52.892Z,-0.29,,0.2,-0.2,2026-07-11,3,00-04
btc-updown-5m-1783713300,2026-07-10 19:55:00+00:00,2026-07-10 19:46:08.989000+00:00,531.011,single,True,False,2026-07-10T19:56:35.841Z,,-0.29,0.29,,-0.29,2026-07-11,3,00-04
btc-updown-5m-1783713600,2026-07-10 20:00:00+00:00,2026-07-10 19:52:43.394000+00:00,436.606,single,True,False,2026-07-10T20:02:35.219Z,,-0.29,0.09,,-0.09,2026-07-11,3,00-04
btc-updown-5m-1783713900,2026-07-10 20:05:00+00:00,2026-07-10 19:57:18.872000+00:00,461.128,paired,True,True,2026-07-10T20:09:11.580Z,2026-07-10T20:06:54.751Z,0.42,0.28,0.29,0.43,2026-07-11,4,04-08
btc-updown-5m-1783714200,2026-07-10 20:10:00+00:00,2026-07-10 20:02:16.195000+00:00,463.805,single,True,False,2026-07-10T20:13:13.202Z,,-0.29,0.29,,-0.29,2026-07-11,4,04-08
btc-updown-5m-1783714500,2026-07-10 20:15:00+00:00,2026-07-10 20:07:05.960000+00:00,474.04,paired,True,True,2026-07-10T20:19:45.155Z,2026-07-10T20:16:32.909Z,0.42,0.28,0.06,0.6599999999999999,2026-07-11,4,04-08
btc-updown-5m-1783714800,2026-07-10 20:20:00+00:00,2026-07-10 20:10:49.415000+00:00,550.585,paired,True,True,2026-07-10T20:20:45.348Z,2026-07-10T20:22:02.358Z,0.42,0.11,0.2,0.69,2026-07-11,4,04-08
btc-updown-5m-1783715100,2026-07-10 20:25:00+00:00,2026-07-10 20:16:11.262000+00:00,528.738,single,True,False,2026-07-10T20:26:42.305Z,,-0.29,0.1,,-0.1,2026-07-11,4,04-08
btc-updown-5m-1783715400,2026-07-10 20:30:00+00:00,2026-07-10 20:20:42.458000+00:00,557.542,single,False,True,,2026-07-10T20:31:12.767Z,-0.29,,0.29,-0.29,2026-07-11,4,04-08
btc-updown-5m-1783715700,2026-07-10 20:35:00+00:00,2026-07-10 20:26:30.646000+00:00,509.354,single,False,True,,2026-07-10T20:36:39.843Z,-0.29,,0.29,-0.29,2026-07-11,4,04-08
btc-updown-5m-1783716000,2026-07-10 20:40:00+00:00,2026-07-10 20:31:00.775000+00:00,539.225,paired,True,True,2026-07-10T20:42:29.466Z,2026-07-10T20:44:16.503Z,0.42,0.27,0.29,0.44,2026-07-11,4,04-08
btc-updown-5m-1783716300,2026-07-10 20:45:00+00:00,2026-07-10 20:36:49.472000+00:00,490.528,single,True,False,2026-07-10T20:46:53.262Z,,-0.29,0.28,,-0.28,2026-07-11,4,04-08
btc-updown-5m-1783716600,2026-07-10 20:50:00+00:00,2026-07-10 20:41:25.958000+00:00,514.042,single,True,False,2026-07-10T20:52:30.600Z,,-0.29,0.29,,-0.29,2026-07-11,4,04-08
btc-updown-5m-1783716900,2026-07-10 20:55:00+00:00,2026-07-10 20:46:45.759000+00:00,494.241,single,True,False,2026-07-10T20:56:31.529Z,,-0.29,0.22,,-0.22,2026-07-11,4,04-08
btc-updown-5m-1783717200,2026-07-10 21:00:00+00:00,2026-07-10 20:50:59.038000+00:00,540.962,single,False,True,,2026-07-10T21:02:20.445Z,-0.29,,0.26,-0.26,2026-07-11,4,04-08
btc-updown-5m-1783717500,2026-07-10 21:05:00+00:00,2026-07-10 20:56:28.161000+00:00,511.839,single,False,True,,2026-07-10T21:07:43.464Z,-0.29,,0.23,-0.23,2026-07-11,5,04-08
btc-updown-5m-1783717800,2026-07-10 21:10:00+00:00,2026-07-10 21:01:46.465000+00:00,493.535,single,False,True,,2026-07-10T21:11:53.688Z,-0.29,,0.25,-0.25,2026-07-11,5,04-08
btc-updown-5m-1783718100,2026-07-10 21:15:00+00:00,2026-07-10 21:06:05.319000+00:00,534.681,single,True,False,2026-07-10T21:18:03.477Z,,-0.29,0.29,,-0.29,2026-07-11,5,04-08
btc-updown-5m-1783718400,2026-07-10 21:20:00+00:00,2026-07-10 21:10:58.981000+00:00,541.019,single,False,True,,2026-07-10T21:22:39.370Z,-0.29,,0.22,-0.22,2026-07-11,5,04-08
btc-updown-5m-1783718700,2026-07-10 21:25:00+00:00,2026-07-10 21:16:18.123000+00:00,521.877,single,False,True,,2026-07-10T21:29:15.133Z,-0.29,,0.27,-0.27,2026-07-11,5,04-08
btc-updown-5m-1783719000,2026-07-10 21:30:00+00:00,2026-07-10 21:21:39.362000+00:00,500.638,paired,True,True,2026-07-10T21:32:54.231Z,2026-07-10T21:32:21.098Z,0.42,0.29,0.29,0.42,2026-07-11,5,04-08
btc-updown-5m-1783719300,2026-07-10 21:35:00+00:00,2026-07-10 21:26:58.644000+00:00,481.356,single,False,True,,2026-07-10T21:37:00.986Z,-0.29,,0.22,-0.22,2026-07-11,5,04-08
btc-updown-5m-1783719600,2026-07-10 21:40:00+00:00,2026-07-10 21:31:30.106000+00:00,509.894,single,True,False,2026-07-10T21:41:26.531Z,,-0.29,0.29,,-0.29,2026-07-11,5,04-08
btc-updown-5m-1783719900,2026-07-10 21:45:00+00:00,2026-07-10 21:35:56.578000+00:00,543.422,single,True,False,2026-07-10T21:46:47.869Z,,-0.29,0.29,,-0.29,2026-07-11,5,04-08
btc-updown-5m-1783720200,2026-07-10 21:50:00+00:00,2026-07-10 21:41:35.141000+00:00,504.859,single,False,True,,2026-07-10T21:52:47.830Z,-0.29,,0.07,-0.07,2026-07-11,5,04-08
btc-updown-5m-1783720500,2026-07-10 21:55:00+00:00,2026-07-10 21:45:45.029000+00:00,554.971,single,True,False,2026-07-10T21:56:15.129Z,,-0.29,0.29,,-0.29,2026-07-11,5,04-08
btc-updown-5m-1783720800,2026-07-10 22:00:00+00:00,2026-07-10 21:51:49.993000+00:00,490.007,paired,True,True,2026-07-10T22:04:55.909Z,2026-07-10T22:02:39.876Z,0.42,0.29,0.24,0.47,2026-07-11,5,04-08
btc-updown-5m-1783721100,2026-07-10 22:05:00+00:00,2026-07-10 21:55:53.702000+00:00,546.298,single,False,True,,2026-07-10T22:07:17.975Z,-0.29,,0.18,-0.18,2026-07-11,6,04-08
btc-updown-5m-1783721400,2026-07-10 22:10:00+00:00,2026-07-10 22:02:34.989000+00:00,445.011,single,False,True,,2026-07-10T22:12:02.952Z,-0.29,,0.29,-0.29,2026-07-11,6,04-08
btc-updown-5m-1783721700,2026-07-10 22:15:00+00:00,2026-07-10 22:06:36.006000+00:00,503.994,paired,True,True,2026-07-10T22:19:42.026Z,2026-07-10T22:19:45.987Z,0.42,0.28,0.29,0.43,2026-07-11,6,04-08
btc-updown-5m-1783722000,2026-07-10 22:20:00+00:00,2026-07-10 22:12:10.156000+00:00,469.844,paired,True,True,2026-07-10T22:22:22.237Z,2026-07-10T22:24:49.178Z,0.42,0.1,0.29,0.6100000000000001,2026-07-11,6,04-08
btc-updown-5m-1783722300,2026-07-10 22:25:00+00:00,2026-07-10 22:16:38.235000+00:00,501.765,single,False,True,,2026-07-10T22:28:07.160Z,-0.29,,0.29,-0.29,2026-07-11,6,04-08
btc-updown-5m-1783722600,2026-07-10 22:30:00+00:00,2026-07-10 22:22:10.550000+00:00,469.45,paired,True,True,2026-07-10T22:33:33.417Z,2026-07-10T22:33:01.252Z,0.42,0.25,0.27,0.48,2026-07-11,6,04-08
btc-updown-5m-1783722900,2026-07-10 22:35:00+00:00,2026-07-10 22:26:45.619000+00:00,494.381,paired,True,True,2026-07-10T22:39:32.891Z,2026-07-10T22:39:17.598Z,0.42,0.27,0.29,0.44,2026-07-11,6,04-08
btc-updown-5m-1783723200,2026-07-10 22:40:00+00:00,2026-07-10 22:31:54.005000+00:00,485.995,single,False,True,,2026-07-10T22:44:57.566Z,-0.29,,0.28,-0.28,2026-07-11,6,04-08
btc-updown-5m-1783723500,2026-07-10 22:45:00+00:00,2026-07-10 22:35:52.373000+00:00,547.627,paired,True,True,2026-07-10T22:49:40.343Z,2026-07-10T22:48:51.641Z,0.42,0.27,0.29,0.44,2026-07-11,6,04-08
btc-updown-5m-1783723800,2026-07-10 22:50:00+00:00,2026-07-10 22:41:45.594000+00:00,494.406,paired,True,True,2026-07-10T22:53:16.287Z,2026-07-10T22:54:50.870Z,0.42,0.18,0.29,0.53,2026-07-11,6,04-08
btc-updown-5m-1783724100,2026-07-10 22:55:00+00:00,2026-07-10 22:47:45.925000+00:00,434.075,single,True,False,2026-07-10T22:56:19.965Z,,-0.29,0.24,,-0.24,2026-07-11,6,04-08
btc-updown-5m-1783724400,2026-07-10 23:00:00+00:00,2026-07-10 22:50:50.662000+00:00,549.338,single,True,False,2026-07-10T23:01:45.139Z,,-0.29,0.24,,-0.24,2026-07-11,6,04-08
btc-updown-5m-1783724700,2026-07-10 23:05:00+00:00,2026-07-10 22:55:57.309000+00:00,542.691,single,False,True,,2026-07-10T23:06:48.923Z,-0.29,,0.26,-0.26,2026-07-11,7,04-08
btc-updown-5m-1783725000,2026-07-10 23:10:00+00:00,2026-07-10 23:01:08.628000+00:00,531.372,single,False,True,,2026-07-10T23:12:27.790Z,-0.29,,0.29,-0.29,2026-07-11,7,04-08
btc-updown-5m-1783725300,2026-07-10 23:15:00+00:00,2026-07-10 23:06:07.248000+00:00,532.752,paired,True,True,2026-07-10T23:19:38.423Z,2026-07-10T23:17:13.245Z,0.42,0.29,0.27,0.43999999999999995,2026-07-11,7,04-08
btc-updown-5m-1783725600,2026-07-10 23:20:00+00:00,2026-07-10 23:11:29.886000+00:00,510.114,single,False,True,,2026-07-10T23:24:29.422Z,-0.29,,0.29,-0.29,2026-07-11,7,04-08
btc-updown-5m-1783725900,2026-07-10 23:25:00+00:00,2026-07-10 23:17:04.570000+00:00,475.43,single,False,True,,2026-07-10T23:27:32.186Z,-0.29,,0.18,-0.18,2026-07-11,7,04-08
btc-updown-5m-1783726200,2026-07-10 23:30:00+00:00,2026-07-10 23:20:53.902000+00:00,546.098,paired,True,True,2026-07-10T23:31:53.530Z,2026-07-10T23:34:58.501Z,0.42,0.24,0.29,0.47000000000000003,2026-07-11,7,04-08
btc-updown-5m-1783726500,2026-07-10 23:35:00+00:00,2026-07-10 23:26:24.706000+00:00,515.294,single,False,True,,2026-07-10T23:39:31.714Z,-0.29,,0.29,-0.29,2026-07-11,7,04-08
btc-updown-5m-1783726800,2026-07-10 23:40:00+00:00,2026-07-10 23:31:14.412000+00:00,525.588,single,True,False,2026-07-10T23:41:08.523Z,,-0.29,0.29,,-0.29,2026-07-11,7,04-08
btc-updown-5m-1783727100,2026-07-10 23:45:00+00:00,2026-07-10 23:35:57.654000+00:00,542.346,single,True,False,2026-07-10T23:45:45.346Z,,-0.29,0.2,,-0.2,2026-07-11,7,04-08
btc-updown-5m-1783727400,2026-07-10 23:50:00+00:00,2026-07-10 23:40:38.162000+00:00,561.838,single,False,True,,2026-07-10T23:53:18.706Z,-0.29,,0.29,-0.29,2026-07-11,7,04-08
btc-updown-5m-1783727700,2026-07-10 23:55:00+00:00,2026-07-10 23:45:41.843000+00:00,558.157,paired,True,True,2026-07-10T23:59:29.723Z,2026-07-10T23:57:33.318Z,0.42,0.29,0.29,0.42,2026-07-11,7,04-08
btc-updown-5m-1783728000,2026-07-11 00:00:00+00:00,2026-07-10 23:52:15.694000+00:00,464.306,single,True,False,2026-07-11T00:01:23.129Z,,-0.29,0.29,,-0.29,2026-07-11,7,04-08
btc-updown-5m-1783728300,2026-07-11 00:05:00+00:00,2026-07-10 23:56:02.323000+00:00,537.677,paired,True,True,2026-07-11T00:09:43.341Z,2026-07-11T00:07:41.311Z,0.42,0.26,0.29,0.45,2026-07-11,8,08-12
btc-updown-5m-1783728600,2026-07-11 00:10:00+00:00,2026-07-11 00:02:00.746000+00:00,479.254,single,True,False,2026-07-11T00:13:31.581Z,,-0.29,0.29,,-0.29,2026-07-11,8,08-12
btc-updown-5m-1783728900,2026-07-11 00:15:00+00:00,2026-07-11 00:07:06.854000+00:00,473.146,single,True,False,2026-07-11T00:17:04.825Z,,-0.29,0.29,,-0.29,2026-07-11,8,08-12
btc-updown-5m-1783729200,2026-07-11 00:20:00+00:00,2026-07-11 00:11:48.631000+00:00,491.369,single,False,True,,2026-07-11T00:22:38.474Z,-0.29,,0.29,-0.29,2026-07-11,8,08-12
btc-updown-5m-1783729500,2026-07-11 00:25:00+00:00,2026-07-11 00:16:49.494000+00:00,490.506,single,False,True,,2026-07-11T00:28:54.306Z,-0.29,,0.29,-0.29,2026-07-11,8,08-12
btc-updown-5m-1783729800,2026-07-11 00:30:00+00:00,2026-07-11 00:21:07.531000+00:00,532.469,paired,True,True,2026-07-11T00:34:51.734Z,2026-07-11T00:32:14.918Z,0.42,0.21,0.29,0.5,2026-07-11,8,08-12
btc-updown-5m-1783730100,2026-07-11 00:35:00+00:00,2026-07-11 00:25:59.843000+00:00,540.157,paired,True,True,2026-07-11T00:36:44.157Z,2026-07-11T00:36:26.352Z,0.42,0.26,0.29,0.45,2026-07-11,8,08-12
btc-updown-5m-1783730400,2026-07-11 00:40:00+00:00,2026-07-11 00:32:37.532000+00:00,442.468,single,False,True,,2026-07-11T00:41:52.738Z,-0.29,,0.29,-0.29,2026-07-11,8,08-12
btc-updown-5m-1783730700,2026-07-11 00:45:00+00:00,2026-07-11 00:36:36.553000+00:00,503.447,single,True,False,2026-07-11T00:46:19.256Z,,-0.29,0.29,,-0.29,2026-07-11,8,08-12
btc-updown-5m-1783731000,2026-07-11 00:50:00+00:00,2026-07-11 00:40:57.668000+00:00,542.332,paired,True,True,2026-07-11T00:50:59.012Z,2026-07-11T00:52:38.188Z,0.42,0.29,0.29,0.42,2026-07-11,8,08-12
btc-updown-5m-1783731300,2026-07-11 00:55:00+00:00,2026-07-11 00:47:14.584000+00:00,465.416,single,True,False,2026-07-11T00:59:41.061Z,,-0.29,0.26,,-0.26,2026-07-11,8,08-12
btc-updown-5m-1783731600,2026-07-11 01:00:00+00:00,2026-07-11 00:50:49.336000+00:00,550.664,single,False,True,,2026-07-11T01:03:32.898Z,-0.29,,0.29,-0.29,2026-07-11,8,08-12
btc-updown-5m-1783731900,2026-07-11 01:05:00+00:00,2026-07-11 00:56:46.441000+00:00,493.559,single,True,False,2026-07-11T01:09:51.645Z,,-0.29,0.29,,-0.29,2026-07-11,9,08-12
btc-updown-5m-1783732200,2026-07-11 01:10:00+00:00,2026-07-11 01:02:52.119000+00:00,427.881,single,False,True,,2026-07-11T01:12:00.036Z,-0.29,,0.29,-0.29,2026-07-11,9,08-12
btc-updown-5m-1783732500,2026-07-11 01:15:00+00:00,2026-07-11 01:06:22.373000+00:00,517.627,single,False,True,,2026-07-11T01:17:47.016Z,-0.29,,0.29,-0.29,2026-07-11,9,08-12
btc-updown-5m-1783732800,2026-07-11 01:20:00+00:00,2026-07-11 01:11:20.524000+00:00,519.476,single,False,True,,2026-07-11T01:22:04.482Z,-0.29,,0.04,-0.04,2026-07-11,9,08-12
btc-updown-5m-1783733100,2026-07-11 01:25:00+00:00,2026-07-11 01:15:35.826000+00:00,564.174,single,False,True,,2026-07-11T01:26:18.231Z,-0.29,,0.28,-0.28,2026-07-11,9,08-12
btc-updown-5m-1783733400,2026-07-11 01:30:00+00:00,2026-07-11 01:21:46.398000+00:00,493.602,paired,True,True,2026-07-11T01:34:42.570Z,2026-07-11T01:32:24.118Z,0.42,0.27,0.29,0.44,2026-07-11,9,08-12
btc-updown-5m-1783733700,2026-07-11 01:35:00+00:00,2026-07-11 01:25:29.289000+00:00,570.711,single,True,False,2026-07-11T01:36:23.270Z,,-0.29,0.29,,-0.29,2026-07-11,9,08-12
btc-updown-5m-1783734000,2026-07-11 01:40:00+00:00,2026-07-11 01:30:20.564000+00:00,579.436,single,False,True,,2026-07-11T01:43:42.576Z,-0.29,,0.25,-0.25,2026-07-11,9,08-12
btc-updown-5m-1783734300,2026-07-11 01:45:00+00:00,2026-07-11 01:36:33.809000+00:00,506.191,single,False,True,,2026-07-11T01:49:50.791Z,-0.29,,0.01,-0.01,2026-07-11,9,08-12
btc-updown-5m-1783734600,2026-07-11 01:50:00+00:00,2026-07-11 01:41:51.162000+00:00,488.838,none,False,False,,,0.0,,,0.0,2026-07-11,9,08-12
btc-updown-5m-1783734900,2026-07-11 01:55:00+00:00,2026-07-11 01:45:39.614000+00:00,560.386,single,True,False,2026-07-11T01:57:59.868Z,,-0.29,0.21,,-0.21,2026-07-11,9,08-12
btc-updown-5m-1783735200,2026-07-11 02:00:00+00:00,2026-07-11 01:51:15.338000+00:00,524.662,paired,True,True,2026-07-11T02:02:24.999Z,2026-07-11T02:03:46.291Z,0.42,0.29,0.29,0.42,2026-07-11,9,08-12
btc-updown-5m-1783735500,2026-07-11 02:05:00+00:00,2026-07-11 01:55:06.224000+00:00,593.776,paired,True,True,2026-07-11T02:07:54.827Z,2026-07-11T02:09:41.609Z,0.42,0.29,0.26,0.44999999999999996,2026-07-11,10,08-12
btc-updown-5m-1783735800,2026-07-11 02:10:00+00:00,2026-07-11 02:00:58.466000+00:00,541.534,single,True,False,2026-07-11T02:13:13.739Z,,-0.29,0.25,,-0.25,2026-07-11,10,08-12
btc-updown-5m-1783736100,2026-07-11 02:15:00+00:00,2026-07-11 02:05:59.496000+00:00,540.504,single,False,True,,2026-07-11T02:17:39.435Z,-0.29,,0.09,-0.09,2026-07-11,10,08-12
btc-updown-5m-1783736400,2026-07-11 02:20:00+00:00,2026-07-11 02:10:53.865000+00:00,546.135,single,True,False,2026-07-11T02:22:10.610Z,,-0.29,0.27,,-0.27,2026-07-11,10,08-12
btc-updown-5m-1783736700,2026-07-11 02:25:00+00:00,2026-07-11 02:17:34.226000+00:00,445.774,single,False,True,,2026-07-11T02:28:00.922Z,-0.29,,0.29,-0.29,2026-07-11,10,08-12
btc-updown-5m-1783737000,2026-07-11 02:30:00+00:00,2026-07-11 02:21:55.888000+00:00,484.112,single,False,True,,2026-07-11T02:31:54.385Z,-0.29,,0.29,-0.29,2026-07-11,10,08-12
btc-updown-5m-1783737300,2026-07-11 02:35:00+00:00,2026-07-11 02:27:22.278000+00:00,457.722,single,False,True,,2026-07-11T02:37:42.283Z,-0.29,,0.29,-0.29,2026-07-11,10,08-12
btc-updown-5m-1783737600,2026-07-11 02:40:00+00:00,2026-07-11 02:31:33.708000+00:00,506.292,single,False,True,,2026-07-11T02:43:23.824Z,-0.29,,0.05,-0.05,2026-07-11,10,08-12
btc-updown-5m-1783737900,2026-07-11 02:45:00+00:00,2026-07-11 02:37:01.093000+00:00,478.907,paired,True,True,2026-07-11T02:49:15.142Z,2026-07-11T02:49:46.864Z,0.42,0.29,0.28,0.42999999999999994,2026-07-11,10,08-12
btc-updown-5m-1783738200,2026-07-11 02:50:00+00:00,2026-07-11 02:40:59.372000+00:00,540.628,paired,True,True,2026-07-11T02:54:56.406Z,2026-07-11T02:54:36.030Z,0.42,0.29,0.29,0.42,2026-07-11,10,08-12
btc-updown-5m-1783738500,2026-07-11 02:55:00+00:00,2026-07-11 02:45:56.517000+00:00,543.483,single,False,True,,2026-07-11T02:56:52.297Z,-0.29,,0.29,-0.29,2026-07-11,10,08-12
btc-updown-5m-1783738800,2026-07-11 03:00:00+00:00,2026-07-11 02:50:50.626000+00:00,549.374,single,True,False,2026-07-11T03:03:38.159Z,,-0.29,0.09,,-0.09,2026-07-11,10,08-12
btc-updown-5m-1783739100,2026-07-11 03:05:00+00:00,2026-07-11 02:56:10.470000+00:00,529.53,single,False,True,,2026-07-11T03:07:17.275Z,-0.29,,0.29,-0.29,2026-07-11,11,08-12
btc-updown-5m-1783739400,2026-07-11 03:10:00+00:00,2026-07-11 03:01:18.805000+00:00,521.195,single,False,True,,2026-07-11T03:12:30.003Z,-0.29,,0.25,-0.25,2026-07-11,11,08-12
btc-updown-5m-1783739700,2026-07-11 03:15:00+00:00,2026-07-11 03:05:39.703000+00:00,560.297,single,True,False,2026-07-11T03:18:26.179Z,,-0.29,0.01,,-0.01,2026-07-11,11,08-12
btc-updown-5m-1783740000,2026-07-11 03:20:00+00:00,2026-07-11 03:11:21.242000+00:00,518.758,single,True,False,2026-07-11T03:23:52.990Z,,-0.29,0.18,,-0.18,2026-07-11,11,08-12
btc-updown-5m-1783740300,2026-07-11 03:25:00+00:00,2026-07-11 03:17:44.201000+00:00,435.799,single,True,False,2026-07-11T03:27:42.367Z,,-0.29,0.15,,-0.15,2026-07-11,11,08-12
btc-updown-5m-1783740600,2026-07-11 03:30:00+00:00,2026-07-11 03:22:08.363000+00:00,471.637,single,False,True,,2026-07-11T03:33:03.107Z,-0.29,,0.29,-0.29,2026-07-11,11,08-12
btc-updown-5m-1783740900,2026-07-11 03:35:00+00:00,2026-07-11 03:27:34.271000+00:00,445.729,single,False,True,,2026-07-11T03:38:29.735Z,-0.29,,0.29,-0.29,2026-07-11,11,08-12
btc-updown-5m-1783741200,2026-07-11 03:40:00+00:00,2026-07-11 03:31:14.244000+00:00,525.756,paired,True,True,2026-07-11T03:44:39.193Z,2026-07-11T03:43:07.653Z,0.42,0.02,0.28,0.7,2026-07-11,11,08-12
btc-updown-5m-1783741500,2026-07-11 03:45:00+00:00,2026-07-11 03:36:26.360000+00:00,513.64,paired,True,True,2026-07-11T03:49:21.852Z,2026-07-11T03:48:59.763Z,0.42,0.28,0.29,0.43,2026-07-11,11,08-12
btc-updown-5m-1783741800,2026-07-11 03:50:00+00:00,2026-07-11 03:40:52.342000+00:00,547.658,single,False,True,,2026-07-11T03:54:29.312Z,-0.29,,0.29,-0.29,2026-07-11,11,08-12
btc-updown-5m-1783742100,2026-07-11 03:55:00+00:00,2026-07-11 03:47:23.018000+00:00,456.982,paired,True,True,2026-07-11T03:59:12.107Z,2026-07-11T03:57:40.138Z,0.42,0.27,0.29,0.44,2026-07-11,11,08-12
btc-updown-5m-1783742400,2026-07-11 04:00:00+00:00,2026-07-11 03:51:06.573000+00:00,533.427,single,True,False,2026-07-11T04:02:22.104Z,,-0.29,0.11,,-0.11,2026-07-11,11,08-12
btc-updown-5m-1783742700,2026-07-11 04:05:00+00:00,2026-07-11 03:55:41.353000+00:00,558.647,single,True,False,2026-07-11T04:08:20.837Z,,-0.29,0.29,,-0.29,2026-07-11,12,12-16
btc-updown-5m-1783743000,2026-07-11 04:10:00+00:00,2026-07-11 04:01:43.719000+00:00,496.281,single,False,True,,2026-07-11T04:12:05.053Z,-0.29,,0.27,-0.27,2026-07-11,12,12-16
btc-updown-5m-1783743300,2026-07-11 04:15:00+00:00,2026-07-11 04:06:45.206000+00:00,494.794,paired,True,True,2026-07-11T04:17:04.558Z,2026-07-11T04:19:57.412Z,0.42,0.28,0.25,0.47,2026-07-11,12,12-16
btc-updown-5m-1783743600,2026-07-11 04:20:00+00:00,2026-07-11 04:10:47.550000+00:00,552.45,single,False,True,,2026-07-11T04:23:07.730Z,-0.29,,0.28,-0.28,2026-07-11,12,12-16
btc-updown-5m-1783743900,2026-07-11 04:25:00+00:00,2026-07-11 04:16:59.954000+00:00,480.046,single,True,False,2026-07-11T04:27:53.654Z,,-0.29,0.19,,-0.19,2026-07-11,12,12-16
btc-updown-5m-1783744200,2026-07-11 04:30:00+00:00,2026-07-11 04:21:14.433000+00:00,525.567,single,False,True,,2026-07-11T04:31:46.393Z,-0.29,,0.25,-0.25,2026-07-11,12,12-16
btc-updown-5m-1783744500,2026-07-11 04:35:00+00:00,2026-07-11 04:27:25.475000+00:00,454.525,single,False,True,,2026-07-11T04:37:50.247Z,-0.29,,0.29,-0.29,2026-07-11,12,12-16
btc-updown-5m-1783744800,2026-07-11 04:40:00+00:00,2026-07-11 04:30:57.286000+00:00,542.714,single,True,False,2026-07-11T04:41:59.692Z,,-0.29,0.17,,-0.17,2026-07-11,12,12-16
btc-updown-5m-1783745100,2026-07-11 04:45:00+00:00,2026-07-11 04:36:19.818000+00:00,520.182,paired,True,True,2026-07-11T04:47:40.780Z,2026-07-11T04:48:53.474Z,0.42,0.29,0.29,0.42,2026-07-11,12,12-16
btc-updown-5m-1783745400,2026-07-11 04:50:00+00:00,2026-07-11 04:41:05.464000+00:00,534.536,single,True,False,2026-07-11T04:51:51.468Z,,-0.29,0.29,,-0.29,2026-07-11,12,12-16
btc-updown-5m-1783745700,2026-07-11 04:55:00+00:00,2026-07-11 04:47:11.424000+00:00,468.576,single,False,True,,2026-07-11T04:57:49.662Z,-0.29,,0.16,-0.16,2026-07-11,12,12-16
btc-updown-5m-1783746000,2026-07-11 05:00:00+00:00,2026-07-11 04:52:07.133000+00:00,472.867,paired,True,True,2026-07-11T05:02:16.632Z,2026-07-11T05:04:01.295Z,0.42,0.29,0.29,0.42,2026-07-11,12,12-16
btc-updown-5m-1783746300,2026-07-11 05:05:00+00:00,2026-07-11 04:57:18.285000+00:00,461.715,paired,True,True,2026-07-11T05:06:03.553Z,2026-07-11T05:09:46.686Z,0.42,0.29,0.29,0.42,2026-07-11,13,12-16
btc-updown-5m-1783746600,2026-07-11 05:10:00+00:00,2026-07-11 05:02:31.638000+00:00,448.362,paired,True,True,2026-07-11T05:14:32.295Z,2026-07-11T05:13:40.885Z,0.42,0.21,0.07,0.72,2026-07-11,13,12-16
btc-updown-5m-1783746900,2026-07-11 05:15:00+00:00,2026-07-11 05:06:41.786000+00:00,498.214,single,True,False,2026-07-11T05:19:21.665Z,,-0.29,0.06,,-0.06,2026-07-11,13,12-16
btc-updown-5m-1783747200,2026-07-11 05:20:00+00:00,2026-07-11 05:10:43.258000+00:00,556.742,single,False,True,,2026-07-11T05:23:27.723Z,-0.29,,0.28,-0.28,2026-07-11,13,12-16
btc-updown-5m-1783747500,2026-07-11 05:25:00+00:00,2026-07-11 05:17:52.810000+00:00,427.19,paired,True,True,2026-07-11T05:29:46.693Z,2026-07-11T05:29:26.475Z,0.42,0.29,0.29,0.42,2026-07-11,13,12-16
btc-updown-5m-1783747800,2026-07-11 05:30:00+00:00,2026-07-11 05:21:22.287000+00:00,517.713,paired,True,True,2026-07-11T05:31:39.497Z,2026-07-11T05:34:53.617Z,0.42,0.29,0.12,0.59,2026-07-11,13,12-16
btc-updown-5m-1783748100,2026-07-11 05:35:00+00:00,2026-07-11 05:26:37.298000+00:00,502.702,paired,True,True,2026-07-11T05:39:52.562Z,2026-07-11T05:37:23.752Z,0.42,0.26,0.29,0.45,2026-07-11,13,12-16
btc-updown-5m-1783748400,2026-07-11 05:40:00+00:00,2026-07-11 05:31:49.454000+00:00,490.546,paired,True,True,2026-07-11T05:41:23.567Z,2026-07-11T05:44:26.473Z,0.42,0.14,0.29,0.5700000000000001,2026-07-11,13,12-16
btc-updown-5m-1783748700,2026-07-11 05:45:00+00:00,2026-07-11 05:35:21.170000+00:00,578.83,single,True,False,2026-07-11T05:46:48.810Z,,-0.29,0.29,,-0.29,2026-07-11,13,12-16
btc-updown-5m-1783749000,2026-07-11 05:50:00+00:00,2026-07-11 05:41:19.988000+00:00,520.012,single,False,True,,2026-07-11T05:53:00.637Z,-0.29,,0.13,-0.13,2026-07-11,13,12-16
btc-updown-5m-1783749300,2026-07-11 05:55:00+00:00,2026-07-11 05:46:46.352000+00:00,493.648,single,False,True,,2026-07-11T05:57:51.655Z,-0.29,,0.29,-0.29,2026-07-11,13,12-16
btc-updown-5m-1783749600,2026-07-11 06:00:00+00:00,2026-07-11 05:52:10.378000+00:00,469.622,single,True,False,2026-07-11T06:00:20.245Z,,-0.29,0.19,,-0.19,2026-07-11,13,12-16
btc-updown-5m-1783749900,2026-07-11 06:05:00+00:00,2026-07-11 05:56:57.315000+00:00,482.685,single,False,True,,2026-07-11T06:06:16.901Z,-0.29,,0.29,-0.29,2026-07-11,14,12-16
btc-updown-5m-1783750200,2026-07-11 06:10:00+00:00,2026-07-11 06:00:17.409000+00:00,582.591,paired,True,True,2026-07-11T06:14:24.220Z,2026-07-11T06:11:47.568Z,0.42,0.29,0.29,0.42,2026-07-11,14,12-16
btc-updown-5m-1783750500,2026-07-11 06:15:00+00:00,2026-07-11 06:05:15.815000+00:00,584.185,single,False,True,,2026-07-11T06:18:19.770Z,-0.29,,0.16,-0.16,2026-07-11,14,12-16
btc-updown-5m-1783750800,2026-07-11 06:20:00+00:00,2026-07-11 06:11:28.275000+00:00,511.725,single,False,True,,2026-07-11T06:23:49.707Z,-0.29,,0.29,-0.29,2026-07-11,14,12-16
btc-updown-5m-1783751100,2026-07-11 06:25:00+00:00,2026-07-11 06:17:14.252000+00:00,465.748,single,True,False,2026-07-11T06:28:57.718Z,,-0.29,0.29,,-0.29,2026-07-11,14,12-16
btc-updown-5m-1783751400,2026-07-11 06:30:00+00:00,2026-07-11 06:21:42.410000+00:00,497.59,single,False,True,,2026-07-11T06:34:11.653Z,-0.29,,0.29,-0.29,2026-07-11,14,12-16
btc-updown-5m-1783751700,2026-07-11 06:35:00+00:00,2026-07-11 06:26:25.433000+00:00,514.567,single,True,False,2026-07-11T06:37:33.081Z,,-0.29,0.28,,-0.28,2026-07-11,14,12-16
btc-updown-5m-1783752000,2026-07-11 06:40:00+00:00,2026-07-11 06:31:07.956000+00:00,532.044,single,True,False,2026-07-11T06:43:40.132Z,,-0.29,0.24,,-0.24,2026-07-11,14,12-16
btc-updown-5m-1783752300,2026-07-11 06:45:00+00:00,2026-07-11 06:36:47.455000+00:00,492.545,paired,True,True,2026-07-11T06:46:52.778Z,2026-07-11T06:47:45.723Z,0.42,0.29,0.16,0.5499999999999999,2026-07-11,14,12-16
btc-updown-5m-1783752600,2026-07-11 06:50:00+00:00,2026-07-11 06:41:02.976000+00:00,537.024,single,False,True,,2026-07-11T06:54:58.911Z,-0.29,,0.01,-0.01,2026-07-11,14,12-16
btc-updown-5m-1783752900,2026-07-11 06:55:00+00:00,2026-07-11 06:47:33.419000+00:00,446.581,single,True,False,2026-07-11T06:59:55.508Z,,-0.29,0.07,,-0.07,2026-07-11,14,12-16
btc-updown-5m-1783753200,2026-07-11 07:00:00+00:00,2026-07-11 06:52:11.305000+00:00,468.695,paired,True,True,2026-07-11T07:04:13.299Z,2026-07-11T07:03:36.137Z,0.42,0.26,0.29,0.45,2026-07-11,14,12-16
btc-updown-5m-1783753500,2026-07-11 07:05:00+00:00,2026-07-11 06:55:22.187000+00:00,577.813,single,True,False,2026-07-11T07:08:36.144Z,,-0.29,0.06,,-0.06,2026-07-11,15,12-16
btc-updown-5m-1783753800,2026-07-11 07:10:00+00:00,2026-07-11 07:01:52.226000+00:00,487.774,paired,True,True,2026-07-11T07:13:33.810Z,2026-07-11T07:14:40.214Z,0.42,0.29,0.2,0.51,2026-07-11,15,12-16
btc-updown-5m-1783754100,2026-07-11 07:15:00+00:00,2026-07-11 07:05:33.584000+00:00,566.416,paired,True,True,2026-07-11T07:18:55.731Z,2026-07-11T07:19:54.008Z,0.42,0.28,0.29,0.43,2026-07-11,15,12-16
btc-updown-5m-1783754400,2026-07-11 07:20:00+00:00,2026-07-11 07:12:40.850000+00:00,439.15,single,True,False,2026-07-11T07:23:04.014Z,,-0.29,0.29,,-0.29,2026-07-11,15,12-16
btc-updown-5m-1783754700,2026-07-11 07:25:00+00:00,2026-07-11 07:15:32.793000+00:00,567.207,paired,True,True,2026-07-11T07:29:51.570Z,2026-07-11T07:29:04.932Z,0.42,0.27,0.18,0.55,2026-07-11,15,12-16
btc-updown-5m-1783755000,2026-07-11 07:30:00+00:00,2026-07-11 07:20:35.971000+00:00,564.029,single,True,False,2026-07-11T07:34:24.719Z,,-0.29,0.29,,-0.29,2026-07-11,15,12-16
btc-updown-5m-1783755300,2026-07-11 07:35:00+00:00,2026-07-11 07:27:41.677000+00:00,438.323,single,False,True,,2026-07-11T07:38:46.914Z,-0.29,,0.29,-0.29,2026-07-11,15,12-16
btc-updown-5m-1783755600,2026-07-11 07:40:00+00:00,2026-07-11 07:30:13.190000+00:00,586.81,single,True,False,2026-07-11T07:43:34.981Z,,-0.29,0.17,,-0.17,2026-07-11,15,12-16
btc-updown-5m-1783755900,2026-07-11 07:45:00+00:00,2026-07-11 07:36:37.998000+00:00,502.002,single,True,False,2026-07-11T07:48:13.449Z,,-0.29,0.29,,-0.29,2026-07-11,15,12-16
btc-updown-5m-1783756200,2026-07-11 07:50:00+00:00,2026-07-11 07:42:04.796000+00:00,475.204,single,True,False,2026-07-11T07:51:47.217Z,,-0.29,0.29,,-0.29,2026-07-11,15,12-16
btc-updown-5m-1783756500,2026-07-11 07:55:00+00:00,2026-07-11 07:47:00.935000+00:00,479.065,single,False,True,,2026-07-11T07:58:07.440Z,-0.29,,0.29,-0.29,2026-07-11,15,12-16
btc-updown-5m-1783756800,2026-07-11 08:00:00+00:00,2026-07-11 07:50:24.326000+00:00,575.674,single,False,True,,2026-07-11T08:04:00.314Z,-0.29,,0.29,-0.29,2026-07-11,15,12-16
btc-updown-5m-1783757100,2026-07-11 08:05:00+00:00,2026-07-11 07:56:45.332000+00:00,494.668,single,False,True,,2026-07-11T08:08:55.736Z,-0.29,,0.06,-0.06,2026-07-11,16,16-20
btc-updown-5m-1783757400,2026-07-11 08:10:00+00:00,2026-07-11 08:02:52.481000+00:00,427.519,single,False,True,,2026-07-11T08:12:51.330Z,-0.29,,0.28,-0.28,2026-07-11,16,16-20
btc-updown-5m-1783757700,2026-07-11 08:15:00+00:00,2026-07-11 08:07:00.023000+00:00,479.977,paired,True,True,2026-07-11T08:18:00.262Z,2026-07-11T08:19:26.319Z,0.42,0.29,0.29,0.42,2026-07-11,16,16-20
btc-updown-5m-1783758000,2026-07-11 08:20:00+00:00,2026-07-11 08:12:32.108000+00:00,447.892,single,False,True,,2026-07-11T08:24:12.552Z,-0.29,,0.29,-0.29,2026-07-11,16,16-20
btc-updown-5m-1783758300,2026-07-11 08:25:00+00:00,2026-07-11 08:17:33.433000+00:00,446.567,single,True,False,2026-07-11T08:29:34.205Z,,-0.29,0.29,,-0.29,2026-07-11,16,16-20
btc-updown-5m-1783758600,2026-07-11 08:30:00+00:00,2026-07-11 08:22:43.827000+00:00,436.173,single,False,True,,2026-07-11T08:34:34.346Z,-0.29,,0.29,-0.29,2026-07-11,16,16-20
btc-updown-5m-1783758900,2026-07-11 08:35:00+00:00,2026-07-11 08:26:43.506000+00:00,496.494,paired,True,True,2026-07-11T08:39:54.698Z,2026-07-11T08:37:42.708Z,0.42,0.25,0.29,0.46,2026-07-11,16,16-20
btc-updown-5m-1783759200,2026-07-11 08:40:00+00:00,2026-07-11 08:32:33.413000+00:00,446.587,single,False,True,,2026-07-11T08:41:15.987Z,-0.29,,0.19,-0.19,2026-07-11,16,16-20
btc-updown-5m-1783759500,2026-07-11 08:45:00+00:00,2026-07-11 08:35:11.874000+00:00,588.126,single,True,False,2026-07-11T08:47:18.015Z,,-0.29,0.2,,-0.2,2026-07-11,16,16-20
btc-updown-5m-1783759800,2026-07-11 08:50:00+00:00,2026-07-11 08:40:59.195000+00:00,540.805,single,False,True,,2026-07-11T08:54:25.834Z,-0.29,,0.28,-0.28,2026-07-11,16,16-20
btc-updown-5m-1783760100,2026-07-11 08:55:00+00:00,2026-07-11 08:45:37.473000+00:00,562.527,single,False,True,,2026-07-11T08:59:49.957Z,-0.29,,0.25,-0.25,2026-07-11,16,16-20
btc-updown-5m-1783760400,2026-07-11 09:00:00+00:00,2026-07-11 08:51:55.850000+00:00,484.15,single,False,True,,2026-07-11T09:03:58.808Z,-0.29,,0.24,-0.24,2026-07-11,16,16-20
btc-updown-5m-1783760700,2026-07-11 09:05:00+00:00,2026-07-11 08:55:56.067000+00:00,543.933,single,True,False,2026-07-11T09:07:57.906Z,,-0.29,0.29,,-0.29,2026-07-11,17,16-20
btc-updown-5m-1783761000,2026-07-11 09:10:00+00:00,2026-07-11 09:02:34.803000+00:00,445.197,single,True,False,2026-07-11T09:12:46.622Z,,-0.29,0.29,,-0.29,2026-07-11,17,16-20
btc-updown-5m-1783761300,2026-07-11 09:15:00+00:00,2026-07-11 09:07:19.141000+00:00,460.859,single,False,True,,2026-07-11T09:17:33.324Z,-0.29,,0.14,-0.14,2026-07-11,17,16-20
btc-updown-5m-1783761600,2026-07-11 09:20:00+00:00,2026-07-11 09:11:03.397000+00:00,536.603,none,False,False,,,0.0,,,0.0,2026-07-11,17,16-20
btc-updown-5m-1783761900,2026-07-11 09:25:00+00:00,2026-07-11 09:17:27.870000+00:00,452.13,none,False,False,,,0.0,,,0.0,2026-07-11,17,16-20
btc-updown-5m-1783762200,2026-07-11 09:30:00+00:00,2026-07-11 09:22:16.521000+00:00,463.479,none,False,False,,,0.0,,,0.0,2026-07-11,17,16-20
btc-updown-5m-1783762500,2026-07-11 09:35:00+00:00,2026-07-11 09:25:04.570000+00:00,595.43,single,False,True,,2026-07-11T09:36:30.046Z,-0.29,,0.23,-0.23,2026-07-11,17,16-20
btc-updown-5m-1783762800,2026-07-11 09:40:00+00:00,2026-07-11 09:30:08.831000+00:00,591.169,single,True,False,2026-07-11T09:42:33.619Z,,-0.29,0.02,,-0.02,2026-07-11,17,16-20
btc-updown-5m-1783763100,2026-07-11 09:45:00+00:00,2026-07-11 09:35:06.672000+00:00,593.328,single,True,False,2026-07-11T09:47:48.138Z,,-0.29,0.24,,-0.24,2026-07-11,17,16-20
btc-updown-5m-1783763400,2026-07-11 09:50:00+00:00,2026-07-11 09:41:46.569000+00:00,493.431,paired,True,True,2026-07-11T09:54:42.175Z,2026-07-11T09:51:56.260Z,0.42,0.28,0.29,0.43,2026-07-11,17,16-20
btc-updown-5m-1783763700,2026-07-11 09:55:00+00:00,2026-07-11 09:47:42.916000+00:00,437.084,single,False,True,,2026-07-11T09:56:52.322Z,-0.29,,0.21,-0.21,2026-07-11,17,16-20
btc-updown-5m-1783764000,2026-07-11 10:00:00+00:00,2026-07-11 09:52:29.418000+00:00,450.582,paired,True,True,2026-07-11T10:04:13.541Z,2026-07-11T10:03:13.946Z,0.42,0.29,0.29,0.42,2026-07-11,17,16-20
btc-updown-5m-1783764300,2026-07-11 10:05:00+00:00,2026-07-11 09:56:47.146000+00:00,492.854,single,False,True,,2026-07-11T10:08:17.703Z,-0.29,,0.29,-0.29,2026-07-11,18,16-20
btc-updown-5m-1783764600,2026-07-11 10:10:00+00:00,2026-07-11 10:02:39.617000+00:00,440.383,none,False,False,,,0.0,,,0.0,2026-07-11,18,16-20
btc-updown-5m-1783764900,2026-07-11 10:15:00+00:00,2026-07-11 10:06:20.766000+00:00,519.234,none,False,False,,,0.0,,,0.0,2026-07-11,18,16-20
btc-updown-5m-1783765200,2026-07-11 10:20:00+00:00,2026-07-11 10:12:07.160000+00:00,472.84,single,False,True,,2026-07-11T10:22:13.017Z,-0.29,,0.29,-0.29,2026-07-11,18,16-20
btc-updown-5m-1783765500,2026-07-11 10:25:00+00:00,2026-07-11 10:15:21.714000+00:00,578.286,none,False,False,,,0.0,,,0.0,2026-07-11,18,16-20
btc-updown-5m-1783765800,2026-07-11 10:30:00+00:00,2026-07-11 10:20:22.285000+00:00,577.715,none,False,False,,,0.0,,,0.0,2026-07-11,18,16-20
btc-updown-5m-1783766100,2026-07-11 10:35:00+00:00,2026-07-11 10:28:12.796000+00:00,407.204,single,True,False,2026-07-11T10:37:19.165Z,,-0.29,0.29,,-0.29,2026-07-11,18,16-20
btc-updown-5m-1783766400,2026-07-11 10:40:00+00:00,2026-07-11 10:30:29.022000+00:00,570.978,single,False,True,,2026-07-11T10:43:39.287Z,-0.29,,0.29,-0.29,2026-07-11,18,16-20
btc-updown-5m-1783766700,2026-07-11 10:45:00+00:00,2026-07-11 10:35:26.810000+00:00,573.19,single,False,True,,2026-07-11T10:46:01.010Z,-0.29,,0.18,-0.18,2026-07-11,18,16-20
btc-updown-5m-1783767000,2026-07-11 10:50:00+00:00,2026-07-11 10:41:26.351000+00:00,513.649,single,False,True,,2026-07-11T10:54:23.693Z,-0.29,,0.13,-0.13,2026-07-11,18,16-20
btc-updown-5m-1783767300,2026-07-11 10:55:00+00:00,2026-07-11 10:45:22.891000+00:00,577.109,single,False,True,,2026-07-11T10:59:25.226Z,-0.29,,0.14,-0.14,2026-07-11,18,16-20
btc-updown-5m-1783767600,2026-07-11 11:00:00+00:00,2026-07-11 10:52:07.958000+00:00,472.042,single,True,False,2026-07-11T11:04:54.238Z,,-0.29,0.08,,-0.08,2026-07-11,18,16-20
btc-updown-5m-1783767900,2026-07-11 11:05:00+00:00,2026-07-11 10:57:25.992000+00:00,454.008,single,False,True,,2026-07-11T11:08:59.358Z,-0.29,,0.29,-0.29,2026-07-11,19,16-20
btc-updown-5m-1783768200,2026-07-11 11:10:00+00:00,2026-07-11 11:04:52.140000+00:00,307.86,single,False,True,,2026-07-11T11:12:49.101Z,-0.29,,0.13,-0.13,2026-07-11,19,16-20
btc-updown-5m-1783768500,2026-07-11 11:15:00+00:00,2026-07-11 11:05:32.107000+00:00,567.893,single,True,False,2026-07-11T11:16:47.994Z,,-0.29,0.28,,-0.28,2026-07-11,19,16-20
btc-updown-5m-1783768800,2026-07-11 11:20:00+00:00,2026-07-11 11:12:12.560000+00:00,467.44,single,True,False,2026-07-11T11:22:06.787Z,,-0.29,0.25,,-0.25,2026-07-11,19,16-20
btc-updown-5m-1783769100,2026-07-11 11:25:00+00:00,2026-07-11 11:17:05.786000+00:00,474.214,single,True,False,2026-07-11T11:29:14.563Z,,-0.29,0.29,,-0.29,2026-07-11,19,16-20
btc-updown-5m-1783769400,2026-07-11 11:30:00+00:00,2026-07-11 11:22:00.208000+00:00,479.792,single,True,False,2026-07-11T11:34:07.005Z,,-0.29,0.26,,-0.26,2026-07-11,19,16-20
btc-updown-5m-1783769700,2026-07-11 11:35:00+00:00,2026-07-11 11:26:49.517000+00:00,490.483,paired,True,True,2026-07-11T11:37:53.174Z,2026-07-11T11:35:17.243Z,0.42,0.29,0.24,0.47,2026-07-11,19,16-20
btc-updown-5m-1783770000,2026-07-11 11:40:00+00:00,2026-07-11 11:30:45.783000+00:00,554.217,single,False,True,,2026-07-11T11:42:24.180Z,-0.29,,0.27,-0.27,2026-07-11,19,16-20
btc-updown-5m-1783770300,2026-07-11 11:45:00+00:00,2026-07-11 11:35:11.985000+00:00,588.015,single,False,True,,2026-07-11T11:46:31.307Z,-0.29,,0.23,-0.23,2026-07-11,19,16-20
btc-updown-5m-1783770600,2026-07-11 11:50:00+00:00,2026-07-11 11:41:44.030000+00:00,495.97,paired,True,True,2026-07-11T11:54:57.991Z,2026-07-11T11:54:21.451Z,0.42,0.12,0.29,0.5900000000000001,2026-07-11,19,16-20
btc-updown-5m-1783770900,2026-07-11 11:55:00+00:00,2026-07-11 11:46:00.604000+00:00,539.396,single,False,True,,2026-07-11T11:57:11.607Z,-0.29,,0.29,-0.29,2026-07-11,19,16-20
btc-updown-5m-1783771200,2026-07-11 12:00:00+00:00,2026-07-11 11:51:34.214000+00:00,505.786,single,True,False,2026-07-11T12:03:46.816Z,,-0.29,0.27,,-0.27,2026-07-11,19,16-20
btc-updown-5m-1783771500,2026-07-11 12:05:00+00:00,2026-07-11 11:56:18.858000+00:00,521.142,paired,True,True,2026-07-11T12:08:14.178Z,2026-07-11T12:05:58.504Z,0.42,0.21,0.29,0.5,2026-07-11,20,20-24
btc-updown-5m-1783771800,2026-07-11 12:10:00+00:00,2026-07-11 12:01:32.650000+00:00,507.35,single,False,True,,2026-07-11T12:12:00.375Z,-0.29,,0.29,-0.29,2026-07-11,20,20-24
btc-updown-5m-1783772100,2026-07-11 12:15:00+00:00,2026-07-11 12:05:11.852000+00:00,588.148,single,True,False,2026-07-11T12:18:26.460Z,,-0.29,0.29,,-0.29,2026-07-11,20,20-24
btc-updown-5m-1783772400,2026-07-11 12:20:00+00:00,2026-07-11 12:11:20.301000+00:00,519.699,single,True,False,2026-07-11T12:22:46.664Z,,-0.29,0.29,,-0.29,2026-07-11,20,20-24
btc-updown-5m-1783772700,2026-07-11 12:25:00+00:00,2026-07-11 12:17:20.620000+00:00,459.38,single,False,True,,2026-07-11T12:27:24.064Z,-0.29,,0.29,-0.29,2026-07-11,20,20-24
btc-updown-5m-1783773000,2026-07-11 12:30:00+00:00,2026-07-11 12:20:56.784000+00:00,543.216,single,True,False,2026-07-11T12:32:56.954Z,,-0.29,0.29,,-0.29,2026-07-11,20,20-24
btc-updown-5m-1783773300,2026-07-11 12:35:00+00:00,2026-07-11 12:27:49.836000+00:00,430.164,paired,True,True,2026-07-11T12:39:53.698Z,2026-07-11T12:36:44.428Z,0.42,0.27,0.22,0.51,2026-07-11,20,20-24
btc-updown-5m-1783773600,2026-07-11 12:40:00+00:00,2026-07-11 12:32:14.076000+00:00,465.924,single,False,True,,2026-07-11T12:42:51.260Z,-0.29,,0.29,-0.29,2026-07-11,20,20-24
btc-updown-5m-1783773900,2026-07-11 12:45:00+00:00,2026-07-11 12:36:34.363000+00:00,505.637,single,False,True,,2026-07-11T12:47:15.653Z,-0.29,,0.29,-0.29,2026-07-11,20,20-24
btc-updown-5m-1783774200,2026-07-11 12:50:00+00:00,2026-07-11 12:42:14.406000+00:00,465.594,single,False,True,,2026-07-11T12:54:37.481Z,-0.29,,0.25,-0.25,2026-07-11,20,20-24
btc-updown-5m-1783774500,2026-07-11 12:55:00+00:00,2026-07-11 12:46:19.987000+00:00,520.013,single,False,True,,2026-07-11T12:59:36.678Z,-0.29,,0.29,-0.29,2026-07-11,20,20-24
btc-updown-5m-1783774800,2026-07-11 13:00:00+00:00,2026-07-11 12:50:12.978000+00:00,587.022,single,True,False,2026-07-11T13:04:02.723Z,,-0.29,0.27,,-0.27,2026-07-11,20,20-24
btc-updown-5m-1783775100,2026-07-11 13:05:00+00:00,2026-07-11 12:55:27.351000+00:00,572.649,single,False,True,,2026-07-11T13:08:07.091Z,-0.29,,0.29,-0.29,2026-07-11,21,20-24
btc-updown-5m-1783775400,2026-07-11 13:10:00+00:00,2026-07-11 13:01:51.150000+00:00,488.85,single,True,False,2026-07-11T13:10:54.953Z,,-0.29,0.26,,-0.26,2026-07-11,21,20-24
btc-updown-5m-1783775700,2026-07-11 13:15:00+00:00,2026-07-11 13:06:43.463000+00:00,496.537,single,True,False,2026-07-11T13:17:14.512Z,,-0.29,0.29,,-0.29,2026-07-11,21,20-24
btc-updown-5m-1783776000,2026-07-11 13:20:00+00:00,2026-07-11 13:11:33.598000+00:00,506.402,single,False,True,,2026-07-11T13:22:30.524Z,-0.29,,0.13,-0.13,2026-07-11,21,20-24
btc-updown-5m-1783776300,2026-07-11 13:25:00+00:00,2026-07-11 13:16:31.066000+00:00,508.934,single,True,False,2026-07-11T13:29:23.953Z,,-0.29,0.29,,-0.29,2026-07-11,21,20-24
btc-updown-5m-1783776600,2026-07-11 13:30:00+00:00,2026-07-11 13:22:06.726000+00:00,473.274,single,False,True,,2026-07-11T13:32:03.178Z,-0.29,,0.29,-0.29,2026-07-11,21,20-24
btc-updown-5m-1783776900,2026-07-11 13:35:00+00:00,2026-07-11 13:28:10.383000+00:00,409.617,single,True,False,2026-07-11T13:38:54.809Z,,-0.29,0.29,,-0.29,2026-07-11,21,20-24
btc-updown-5m-1783777200,2026-07-11 13:40:00+00:00,2026-07-11 13:31:45.573000+00:00,494.427,single,False,True,,2026-07-11T13:43:57.897Z,-0.29,,0.06,-0.06,2026-07-11,21,20-24
btc-updown-5m-1783777500,2026-07-11 13:45:00+00:00,2026-07-11 13:37:04.573000+00:00,475.427,single,False,True,,2026-07-11T13:48:11.042Z,-0.29,,0.22,-0.22,2026-07-11,21,20-24
btc-updown-5m-1783777800,2026-07-11 13:50:00+00:00,2026-07-11 13:42:03.080000+00:00,476.92,single,True,False,2026-07-11T13:54:06.326Z,,-0.29,0.29,,-0.29,2026-07-11,21,20-24
btc-updown-5m-1783778100,2026-07-11 13:55:00+00:00,2026-07-11 13:47:27.255000+00:00,452.745,single,True,False,2026-07-11T13:57:42.373Z,,-0.29,0.29,,-0.29,2026-07-11,21,20-24
btc-updown-5m-1783778400,2026-07-11 14:00:00+00:00,2026-07-11 13:51:45.373000+00:00,494.627,single,False,True,,2026-07-11T14:03:35.110Z,-0.29,,0.29,-0.29,2026-07-11,21,20-24
btc-updown-5m-1783778700,2026-07-11 14:05:00+00:00,2026-07-11 13:56:18.173000+00:00,521.827,none,False,False,,,0.0,0.23,,-0.23,2026-07-11,22,20-24
btc-updown-5m-1783779000,2026-07-11 14:10:00+00:00,2026-07-11 14:02:59.026000+00:00,420.974,paired,True,True,2026-07-11T14:14:56.756Z,2026-07-11T14:13:32.330Z,0.42,0.28,0.29,0.43,2026-07-11,22,20-24
btc-updown-5m-1783779300,2026-07-11 14:15:00+00:00,2026-07-11 14:07:20.637000+00:00,459.363,single,False,True,,2026-07-11T14:17:35.673Z,-0.29,,0.29,-0.29,2026-07-11,22,20-24
btc-updown-5m-1783779600,2026-07-11 14:20:00+00:00,2026-07-11 14:11:12.024000+00:00,527.976,single,True,False,2026-07-11T14:20:54.318Z,,-0.29,0.21,,-0.21,2026-07-11,22,20-24
btc-updown-5m-1783779900,2026-07-11 14:25:00+00:00,2026-07-11 14:17:10.788000+00:00,469.212,paired,True,True,2026-07-11T14:28:10.171Z,2026-07-11T14:29:11.462Z,0.42,0.29,0.08,0.63,2026-07-11,22,20-24
btc-updown-5m-1783780200,2026-07-11 14:30:00+00:00,2026-07-11 14:20:52.788000+00:00,547.212,single,False,True,,2026-07-11T14:31:41.729Z,-0.29,,0.18,-0.18,2026-07-11,22,20-24
btc-updown-5m-1783780500,2026-07-11 14:35:00+00:00,2026-07-11 14:28:36.207000+00:00,383.793,single,False,True,,2026-07-11T14:38:46.680Z,-0.29,,0.17,-0.17,2026-07-11,22,20-24
btc-updown-5m-1783780800,2026-07-11 14:40:00+00:00,2026-07-11 14:30:38.367000+00:00,561.633,single,True,False,2026-07-11T14:42:13.829Z,,-0.29,0.29,,-0.29,2026-07-11,22,20-24
btc-updown-5m-1783781100,2026-07-11 14:45:00+00:00,2026-07-11 14:38:28.110000+00:00,391.89,single,True,False,2026-07-11T14:48:01.989Z,,-0.29,0.15,,-0.15,2026-07-11,22,20-24
btc-updown-5m-1783781400,2026-07-11 14:50:00+00:00,2026-07-11 14:43:02.972000+00:00,417.028,paired,True,True,2026-07-11T14:54:50.147Z,2026-07-11T14:53:58.929Z,0.42,0.27,0.28,0.44999999999999996,2026-07-11,22,20-24
btc-updown-5m-1783781700,2026-07-11 14:55:00+00:00,2026-07-11 14:46:57.949000+00:00,482.051,single,True,False,2026-07-11T14:58:16.626Z,,-0.29,0.29,,-0.29,2026-07-11,22,20-24
btc-updown-5m-1783782000,2026-07-11 15:00:00+00:00,2026-07-11 14:51:15.961000+00:00,524.039,single,False,True,,2026-07-11T15:03:16.041Z,-0.29,,0.29,-0.29,2026-07-11,22,20-24
btc-updown-5m-1783782300,2026-07-11 15:05:00+00:00,2026-07-11 14:55:08.759000+00:00,591.241,single,True,False,2026-07-11T15:07:26.018Z,,-0.29,0.29,,-0.29,2026-07-11,23,20-24
btc-updown-5m-1783782600,2026-07-11 15:10:00+00:00,2026-07-11 15:02:16.768000+00:00,463.232,single,False,True,,2026-07-11T15:12:18.737Z,-0.29,,0.05,-0.05,2026-07-11,23,20-24
btc-updown-5m-1783782900,2026-07-11 15:15:00+00:00,2026-07-11 15:07:59.398000+00:00,420.602,single,True,False,2026-07-11T15:18:03.119Z,,-0.29,0.25,,-0.25,2026-07-11,23,20-24
btc-updown-5m-1783783200,2026-07-11 15:20:00+00:00,2026-07-11 15:12:10.325000+00:00,469.675,single,False,True,,2026-07-11T15:22:31.709Z,-0.29,,0.29,-0.29,2026-07-11,23,20-24
btc-updown-5m-1783783500,2026-07-11 15:25:00+00:00,2026-07-11 15:17:57.171000+00:00,422.829,single,True,False,2026-07-11T15:27:23.542Z,,-0.29,0.29,,-0.29,2026-07-11,23,20-24
btc-updown-5m-1783783800,2026-07-11 15:30:00+00:00,2026-07-11 15:21:52.215000+00:00,487.785,single,False,True,,2026-07-11T15:33:25.499Z,-0.29,,0.29,-0.29,2026-07-11,23,20-24
btc-updown-5m-1783784100,2026-07-11 15:35:00+00:00,2026-07-11 15:27:19.517000+00:00,460.483,none,False,False,,,0.0,0.1,,-0.1,2026-07-11,23,20-24
btc-updown-5m-1783784400,2026-07-11 15:40:00+00:00,2026-07-11 15:30:45.838000+00:00,554.162,paired,True,True,2026-07-11T15:44:39.557Z,2026-07-11T15:42:27.249Z,0.42,0.25,0.29,0.46,2026-07-11,23,20-24
btc-updown-5m-1783784700,2026-07-11 15:45:00+00:00,2026-07-11 15:36:45.444000+00:00,494.556,single,True,False,2026-07-11T15:47:33.494Z,,-0.29,0.29,,-0.29,2026-07-11,23,20-24
btc-updown-5m-1783785000,2026-07-11 15:50:00+00:00,2026-07-11 15:40:39.984000+00:00,560.016,paired,True,True,2026-07-11T15:51:09.157Z,2026-07-11T15:53:35.590Z,0.42,0.29,0.29,0.42,2026-07-11,23,20-24
btc-updown-5m-1783785300,2026-07-11 15:55:00+00:00,2026-07-11 15:45:17.390000+00:00,582.61,single,False,True,,2026-07-11T15:57:35.802Z,-0.29,,0.26,-0.26,2026-07-11,23,20-24
btc-updown-5m-1783785600,2026-07-11 16:00:00+00:00,2026-07-11 15:50:38.175000+00:00,561.825,paired,True,True,2026-07-11T16:04:12.943Z,2026-07-11T16:02:16.202Z,0.42,0.06,0.12,0.82,2026-07-11,23,20-24
btc-updown-5m-1783785900,2026-07-11 16:05:00+00:00,2026-07-11 15:56:00.168000+00:00,539.832,paired,True,True,2026-07-11T16:08:37.187Z,2026-07-11T16:08:14.345Z,0.42,0.29,0.27,0.43999999999999995,2026-07-12,0,00-04
btc-updown-5m-1783786200,2026-07-11 16:10:00+00:00,2026-07-11 16:01:37.997000+00:00,502.003,single,False,True,,2026-07-11T16:12:25.839Z,-0.29,,0.29,-0.29,2026-07-12,0,00-04
btc-updown-5m-1783786500,2026-07-11 16:15:00+00:00,2026-07-11 16:07:06.149000+00:00,473.851,paired,True,True,2026-07-11T16:17:07.337Z,2026-07-11T16:19:08.099Z,0.42,0.29,0.29,0.42,2026-07-12,0,00-04
btc-updown-5m-1783786800,2026-07-11 16:20:00+00:00,2026-07-11 16:10:43.042000+00:00,556.958,paired,True,True,2026-07-11T16:22:33.065Z,2026-07-11T16:21:24.852Z,0.42,0.29,0.28,0.42999999999999994,2026-07-12,0,00-04
btc-updown-5m-1783787100,2026-07-11 16:25:00+00:00,2026-07-11 16:16:06.334000+00:00,533.666,single,True,False,2026-07-11T16:29:22.910Z,,-0.29,0.28,,-0.28,2026-07-12,0,00-04
btc-updown-5m-1783787400,2026-07-11 16:30:00+00:00,2026-07-11 16:21:15.791000+00:00,524.209,single,False,True,,2026-07-11T16:32:39.831Z,-0.29,,0.28,-0.28,2026-07-12,0,00-04
btc-updown-5m-1783787700,2026-07-11 16:35:00+00:00,2026-07-11 16:26:19.559000+00:00,520.441,single,True,False,2026-07-11T16:37:16.439Z,,-0.29,0.29,,-0.29,2026-07-12,0,00-04
btc-updown-5m-1783788000,2026-07-11 16:40:00+00:00,2026-07-11 16:31:24.208000+00:00,515.792,single,True,False,2026-07-11T16:41:31.443Z,,-0.29,0.29,,-0.29,2026-07-12,0,00-04
btc-updown-5m-1783788300,2026-07-11 16:45:00+00:00,2026-07-11 16:37:19.221000+00:00,460.779,paired,True,True,2026-07-11T16:47:26.406Z,2026-07-11T16:49:10.617Z,0.42,0.29,0.27,0.43999999999999995,2026-07-12,0,00-04
btc-updown-5m-1783788600,2026-07-11 16:50:00+00:00,2026-07-11 16:41:00.164000+00:00,539.836,single,True,False,2026-07-11T16:52:15.481Z,,-0.29,0.15,,-0.15,2026-07-12,0,00-04
btc-updown-5m-1783788900,2026-07-11 16:55:00+00:00,2026-07-11 16:46:53.331000+00:00,486.669,single,False,True,,2026-07-11T16:57:30.854Z,-0.29,,0.29,-0.29,2026-07-12,0,00-04
btc-updown-5m-1783789200,2026-07-11 17:00:00+00:00,2026-07-11 16:50:54.038000+00:00,545.962,paired,True,True,2026-07-11T17:01:57.573Z,2026-07-11T17:04:44.325Z,0.42,0.29,0.27,0.43999999999999995,2026-07-12,0,00-04
btc-updown-5m-1783789500,2026-07-11 17:05:00+00:00,2026-07-11 16:55:22.659000+00:00,577.341,single,False,True,,2026-07-11T17:06:24.465Z,-0.29,,0.13,-0.13,2026-07-12,1,00-04
btc-updown-5m-1783789800,2026-07-11 17:10:00+00:00,2026-07-11 17:02:16.994000+00:00,463.006,single,True,False,2026-07-11T17:13:27.318Z,,-0.29,0.28,,-0.28,2026-07-12,1,00-04
btc-updown-5m-1783790100,2026-07-11 17:15:00+00:00,2026-07-11 17:06:00.081000+00:00,539.919,single,False,True,,2026-07-11T17:16:58.400Z,-0.29,,0.29,-0.29,2026-07-12,1,00-04
btc-updown-5m-1783790400,2026-07-11 17:20:00+00:00,2026-07-11 17:10:47.952000+00:00,552.048,single,True,False,2026-07-11T17:22:07.770Z,,-0.29,0.29,,-0.29,2026-07-12,1,00-04
btc-updown-5m-1783790700,2026-07-11 17:25:00+00:00,2026-07-11 17:16:28.553000+00:00,511.447,single,False,True,,2026-07-11T17:26:51.483Z,-0.29,,0.25,-0.25,2026-07-12,1,00-04
btc-updown-5m-1783791000,2026-07-11 17:30:00+00:00,2026-07-11 17:22:06.519000+00:00,473.481,single,False,True,,2026-07-11T17:31:50.455Z,-0.29,,0.27,-0.27,2026-07-12,1,00-04
btc-updown-5m-1783791300,2026-07-11 17:35:00+00:00,2026-07-11 17:27:01.131000+00:00,478.869,paired,True,True,2026-07-11T17:37:15.835Z,2026-07-11T17:36:39.637Z,0.42,0.17,0.29,0.54,2026-07-12,1,00-04
btc-updown-5m-1783791600,2026-07-11 17:40:00+00:00,2026-07-11 17:31:14.619000+00:00,525.381,paired,True,True,2026-07-11T17:41:31.408Z,2026-07-11T17:44:24.684Z,0.42,0.29,0.29,0.42,2026-07-12,1,00-04
btc-updown-5m-1783791900,2026-07-11 17:45:00+00:00,2026-07-11 17:36:35.903000+00:00,504.097,paired,True,True,2026-07-11T17:47:27.497Z,2026-07-11T17:46:57.362Z,0.42,0.21,0.28,0.51,2026-07-12,1,00-04
btc-updown-5m-1783792200,2026-07-11 17:50:00+00:00,2026-07-11 17:40:20.008000+00:00,579.992,single,True,False,2026-07-11T17:54:00.180Z,,-0.29,0.24,,-0.24,2026-07-12,1,00-04
btc-updown-5m-1783792500,2026-07-11 17:55:00+00:00,2026-07-11 17:47:15.544000+00:00,464.456,single,True,False,2026-07-11T17:58:26.323Z,,-0.29,0.29,,-0.29,2026-07-12,1,00-04
btc-updown-5m-1783792800,2026-07-11 18:00:00+00:00,2026-07-11 17:50:55.415000+00:00,544.585,single,True,False,2026-07-11T18:01:42.533Z,,-0.29,0.28,,-0.28,2026-07-12,1,00-04
btc-updown-5m-1783793100,2026-07-11 18:05:00+00:00,2026-07-11 17:55:57.880000+00:00,542.12,single,False,True,,2026-07-11T18:06:22.079Z,-0.29,,0.29,-0.29,2026-07-12,2,00-04
btc-updown-5m-1783793400,2026-07-11 18:10:00+00:00,2026-07-11 18:00:12.770000+00:00,587.23,single,True,False,2026-07-11T18:12:48.803Z,,-0.29,0.29,,-0.29,2026-07-12,2,00-04
btc-updown-5m-1783793700,2026-07-11 18:15:00+00:00,2026-07-11 18:06:24.506000+00:00,515.494,single,False,True,,2026-07-11T18:17:16.746Z,-0.29,,0.29,-0.29,2026-07-12,2,00-04
btc-updown-5m-1783794000,2026-07-11 18:20:00+00:00,2026-07-11 18:11:13.944000+00:00,526.056,single,False,True,,2026-07-11T18:22:00.485Z,-0.29,,0.27,-0.27,2026-07-12,2,00-04
btc-updown-5m-1783794300,2026-07-11 18:25:00+00:00,2026-07-11 18:15:06.762000+00:00,593.238,single,True,False,2026-07-11T18:27:18.040Z,,-0.29,0.29,,-0.29,2026-07-12,2,00-04
btc-updown-5m-1783794600,2026-07-11 18:30:00+00:00,2026-07-11 18:20:57.988000+00:00,542.012,single,False,True,,2026-07-11T18:31:35.604Z,-0.29,,0.29,-0.29,2026-07-12,2,00-04
btc-updown-5m-1783794900,2026-07-11 18:35:00+00:00,2026-07-11 18:26:24.581000+00:00,515.419,single,True,False,2026-07-11T18:37:52.238Z,,-0.29,0.29,,-0.29,2026-07-12,2,00-04
btc-updown-5m-1783795200,2026-07-11 18:40:00+00:00,2026-07-11 18:31:33.739000+00:00,506.261,single,False,True,,2026-07-11T18:42:38.582Z,-0.29,,0.29,-0.29,2026-07-12,2,00-04
btc-updown-5m-1783795500,2026-07-11 18:45:00+00:00,2026-07-11 18:36:17.172000+00:00,522.828,single,True,False,2026-07-11T18:47:05.069Z,,-0.29,0.28,,-0.28,2026-07-12,2,00-04
btc-updown-5m-1783795800,2026-07-11 18:50:00+00:00,2026-07-11 18:41:27.607000+00:00,512.393,single,True,False,2026-07-11T18:52:29.197Z,,-0.29,0.08,,-0.08,2026-07-12,2,00-04
btc-updown-5m-1783796100,2026-07-11 18:55:00+00:00,2026-07-11 18:46:01+00:00,539.0,single,False,True,,2026-07-11T18:56:18.155Z,-0.29,,0.28,-0.28,2026-07-12,2,00-04
btc-updown-5m-1783796400,2026-07-11 19:00:00+00:00,2026-07-11 18:50:28.771000+00:00,571.229,single,True,False,2026-07-11T19:02:07.518Z,,-0.29,0.29,,-0.29,2026-07-12,2,00-04
btc-updown-5m-1783796700,2026-07-11 19:05:00+00:00,2026-07-11 18:55:49.530000+00:00,550.47,paired,True,True,2026-07-11T19:09:58.117Z,2026-07-11T19:07:34.029Z,0.42,0.29,0.28,0.42999999999999994,2026-07-12,3,00-04
btc-updown-5m-1783797000,2026-07-11 19:10:00+00:00,2026-07-11 19:02:00.856000+00:00,479.144,paired,True,True,2026-07-11T19:14:01.514Z,2026-07-11T19:11:55.333Z,0.42,0.29,0.29,0.42,2026-07-12,3,00-04
btc-updown-5m-1783797300,2026-07-11 19:15:00+00:00,2026-07-11 19:05:52.903000+00:00,547.097,paired,True,True,2026-07-11T19:16:48.795Z,2026-07-11T19:18:48.041Z,0.42,0.29,0.29,0.42,2026-07-12,3,00-04
btc-updown-5m-1783797600,2026-07-11 19:20:00+00:00,2026-07-11 19:11:59.364000+00:00,480.636,paired,True,True,2026-07-11T19:21:46.458Z,2026-07-11T19:24:26.852Z,0.42,0.28,0.29,0.43,2026-07-12,3,00-04
btc-updown-5m-1783797900,2026-07-11 19:25:00+00:00,2026-07-11 19:16:03.336000+00:00,536.664,single,True,False,2026-07-11T19:27:17.799Z,,-0.29,0.04,,-0.04,2026-07-12,3,00-04
btc-updown-5m-1783798200,2026-07-11 19:30:00+00:00,2026-07-11 19:21:29.989000+00:00,510.011,single,False,True,,2026-07-11T19:32:12.868Z,-0.29,,0.29,-0.29,2026-07-12,3,00-04
btc-updown-5m-1783798500,2026-07-11 19:35:00+00:00,2026-07-11 19:26:27.552000+00:00,512.448,single,False,True,,2026-07-11T19:37:19.223Z,-0.29,,0.29,-0.29,2026-07-12,3,00-04
btc-updown-5m-1783798800,2026-07-11 19:40:00+00:00,2026-07-11 19:30:29.220000+00:00,570.78,single,False,True,,2026-07-11T19:43:10.374Z,-0.29,,0.29,-0.29,2026-07-12,3,00-04
btc-updown-5m-1783799100,2026-07-11 19:45:00+00:00,2026-07-11 19:35:58.105000+00:00,541.895,paired,True,True,2026-07-11T19:49:20.542Z,2026-07-11T19:47:39.802Z,0.42,0.29,0.28,0.42999999999999994,2026-07-12,3,00-04
btc-updown-5m-1783799400,2026-07-11 19:50:00+00:00,2026-07-11 19:41:34.514000+00:00,505.486,single,False,True,,2026-07-11T19:52:51.306Z,-0.29,,0.25,-0.25,2026-07-12,3,00-04
btc-updown-5m-1783799700,2026-07-11 19:55:00+00:00,2026-07-11 19:47:19.173000+00:00,460.827,single,False,True,,2026-07-11T19:58:02.882Z,-0.29,,0.29,-0.29,2026-07-12,3,00-04
btc-updown-5m-1783800000,2026-07-11 20:00:00+00:00,2026-07-11 19:51:04.670000+00:00,535.33,single,False,True,,2026-07-11T20:02:24.025Z,-0.29,,0.29,-0.29,2026-07-12,3,00-04
btc-updown-5m-1783800300,2026-07-11 20:05:00+00:00,2026-07-11 19:55:53.036000+00:00,546.964,paired,True,True,2026-07-11T20:07:07.050Z,2026-07-11T20:09:56.315Z,0.42,0.29,0.28,0.42999999999999994,2026-07-12,4,04-08
btc-updown-5m-1783800600,2026-07-11 20:10:00+00:00,2026-07-11 20:02:30.186000+00:00,449.814,paired,True,True,2026-07-11T20:10:40.861Z,2026-07-11T20:14:22.997Z,0.42,0.29,0.28,0.42999999999999994,2026-07-12,4,04-08
btc-updown-5m-1783800900,2026-07-11 20:15:00+00:00,2026-07-11 20:05:56.474000+00:00,543.526,single,False,True,,2026-07-11T20:17:36.348Z,-0.29,,0.28,-0.28,2026-07-12,4,04-08
btc-updown-5m-1783801200,2026-07-11 20:20:00+00:00,2026-07-11 20:11:10.905000+00:00,529.095,paired,True,True,2026-07-11T20:23:55.626Z,2026-07-11T20:24:40.671Z,0.42,0.29,0.29,0.42,2026-07-12,4,04-08
btc-updown-5m-1783801500,2026-07-11 20:25:00+00:00,2026-07-11 20:15:49.504000+00:00,550.496,single,False,True,,2026-07-11T20:27:49.080Z,-0.29,,0.29,-0.29,2026-07-12,4,04-08
btc-updown-5m-1783801800,2026-07-11 20:30:00+00:00,2026-07-11 20:20:48.604000+00:00,551.396,paired,True,True,2026-07-11T20:34:46.394Z,2026-07-11T20:34:08.985Z,0.42,0.29,0.29,0.42,2026-07-12,4,04-08
btc-updown-5m-1783802100,2026-07-11 20:35:00+00:00,2026-07-11 20:26:12.038000+00:00,527.962,paired,True,True,2026-07-11T20:39:14.935Z,2026-07-11T20:37:45.147Z,0.42,0.29,0.29,0.42,2026-07-12,4,04-08
btc-updown-5m-1783802400,2026-07-11 20:40:00+00:00,2026-07-11 20:31:37.014000+00:00,502.986,single,False,True,,2026-07-11T20:42:05.542Z,-0.29,,0.25,-0.25,2026-07-12,4,04-08
btc-updown-5m-1783802700,2026-07-11 20:45:00+00:00,2026-07-11 20:36:02.775000+00:00,537.225,single,True,False,2026-07-11T20:48:20.938Z,,-0.29,0.29,,-0.29,2026-07-12,4,04-08
btc-updown-5m-1783803000,2026-07-11 20:50:00+00:00,2026-07-11 20:41:32.017000+00:00,507.983,single,True,False,2026-07-11T20:53:51.644Z,,-0.29,0.29,,-0.29,2026-07-12,4,04-08
btc-updown-5m-1783803300,2026-07-11 20:55:00+00:00,2026-07-11 20:46:34.973000+00:00,505.027,single,False,True,,2026-07-11T20:59:17.112Z,-0.29,,0.28,-0.28,2026-07-12,4,04-08
btc-updown-5m-1783803600,2026-07-11 21:00:00+00:00,2026-07-11 20:51:27.719000+00:00,512.281,single,False,True,,2026-07-11T21:02:52.686Z,-0.29,,0.29,-0.29,2026-07-12,4,04-08
btc-updown-5m-1783803900,2026-07-11 21:05:00+00:00,2026-07-11 20:55:55.971000+00:00,544.029,single,True,False,2026-07-11T21:07:47.613Z,,-0.29,0.27,,-0.27,2026-07-12,5,04-08
btc-updown-5m-1783804200,2026-07-11 21:10:00+00:00,2026-07-11 21:02:19.460000+00:00,460.54,single,True,False,2026-07-11T21:13:05.125Z,,-0.29,0.15,,-0.15,2026-07-12,5,04-08
btc-updown-5m-1783804500,2026-07-11 21:15:00+00:00,2026-07-11 21:05:54.251000+00:00,545.749,single,False,True,,2026-07-11T21:17:31.918Z,-0.29,,0.28,-0.28,2026-07-12,5,04-08
btc-updown-5m-1783804800,2026-07-11 21:20:00+00:00,2026-07-11 21:11:23.817000+00:00,516.183,single,False,True,,2026-07-11T21:22:19.734Z,-0.29,,0.2,-0.2,2026-07-12,5,04-08
btc-updown-5m-1783805100,2026-07-11 21:25:00+00:00,2026-07-11 21:16:11.888000+00:00,528.112,single,True,False,2026-07-11T21:25:29.277Z,,-0.29,0.26,,-0.26,2026-07-12,5,04-08
btc-updown-5m-1783805400,2026-07-11 21:30:00+00:00,2026-07-11 21:22:08.968000+00:00,471.032,paired,True,True,2026-07-11T21:32:03.994Z,2026-07-11T21:34:53.715Z,0.42,0.29,0.29,0.42,2026-07-12,5,04-08
btc-updown-5m-1783805700,2026-07-11 21:35:00+00:00,2026-07-11 21:26:50.480000+00:00,489.52,paired,True,True,2026-07-11T21:39:58.804Z,2026-07-11T21:39:38.692Z,0.42,0.28,0.29,0.43,2026-07-12,5,04-08
btc-updown-5m-1783806000,2026-07-11 21:40:00+00:00,2026-07-11 21:32:05.871000+00:00,474.129,paired,True,True,2026-07-11T21:43:11.173Z,2026-07-11T21:42:37.548Z,0.42,0.28,0.19,0.53,2026-07-12,5,04-08
btc-updown-5m-1783806300,2026-07-11 21:45:00+00:00,2026-07-11 21:35:30.262000+00:00,569.738,single,False,True,,2026-07-11T21:46:28.655Z,-0.29,,0.27,-0.27,2026-07-12,5,04-08
btc-updown-5m-1783806600,2026-07-11 21:50:00+00:00,2026-07-11 21:40:39.234000+00:00,560.766,paired,True,True,2026-07-11T21:54:10.604Z,2026-07-11T21:51:35.039Z,0.42,0.29,0.23,0.48,2026-07-12,5,04-08
btc-updown-5m-1783806900,2026-07-11 21:55:00+00:00,2026-07-11 21:46:23.225000+00:00,516.775,paired,True,True,2026-07-11T21:59:05.791Z,2026-07-11T21:59:21.476Z,0.42,0.29,0.29,0.42,2026-07-12,5,04-08
btc-updown-5m-1783807200,2026-07-11 22:00:00+00:00,2026-07-11 21:51:08.854000+00:00,531.146,paired,True,True,2026-07-11T22:04:17.690Z,2026-07-11T22:03:01.108Z,0.42,0.21,0.26,0.53,2026-07-12,5,04-08
btc-updown-5m-1783807500,2026-07-11 22:05:00+00:00,2026-07-11 21:55:33.116000+00:00,566.884,paired,True,True,2026-07-11T22:07:12.152Z,2026-07-11T22:09:44.418Z,0.42,0.26,0.29,0.45,2026-07-12,6,04-08
btc-updown-5m-1783807800,2026-07-11 22:10:00+00:00,2026-07-11 22:02:33.034000+00:00,446.966,paired,True,True,2026-07-11T22:14:55.237Z,2026-07-11T22:12:22.954Z,0.42,0.01,0.28,0.71,2026-07-12,6,04-08
btc-updown-5m-1783808100,2026-07-11 22:15:00+00:00,2026-07-11 22:07:10.422000+00:00,469.578,single,False,True,,2026-07-11T22:19:50.781Z,-0.29,,0.29,-0.29,2026-07-12,6,04-08
btc-updown-5m-1783808400,2026-07-11 22:20:00+00:00,2026-07-11 22:10:31.394000+00:00,568.606,single,True,False,2026-07-11T22:21:32.256Z,,-0.29,0.29,,-0.29,2026-07-12,6,04-08
btc-updown-5m-1783808700,2026-07-11 22:25:00+00:00,2026-07-11 22:15:33.348000+00:00,566.652,single,True,False,2026-07-11T22:28:03.396Z,,-0.29,0.18,,-0.18,2026-07-12,6,04-08
btc-updown-5m-1783809000,2026-07-11 22:30:00+00:00,2026-07-11 22:22:11.815000+00:00,468.185,single,False,True,,2026-07-11T22:32:23.467Z,-0.29,,0.29,-0.29,2026-07-12,6,04-08
btc-updown-5m-1783809300,2026-07-11 22:35:00+00:00,2026-07-11 22:26:14.256000+00:00,525.744,single,True,False,2026-07-11T22:38:02.250Z,,-0.29,0.24,,-0.24,2026-07-12,6,04-08
btc-updown-5m-1783809600,2026-07-11 22:40:00+00:00,2026-07-11 22:32:45.017000+00:00,434.983,single,True,False,2026-07-11T22:42:15.373Z,,-0.29,0.24,,-0.24,2026-07-12,6,04-08
btc-updown-5m-1783809900,2026-07-11 22:45:00+00:00,2026-07-11 22:35:37.531000+00:00,562.469,single,True,False,2026-07-11T22:49:07.174Z,,-0.29,0.29,,-0.29,2026-07-12,6,04-08
btc-updown-5m-1783810200,2026-07-11 22:50:00+00:00,2026-07-11 22:42:03.591000+00:00,476.409,single,False,True,,2026-07-11T22:51:25.340Z,-0.29,,0.29,-0.29,2026-07-12,6,04-08
btc-updown-5m-1783810500,2026-07-11 22:55:00+00:00,2026-07-11 22:46:57.821000+00:00,482.179,single,False,True,,2026-07-11T22:56:06.159Z,-0.29,,0.29,-0.29,2026-07-12,6,04-08
btc-updown-5m-1783810800,2026-07-11 23:00:00+00:00,2026-07-11 22:51:07.604000+00:00,532.396,single,False,True,,2026-07-11T23:03:31.221Z,-0.29,,0.05,-0.05,2026-07-12,6,04-08
btc-updown-5m-1783811100,2026-07-11 23:05:00+00:00,2026-07-11 22:55:40.733000+00:00,559.267,paired,True,True,2026-07-11T23:09:20.506Z,2026-07-11T23:08:28.388Z,0.42,0.01,0.28,0.71,2026-07-12,7,04-08
btc-updown-5m-1783811400,2026-07-11 23:10:00+00:00,2026-07-11 23:03:18.130000+00:00,401.87,single,False,True,,2026-07-11T23:13:57.995Z,-0.29,,0.28,-0.28,2026-07-12,7,04-08
btc-updown-5m-1783811700,2026-07-11 23:15:00+00:00,2026-07-11 23:07:39.937000+00:00,440.063,single,False,True,,2026-07-11T23:17:43.179Z,-0.29,,0.29,-0.29,2026-07-12,7,04-08
btc-updown-5m-1783812000,2026-07-11 23:20:00+00:00,2026-07-11 23:12:27.089000+00:00,452.911,single,True,False,2026-07-11T23:23:28.902Z,,-0.29,0.29,,-0.29,2026-07-12,7,04-08
btc-updown-5m-1783812300,2026-07-11 23:25:00+00:00,2026-07-11 23:16:20.306000+00:00,519.694,paired,True,True,2026-07-11T23:27:41.957Z,2026-07-11T23:28:56.408Z,0.42,0.29,0.29,0.42,2026-07-12,7,04-08
btc-updown-5m-1783812600,2026-07-11 23:30:00+00:00,2026-07-11 23:23:33.860000+00:00,386.14,single,True,False,2026-07-11T23:34:18.758Z,,-0.29,0.29,,-0.29,2026-07-12,7,04-08
btc-updown-5m-1783812900,2026-07-11 23:35:00+00:00,2026-07-11 23:25:49.142000+00:00,550.858,single,False,True,,2026-07-11T23:39:54.747Z,-0.29,,0.29,-0.29,2026-07-12,7,04-08
btc-updown-5m-1783813200,2026-07-11 23:40:00+00:00,2026-07-11 23:33:43.274000+00:00,376.726,single,False,True,,2026-07-11T23:40:50.217Z,-0.29,,0.29,-0.29,2026-07-12,7,04-08
btc-updown-5m-1783813500,2026-07-11 23:45:00+00:00,2026-07-11 23:37:21.844000+00:00,458.156,single,False,True,,2026-07-11T23:48:51.634Z,-0.29,,0.29,-0.29,2026-07-12,7,04-08
btc-updown-5m-1783813800,2026-07-11 23:50:00+00:00,2026-07-11 23:40:23.710000+00:00,576.29,single,True,False,2026-07-11T23:51:53.607Z,,-0.29,0.29,,-0.29,2026-07-12,7,04-08
btc-updown-5m-1783814100,2026-07-11 23:55:00+00:00,2026-07-11 23:47:21.652000+00:00,458.348,single,True,False,2026-07-11T23:57:58.851Z,,-0.29,0.29,,-0.29,2026-07-12,7,04-08
btc-updown-5m-1783814400,2026-07-12 00:00:00+00:00,2026-07-11 23:51:08.230000+00:00,531.77,single,False,True,,2026-07-12T00:01:47.240Z,-0.29,,0.19,-0.19,2026-07-12,7,04-08
btc-updown-5m-1783814700,2026-07-12 00:05:00+00:00,2026-07-11 23:57:25.843000+00:00,454.157,single,True,False,2026-07-12T00:08:25.598Z,,-0.29,0.29,,-0.29,2026-07-12,8,08-12
btc-updown-5m-1783815000,2026-07-12 00:10:00+00:00,2026-07-12 00:01:36.030000+00:00,503.97,single,False,True,,2026-07-12T00:13:04.766Z,-0.29,,0.29,-0.29,2026-07-12,8,08-12
btc-updown-5m-1783815300,2026-07-12 00:15:00+00:00,2026-07-12 00:06:31.060000+00:00,508.94,single,False,True,,2026-07-12T00:17:41.857Z,-0.29,,0.19,-0.19,2026-07-12,8,08-12
btc-updown-5m-1783815600,2026-07-12 00:20:00+00:00,2026-07-12 00:11:55.699000+00:00,484.301,single,False,True,,2026-07-12T00:21:45.208Z,-0.29,,0.26,-0.26,2026-07-12,8,08-12
btc-updown-5m-1783815900,2026-07-12 00:25:00+00:00,2026-07-12 00:16:59.343000+00:00,480.657,single,False,True,,2026-07-12T00:28:59.716Z,-0.29,,0.24,-0.24,2026-07-12,8,08-12
btc-updown-5m-1783816200,2026-07-12 00:30:00+00:00,2026-07-12 00:20:30.066000+00:00,569.934,single,True,False,2026-07-12T00:32:19.228Z,,-0.29,0.07,,-0.07,2026-07-12,8,08-12
btc-updown-5m-1783816500,2026-07-12 00:35:00+00:00,2026-07-12 00:25:44.437000+00:00,555.563,paired,True,True,2026-07-12T00:38:03.349Z,2026-07-12T00:39:53.006Z,0.42,0.19,0.28,0.53,2026-07-12,8,08-12
btc-updown-5m-1783816800,2026-07-12 00:40:00+00:00,2026-07-12 00:30:20.530000+00:00,579.47,paired,True,True,2026-07-12T00:40:58.421Z,2026-07-12T00:44:06.726Z,0.42,0.29,0.29,0.42,2026-07-12,8,08-12
btc-updown-5m-1783817100,2026-07-12 00:45:00+00:00,2026-07-12 00:36:48.823000+00:00,491.177,single,False,True,,2026-07-12T00:47:46.798Z,-0.29,,0.28,-0.28,2026-07-12,8,08-12
btc-updown-5m-1783817400,2026-07-12 00:50:00+00:00,2026-07-12 00:40:48.795000+00:00,551.205,single,False,True,,2026-07-12T00:52:23.570Z,-0.29,,0.29,-0.29,2026-07-12,8,08-12
btc-updown-5m-1783817700,2026-07-12 00:55:00+00:00,2026-07-12 00:46:42.214000+00:00,497.786,paired,True,True,2026-07-12T00:59:34.192Z,2026-07-12T00:57:53.148Z,0.42,0.29,0.19,0.52,2026-07-12,8,08-12
btc-updown-5m-1783818000,2026-07-12 01:00:00+00:00,2026-07-12 00:50:25.128000+00:00,574.872,single,False,True,,2026-07-12T01:03:08.732Z,-0.29,,0.04,-0.04,2026-07-12,8,08-12
btc-updown-5m-1783818300,2026-07-12 01:05:00+00:00,2026-07-12 00:57:21.817000+00:00,458.183,single,False,True,,2026-07-12T01:08:15.582Z,-0.29,,0.25,-0.25,2026-07-12,9,08-12
btc-updown-5m-1783818600,2026-07-12 01:10:00+00:00,2026-07-12 01:02:40.372000+00:00,439.628,single,True,False,2026-07-12T01:13:46.890Z,,-0.29,0.29,,-0.29,2026-07-12,9,08-12
btc-updown-5m-1783818900,2026-07-12 01:15:00+00:00,2026-07-12 01:06:33.642000+00:00,506.358,single,False,True,,2026-07-12T01:18:37.333Z,-0.29,,0.29,-0.29,2026-07-12,9,08-12
btc-updown-5m-1783819200,2026-07-12 01:20:00+00:00,2026-07-12 01:11:49.830000+00:00,490.17,single,True,False,2026-07-12T01:22:06.518Z,,-0.29,0.28,,-0.28,2026-07-12,9,08-12
btc-updown-5m-1783819500,2026-07-12 01:25:00+00:00,2026-07-12 01:17:32.556000+00:00,447.444,single,True,False,2026-07-12T01:27:27.980Z,,-0.29,0.29,,-0.29,2026-07-12,9,08-12
btc-updown-5m-1783819800,2026-07-12 01:30:00+00:00,2026-07-12 01:21:53.171000+00:00,486.829,single,False,True,,2026-07-12T01:34:50.496Z,-0.29,,0.29,-0.29,2026-07-12,9,08-12
btc-updown-5m-1783820100,2026-07-12 01:35:00+00:00,2026-07-12 01:26:57.778000+00:00,482.222,single,False,True,,2026-07-12T01:35:16.208Z,-0.29,,0.28,-0.28,2026-07-12,9,08-12
btc-updown-5m-1783820400,2026-07-12 01:40:00+00:00,2026-07-12 01:31:00.942000+00:00,539.058,single,False,True,,2026-07-12T01:41:55.837Z,-0.29,,0.29,-0.29,2026-07-12,9,08-12
btc-updown-5m-1783820700,2026-07-12 01:45:00+00:00,2026-07-12 01:35:07.993000+00:00,592.007,single,True,False,2026-07-12T01:47:42.551Z,,-0.29,0.08,,-0.08,2026-07-12,9,08-12
btc-updown-5m-1783821000,2026-07-12 01:50:00+00:00,2026-07-12 01:40:46.235000+00:00,553.765,paired,True,True,2026-07-12T01:54:30.405Z,2026-07-12T01:53:14.331Z,0.42,0.29,0.19,0.52,2026-07-12,9,08-12
btc-updown-5m-1783821300,2026-07-12 01:55:00+00:00,2026-07-12 01:46:43.770000+00:00,496.23,single,True,False,2026-07-12T01:56:33.516Z,,-0.29,0.29,,-0.29,2026-07-12,9,08-12
btc-updown-5m-1783821600,2026-07-12 02:00:00+00:00,2026-07-12 01:52:55.211000+00:00,424.789,single,True,False,2026-07-12T02:02:53.452Z,,-0.29,0.29,,-0.29,2026-07-12,9,08-12
btc-updown-5m-1783821900,2026-07-12 02:05:00+00:00,2026-07-12 01:55:10.570000+00:00,589.43,single,False,True,,2026-07-12T02:08:31.482Z,-0.29,,0.29,-0.29,2026-07-12,10,08-12
btc-updown-5m-1783822200,2026-07-12 02:10:00+00:00,2026-07-12 02:01:56.223000+00:00,483.777,paired,True,True,2026-07-12T02:13:30.931Z,2026-07-12T02:11:46.885Z,0.42,0.17,0.29,0.54,2026-07-12,10,08-12
btc-updown-5m-1783822500,2026-07-12 02:15:00+00:00,2026-07-12 02:06:03.245000+00:00,536.755,single,False,True,,2026-07-12T02:19:21.371Z,-0.29,,0.29,-0.29,2026-07-12,10,08-12
btc-updown-5m-1783822800,2026-07-12 02:20:00+00:00,2026-07-12 02:10:05.755000+00:00,594.245,single,False,True,,2026-07-12T02:21:29.580Z,-0.29,,0.29,-0.29,2026-07-12,10,08-12
btc-updown-5m-1783823400,2026-07-12 02:30:00+00:00,2026-07-12 02:22:47.375000+00:00,432.625,single,True,False,2026-07-12T02:33:22.348Z,,-0.29,0.16,,-0.16,2026-07-12,10,08-12
btc-updown-5m-1783823700,2026-07-12 02:35:00+00:00,2026-07-12 02:25:24.570000+00:00,575.43,paired,True,True,2026-07-12T02:39:43.922Z,2026-07-12T02:37:51.456Z,0.42,0.29,0.28,0.42999999999999994,2026-07-12,10,08-12
btc-updown-5m-1783824000,2026-07-12 02:40:00+00:00,2026-07-12 02:32:56.296000+00:00,423.704,paired,True,True,2026-07-12T02:43:36.226Z,2026-07-12T02:42:23.182Z,0.42,0.28,0.28,0.43999999999999995,2026-07-12,10,08-12
btc-updown-5m-1783824300,2026-07-12 02:45:00+00:00,2026-07-12 02:37:37.036000+00:00,442.964,none,False,False,,,0.0,,,0.0,2026-07-12,10,08-12
btc-updown-5m-1783824600,2026-07-12 02:50:00+00:00,2026-07-12 02:40:41.215000+00:00,558.785,paired,True,True,2026-07-12T02:54:57.622Z,2026-07-12T02:52:09.956Z,0.42,0.29,0.29,0.42,2026-07-12,10,08-12
btc-updown-5m-1783824900,2026-07-12 02:55:00+00:00,2026-07-12 02:46:36.698000+00:00,503.302,paired,True,True,2026-07-12T02:59:28.441Z,2026-07-12T02:55:16.025Z,0.42,0.17,0.21,0.62,2026-07-12,10,08-12
btc-updown-5m-1783825200,2026-07-12 03:00:00+00:00,2026-07-12 02:50:38.298000+00:00,561.702,single,False,True,,2026-07-12T03:04:18.476Z,-0.29,,0.28,-0.28,2026-07-12,10,08-12
btc-updown-5m-1783825500,2026-07-12 03:05:00+00:00,2026-07-12 02:55:06.440000+00:00,593.56,single,True,False,2026-07-12T03:09:02.500Z,,-0.29,0.26,,-0.26,2026-07-12,11,08-12
btc-updown-5m-1783825800,2026-07-12 03:10:00+00:00,2026-07-12 03:03:09.860000+00:00,410.14,single,False,True,,2026-07-12T03:12:49.742Z,-0.29,,0.18,-0.18,2026-07-12,11,08-12
btc-updown-5m-1783826100,2026-07-12 03:15:00+00:00,2026-07-12 03:06:53.511000+00:00,486.489,single,False,True,,2026-07-12T03:19:12.285Z,-0.29,,0.29,-0.29,2026-07-12,11,08-12
btc-updown-5m-1783826400,2026-07-12 03:20:00+00:00,2026-07-12 03:12:40.974000+00:00,439.026,paired,True,True,2026-07-12T03:24:17.985Z,2026-07-12T03:22:52.103Z,0.42,0.28,0.28,0.43999999999999995,2026-07-12,11,08-12
btc-updown-5m-1783826700,2026-07-12 03:25:00+00:00,2026-07-12 03:18:31.995000+00:00,388.005,single,False,True,,2026-07-12T03:29:52.091Z,-0.29,,0.29,-0.29,2026-07-12,11,08-12
btc-updown-5m-1783827000,2026-07-12 03:30:00+00:00,2026-07-12 03:20:04.746000+00:00,595.254,single,False,True,,2026-07-12T03:34:10.558Z,-0.29,,0.01,-0.01,2026-07-12,11,08-12
btc-updown-5m-1783827300,2026-07-12 03:35:00+00:00,2026-07-12 03:26:35.685000+00:00,504.315,single,True,False,2026-07-12T03:36:24.045Z,,-0.29,0.29,,-0.29,2026-07-12,11,08-12
btc-updown-5m-1783827600,2026-07-12 03:40:00+00:00,2026-07-12 03:31:21.697000+00:00,518.303,single,False,True,,2026-07-12T03:42:30.414Z,-0.29,,0.29,-0.29,2026-07-12,11,08-12
btc-updown-5m-1783827900,2026-07-12 03:45:00+00:00,2026-07-12 03:36:06.158000+00:00,533.842,none,False,False,,,0.0,,,0.0,2026-07-12,11,08-12
btc-updown-5m-1783828200,2026-07-12 03:50:00+00:00,2026-07-12 03:42:34.130000+00:00,445.87,single,True,False,2026-07-12T03:52:33.520Z,,-0.29,0.29,,-0.29,2026-07-12,11,08-12
btc-updown-5m-1783828500,2026-07-12 03:55:00+00:00,2026-07-12 03:48:47.845000+00:00,372.155,single,False,True,,2026-07-12T03:59:35.027Z,-0.29,,0.29,-0.29,2026-07-12,11,08-12
btc-updown-5m-1783828800,2026-07-12 04:00:00+00:00,2026-07-12 03:50:54.762000+00:00,545.238,single,True,False,2026-07-12T04:02:27.424Z,,-0.29,0.19,,-0.19,2026-07-12,11,08-12
btc-updown-5m-1783829100,2026-07-12 04:05:00+00:00,2026-07-12 03:56:48.858000+00:00,491.142,single,True,False,2026-07-12T04:07:32.191Z,,-0.29,0.29,,-0.29,2026-07-12,12,12-16
btc-updown-5m-1783829400,2026-07-12 04:10:00+00:00,2026-07-12 04:00:27.125000+00:00,572.875,single,True,False,2026-07-12T04:13:06.788Z,,-0.29,0.29,,-0.29,2026-07-12,12,12-16
btc-updown-5m-1783829700,2026-07-12 04:15:00+00:00,2026-07-12 04:07:14.532000+00:00,465.468,single,False,True,,2026-07-12T04:18:48.320Z,-0.29,,0.17,-0.17,2026-07-12,12,12-16
btc-updown-5m-1783830000,2026-07-12 04:20:00+00:00,2026-07-12 04:12:12.238000+00:00,467.762,single,False,True,,2026-07-12T04:23:39.136Z,-0.29,,0.17,-0.17,2026-07-12,12,12-16
btc-updown-5m-1783830300,2026-07-12 04:25:00+00:00,2026-07-12 04:16:43.921000+00:00,496.079,none,False,False,,,0.0,,,0.0,2026-07-12,12,12-16
btc-updown-5m-1783830600,2026-07-12 04:30:00+00:00,2026-07-12 04:21:34.551000+00:00,505.449,none,False,False,,,0.0,,,0.0,2026-07-12,12,12-16
btc-updown-5m-1783830900,2026-07-12 04:35:00+00:00,2026-07-12 04:26:59.487000+00:00,480.513,single,True,False,2026-07-12T04:36:52.944Z,,-0.29,0.28,,-0.28,2026-07-12,12,12-16
btc-updown-5m-1783831200,2026-07-12 04:40:00+00:00,2026-07-12 04:30:10.482000+00:00,589.518,single,False,True,,2026-07-12T04:43:25.005Z,-0.29,,0.29,-0.29,2026-07-12,12,12-16
btc-updown-5m-1783831500,2026-07-12 04:45:00+00:00,2026-07-12 04:35:37.915000+00:00,562.085,single,True,False,2026-07-12T04:49:13.561Z,,-0.29,0.27,,-0.27,2026-07-12,12,12-16
btc-updown-5m-1783831800,2026-07-12 04:50:00+00:00,2026-07-12 04:43:06.940000+00:00,413.06,single,True,False,2026-07-12T04:54:26.621Z,,-0.29,0.24,,-0.24,2026-07-12,12,12-16
btc-updown-5m-1783832100,2026-07-12 04:55:00+00:00,2026-07-12 04:47:35.792000+00:00,444.208,single,True,False,2026-07-12T04:57:38.568Z,,-0.29,0.28,,-0.28,2026-07-12,12,12-16
btc-updown-5m-1783832400,2026-07-12 05:00:00+00:00,2026-07-12 04:51:28.718000+00:00,511.282,single,False,True,,2026-07-12T05:04:56.755Z,-0.29,,0.03,-0.03,2026-07-12,12,12-16
btc-updown-5m-1783832700,2026-07-12 05:05:00+00:00,2026-07-12 04:56:38.409000+00:00,501.591,single,True,False,2026-07-12T05:09:21.994Z,,-0.29,0.29,,-0.29,2026-07-12,13,12-16
btc-updown-5m-1783833000,2026-07-12 05:10:00+00:00,2026-07-12 05:00:37.601000+00:00,562.399,single,True,False,2026-07-12T05:14:08.093Z,,-0.29,0.07,,-0.07,2026-07-12,13,12-16
btc-updown-5m-1783833300,2026-07-12 05:15:00+00:00,2026-07-12 05:05:14.228000+00:00,585.772,single,True,False,2026-07-12T05:17:33.239Z,,-0.29,0.05,,-0.05,2026-07-12,13,12-16
btc-updown-5m-1783833600,2026-07-12 05:20:00+00:00,2026-07-12 05:10:29.380000+00:00,570.62,single,True,False,2026-07-12T05:24:20.389Z,,-0.29,0.29,,-0.29,2026-07-12,13,12-16
btc-updown-5m-1783833900,2026-07-12 05:25:00+00:00,2026-07-12 05:17:27.945000+00:00,452.055,paired,True,True,2026-07-12T05:29:26.182Z,2026-07-12T05:26:55.202Z,0.42,0.29,0.29,0.42,2026-07-12,13,12-16
btc-updown-5m-1783834200,2026-07-12 05:30:00+00:00,2026-07-12 05:21:18.550000+00:00,521.45,single,False,True,,2026-07-12T05:34:17.191Z,-0.29,,0.2,-0.2,2026-07-12,13,12-16
btc-updown-5m-1783834500,2026-07-12 05:35:00+00:00,2026-07-12 05:25:14.614000+00:00,585.386,single,False,True,,2026-07-12T05:39:14.467Z,-0.29,,0.29,-0.29,2026-07-12,13,12-16
btc-updown-5m-1783834800,2026-07-12 05:40:00+00:00,2026-07-12 05:32:27.046000+00:00,452.954,single,True,False,2026-07-12T05:43:49.509Z,,-0.29,0.18,,-0.18,2026-07-12,13,12-16
btc-updown-5m-1783835100,2026-07-12 05:45:00+00:00,2026-07-12 05:35:06.076000+00:00,593.924,single,False,True,,2026-07-12T05:49:55.686Z,-0.29,,0.24,-0.24,2026-07-12,13,12-16
btc-updown-5m-1783835400,2026-07-12 05:50:00+00:00,2026-07-12 05:43:33.468000+00:00,386.532,single,False,True,,2026-07-12T05:54:49.153Z,-0.29,,0.22,-0.22,2026-07-12,13,12-16
btc-updown-5m-1783835700,2026-07-12 05:55:00+00:00,2026-07-12 05:47:17.935000+00:00,462.065,paired,True,True,2026-07-12T05:59:59.249Z,2026-07-12T05:57:25.585Z,0.42,0.29,0.22,0.49,2026-07-12,13,12-16
btc-updown-5m-1783836000,2026-07-12 06:00:00+00:00,2026-07-12 05:51:45.448000+00:00,494.552,single,True,False,2026-07-12T06:01:51.905Z,,-0.29,0.17,,-0.17,2026-07-12,13,12-16
btc-updown-5m-1783836300,2026-07-12 06:05:00+00:00,2026-07-12 05:57:13.181000+00:00,466.819,none,False,False,,,0.0,,,0.0,2026-07-12,14,12-16
btc-updown-5m-1783836600,2026-07-12 06:10:00+00:00,2026-07-12 06:00:25.031000+00:00,574.969,single,True,False,2026-07-12T06:12:57.845Z,,-0.29,0.17,,-0.17,2026-07-12,14,12-16
btc-updown-5m-1783836900,2026-07-12 06:15:00+00:00,2026-07-12 06:05:19.547000+00:00,580.453,single,True,False,2026-07-12T06:18:18.601Z,,-0.29,0.18,,-0.18,2026-07-12,14,12-16
btc-updown-5m-1783837200,2026-07-12 06:20:00+00:00,2026-07-12 06:10:49.161000+00:00,550.839,single,False,True,,2026-07-12T06:22:24.212Z,-0.29,,0.27,-0.27,2026-07-12,14,12-16
btc-updown-5m-1783837500,2026-07-12 06:25:00+00:00,2026-07-12 06:17:32.737000+00:00,447.263,single,True,False,2026-07-12T06:28:22.678Z,,-0.29,0.02,,-0.02,2026-07-12,14,12-16
btc-updown-5m-1783837800,2026-07-12 06:30:00+00:00,2026-07-12 06:22:12.766000+00:00,467.234,none,False,False,,,0.0,,,0.0,2026-07-12,14,12-16
btc-updown-5m-1783838100,2026-07-12 06:35:00+00:00,2026-07-12 06:28:02.842000+00:00,417.158,single,False,True,,2026-07-12T06:36:10.386Z,-0.29,,0.26,-0.26,2026-07-12,14,12-16
btc-updown-5m-1783838400,2026-07-12 06:40:00+00:00,2026-07-12 06:33:16.197000+00:00,403.803,single,False,True,,2026-07-12T06:42:42.998Z,-0.29,,0.15,-0.15,2026-07-12,14,12-16
btc-updown-5m-1783838700,2026-07-12 06:45:00+00:00,2026-07-12 06:35:23.424000+00:00,576.576,single,False,True,,2026-07-12T06:48:19.986Z,-0.29,,0.29,-0.29,2026-07-12,14,12-16
btc-updown-5m-1783839000,2026-07-12 06:50:00+00:00,2026-07-12 06:42:35.366000+00:00,444.634,single,True,False,2026-07-12T06:52:37.614Z,,-0.29,0.29,,-0.29,2026-07-12,14,12-16
btc-updown-5m-1783839300,2026-07-12 06:55:00+00:00,2026-07-12 06:47:02.892000+00:00,477.108,single,True,False,2026-07-12T06:59:10.151Z,,-0.29,0.29,,-0.29,2026-07-12,14,12-16
btc-updown-5m-1783839600,2026-07-12 07:00:00+00:00,2026-07-12 06:53:02.016000+00:00,417.984,single,True,False,2026-07-12T07:04:18.273Z,,-0.29,0.29,,-0.29,2026-07-12,14,12-16
btc-updown-5m-1783839900,2026-07-12 07:05:00+00:00,2026-07-12 06:57:50.891000+00:00,429.109,single,False,True,,2026-07-12T07:07:06.454Z,-0.29,,0.29,-0.29,2026-07-12,15,12-16
btc-updown-5m-1783840200,2026-07-12 07:10:00+00:00,2026-07-12 07:01:50.005000+00:00,489.995,single,False,True,,2026-07-12T07:14:51.931Z,-0.29,,0.03,-0.03,2026-07-12,15,12-16
btc-updown-5m-1783840500,2026-07-12 07:15:00+00:00,2026-07-12 07:05:05.322000+00:00,594.678,single,True,False,2026-07-12T07:16:50.774Z,,-0.29,0.27,,-0.27,2026-07-12,15,12-16
btc-updown-5m-1783840800,2026-07-12 07:20:00+00:00,2026-07-12 07:10:28.357000+00:00,571.643,single,False,True,,2026-07-12T07:22:54.954Z,-0.29,,0.29,-0.29,2026-07-12,15,12-16
btc-updown-5m-1783841100,2026-07-12 07:25:00+00:00,2026-07-12 07:16:43.757000+00:00,496.243,single,True,False,2026-07-12T07:27:45.104Z,,-0.29,0.28,,-0.28,2026-07-12,15,12-16
btc-updown-5m-1783841400,2026-07-12 07:30:00+00:00,2026-07-12 07:21:11.928000+00:00,528.072,single,False,True,,2026-07-12T07:34:07.091Z,-0.29,,0.12,-0.12,2026-07-12,15,12-16
btc-updown-5m-1783841700,2026-07-12 07:35:00+00:00,2026-07-12 07:26:33.055000+00:00,506.945,single,True,False,2026-07-12T07:38:10.668Z,,-0.29,0.29,,-0.29,2026-07-12,15,12-16
btc-updown-5m-1783842000,2026-07-12 07:40:00+00:00,2026-07-12 07:32:42.380000+00:00,437.62,single,False,True,,2026-07-12T07:42:59.582Z,-0.29,,0.29,-0.29,2026-07-12,15,12-16
btc-updown-5m-1783842300,2026-07-12 07:45:00+00:00,2026-07-12 07:38:38.535000+00:00,381.465,paired,True,True,2026-07-12T07:48:26.317Z,2026-07-12T07:49:55.030Z,0.42,0.29,0.29,0.42,2026-07-12,15,12-16
btc-updown-5m-1783842600,2026-07-12 07:50:00+00:00,2026-07-12 07:42:07.963000+00:00,472.037,paired,True,True,2026-07-12T07:50:32.756Z,2026-07-12T07:54:11.620Z,0.42,0.27,0.28,0.44999999999999996,2026-07-12,15,12-16
btc-updown-5m-1783842900,2026-07-12 07:55:00+00:00,2026-07-12 07:48:29.175000+00:00,390.825,paired,True,True,2026-07-12T07:57:11.634Z,2026-07-12T07:59:09.101Z,0.42,0.29,0.23,0.48,2026-07-12,15,12-16
btc-updown-5m-1783843200,2026-07-12 08:00:00+00:00,2026-07-12 07:50:25.403000+00:00,574.597,single,False,True,,2026-07-12T08:04:58.883Z,-0.29,,0.001,-0.001,2026-07-12,15,12-16
btc-updown-5m-1783843500,2026-07-12 08:05:00+00:00,2026-07-12 07:56:23.031000+00:00,516.969,single,False,True,,2026-07-12T08:07:39.702Z,-0.29,,0.29,-0.29,2026-07-12,16,16-20
btc-updown-5m-1783843800,2026-07-12 08:10:00+00:00,2026-07-12 08:01:25.827000+00:00,514.173,paired,True,True,2026-07-12T08:13:23.982Z,2026-07-12T08:14:18.076Z,0.42,0.29,0.08,0.63,2026-07-12,16,16-20
btc-updown-5m-1783844100,2026-07-12 08:15:00+00:00,2026-07-12 08:05:50.834000+00:00,549.166,paired,True,True,2026-07-12T08:18:50.958Z,2026-07-12T08:17:20.184Z,0.42,0.29,0.29,0.42,2026-07-12,16,16-20
btc-updown-5m-1783844400,2026-07-12 08:20:00+00:00,2026-07-12 08:13:00.671000+00:00,419.329,single,False,True,,2026-07-12T08:24:56.480Z,-0.29,,0.29,-0.29,2026-07-12,16,16-20
btc-updown-5m-1783844700,2026-07-12 08:25:00+00:00,2026-07-12 08:16:33.423000+00:00,506.577,single,True,False,2026-07-12T08:29:05.511Z,,-0.29,0.29,,-0.29,2026-07-12,16,16-20
btc-updown-5m-1783845000,2026-07-12 08:30:00+00:00,2026-07-12 08:20:28.101000+00:00,571.899,single,False,True,,2026-07-12T08:32:13.665Z,-0.29,,0.28,-0.28,2026-07-12,16,16-20
btc-updown-5m-1783845300,2026-07-12 08:35:00+00:00,2026-07-12 08:25:41.225000+00:00,558.775,none,False,False,,,0.0,,,0.0,2026-07-12,16,16-20
btc-updown-5m-1783845600,2026-07-12 08:40:00+00:00,2026-07-12 08:31:04.590000+00:00,535.41,paired,True,True,2026-07-12T08:44:08.698Z,2026-07-12T08:44:26.818Z,0.42,0.29,0.13,0.58,2026-07-12,16,16-20
btc-updown-5m-1783845900,2026-07-12 08:45:00+00:00,2026-07-12 08:36:58.185000+00:00,481.815,single,True,False,2026-07-12T08:49:00.157Z,,-0.29,0.01,,-0.01,2026-07-12,16,16-20
btc-updown-5m-1783846200,2026-07-12 08:50:00+00:00,2026-07-12 08:40:40.979000+00:00,559.021,single,False,True,,2026-07-12T08:52:47.991Z,-0.29,,0.29,-0.29,2026-07-12,16,16-20
btc-updown-5m-1783846500,2026-07-12 08:55:00+00:00,2026-07-12 08:47:06.900000+00:00,473.1,single,False,True,,2026-07-12T08:59:08.978Z,-0.29,,0.27,-0.27,2026-07-12,16,16-20
btc-updown-5m-1783846800,2026-07-12 09:00:00+00:00,2026-07-12 08:51:31.639000+00:00,508.361,none,False,False,,,0.0,,,0.0,2026-07-12,16,16-20
btc-updown-5m-1783847100,2026-07-12 09:05:00+00:00,2026-07-12 08:58:24.657000+00:00,395.343,paired,True,True,2026-07-12T09:07:26.688Z,2026-07-12T09:09:47.437Z,0.42,0.26,0.29,0.45,2026-07-12,17,16-20
btc-updown-5m-1783847400,2026-07-12 09:10:00+00:00,2026-07-12 09:01:18.598000+00:00,521.402,single,True,False,2026-07-12T09:12:54.563Z,,-0.29,0.04,,-0.04,2026-07-12,17,16-20
btc-updown-5m-1783847700,2026-07-12 09:15:00+00:00,2026-07-12 09:06:47.596000+00:00,492.404,single,True,False,2026-07-12T09:17:53.094Z,,-0.29,0.07,,-0.07,2026-07-12,17,16-20
btc-updown-5m-1783848000,2026-07-12 09:20:00+00:00,2026-07-12 09:12:49.985000+00:00,430.015,single,True,False,2026-07-12T09:21:55.668Z,,-0.29,0.13,,-0.13,2026-07-12,17,16-20
btc-updown-5m-1783848300,2026-07-12 09:25:00+00:00,2026-07-12 09:17:47.961000+00:00,432.039,single,False,True,,2026-07-12T09:27:47.562Z,-0.29,,0.06,-0.06,2026-07-12,17,16-20
btc-updown-5m-1783848600,2026-07-12 09:30:00+00:00,2026-07-12 09:21:48.277000+00:00,491.723,none,False,False,,,0.0,,,0.0,2026-07-12,17,16-20
btc-updown-5m-1783848900,2026-07-12 09:35:00+00:00,2026-07-12 09:27:45.474000+00:00,434.526,single,False,True,,2026-07-12T09:37:35.200Z,-0.29,,0.29,-0.29,2026-07-12,17,16-20
btc-updown-5m-1783849200,2026-07-12 09:40:00+00:00,2026-07-12 09:33:51.998000+00:00,368.002,single,False,True,,2026-07-12T09:43:27.237Z,-0.29,,0.02,-0.02,2026-07-12,17,16-20
btc-updown-5m-1783849500,2026-07-12 09:45:00+00:00,2026-07-12 09:36:30.496000+00:00,509.504,single,True,False,2026-07-12T09:48:40.211Z,,-0.29,0.29,,-0.29,2026-07-12,17,16-20
btc-updown-5m-1783849800,2026-07-12 09:50:00+00:00,2026-07-12 09:43:22.171000+00:00,397.829,single,True,False,2026-07-12T09:52:50.273Z,,-0.29,0.29,,-0.29,2026-07-12,17,16-20
btc-updown-5m-1783850100,2026-07-12 09:55:00+00:00,2026-07-12 09:48:24.230000+00:00,395.77,single,True,False,2026-07-12T09:57:57.268Z,,-0.29,0.16,,-0.16,2026-07-12,17,16-20
btc-updown-5m-1783850400,2026-07-12 10:00:00+00:00,2026-07-12 09:51:25.431000+00:00,514.569,none,False,False,,,0.0,,,0.0,2026-07-12,17,16-20
btc-updown-5m-1783850700,2026-07-12 10:05:00+00:00,2026-07-12 09:57:27.060000+00:00,452.94,single,True,False,2026-07-12T10:06:38.066Z,,-0.29,0.27,,-0.27,2026-07-12,18,16-20
btc-updown-5m-1783851000,2026-07-12 10:10:00+00:00,2026-07-12 10:02:21.106000+00:00,458.894,single,False,True,,2026-07-12T10:12:40.909Z,-0.29,,0.21,-0.21,2026-07-12,18,16-20
btc-updown-5m-1783851300,2026-07-12 10:15:00+00:00,2026-07-12 10:05:20.661000+00:00,579.339,single,True,False,2026-07-12T10:18:29.560Z,,-0.29,0.07,,-0.07,2026-07-12,18,16-20
btc-updown-5m-1783851600,2026-07-12 10:20:00+00:00,2026-07-12 10:11:49.821000+00:00,490.179,paired,True,True,2026-07-12T10:24:17.566Z,2026-07-12T10:22:51.316Z,0.42,0.29,0.21,0.5,2026-07-12,18,16-20
btc-updown-5m-1783851900,2026-07-12 10:25:00+00:00,2026-07-12 10:16:56.114000+00:00,483.886,single,True,False,2026-07-12T10:28:33.284Z,,-0.29,0.26,,-0.26,2026-07-12,18,16-20
btc-updown-5m-1783852200,2026-07-12 10:30:00+00:00,2026-07-12 10:22:29.894000+00:00,450.106,single,False,True,,2026-07-12T10:33:54.936Z,-0.29,,0.29,-0.29,2026-07-12,18,16-20
btc-updown-5m-1783852500,2026-07-12 10:35:00+00:00,2026-07-12 10:25:37.514000+00:00,562.486,single,True,False,2026-07-12T10:37:36.292Z,,-0.29,0.19,,-0.19,2026-07-12,18,16-20
btc-updown-5m-1783852800,2026-07-12 10:40:00+00:00,2026-07-12 10:32:32.233000+00:00,447.767,single,True,False,2026-07-12T10:42:38.492Z,,-0.29,0.29,,-0.29,2026-07-12,18,16-20
btc-updown-5m-1783853100,2026-07-12 10:45:00+00:00,2026-07-12 10:35:36.577000+00:00,563.423,single,True,False,2026-07-12T10:47:09.166Z,,-0.29,0.26,,-0.26,2026-07-12,18,16-20
btc-updown-5m-1783853400,2026-07-12 10:50:00+00:00,2026-07-12 10:44:15.893000+00:00,344.107,single,True,False,2026-07-12T10:52:36.212Z,,-0.29,0.29,,-0.29,2026-07-12,18,16-20
btc-updown-5m-1783853700,2026-07-12 10:55:00+00:00,2026-07-12 10:45:24.355000+00:00,575.645,single,False,True,,2026-07-12T10:57:38.836Z,-0.29,,0.29,-0.29,2026-07-12,18,16-20
btc-updown-5m-1783854000,2026-07-12 11:00:00+00:00,2026-07-12 10:52:04.191000+00:00,475.809,single,False,True,,2026-07-12T11:03:16.973Z,-0.29,,0.08,-0.08,2026-07-12,18,16-20
btc-updown-5m-1783854300,2026-07-12 11:05:00+00:00,2026-07-12 10:58:34.211000+00:00,385.789,paired,True,True,2026-07-12T11:09:17.851Z,2026-07-12T11:09:29.394Z,0.42,0.29,0.21,0.5,2026-07-12,19,16-20
btc-updown-5m-1783854600,2026-07-12 11:10:00+00:00,2026-07-12 11:03:09.719000+00:00,410.281,single,True,False,2026-07-12T11:13:31.781Z,,-0.29,0.016,,-0.016,2026-07-12,19,16-20
btc-updown-5m-1783854900,2026-07-12 11:15:00+00:00,2026-07-12 11:07:26.287000+00:00,453.713,single,False,True,,2026-07-12T11:16:25.741Z,-0.29,,0.09,-0.09,2026-07-12,19,16-20
btc-updown-5m-1783855200,2026-07-12 11:20:00+00:00,2026-07-12 11:13:00.250000+00:00,419.75,single,True,False,2026-07-12T11:22:29.010Z,,-0.29,0.29,,-0.29,2026-07-12,19,16-20
btc-updown-5m-1783855500,2026-07-12 11:25:00+00:00,2026-07-12 11:16:21.348000+00:00,518.652,single,False,True,,2026-07-12T11:28:40.223Z,-0.29,,0.07,-0.07,2026-07-12,19,16-20
btc-updown-5m-1783855800,2026-07-12 11:30:00+00:00,2026-07-12 11:22:38.046000+00:00,441.954,single,False,True,,2026-07-12T11:31:31.652Z,-0.29,,0.29,-0.29,2026-07-12,19,16-20
btc-updown-5m-1783856100,2026-07-12 11:35:00+00:00,2026-07-12 11:27:15.524000+00:00,464.476,single,False,True,,2026-07-12T11:36:26.766Z,-0.29,,0.16,-0.16,2026-07-12,19,16-20
btc-updown-5m-1783856400,2026-07-12 11:40:00+00:00,2026-07-12 11:32:02.233000+00:00,477.767,single,True,False,2026-07-12T11:42:35.980Z,,-0.29,0.29,,-0.29,2026-07-12,19,16-20
btc-updown-5m-1783856700,2026-07-12 11:45:00+00:00,2026-07-12 11:36:21.095000+00:00,518.905,none,False,False,,,0.0,,,0.0,2026-07-12,19,16-20
btc-updown-5m-1783857000,2026-07-12 11:50:00+00:00,2026-07-12 11:42:47.465000+00:00,432.535,single,True,False,2026-07-12T11:53:20.687Z,,-0.29,0.29,,-0.29,2026-07-12,19,16-20
btc-updown-5m-1783857300,2026-07-12 11:55:00+00:00,2026-07-12 11:45:39.733000+00:00,560.267,single,False,True,,2026-07-12T11:57:59.447Z,-0.29,,0.29,-0.29,2026-07-12,19,16-20
btc-updown-5m-1783857600,2026-07-12 12:00:00+00:00,2026-07-12 11:50:10.190000+00:00,589.81,single,True,False,2026-07-12T12:03:12.351Z,,-0.29,0.09,,-0.09,2026-07-12,19,16-20
btc-updown-5m-1783857900,2026-07-12 12:05:00+00:00,2026-07-12 11:57:39.766000+00:00,440.234,paired,True,True,2026-07-12T12:08:30.621Z,2026-07-12T12:09:40.995Z,0.42,0.19,0.02,0.79,2026-07-12,20,20-24
btc-updown-5m-1783858200,2026-07-12 12:10:00+00:00,2026-07-12 12:00:26.534000+00:00,573.466,single,False,True,,2026-07-12T12:14:24.076Z,-0.29,,0.29,-0.29,2026-07-12,20,20-24
btc-updown-5m-1783858500,2026-07-12 12:15:00+00:00,2026-07-12 12:08:25.386000+00:00,394.614,none,False,False,,,0.0,,,0.0,2026-07-12,20,20-24
btc-updown-5m-1783858800,2026-07-12 12:20:00+00:00,2026-07-12 12:14:29.152000+00:00,330.848,single,True,False,2026-07-12T12:21:39.460Z,,-0.29,0.29,,-0.29,2026-07-12,20,20-24
btc-updown-5m-1783859100,2026-07-12 12:25:00+00:00,2026-07-12 12:20:04.776000+00:00,295.224,single,False,True,,2026-07-12T12:28:49.539Z,-0.29,,0.16,-0.16,2026-07-12,20,20-24
btc-updown-5m-1783859400,2026-07-12 12:30:00+00:00,2026-07-12 12:21:24.047000+00:00,515.953,single,True,False,2026-07-12T12:33:05.482Z,,-0.29,0.13,,-0.13,2026-07-12,20,20-24
btc-updown-5m-1783859700,2026-07-12 12:35:00+00:00,2026-07-12 12:28:34.271000+00:00,385.729,single,True,False,2026-07-12T12:38:03.791Z,,-0.29,0.12,,-0.12,2026-07-12,20,20-24
btc-updown-5m-1783860000,2026-07-12 12:40:00+00:00,2026-07-12 12:31:29.403000+00:00,510.597,none,False,False,,,0.0,,,0.0,2026-07-12,20,20-24
btc-updown-5m-1783860300,2026-07-12 12:45:00+00:00,2026-07-12 12:37:49.531000+00:00,430.469,single,False,True,,2026-07-12T12:46:11.890Z,-0.29,,0.24,-0.24,2026-07-12,20,20-24
btc-updown-5m-1783860600,2026-07-12 12:50:00+00:00,2026-07-12 12:45:08.808000+00:00,291.192,none,False,False,,,0.0,,,0.0,2026-07-12,20,20-24
btc-updown-5m-1783860900,2026-07-12 12:55:00+00:00,2026-07-12 12:45:23.984000+00:00,576.016,single,True,False,2026-07-12T12:56:39.208Z,,-0.29,0.29,,-0.29,2026-07-12,20,20-24
btc-updown-5m-1783861200,2026-07-12 13:00:00+00:00,2026-07-12 12:55:05.501000+00:00,294.499,none,False,False,,,0.0,,,0.0,2026-07-12,20,20-24
btc-updown-5m-1783861500,2026-07-12 13:05:00+00:00,2026-07-12 12:55:05.519000+00:00,594.481,single,True,False,2026-07-12T13:06:30.696Z,,-0.29,0.2,,-0.2,2026-07-12,21,20-24
btc-updown-5m-1783861800,2026-07-12 13:10:00+00:00,2026-07-12 13:05:14.895000+00:00,285.105,single,True,False,2026-07-12T13:13:08.974Z,,-0.29,0.29,,-0.29,2026-07-12,21,20-24
btc-updown-5m-1783862100,2026-07-12 13:15:00+00:00,2026-07-12 13:05:17.315000+00:00,582.685,single,True,False,2026-07-12T13:17:55.129Z,,-0.29,0.08,,-0.08,2026-07-12,21,20-24
btc-updown-5m-1783862400,2026-07-12 13:20:00+00:00,2026-07-12 13:10:05.831000+00:00,594.169,single,True,False,2026-07-12T13:24:18.277Z,,-0.29,0.02,,-0.02,2026-07-12,21,20-24
btc-updown-5m-1783862700,2026-07-12 13:25:00+00:00,2026-07-12 13:17:40.238000+00:00,439.762,single,False,True,,2026-07-12T13:28:15.185Z,-0.29,,0.29,-0.29,2026-07-12,21,20-24
btc-updown-5m-1783863000,2026-07-12 13:30:00+00:00,2026-07-12 13:20:20.691000+00:00,579.309,none,False,False,,,0.0,,,0.0,2026-07-12,21,20-24
btc-updown-5m-1783863300,2026-07-12 13:35:00+00:00,2026-07-12 13:29:06.036000+00:00,353.964,single,False,True,,2026-07-12T13:39:05.785Z,-0.29,,0.29,-0.29,2026-07-12,21,20-24
btc-updown-5m-1783863600,2026-07-12 13:40:00+00:00,2026-07-12 13:33:14.786000+00:00,405.214,none,False,False,,,0.0,,,0.0,2026-07-12,21,20-24
btc-updown-5m-1783863900,2026-07-12 13:45:00+00:00,2026-07-12 13:40:01.391000+00:00,298.609,single,True,False,2026-07-12T13:48:06.493Z,,-0.29,0.04,,-0.04,2026-07-12,21,20-24
btc-updown-5m-1783864200,2026-07-12 13:50:00+00:00,2026-07-12 13:41:29.527000+00:00,510.473,single,False,True,,2026-07-12T13:53:57.581Z,-0.29,,0.05,-0.05,2026-07-12,21,20-24
btc-updown-5m-1783864500,2026-07-12 13:55:00+00:00,2026-07-12 13:45:10.625000+00:00,589.375,single,True,False,2026-07-12T13:59:30.459Z,,-0.29,0.28,,-0.28,2026-07-12,21,20-24
btc-updown-5m-1783864800,2026-07-12 14:00:00+00:00,2026-07-12 13:53:45.946000+00:00,374.054,single,False,True,,2026-07-12T14:02:13.895Z,-0.29,,0.29,-0.29,2026-07-12,21,20-24
btc-updown-5m-1783865100,2026-07-12 14:05:00+00:00,2026-07-12 13:56:58.567000+00:00,481.433,single,True,False,2026-07-12T14:06:59.844Z,,-0.29,0.29,,-0.29,2026-07-12,22,20-24
btc-updown-5m-1783865400,2026-07-12 14:10:00+00:00,2026-07-12 14:01:07.116000+00:00,532.884,paired,True,True,2026-07-12T14:11:35.286Z,2026-07-12T14:14:10.587Z,0.42,0.29,0.24,0.47,2026-07-12,22,20-24
btc-updown-5m-1783865700,2026-07-12 14:15:00+00:00,2026-07-12 14:05:16.470000+00:00,583.53,single,False,True,,2026-07-12T14:17:33.799Z,-0.29,,0.19,-0.19,2026-07-12,22,20-24
btc-updown-5m-1783866000,2026-07-12 14:20:00+00:00,2026-07-12 14:10:15.950000+00:00,584.05,none,False,False,,,0.0,,,0.0,2026-07-12,22,20-24
btc-updown-5m-1783866300,2026-07-12 14:25:00+00:00,2026-07-12 14:18:01.646000+00:00,418.354,single,False,True,,2026-07-12T14:29:49.054Z,-0.29,,0.13,-0.13,2026-07-12,22,20-24
btc-updown-5m-1783866600,2026-07-12 14:30:00+00:00,2026-07-12 14:23:49.164000+00:00,370.836,single,False,True,,2026-07-12T14:34:22.952Z,-0.29,,0.02,-0.02,2026-07-12,22,20-24
btc-updown-5m-1783866900,2026-07-12 14:35:00+00:00,2026-07-12 14:28:14.783000+00:00,405.217,single,True,False,2026-07-12T14:38:14.744Z,,-0.29,0.29,,-0.29,2026-07-12,22,20-24
btc-updown-5m-1783867200,2026-07-12 14:40:00+00:00,2026-07-12 14:34:17.694000+00:00,342.306,single,False,True,,2026-07-12T14:43:56.106Z,-0.29,,0.29,-0.29,2026-07-12,22,20-24
btc-updown-5m-1783867500,2026-07-12 14:45:00+00:00,2026-07-12 14:39:01.767000+00:00,358.233,single,False,True,,2026-07-12T14:48:19.158Z,-0.29,,0.017,-0.017,2026-07-12,22,20-24
btc-updown-5m-1783867800,2026-07-12 14:50:00+00:00,2026-07-12 14:40:25.042000+00:00,574.958,single,False,True,,2026-07-12T14:54:16.019Z,-0.29,,0.14,-0.14,2026-07-12,22,20-24
btc-updown-5m-1783868100,2026-07-12 14:55:00+00:00,2026-07-12 14:48:18.857000+00:00,401.143,single,True,False,2026-07-12T14:58:09.121Z,,-0.29,0.25,,-0.25,2026-07-12,22,20-24
btc-updown-5m-1783868400,2026-07-12 15:00:00+00:00,2026-07-12 14:52:03.366000+00:00,476.634,single,True,False,2026-07-12T15:04:32.737Z,,-0.29,0.29,,-0.29,2026-07-12,22,20-24
btc-updown-5m-1783868700,2026-07-12 15:05:00+00:00,2026-07-12 14:56:21.254000+00:00,518.746,single,False,True,,2026-07-12T15:07:15.688Z,-0.29,,0.1,-0.1,2026-07-12,23,20-24
btc-updown-5m-1783869000,2026-07-12 15:10:00+00:00,2026-07-12 15:01:21.752000+00:00,518.248,single,False,True,,2026-07-12T15:11:45.067Z,-0.29,,0.29,-0.29,2026-07-12,23,20-24
btc-updown-5m-1783869300,2026-07-12 15:15:00+00:00,2026-07-12 15:05:18.661000+00:00,581.339,single,True,False,2026-07-12T15:16:34.082Z,,-0.29,0.18,,-0.18,2026-07-12,23,20-24
btc-updown-5m-1783869600,2026-07-12 15:20:00+00:00,2026-07-12 15:11:39.210000+00:00,500.79,single,False,True,,2026-07-12T15:24:34.973Z,-0.29,,0.02,-0.02,2026-07-12,23,20-24
btc-updown-5m-1783869900,2026-07-12 15:25:00+00:00,2026-07-12 15:16:22.404000+00:00,517.596,single,False,True,,2026-07-12T15:29:04.173Z,-0.29,,0.28,-0.28,2026-07-12,23,20-24
btc-updown-5m-1783870200,2026-07-12 15:30:00+00:00,2026-07-12 15:22:21.062000+00:00,458.938,single,True,False,2026-07-12T15:32:50.632Z,,-0.29,0.25,,-0.25,2026-07-12,23,20-24
btc-updown-5m-1783870500,2026-07-12 15:35:00+00:00,2026-07-12 15:29:40.600000+00:00,319.4,none,False,False,,,0.0,,,0.0,2026-07-12,23,20-24
btc-updown-5m-1783870800,2026-07-12 15:40:00+00:00,2026-07-12 15:30:50.040000+00:00,549.96,paired,True,True,2026-07-12T15:44:13.418Z,2026-07-12T15:44:25.874Z,0.42,0.29,0.14,0.57,2026-07-12,23,20-24
btc-updown-5m-1783871100,2026-07-12 15:45:00+00:00,2026-07-12 15:37:55.437000+00:00,424.563,single,False,True,,2026-07-12T15:49:56.300Z,-0.29,,0.01,-0.01,2026-07-12,23,20-24
btc-updown-5m-1783871400,2026-07-12 15:50:00+00:00,2026-07-12 15:44:18.800000+00:00,341.2,single,False,True,,2026-07-12T15:52:16.232Z,-0.29,,0.28,-0.28,2026-07-12,23,20-24
btc-updown-5m-1783871700,2026-07-12 15:55:00+00:00,2026-07-12 15:49:19.286000+00:00,340.714,none,False,False,,,0.0,,,0.0,2026-07-12,23,20-24
btc-updown-5m-1783872000,2026-07-12 16:00:00+00:00,2026-07-12 15:50:54.864000+00:00,545.136,single,True,False,2026-07-12T16:02:54.681Z,,-0.29,0.23,,-0.23,2026-07-12,23,20-24
btc-updown-5m-1783872300,2026-07-12 16:05:00+00:00,2026-07-12 15:55:16.024000+00:00,583.976,none,False,False,,,0.0,,,0.0,2026-07-13,0,00-04
btc-updown-5m-1783872600,2026-07-12 16:10:00+00:00,2026-07-12 16:00:20.443000+00:00,579.557,single,True,False,2026-07-12T16:13:37.916Z,,-0.29,0.02,,-0.02,2026-07-13,0,00-04
btc-updown-5m-1783872900,2026-07-12 16:15:00+00:00,2026-07-12 16:10:03.558000+00:00,296.442,none,False,False,,,0.0,,,0.0,2026-07-13,0,00-04
btc-updown-5m-1783873200,2026-07-12 16:20:00+00:00,2026-07-12 16:10:25.410000+00:00,574.59,single,False,True,,2026-07-12T16:21:37.713Z,-0.29,,0.24,-0.24,2026-07-13,0,00-04
btc-updown-5m-1783873500,2026-07-12 16:25:00+00:00,2026-07-12 16:17:39.693000+00:00,440.307,single,False,True,,2026-07-12T16:26:36.660Z,-0.29,,0.28,-0.28,2026-07-13,0,00-04
btc-updown-5m-1783873800,2026-07-12 16:30:00+00:00,2026-07-12 16:20:12.892000+00:00,587.108,single,True,False,2026-07-12T16:32:09.392Z,,-0.29,0.2,,-0.2,2026-07-13,0,00-04
btc-updown-5m-1783874100,2026-07-12 16:35:00+00:00,2026-07-12 16:27:19.171000+00:00,460.829,single,True,False,2026-07-12T16:39:31.384Z,,-0.29,0.05,,-0.05,2026-07-13,0,00-04
btc-updown-5m-1783874400,2026-07-12 16:40:00+00:00,2026-07-12 16:32:01.866000+00:00,478.134,single,False,True,,2026-07-12T16:44:18.528Z,-0.29,,0.27,-0.27,2026-07-13,0,00-04
btc-updown-5m-1783874700,2026-07-12 16:45:00+00:00,2026-07-12 16:39:20.513000+00:00,339.487,none,False,False,,,0.0,,,0.0,2026-07-13,0,00-04
btc-updown-5m-1783875000,2026-07-12 16:50:00+00:00,2026-07-12 16:41:01.272000+00:00,538.728,single,True,False,2026-07-12T16:52:15.685Z,,-0.29,0.29,,-0.29,2026-07-13,0,00-04
btc-updown-5m-1783875300,2026-07-12 16:55:00+00:00,2026-07-12 16:50:04.497000+00:00,295.503,single,False,True,,2026-07-12T16:57:26.908Z,-0.29,,0.29,-0.29,2026-07-13,0,00-04
btc-updown-5m-1783875600,2026-07-12 17:00:00+00:00,2026-07-12 16:52:02.696000+00:00,477.304,single,True,False,2026-07-12T17:02:12.966Z,,-0.29,0.09,,-0.09,2026-07-13,0,00-04
btc-updown-5m-1783875900,2026-07-12 17:05:00+00:00,2026-07-12 16:55:58.926000+00:00,541.074,none,False,False,,,0.0,,,0.0,2026-07-13,1,00-04
btc-updown-5m-1783876200,2026-07-12 17:10:00+00:00,2026-07-12 17:00:38.245000+00:00,561.755,single,True,False,2026-07-12T17:13:13.300Z,,-0.29,0.25,,-0.25,2026-07-13,1,00-04
btc-updown-5m-1783876500,2026-07-12 17:15:00+00:00,2026-07-12 17:06:32.322000+00:00,507.678,none,False,False,,,0.0,,,0.0,2026-07-13,1,00-04
btc-updown-5m-1783876800,2026-07-12 17:20:00+00:00,2026-07-12 17:10:18.661000+00:00,581.339,single,True,False,2026-07-12T17:21:51.637Z,,-0.29,0.29,,-0.29,2026-07-13,1,00-04
btc-updown-5m-1783877100,2026-07-12 17:25:00+00:00,2026-07-12 17:19:52.833000+00:00,307.167,none,False,False,,,0.0,,,0.0,2026-07-13,1,00-04
btc-updown-5m-1783877400,2026-07-12 17:30:00+00:00,2026-07-12 17:22:08.458000+00:00,471.542,single,False,True,,2026-07-12T17:34:58.640Z,-0.29,,0.29,-0.29,2026-07-13,1,00-04
btc-updown-5m-1783877700,2026-07-12 17:35:00+00:00,2026-07-12 17:30:08.696000+00:00,291.304,paired,True,True,2026-07-12T17:37:32.031Z,2026-07-12T17:38:30.608Z,0.42,0.22,0.2,0.5800000000000001,2026-07-13,1,00-04
btc-updown-5m-1783878000,2026-07-12 17:40:00+00:00,2026-07-12 17:31:54.775000+00:00,485.225,none,False,False,,,0.0,,,0.0,2026-07-13,1,00-04
btc-updown-5m-1783878300,2026-07-12 17:45:00+00:00,2026-07-12 17:36:01.065000+00:00,538.935,single,True,False,2026-07-12T17:49:10.777Z,,-0.29,0.29,,-0.29,2026-07-13,1,00-04
btc-updown-5m-1783878600,2026-07-12 17:50:00+00:00,2026-07-12 17:45:19.435000+00:00,280.565,single,True,False,2026-07-12T17:53:58.830Z,,-0.29,0.01,,-0.01,2026-07-13,1,00-04
btc-updown-5m-1783878900,2026-07-12 17:55:00+00:00,2026-07-12 17:45:19.638000+00:00,580.362,none,False,False,,,0.0,,,0.0,2026-07-13,1,00-04
btc-updown-5m-1783879200,2026-07-12 18:00:00+00:00,2026-07-12 17:51:45.025000+00:00,494.975,single,False,True,,2026-07-12T18:02:17.717Z,-0.29,,0.12,-0.12,2026-07-13,1,00-04
btc-updown-5m-1783879500,2026-07-12 18:05:00+00:00,2026-07-12 17:59:07.942000+00:00,352.058,none,False,False,,,0.0,,,0.0,2026-07-13,2,00-04
btc-updown-5m-1783879800,2026-07-12 18:10:00+00:00,2026-07-12 18:02:03.929000+00:00,476.071,single,False,True,,2026-07-12T18:12:09.366Z,-0.29,,0.29,-0.29,2026-07-13,2,00-04
btc-updown-5m-1783880100,2026-07-12 18:15:00+00:00,2026-07-12 18:05:27.300000+00:00,572.7,single,True,False,2026-07-12T18:19:48.618Z,,-0.29,0.04,,-0.04,2026-07-13,2,00-04
btc-updown-5m-1783880400,2026-07-12 18:20:00+00:00,2026-07-12 18:10:08.657000+00:00,591.343,single,False,True,,2026-07-12T18:23:19.781Z,-0.29,,0.29,-0.29,2026-07-13,2,00-04
btc-updown-5m-1783880700,2026-07-12 18:25:00+00:00,2026-07-12 18:15:58.482000+00:00,541.518,single,False,True,,2026-07-12T18:29:33.206Z,-0.29,,0.02,-0.02,2026-07-13,2,00-04
btc-updown-5m-1783881000,2026-07-12 18:30:00+00:00,2026-07-12 18:20:26.623000+00:00,573.377,none,False,False,,,0.0,,,0.0,2026-07-13,2,00-04
btc-updown-5m-1783881300,2026-07-12 18:35:00+00:00,2026-07-12 18:25:17.304000+00:00,582.696,single,False,True,,2026-07-12T18:38:08.057Z,-0.29,,0.03,-0.03,2026-07-13,2,00-04
btc-updown-5m-1783881600,2026-07-12 18:40:00+00:00,2026-07-12 18:34:25.944000+00:00,334.056,single,True,False,2026-07-12T18:43:26.929Z,,-0.29,0.2,,-0.2,2026-07-13,2,00-04
btc-updown-5m-1783881900,2026-07-12 18:45:00+00:00,2026-07-12 18:36:16.240000+00:00,523.76,single,False,True,,2026-07-12T18:47:45.629Z,-0.29,,0.19,-0.19,2026-07-13,2,00-04
btc-updown-5m-1783882200,2026-07-12 18:50:00+00:00,2026-07-12 18:43:20.856000+00:00,399.144,single,True,False,2026-07-12T18:53:22.075Z,,-0.29,0.29,,-0.29,2026-07-13,2,00-04
btc-updown-5m-1783882500,2026-07-12 18:55:00+00:00,2026-07-12 18:45:55.079000+00:00,544.921,none,False,False,,,0.0,,,0.0,2026-07-13,2,00-04
btc-updown-5m-1783882800,2026-07-12 19:00:00+00:00,2026-07-12 18:52:54.926000+00:00,425.074,single,False,True,,2026-07-12T19:02:12.814Z,-0.29,,0.25,-0.25,2026-07-13,2,00-04
btc-updown-5m-1783883100,2026-07-12 19:05:00+00:00,2026-07-12 18:57:33.855000+00:00,446.145,single,False,True,,2026-07-12T19:05:29.780Z,-0.29,,0.12,-0.12,2026-07-13,3,00-04
btc-updown-5m-1783883400,2026-07-12 19:10:00+00:00,2026-07-12 19:00:22.223000+00:00,577.777,none,False,False,,,0.0,,,0.0,2026-07-13,3,00-04
btc-updown-5m-1783883700,2026-07-12 19:15:00+00:00,2026-07-12 19:05:24.703000+00:00,575.297,single,False,True,,2026-07-12T19:17:10.439Z,-0.29,,0.22,-0.22,2026-07-13,3,00-04
btc-updown-5m-1783884000,2026-07-12 19:20:00+00:00,2026-07-12 19:12:51.626000+00:00,428.374,none,False,False,,,0.0,,,0.0,2026-07-13,3,00-04
btc-updown-5m-1783884300,2026-07-12 19:25:00+00:00,2026-07-12 19:15:16.822000+00:00,583.178,paired,True,True,2026-07-12T19:29:06.472Z,2026-07-12T19:26:31.690Z,0.42,0.29,0.28,0.42999999999999994,2026-07-13,3,00-04
btc-updown-5m-1783884600,2026-07-12 19:30:00+00:00,2026-07-12 19:25:12.687000+00:00,287.313,single,True,False,2026-07-12T19:32:11.355Z,,-0.29,0.29,,-0.29,2026-07-13,3,00-04
btc-updown-5m-1783884900,2026-07-12 19:35:00+00:00,2026-07-12 19:25:13.427000+00:00,586.573,single,True,False,2026-07-12T19:39:01.545Z,,-0.29,0.17,,-0.17,2026-07-13,3,00-04
btc-updown-5m-1783885200,2026-07-12 19:40:00+00:00,2026-07-12 19:30:21.380000+00:00,578.62,single,True,False,2026-07-12T19:40:55.607Z,,-0.29,0.27,,-0.27,2026-07-13,3,00-04
btc-updown-5m-1783885500,2026-07-12 19:45:00+00:00,2026-07-12 19:36:53.550000+00:00,486.45,single,False,True,,2026-07-12T19:48:38.104Z,-0.29,,0.29,-0.29,2026-07-13,3,00-04
btc-updown-5m-1783885800,2026-07-12 19:50:00+00:00,2026-07-12 19:40:16.810000+00:00,583.19,single,False,True,,2026-07-12T19:52:50.211Z,-0.29,,0.02,-0.02,2026-07-13,3,00-04
btc-updown-5m-1783886100,2026-07-12 19:55:00+00:00,2026-07-12 19:46:17.538000+00:00,522.462,paired,True,True,2026-07-12T19:59:21.990Z,2026-07-12T19:58:03.810Z,0.42,0.29,0.1,0.61,2026-07-13,3,00-04
btc-updown-5m-1783886400,2026-07-12 20:00:00+00:00,2026-07-12 19:52:37.933000+00:00,442.067,single,True,False,2026-07-12T20:04:15.971Z,,-0.29,0.05,,-0.05,2026-07-13,3,00-04
btc-updown-5m-1783886700,2026-07-12 20:05:00+00:00,2026-07-12 19:57:00.179000+00:00,479.821,single,False,True,,2026-07-12T20:09:14.683Z,-0.29,,0.29,-0.29,2026-07-13,4,04-08
btc-updown-5m-1783887000,2026-07-12 20:10:00+00:00,2026-07-12 20:00:20.464000+00:00,579.536,single,True,False,2026-07-12T20:12:21.649Z,,-0.29,0.22,,-0.22,2026-07-13,4,04-08
btc-updown-5m-1783887300,2026-07-12 20:15:00+00:00,2026-07-12 20:07:26.403000+00:00,453.597,single,True,False,2026-07-12T20:19:48.990Z,,-0.29,0.29,,-0.29,2026-07-13,4,04-08
btc-updown-5m-1783887600,2026-07-12 20:20:00+00:00,2026-07-12 20:11:13.493000+00:00,526.507,single,True,False,2026-07-12T20:23:38.414Z,,-0.29,0.25,,-0.25,2026-07-13,4,04-08
btc-updown-5m-1783887900,2026-07-12 20:25:00+00:00,2026-07-12 20:15:35.283000+00:00,564.717,single,False,True,,2026-07-12T20:29:33.766Z,-0.29,,0.05,-0.05,2026-07-13,4,04-08
btc-updown-5m-1783888200,2026-07-12 20:30:00+00:00,2026-07-12 20:20:34.549000+00:00,565.451,single,True,False,2026-07-12T20:32:57.858Z,,-0.29,0.26,,-0.26,2026-07-13,4,04-08
btc-updown-5m-1783888500,2026-07-12 20:35:00+00:00,2026-07-12 20:28:54.834000+00:00,365.166,none,False,False,,,0.0,,,0.0,2026-07-13,4,04-08
btc-updown-5m-1783888800,2026-07-12 20:40:00+00:00,2026-07-12 20:32:48.318000+00:00,431.682,none,False,False,,,0.0,,,0.0,2026-07-13,4,04-08
btc-updown-5m-1783889100,2026-07-12 20:45:00+00:00,2026-07-12 20:36:30.043000+00:00,509.957,none,False,False,,,0.0,,,0.0,2026-07-13,4,04-08
btc-updown-5m-1783889400,2026-07-12 20:50:00+00:00,2026-07-12 20:45:20.978000+00:00,279.022,single,True,False,2026-07-12T20:51:44.683Z,,-0.29,0.29,,-0.29,2026-07-13,4,04-08
btc-updown-5m-1783889700,2026-07-12 20:55:00+00:00,2026-07-12 20:45:26.760000+00:00,573.24,single,True,False,2026-07-12T20:55:27.069Z,,-0.29,0.26,,-0.26,2026-07-13,4,04-08
btc-updown-5m-1783890000,2026-07-12 21:00:00+00:00,2026-07-12 20:52:10.580000+00:00,469.42,single,False,True,,2026-07-12T21:04:49.416Z,-0.29,,0.01,-0.01,2026-07-13,4,04-08
btc-updown-5m-1783890300,2026-07-12 21:05:00+00:00,2026-07-12 20:55:23.445000+00:00,576.555,single,True,False,2026-07-12T21:07:31.628Z,,-0.29,0.24,,-0.24,2026-07-13,5,04-08
btc-updown-5m-1783890600,2026-07-12 21:10:00+00:00,2026-07-12 21:04:24.904000+00:00,335.096,single,False,True,,2026-07-12T21:13:23.840Z,-0.29,,0.29,-0.29,2026-07-13,5,04-08
btc-updown-5m-1783890900,2026-07-12 21:15:00+00:00,2026-07-12 21:05:46.538000+00:00,553.462,single,True,False,2026-07-12T21:17:06.197Z,,-0.29,0.27,,-0.27,2026-07-13,5,04-08
btc-updown-5m-1783891200,2026-07-12 21:20:00+00:00,2026-07-12 21:14:19.706000+00:00,340.294,single,True,False,2026-07-12T21:24:10.702Z,,-0.29,0.02,,-0.02,2026-07-13,5,04-08
btc-updown-5m-1783891500,2026-07-12 21:25:00+00:00,2026-07-12 21:15:23.609000+00:00,576.391,single,True,False,2026-07-12T21:27:31.567Z,,-0.29,0.24,,-0.24,2026-07-13,5,04-08
btc-updown-5m-1783891800,2026-07-12 21:30:00+00:00,2026-07-12 21:23:51.856000+00:00,368.144,single,True,False,2026-07-12T21:31:52.992Z,,-0.29,0.12,,-0.12,2026-07-13,5,04-08
btc-updown-5m-1783892100,2026-07-12 21:35:00+00:00,2026-07-12 21:26:02.948000+00:00,537.052,none,False,False,,,0.0,,,0.0,2026-07-13,5,04-08
btc-updown-5m-1783892400,2026-07-12 21:40:00+00:00,2026-07-12 21:31:41.922000+00:00,498.078,none,False,False,,,0.0,,,0.0,2026-07-13,5,04-08
btc-updown-5m-1783892700,2026-07-12 21:45:00+00:00,2026-07-12 21:38:27.679000+00:00,392.321,single,True,False,2026-07-12T21:47:17.441Z,,-0.29,0.28,,-0.28,2026-07-13,5,04-08
btc-updown-5m-1783893000,2026-07-12 21:50:00+00:00,2026-07-12 21:40:14.411000+00:00,585.589,single,True,False,2026-07-12T21:51:21.147Z,,-0.29,0.23,,-0.23,2026-07-13,5,04-08
btc-updown-5m-1783893300,2026-07-12 21:55:00+00:00,2026-07-12 21:45:10.421000+00:00,589.579,single,False,True,,2026-07-12T21:59:51.747Z,-0.29,,0.29,-0.29,2026-07-13,5,04-08
btc-updown-5m-1783893600,2026-07-12 22:00:00+00:00,2026-07-12 21:51:10.455000+00:00,529.545,single,True,False,2026-07-12T22:00:26.723Z,,-0.29,0.14,,-0.14,2026-07-13,5,04-08
btc-updown-5m-1783893900,2026-07-12 22:05:00+00:00,2026-07-12 22:00:26.471000+00:00,273.529,none,False,False,,,0.0,,,0.0,2026-07-13,6,04-08
btc-updown-5m-1783894200,2026-07-12 22:10:00+00:00,2026-07-12 22:00:26.543000+00:00,573.457,single,True,False,2026-07-12T22:14:40.684Z,,-0.29,0.24,,-0.24,2026-07-13,6,04-08
btc-updown-5m-1783894500,2026-07-12 22:15:00+00:00,2026-07-12 22:10:00.553000+00:00,299.447,single,True,False,2026-07-12T22:18:12.202Z,,-0.29,0.07,,-0.07,2026-07-13,6,04-08
btc-updown-5m-1783894800,2026-07-12 22:20:00+00:00,2026-07-12 22:10:11.782000+00:00,588.218,none,False,False,,,0.0,,,0.0,2026-07-13,6,04-08
btc-updown-5m-1783895100,2026-07-12 22:25:00+00:00,2026-07-12 22:15:56.990000+00:00,543.01,single,True,False,2026-07-12T22:26:59.345Z,,-0.29,0.29,,-0.29,2026-07-13,6,04-08
btc-updown-5m-1783895400,2026-07-12 22:30:00+00:00,2026-07-12 22:24:13.458000+00:00,346.542,single,False,True,,2026-07-12T22:34:05.562Z,-0.29,,0.29,-0.29,2026-07-13,6,04-08
btc-updown-5m-1783895700,2026-07-12 22:35:00+00:00,2026-07-12 22:26:09.264000+00:00,530.736,paired,True,True,2026-07-12T22:38:31.848Z,2026-07-12T22:35:34.267Z,0.42,0.25,0.28,0.47,2026-07-13,6,04-08
btc-updown-5m-1783896000,2026-07-12 22:40:00+00:00,2026-07-12 22:31:20.111000+00:00,519.889,none,False,False,,,0.0,,,0.0,2026-07-13,6,04-08
btc-updown-5m-1783896300,2026-07-12 22:45:00+00:00,2026-07-12 22:35:24.964000+00:00,575.036,single,True,False,2026-07-12T22:45:47.554Z,,-0.29,0.28,,-0.28,2026-07-13,6,04-08
btc-updown-5m-1783896600,2026-07-12 22:50:00+00:00,2026-07-12 22:45:24.310000+00:00,275.69,single,False,True,,2026-07-12T22:53:38.056Z,-0.29,,0.02,-0.02,2026-07-13,6,04-08
btc-updown-5m-1783896900,2026-07-12 22:55:00+00:00,2026-07-12 22:45:24.474000+00:00,575.526,single,False,True,,2026-07-12T22:57:41.833Z,-0.29,,0.02,-0.02,2026-07-13,6,04-08
btc-updown-5m-1783897200,2026-07-12 23:00:00+00:00,2026-07-12 22:51:20.500000+00:00,519.5,single,True,False,2026-07-12T23:04:51.500Z,,-0.29,0.01,,-0.01,2026-07-13,6,04-08
btc-updown-5m-1783897500,2026-07-12 23:05:00+00:00,2026-07-12 22:57:41.606000+00:00,438.394,single,True,False,2026-07-12T23:09:19.525Z,,-0.29,0.07,,-0.07,2026-07-13,7,04-08
btc-updown-5m-1783897800,2026-07-12 23:10:00+00:00,2026-07-12 23:04:47.573000+00:00,312.427,single,False,True,,2026-07-12T23:13:32.837Z,-0.29,,0.19,-0.19,2026-07-13,7,04-08
btc-updown-5m-1783898100,2026-07-12 23:15:00+00:00,2026-07-12 23:09:14.182000+00:00,345.818,none,False,False,,,0.0,,,0.0,2026-07-13,7,04-08
btc-updown-5m-1783898400,2026-07-12 23:20:00+00:00,2026-07-12 23:10:14.810000+00:00,585.19,single,False,True,,2026-07-12T23:21:00.566Z,-0.29,,0.29,-0.29,2026-07-13,7,04-08
btc-updown-5m-1783898700,2026-07-12 23:25:00+00:00,2026-07-12 23:20:13.775000+00:00,286.225,single,True,False,2026-07-12T23:26:36.777Z,,-0.29,0.26,,-0.26,2026-07-13,7,04-08
btc-updown-5m-1783899000,2026-07-12 23:30:00+00:00,2026-07-12 23:20:13.832000+00:00,586.168,single,True,False,2026-07-12T23:33:41.434Z,,-0.29,0.06,,-0.06,2026-07-13,7,04-08
btc-updown-5m-1783899300,2026-07-12 23:35:00+00:00,2026-07-12 23:26:36.612000+00:00,503.388,none,False,False,,,0.0,,,0.0,2026-07-13,7,04-08
btc-updown-5m-1783899600,2026-07-12 23:40:00+00:00,2026-07-12 23:31:01.788000+00:00,538.212,single,True,False,2026-07-12T23:44:15.862Z,,-0.29,0.29,,-0.29,2026-07-13,7,04-08
btc-updown-5m-1783899900,2026-07-12 23:45:00+00:00,2026-07-12 23:35:45.861000+00:00,554.139,single,True,False,2026-07-12T23:46:48.532Z,,-0.29,0.29,,-0.29,2026-07-13,7,04-08
btc-updown-5m-1783900200,2026-07-12 23:50:00+00:00,2026-07-12 23:40:15.584000+00:00,584.416,none,False,False,,,0.0,,,0.0,2026-07-13,7,04-08
btc-updown-5m-1783900500,2026-07-12 23:55:00+00:00,2026-07-12 23:45:16.206000+00:00,583.794,single,False,True,,2026-07-12T23:58:51.083Z,-0.29,,0.29,-0.29,2026-07-13,7,04-08
btc-updown-5m-1783900800,2026-07-13 00:00:00+00:00,2026-07-12 23:55:08.470000+00:00,291.53,paired,True,True,2026-07-13T00:00:59.078Z,2026-07-13T00:03:00.405Z,0.42,0.22,0.03,0.75,2026-07-13,7,04-08
btc-updown-5m-1783901100,2026-07-13 00:05:00+00:00,2026-07-12 23:55:21.490000+00:00,578.51,none,False,False,,,0.0,,,0.0,2026-07-13,8,08-12
btc-updown-5m-1783901400,2026-07-13 00:10:00+00:00,2026-07-13 00:00:20.093000+00:00,579.907,single,False,True,,2026-07-13T00:10:23.625Z,-0.29,,0.23,-0.23,2026-07-13,8,08-12
btc-updown-5m-1783901700,2026-07-13 00:15:00+00:00,2026-07-13 00:10:14.229000+00:00,285.771,single,True,False,2026-07-13T00:19:49.184Z,,-0.29,0.01,,-0.01,2026-07-13,8,08-12
btc-updown-5m-1783902000,2026-07-13 00:20:00+00:00,2026-07-13 00:10:14.795000+00:00,585.205,paired,True,True,2026-07-13T00:24:58.293Z,2026-07-13T00:23:44.924Z,0.42,0.12,0.09,0.79,2026-07-13,8,08-12
btc-updown-5m-1783902300,2026-07-13 00:25:00+00:00,2026-07-13 00:19:48.810000+00:00,311.19,none,False,False,,,0.0,,,0.0,2026-07-13,8,08-12
btc-updown-5m-1783902600,2026-07-13 00:30:00+00:00,2026-07-13 00:20:42.508000+00:00,557.492,single,True,False,2026-07-13T00:31:41.044Z,,-0.29,0.2,,-0.2,2026-07-13,8,08-12
btc-updown-5m-1783902900,2026-07-13 00:35:00+00:00,2026-07-13 00:25:24.190000+00:00,575.81,none,False,False,,,0.0,,,0.0,2026-07-13,8,08-12
btc-updown-5m-1783903200,2026-07-13 00:40:00+00:00,2026-07-13 00:30:14.925000+00:00,585.075,paired,True,True,2026-07-13T00:42:32.454Z,2026-07-13T00:44:33.595Z,0.42,0.17,0.29,0.54,2026-07-13,8,08-12
btc-updown-5m-1783903500,2026-07-13 00:45:00+00:00,2026-07-13 00:40:07.119000+00:00,292.881,single,False,True,,2026-07-13T00:45:46.372Z,-0.29,,0.08,-0.08,2026-07-13,8,08-12
btc-updown-5m-1783903800,2026-07-13 00:50:00+00:00,2026-07-13 00:40:17.542000+00:00,582.458,none,False,False,,,0.0,,,0.0,2026-07-13,8,08-12
btc-updown-5m-1783904100,2026-07-13 00:55:00+00:00,2026-07-13 00:45:31.740000+00:00,568.26,single,False,True,,2026-07-13T00:58:30.720Z,-0.29,,0.25,-0.25,2026-07-13,8,08-12
btc-updown-5m-1783904400,2026-07-13 01:00:00+00:00,2026-07-13 00:55:13.518000+00:00,286.482,single,True,False,2026-07-13T01:01:40.560Z,,-0.29,0.12,,-0.12,2026-07-13,8,08-12
btc-updown-5m-1783904700,2026-07-13 01:05:00+00:00,2026-07-13 00:55:13.872000+00:00,586.128,none,False,False,,,0.0,,,0.0,2026-07-13,9,08-12
btc-updown-5m-1783905000,2026-07-13 01:10:00+00:00,2026-07-13 01:01:40.534000+00:00,499.466,single,False,True,,2026-07-13T01:13:36.529Z,-0.29,,0.02,-0.02,2026-07-13,9,08-12
btc-updown-5m-1783905300,2026-07-13 01:15:00+00:00,2026-07-13 01:05:26.386000+00:00,573.614,single,True,False,2026-07-13T01:19:54.682Z,,-0.29,0.01,,-0.01,2026-07-13,9,08-12
btc-updown-5m-1783905600,2026-07-13 01:20:00+00:00,2026-07-13 01:10:11.768000+00:00,588.232,single,True,False,2026-07-13T01:23:22.462Z,,-0.29,0.29,,-0.29,2026-07-13,9,08-12
btc-updown-5m-1783905900,2026-07-13 01:25:00+00:00,2026-07-13 01:17:26.540000+00:00,453.46,single,True,False,2026-07-13T01:28:17.154Z,,-0.29,0.27,,-0.27,2026-07-13,9,08-12
btc-updown-5m-1783906200,2026-07-13 01:30:00+00:00,2026-07-13 01:20:17.650000+00:00,582.35,single,True,False,2026-07-13T01:32:28.169Z,,-0.29,0.12,,-0.12,2026-07-13,9,08-12
btc-updown-5m-1783906500,2026-07-13 01:35:00+00:00,2026-07-13 01:25:44.073000+00:00,555.927,none,False,False,,,0.0,,,0.0,2026-07-13,9,08-12
btc-updown-5m-1783906800,2026-07-13 01:40:00+00:00,2026-07-13 01:31:03.294000+00:00,536.706,single,True,False,2026-07-13T01:44:47.697Z,,-0.29,0.02,,-0.02,2026-07-13,9,08-12
btc-updown-5m-1783907100,2026-07-13 01:45:00+00:00,2026-07-13 01:40:07.836000+00:00,292.164,none,False,False,,,0.0,,,0.0,2026-07-13,9,08-12
btc-updown-5m-1783907400,2026-07-13 01:50:00+00:00,2026-07-13 01:40:46.943000+00:00,553.057,single,True,False,2026-07-13T01:53:07.311Z,,-0.29,0.24,,-0.24,2026-07-13,9,08-12
btc-updown-5m-1783907700,2026-07-13 01:55:00+00:00,2026-07-13 01:45:23.045000+00:00,576.955,single,True,False,2026-07-13T01:59:45.137Z,,-0.29,0.001,,-0.001,2026-07-13,9,08-12
btc-updown-5m-1783908000,2026-07-13 02:00:00+00:00,2026-07-13 01:50:12.588000+00:00,587.412,none,False,False,,,0.0,,,0.0,2026-07-13,9,08-12
btc-updown-5m-1783908300,2026-07-13 02:05:00+00:00,2026-07-13 01:55:30.702000+00:00,569.298,single,False,True,,2026-07-13T02:07:15.132Z,-0.29,,0.27,-0.27,2026-07-13,10,08-12
btc-updown-5m-1783908600,2026-07-13 02:10:00+00:00,2026-07-13 02:01:08.706000+00:00,531.294,paired,True,True,2026-07-13T02:12:13.880Z,2026-07-13T02:12:49.539Z,0.42,0.29,0.28,0.42999999999999994,2026-07-13,10,08-12
btc-updown-5m-1783908900,2026-07-13 02:15:00+00:00,2026-07-13 02:05:26.168000+00:00,573.832,none,False,False,,,0.0,,,0.0,2026-07-13,10,08-12
btc-updown-5m-1783909200,2026-07-13 02:20:00+00:00,2026-07-13 02:11:32.068000+00:00,507.932,paired,True,True,2026-07-13T02:23:54.963Z,2026-07-13T02:22:18.601Z,0.42,0.1,0.26,0.64,2026-07-13,10,08-12
btc-updown-5m-1783909500,2026-07-13 02:25:00+00:00,2026-07-13 02:20:13.870000+00:00,286.13,single,False,True,,2026-07-13T02:25:30.566Z,-0.29,,0.26,-0.26,2026-07-13,10,08-12
btc-updown-5m-1783909800,2026-07-13 02:30:00+00:00,2026-07-13 02:20:14.031000+00:00,585.969,none,False,False,,,0.0,,,0.0,2026-07-13,10,08-12
btc-updown-5m-1783910100,2026-07-13 02:35:00+00:00,2026-07-13 02:25:30.497000+00:00,569.503,none,False,False,,,0.0,,,0.0,2026-07-13,10,08-12
btc-updown-5m-1783910400,2026-07-13 02:40:00+00:00,2026-07-13 02:34:17.882000+00:00,342.118,paired,True,True,2026-07-13T02:40:20.396Z,2026-07-13T02:43:21.847Z,0.42,0.28,0.28,0.43999999999999995,2026-07-13,10,08-12
btc-updown-5m-1783910700,2026-07-13 02:45:00+00:00,2026-07-13 02:35:44.556000+00:00,555.444,none,False,False,,,0.0,,,0.0,2026-07-13,10,08-12
btc-updown-5m-1783911000,2026-07-13 02:50:00+00:00,2026-07-13 02:41:28.596000+00:00,511.404,paired,True,True,2026-07-13T02:54:11.668Z,2026-07-13T02:51:23.710Z,0.42,0.03,0.28,0.69,2026-07-13,10,08-12
btc-updown-5m-1783911300,2026-07-13 02:55:00+00:00,2026-07-13 02:50:19.034000+00:00,280.966,single,True,False,2026-07-13T02:58:14.725Z,,-0.29,0.19,,-0.19,2026-07-13,10,08-12
btc-updown-5m-1783911600,2026-07-13 03:00:00+00:00,2026-07-13 02:50:19.082000+00:00,580.918,single,True,False,2026-07-13T03:04:18.220Z,,-0.29,0.29,,-0.29,2026-07-13,10,08-12
btc-updown-5m-1783911900,2026-07-13 03:05:00+00:00,2026-07-13 02:57:20.573000+00:00,459.427,single,True,False,2026-07-13T03:07:42.970Z,,-0.29,0.02,,-0.02,2026-07-13,11,08-12
btc-updown-5m-1783912200,2026-07-13 03:10:00+00:00,2026-07-13 03:05:06.420000+00:00,293.58,single,True,False,2026-07-13T03:12:40.357Z,,-0.29,0.17,,-0.17,2026-07-13,11,08-12
btc-updown-5m-1783912500,2026-07-13 03:15:00+00:00,2026-07-13 03:06:14.619000+00:00,525.381,paired,True,True,2026-07-13T03:19:55.613Z,2026-07-13T03:15:52.621Z,0.42,0.01,0.17,0.82,2026-07-13,11,08-12
btc-updown-5m-1783912800,2026-07-13 03:20:00+00:00,2026-07-13 03:12:00.406000+00:00,479.594,single,False,True,,2026-07-13T03:24:57.286Z,-0.29,,0.01,-0.01,2026-07-13,11,08-12
btc-updown-5m-1783913100,2026-07-13 03:25:00+00:00,2026-07-13 03:15:42.359000+00:00,557.641,single,False,True,,2026-07-13T03:26:42.370Z,-0.29,,0.15,-0.15,2026-07-13,11,08-12
btc-updown-5m-1783913400,2026-07-13 03:30:00+00:00,2026-07-13 03:21:04.510000+00:00,535.49,none,False,False,,,0.0,,,0.0,2026-07-13,11,08-12
btc-updown-5m-1783913700,2026-07-13 03:35:00+00:00,2026-07-13 03:26:42.195000+00:00,497.805,single,False,True,,2026-07-13T03:39:11.459Z,-0.29,,0.02,-0.02,2026-07-13,11,08-12
btc-updown-5m-1783914000,2026-07-13 03:40:00+00:00,2026-07-13 03:35:16.310000+00:00,283.69,single,True,False,2026-07-13T03:43:58.743Z,,-0.29,0.17,,-0.17,2026-07-13,11,08-12
btc-updown-5m-1783914300,2026-07-13 03:45:00+00:00,2026-07-13 03:35:16.349000+00:00,583.651,single,False,True,,2026-07-13T03:48:59.187Z,-0.29,,0.12,-0.12,2026-07-13,11,08-12
btc-updown-5m-1783914600,2026-07-13 03:50:00+00:00,2026-07-13 03:43:41.645000+00:00,378.355,single,True,False,2026-07-13T03:54:24.723Z,,-0.29,0.11,,-0.11,2026-07-13,11,08-12
btc-updown-5m-1783914900,2026-07-13 03:55:00+00:00,2026-07-13 03:48:45.031000+00:00,374.969,single,False,True,,2026-07-13T03:57:40.630Z,-0.29,,0.28,-0.28,2026-07-13,11,08-12
btc-updown-5m-1783915200,2026-07-13 04:00:00+00:00,2026-07-13 03:54:19.578000+00:00,340.422,single,True,False,2026-07-13T04:04:16.102Z,,-0.29,0.29,,-0.29,2026-07-13,11,08-12
btc-updown-5m-1783915500,2026-07-13 04:05:00+00:00,2026-07-13 03:56:33.267000+00:00,506.733,none,False,False,,,0.0,,,0.0,2026-07-13,12,12-16
btc-updown-5m-1783915800,2026-07-13 04:10:00+00:00,2026-07-13 04:00:26.756000+00:00,573.244,none,False,False,,,0.0,,,0.0,2026-07-13,12,12-16
btc-updown-5m-1783916100,2026-07-13 04:15:00+00:00,2026-07-13 04:10:00.294000+00:00,299.706,single,False,True,,2026-07-13T04:18:40.449Z,-0.29,,0.01,-0.01,2026-07-13,12,12-16
btc-updown-5m-1783916400,2026-07-13 04:20:00+00:00,2026-07-13 04:10:29.713000+00:00,570.287,single,True,False,2026-07-13T04:23:38.925Z,,-0.29,0.21,,-0.21,2026-07-13,12,12-16
btc-updown-5m-1783916700,2026-07-13 04:25:00+00:00,2026-07-13 04:15:52.036000+00:00,547.964,single,False,True,,2026-07-13T04:29:12.069Z,-0.29,,0.18,-0.18,2026-07-13,12,12-16
btc-updown-5m-1783917000,2026-07-13 04:30:00+00:00,2026-07-13 04:21:17.402000+00:00,522.598,single,True,False,2026-07-13T04:32:00.987Z,,-0.29,0.21,,-0.21,2026-07-13,12,12-16
btc-updown-5m-1783917300,2026-07-13 04:35:00+00:00,2026-07-13 04:25:22.789000+00:00,577.211,none,False,False,,,0.0,,,0.0,2026-07-13,12,12-16
btc-updown-5m-1783917600,2026-07-13 04:40:00+00:00,2026-07-13 04:30:37.886000+00:00,562.114,single,True,False,2026-07-13T04:44:29.215Z,,-0.29,0.29,,-0.29,2026-07-13,12,12-16
btc-updown-5m-1783917900,2026-07-13 04:45:00+00:00,2026-07-13 04:41:50.364000+00:00,189.636,single,False,True,,2026-07-13T04:47:07.727Z,-0.29,,0.23,-0.23,2026-07-13,12,12-16
btc-updown-5m-1783918200,2026-07-13 04:50:00+00:00,2026-07-13 04:41:50.354000+00:00,489.646,none,False,False,,,0.0,,,0.0,2026-07-13,12,12-16
btc-updown-5m-1783918500,2026-07-13 04:55:00+00:00,2026-07-13 04:46:59.155000+00:00,480.845,single,True,False,2026-07-13T04:58:32.634Z,,-0.29,0.04,,-0.04,2026-07-13,12,12-16
btc-updown-5m-1783918800,2026-07-13 05:00:00+00:00,2026-07-13 04:53:58.479000+00:00,361.521,single,False,True,,2026-07-13T05:04:42.977Z,-0.29,,0.01,-0.01,2026-07-13,12,12-16
btc-updown-5m-1783919100,2026-07-13 05:05:00+00:00,2026-07-13 04:55:10.767000+00:00,589.233,single,False,True,,2026-07-13T05:07:53.704Z,-0.29,,0.28,-0.28,2026-07-13,13,12-16
btc-updown-5m-1783919400,2026-07-13 05:10:00+00:00,2026-07-13 05:04:22.636000+00:00,337.364,single,False,True,,2026-07-13T05:14:04.720Z,-0.29,,0.09,-0.09,2026-07-13,13,12-16
btc-updown-5m-1783919700,2026-07-13 05:15:00+00:00,2026-07-13 05:06:26.903000+00:00,513.097,single,True,False,2026-07-13T05:19:51.872Z,,-0.29,0.29,,-0.29,2026-07-13,13,12-16
btc-updown-5m-1783920000,2026-07-13 05:20:00+00:00,2026-07-13 05:13:11.061000+00:00,408.939,single,True,False,2026-07-13T05:24:10.700Z,,-0.29,0.01,,-0.01,2026-07-13,13,12-16
btc-updown-5m-1783920300,2026-07-13 05:25:00+00:00,2026-07-13 05:15:23.330000+00:00,576.67,none,False,False,,,0.0,,,0.0,2026-07-13,13,12-16
btc-updown-5m-1783920600,2026-07-13 05:30:00+00:00,2026-07-13 05:21:02.657000+00:00,537.343,single,False,True,,2026-07-13T05:33:33.012Z,-0.29,,0.29,-0.29,2026-07-13,13,12-16
btc-updown-5m-1783920900,2026-07-13 05:35:00+00:00,2026-07-13 05:29:51.629000+00:00,308.371,single,False,True,,2026-07-13T05:39:00.999Z,-0.29,,0.11,-0.11,2026-07-13,13,12-16
btc-updown-5m-1783921200,2026-07-13 05:40:00+00:00,2026-07-13 05:30:47.443000+00:00,552.557,none,False,False,,,0.0,,,0.0,2026-07-13,13,12-16
btc-updown-5m-1783921500,2026-07-13 05:45:00+00:00,2026-07-13 05:38:46.866000+00:00,373.134,single,True,False,2026-07-13T05:47:44.546Z,,-0.29,0.27,,-0.27,2026-07-13,13,12-16
btc-updown-5m-1783921800,2026-07-13 05:50:00+00:00,2026-07-13 05:42:34.997000+00:00,445.003,none,False,False,,,0.0,,,0.0,2026-07-13,13,12-16
btc-updown-5m-1783922100,2026-07-13 05:55:00+00:00,2026-07-13 05:45:46.262000+00:00,553.738,single,True,False,2026-07-13T05:58:50.338Z,,-0.29,0.21,,-0.21,2026-07-13,13,12-16
btc-updown-5m-1783922400,2026-07-13 06:00:00+00:00,2026-07-13 05:55:04.917000+00:00,295.083,single,False,True,,2026-07-13T06:03:54.939Z,-0.29,,0.05,-0.05,2026-07-13,13,12-16
btc-updown-5m-1783922700,2026-07-13 06:05:00+00:00,2026-07-13 05:58:38.059000+00:00,381.941,paired,True,True,2026-07-13T06:08:44.140Z,2026-07-13T06:09:19.271Z,0.42,0.29,0.21,0.5,2026-07-13,14,12-16
btc-updown-5m-1783923000,2026-07-13 06:10:00+00:00,2026-07-13 06:00:20.186000+00:00,579.814,single,True,False,2026-07-13T06:13:17.407Z,,-0.29,0.01,,-0.01,2026-07-13,14,12-16
btc-updown-5m-1783923300,2026-07-13 06:15:00+00:00,2026-07-13 06:05:28.367000+00:00,571.633,single,True,False,2026-07-13T06:19:34.942Z,,-0.29,0.29,,-0.29,2026-07-13,14,12-16
btc-updown-5m-1783923600,2026-07-13 06:20:00+00:00,2026-07-13 06:13:09.262000+00:00,410.738,none,False,False,,,0.0,,,0.0,2026-07-13,14,12-16
btc-updown-5m-1783923900,2026-07-13 06:25:00+00:00,2026-07-13 06:18:59.352000+00:00,360.648,single,False,True,,2026-07-13T06:26:04.953Z,-0.29,,0.11,-0.11,2026-07-13,14,12-16
btc-updown-5m-1783924200,2026-07-13 06:30:00+00:00,2026-07-13 06:20:23.351000+00:00,576.649,none,False,False,,,0.0,,,0.0,2026-07-13,14,12-16
btc-updown-5m-1783924500,2026-07-13 06:35:00+00:00,2026-07-13 06:25:35.859000+00:00,564.141,single,False,True,,2026-07-13T06:38:18.623Z,-0.29,,0.29,-0.29,2026-07-13,14,12-16
btc-updown-5m-1783924800,2026-07-13 06:40:00+00:00,2026-07-13 06:35:15.059000+00:00,284.941,single,True,False,2026-07-13T06:42:31.920Z,,-0.29,0.26,,-0.26,2026-07-13,14,12-16
btc-updown-5m-1783925100,2026-07-13 06:45:00+00:00,2026-07-13 06:35:15.366000+00:00,584.634,paired,True,True,2026-07-13T06:46:29.000Z,2026-07-13T06:49:59.819Z,0.42,0.23,0.29,0.48000000000000004,2026-07-13,14,12-16
btc-updown-5m-1783925400,2026-07-13 06:50:00+00:00,2026-07-13 06:42:11.606000+00:00,468.394,single,True,False,2026-07-13T06:54:21.181Z,,-0.29,0.04,,-0.04,2026-07-13,14,12-16
btc-updown-5m-1783925700,2026-07-13 06:55:00+00:00,2026-07-13 06:45:18.126000+00:00,581.874,single,True,False,2026-07-13T06:59:04.634Z,,-0.29,0.29,,-0.29,2026-07-13,14,12-16
btc-updown-5m-1783926000,2026-07-13 07:00:00+00:00,2026-07-13 06:51:17.696000+00:00,522.304,single,False,True,,2026-07-13T07:04:25.078Z,-0.29,,0.29,-0.29,2026-07-13,14,12-16
btc-updown-5m-1783926300,2026-07-13 07:05:00+00:00,2026-07-13 06:56:24.902000+00:00,515.098,single,False,True,,2026-07-13T07:08:12.101Z,-0.29,,0.15,-0.15,2026-07-13,15,12-16
btc-updown-5m-1783926600,2026-07-13 07:10:00+00:00,2026-07-13 07:05:06.591000+00:00,293.409,none,False,False,,,0.0,,,0.0,2026-07-13,15,12-16
btc-updown-5m-1783926900,2026-07-13 07:15:00+00:00,2026-07-13 07:06:07.877000+00:00,532.123,single,False,True,,2026-07-13T07:17:08.226Z,-0.29,,0.12,-0.12,2026-07-13,15,12-16
btc-updown-5m-1783927200,2026-07-13 07:20:00+00:00,2026-07-13 07:14:45.385000+00:00,314.615,single,False,True,,2026-07-13T07:22:00.706Z,-0.29,,0.14,-0.14,2026-07-13,15,12-16
btc-updown-5m-1783927500,2026-07-13 07:25:00+00:00,2026-07-13 07:15:17.198000+00:00,582.802,single,False,True,,2026-07-13T07:28:36.225Z,-0.29,,0.04,-0.04,2026-07-13,15,12-16
btc-updown-5m-1783927800,2026-07-13 07:30:00+00:00,2026-07-13 07:20:21.344000+00:00,578.656,single,True,False,2026-07-13T07:31:22.421Z,,-0.29,0.19,,-0.19,2026-07-13,15,12-16
btc-updown-5m-1783928100,2026-07-13 07:35:00+00:00,2026-07-13 07:26:54.069000+00:00,485.931,single,True,False,2026-07-13T07:38:26.993Z,,-0.29,0.2,,-0.2,2026-07-13,15,12-16
btc-updown-5m-1783928400,2026-07-13 07:40:00+00:00,2026-07-13 07:31:02.715000+00:00,537.285,single,True,False,2026-07-13T07:41:57.051Z,,-0.29,0.18,,-0.18,2026-07-13,15,12-16
btc-updown-5m-1783928700,2026-07-13 07:45:00+00:00,2026-07-13 07:35:32.573000+00:00,567.427,none,False,False,,,0.0,,,0.0,2026-07-13,15,12-16
btc-updown-5m-1783929000,2026-07-13 07:50:00+00:00,2026-07-13 07:40:20.666000+00:00,579.334,single,False,True,,2026-07-13T07:54:07.216Z,-0.29,,0.13,-0.13,2026-07-13,15,12-16
btc-updown-5m-1783929300,2026-07-13 07:55:00+00:00,2026-07-13 07:49:25.642000+00:00,334.358,none,False,False,,,0.0,,,0.0,2026-07-13,15,12-16
btc-updown-5m-1783929600,2026-07-13 08:00:00+00:00,2026-07-13 07:50:18.921000+00:00,581.079,paired,True,True,2026-07-13T08:04:15.967Z,2026-07-13T08:04:44.295Z,0.42,0.2,0.01,0.79,2026-07-13,15,12-16
btc-updown-5m-1783929900,2026-07-13 08:05:00+00:00,2026-07-13 08:00:00.004000+00:00,299.996,none,False,False,,,0.0,,,0.0,2026-07-13,16,16-20
btc-updown-5m-1783930200,2026-07-13 08:10:00+00:00,2026-07-13 08:03:58.381000+00:00,361.619,single,False,True,,2026-07-13T08:12:44.882Z,-0.29,,0.21,-0.21,2026-07-13,16,16-20
btc-updown-5m-1783930500,2026-07-13 08:15:00+00:00,2026-07-13 08:07:19.353000+00:00,460.647,single,True,False,2026-07-13T08:19:48.076Z,,-0.29,0.02,,-0.02,2026-07-13,16,16-20
btc-updown-5m-1783930800,2026-07-13 08:20:00+00:00,2026-07-13 08:10:20.362000+00:00,579.638,single,True,False,2026-07-13T08:24:42.274Z,,-0.29,0.28,,-0.28,2026-07-13,16,16-20
btc-updown-5m-1783931100,2026-07-13 08:25:00+00:00,2026-07-13 08:18:15.362000+00:00,404.638,single,False,True,,2026-07-13T08:27:47.240Z,-0.29,,0.11,-0.11,2026-07-13,16,16-20
btc-updown-5m-1783931400,2026-07-13 08:30:00+00:00,2026-07-13 08:21:29.466000+00:00,510.534,none,False,False,,,0.0,,,0.0,2026-07-13,16,16-20
btc-updown-5m-1783931700,2026-07-13 08:35:00+00:00,2026-07-13 08:25:17.606000+00:00,582.394,none,False,False,,,0.0,,,0.0,2026-07-13,16,16-20
btc-updown-5m-1783932000,2026-07-13 08:40:00+00:00,2026-07-13 08:32:06.631000+00:00,473.369,single,True,False,2026-07-13T08:41:51.505Z,,-0.29,0.29,,-0.29,2026-07-13,16,16-20
btc-updown-5m-1783932300,2026-07-13 08:45:00+00:00,2026-07-13 08:35:29.293000+00:00,570.707,none,False,False,,,0.0,,,0.0,2026-07-13,16,16-20
btc-updown-5m-1783932600,2026-07-13 08:50:00+00:00,2026-07-13 08:40:22.241000+00:00,577.759,single,False,True,,2026-07-13T08:51:22.056Z,-0.29,,0.23,-0.23,2026-07-13,16,16-20
btc-updown-5m-1783932900,2026-07-13 08:55:00+00:00,2026-07-13 08:45:32.567000+00:00,567.433,single,True,False,2026-07-13T08:59:13.118Z,,-0.29,0.29,,-0.29,2026-07-13,16,16-20
btc-updown-5m-1783933200,2026-07-13 09:00:00+00:00,2026-07-13 08:50:41.243000+00:00,558.757,none,False,False,,,0.0,0.21,,-0.21,2026-07-13,16,16-20
btc-updown-5m-1783933500,2026-07-13 09:05:00+00:00,2026-07-13 08:55:31.943000+00:00,568.057,single,True,False,2026-07-13T09:08:33.359Z,,-0.29,0.29,,-0.29,2026-07-13,17,16-20
btc-updown-5m-1783933800,2026-07-13 09:10:00+00:00,2026-07-13 09:00:21.118000+00:00,578.882,none,False,False,,,0.0,,,0.0,2026-07-13,17,16-20
btc-updown-5m-1783934100,2026-07-13 09:15:00+00:00,2026-07-13 09:06:44.027000+00:00,495.973,single,True,False,2026-07-13T09:15:57.193Z,,-0.29,0.22,,-0.22,2026-07-13,17,16-20
btc-updown-5m-1783934400,2026-07-13 09:20:00+00:00,2026-07-13 09:12:26.155000+00:00,453.845,none,False,False,,,0.0,,,0.0,2026-07-13,17,16-20
btc-updown-5m-1783934700,2026-07-13 09:25:00+00:00,2026-07-13 09:15:22.940000+00:00,577.06,single,True,False,2026-07-13T09:29:25.511Z,,-0.29,0.29,,-0.29,2026-07-13,17,16-20
btc-updown-5m-1783935000,2026-07-13 09:30:00+00:00,2026-07-13 09:23:53.290000+00:00,366.71,single,True,False,2026-07-13T09:31:01.852Z,,-0.29,0.28,,-0.28,2026-07-13,17,16-20
btc-updown-5m-1783935300,2026-07-13 09:35:00+00:00,2026-07-13 09:26:45.286000+00:00,494.714,none,False,False,,,0.0,,,0.0,2026-07-13,17,16-20
btc-updown-5m-1783935600,2026-07-13 09:40:00+00:00,2026-07-13 09:32:22.708000+00:00,457.292,single,True,False,2026-07-13T09:44:22.364Z,,-0.29,0.29,,-0.29,2026-07-13,17,16-20
btc-updown-5m-1783935900,2026-07-13 09:45:00+00:00,2026-07-13 09:35:27.310000+00:00,572.69,single,False,True,,2026-07-13T09:49:26.902Z,-0.29,,0.21,-0.21,2026-07-13,17,16-20
btc-updown-5m-1783936200,2026-07-13 09:50:00+00:00,2026-07-13 09:40:14.330000+00:00,585.67,single,True,False,2026-07-13T09:53:38.243Z,,-0.29,0.14,,-0.14,2026-07-13,17,16-20
btc-updown-5m-1783936500,2026-07-13 09:55:00+00:00,2026-07-13 09:45:40.189000+00:00,559.811,single,True,False,2026-07-13T09:57:43.913Z,,-0.29,0.28,,-0.28,2026-07-13,17,16-20
btc-updown-5m-1783936800,2026-07-13 10:00:00+00:00,2026-07-13 09:50:34.083000+00:00,565.917,none,False,False,,,0.0,,,0.0,2026-07-13,17,16-20
btc-updown-5m-1783937100,2026-07-13 10:05:00+00:00,2026-07-13 09:55:30.460000+00:00,569.54,single,True,False,2026-07-13T10:06:34.989Z,,-0.29,0.27,,-0.27,2026-07-13,18,16-20
btc-updown-5m-1783937400,2026-07-13 10:10:00+00:00,2026-07-13 10:05:03.354000+00:00,296.646,single,False,True,,2026-07-13T10:14:54.670Z,-0.29,,0.08,-0.08,2026-07-13,18,16-20
btc-updown-5m-1783937700,2026-07-13 10:15:00+00:00,2026-07-13 10:06:20.828000+00:00,519.172,single,False,True,,2026-07-13T10:19:42.933Z,-0.29,,0.02,-0.02,2026-07-13,18,16-20
btc-updown-5m-1783938000,2026-07-13 10:20:00+00:00,2026-07-13 10:13:11.705000+00:00,408.295,single,True,False,2026-07-13T10:23:35.696Z,,-0.29,0.09,,-0.09,2026-07-13,18,16-20
btc-updown-5m-1783938300,2026-07-13 10:25:00+00:00,2026-07-13 10:16:29.205000+00:00,510.795,single,True,False,2026-07-13T10:28:38.684Z,,-0.29,0.24,,-0.24,2026-07-13,18,16-20
btc-updown-5m-1783938600,2026-07-13 10:30:00+00:00,2026-07-13 10:23:23.608000+00:00,396.392,single,False,True,,2026-07-13T10:34:16.232Z,-0.29,,0.29,-0.29,2026-07-13,18,16-20
btc-updown-5m-1783938900,2026-07-13 10:35:00+00:00,2026-07-13 10:28:23.115000+00:00,396.885,paired,True,True,2026-07-13T10:38:42.516Z,2026-07-13T10:37:32.670Z,0.42,0.28,0.28,0.43999999999999995,2026-07-13,18,16-20
btc-updown-5m-1783939200,2026-07-13 10:40:00+00:00,2026-07-13 10:31:08.366000+00:00,531.634,none,False,False,,,0.0,,,0.0,2026-07-13,18,16-20
btc-updown-5m-1783939500,2026-07-13 10:45:00+00:00,2026-07-13 10:36:51.899000+00:00,488.101,single,False,True,,2026-07-13T10:46:00.708Z,-0.29,,0.28,-0.28,2026-07-13,18,16-20
btc-updown-5m-1783939800,2026-07-13 10:50:00+00:00,2026-07-13 10:40:24.973000+00:00,575.027,none,False,False,,,0.0,,,0.0,2026-07-13,18,16-20
btc-updown-5m-1783940100,2026-07-13 10:55:00+00:00,2026-07-13 10:45:43.241000+00:00,556.759,single,True,False,2026-07-13T10:58:03.374Z,,-0.29,0.03,,-0.03,2026-07-13,18,16-20
btc-updown-5m-1783940400,2026-07-13 11:00:00+00:00,2026-07-13 10:52:37.121000+00:00,442.879,single,False,True,,2026-07-13T11:04:26.124Z,-0.29,,0.29,-0.29,2026-07-13,18,16-20
btc-updown-5m-1783940700,2026-07-13 11:05:00+00:00,2026-07-13 10:55:46.606000+00:00,553.394,single,False,True,,2026-07-13T11:05:24.580Z,-0.29,,0.28,-0.28,2026-07-13,19,16-20
btc-updown-5m-1783941000,2026-07-13 11:10:00+00:00,2026-07-13 11:05:10.930000+00:00,289.07,single,True,False,2026-07-13T11:12:33.847Z,,-0.29,0.29,,-0.29,2026-07-13,19,16-20
btc-updown-5m-1783941300,2026-07-13 11:15:00+00:00,2026-07-13 11:05:18.686000+00:00,581.314,single,True,False,2026-07-13T11:19:09.153Z,,-0.29,0.01,,-0.01,2026-07-13,19,16-20
btc-updown-5m-1783941600,2026-07-13 11:20:00+00:00,2026-07-13 11:12:18.823000+00:00,461.177,none,False,False,,,0.0,,,0.0,2026-07-13,19,16-20
btc-updown-5m-1783941900,2026-07-13 11:25:00+00:00,2026-07-13 11:15:26.386000+00:00,573.614,single,False,True,,2026-07-13T11:27:41.714Z,-0.29,,0.1,-0.1,2026-07-13,19,16-20
btc-updown-5m-1783942200,2026-07-13 11:30:00+00:00,2026-07-13 11:23:34.779000+00:00,385.221,none,False,False,,,0.0,,,0.0,2026-07-13,19,16-20
btc-updown-5m-1783942500,2026-07-13 11:35:00+00:00,2026-07-13 11:25:17.654000+00:00,582.346,paired,True,True,2026-07-13T11:39:55.796Z,2026-07-13T11:38:57.717Z,0.42,0.28,0.15,0.57,2026-07-13,19,16-20
btc-updown-5m-1783942800,2026-07-13 11:40:00+00:00,2026-07-13 11:35:20.322000+00:00,279.678,single,True,False,2026-07-13T11:43:26.107Z,,-0.29,0.07,,-0.07,2026-07-13,19,16-20
btc-updown-5m-1783943100,2026-07-13 11:45:00+00:00,2026-07-13 11:35:36.266000+00:00,563.734,none,False,False,,,0.0,,,0.0,2026-07-13,19,16-20
btc-updown-5m-1783943400,2026-07-13 11:50:00+00:00,2026-07-13 11:40:26.422000+00:00,573.578,single,True,False,2026-07-13T11:54:11.281Z,,-0.29,0.03,,-0.03,2026-07-13,19,16-20
btc-updown-5m-1783943700,2026-07-13 11:55:00+00:00,2026-07-13 11:50:14.408000+00:00,285.592,none,False,False,,,0.0,,,0.0,2026-07-13,19,16-20
btc-updown-5m-1783944000,2026-07-13 12:00:00+00:00,2026-07-13 11:50:14.604000+00:00,585.396,paired,True,True,2026-07-13T12:04:44.539Z,2026-07-13T12:02:32.251Z,0.42,0.04,0.06,0.8999999999999999,2026-07-13,19,16-20
btc-updown-5m-1783944300,2026-07-13 12:05:00+00:00,2026-07-13 12:00:15.354000+00:00,284.646,none,False,False,,,0.0,,,0.0,2026-07-13,20,20-24
btc-updown-5m-1783944600,2026-07-13 12:10:00+00:00,2026-07-13 12:00:35.375000+00:00,564.625,paired,True,True,2026-07-13T12:14:51.987Z,2026-07-13T12:14:18.615Z,0.42,0.21,0.2,0.5900000000000001,2026-07-13,20,20-24
btc-updown-5m-1783944900,2026-07-13 12:15:00+00:00,2026-07-13 12:05:42.125000+00:00,557.875,single,False,True,,2026-07-13T12:17:55.202Z,-0.29,,0.28,-0.28,2026-07-13,20,20-24
btc-updown-5m-1783945200,2026-07-13 12:20:00+00:00,2026-07-13 12:11:41.717000+00:00,498.283,single,True,False,2026-07-13T12:21:35.252Z,,-0.29,0.25,,-0.25,2026-07-13,20,20-24
btc-updown-5m-1783945500,2026-07-13 12:25:00+00:00,2026-07-13 12:15:43.551000+00:00,556.449,single,False,True,,2026-07-13T12:29:47.820Z,-0.29,,0.28,-0.28,2026-07-13,20,20-24
btc-updown-5m-1783945800,2026-07-13 12:30:00+00:00,2026-07-13 12:21:21.212000+00:00,518.788,single,True,False,2026-07-13T12:34:53.785Z,,-0.29,0.01,,-0.01,2026-07-13,20,20-24
btc-updown-5m-1783946100,2026-07-13 12:35:00+00:00,2026-07-13 12:30:29.890000+00:00,270.11,single,True,False,2026-07-13T12:38:18.819Z,,-0.29,0.02,,-0.02,2026-07-13,20,20-24
btc-updown-5m-1783946400,2026-07-13 12:40:00+00:00,2026-07-13 12:30:40.327000+00:00,559.673,single,False,True,,2026-07-13T12:43:20.415Z,-0.29,,0.26,-0.26,2026-07-13,20,20-24
btc-updown-5m-1783946700,2026-07-13 12:45:00+00:00,2026-07-13 12:38:09.678000+00:00,410.322,none,False,False,,,0.0,,,0.0,2026-07-13,20,20-24
btc-updown-5m-1783947000,2026-07-13 12:50:00+00:00,2026-07-13 12:40:43.330000+00:00,556.67,single,True,False,2026-07-13T12:54:23.369Z,,-0.29,0.05,,-0.05,2026-07-13,20,20-24
btc-updown-5m-1783947300,2026-07-13 12:55:00+00:00,2026-07-13 12:49:54.370000+00:00,305.63,none,False,False,,,0.0,,,0.0,2026-07-13,20,20-24
btc-updown-5m-1783947600,2026-07-13 13:00:00+00:00,2026-07-13 12:51:41.130000+00:00,498.87,paired,True,True,2026-07-13T13:03:54.804Z,2026-07-13T13:04:24.205Z,0.42,0.26,0.29,0.45,2026-07-13,20,20-24
btc-updown-5m-1783947900,2026-07-13 13:05:00+00:00,2026-07-13 12:57:09.483000+00:00,470.517,single,False,True,,2026-07-13T13:06:36.862Z,-0.29,,0.22,-0.22,2026-07-13,21,20-24
btc-updown-5m-1783948200,2026-07-13 13:10:00+00:00,2026-07-13 13:00:33.755000+00:00,566.245,none,False,False,,,0.0,,,0.0,2026-07-13,21,20-24
btc-updown-5m-1783948500,2026-07-13 13:15:00+00:00,2026-07-13 13:06:12.424000+00:00,527.576,none,False,False,,,0.0,,,0.0,2026-07-13,21,20-24
btc-updown-5m-1783948800,2026-07-13 13:20:00+00:00,2026-07-13 13:10:22.600000+00:00,577.4,none,False,False,,,0.0,,,0.0,2026-07-13,21,20-24
btc-updown-5m-1783949100,2026-07-13 13:25:00+00:00,2026-07-13 13:15:27.061000+00:00,572.939,single,False,True,,2026-07-13T13:29:11.223Z,-0.29,,0.11,-0.11,2026-07-13,21,20-24
btc-updown-5m-1783949400,2026-07-13 13:30:00+00:00,2026-07-13 13:25:26.778000+00:00,273.222,none,False,False,,,0.0,,,0.0,2026-07-13,21,20-24
btc-updown-5m-1783949700,2026-07-13 13:35:00+00:00,2026-07-13 13:25:27.091000+00:00,572.909,none,False,False,,,0.0,,,0.0,2026-07-13,21,20-24
btc-updown-5m-1783950000,2026-07-13 13:40:00+00:00,2026-07-13 13:35:04.789000+00:00,295.211,single,True,False,2026-07-13T13:44:06.160Z,,-0.29,0.01,,-0.01,2026-07-13,21,20-24
btc-updown-5m-1783950300,2026-07-13 13:45:00+00:00,2026-07-13 13:35:28.761000+00:00,571.239,none,False,False,,,0.0,,,0.0,2026-07-13,21,20-24
btc-updown-5m-1783950600,2026-07-13 13:50:00+00:00,2026-07-13 13:43:57.314000+00:00,362.686,single,True,False,2026-07-13T13:52:10.957Z,,-0.29,0.1,,-0.1,2026-07-13,21,20-24
btc-updown-5m-1783950900,2026-07-13 13:55:00+00:00,2026-07-13 13:50:12.370000+00:00,287.63,single,False,True,,2026-07-13T13:59:25.110Z,-0.29,,0.02,-0.02,2026-07-13,21,20-24
btc-updown-5m-1783951200,2026-07-13 14:00:00+00:00,2026-07-13 13:50:12.420000+00:00,587.58,none,False,False,,,0.0,,,0.0,2026-07-13,21,20-24
btc-updown-5m-1783951500,2026-07-13 14:05:00+00:00,2026-07-13 13:58:50.194000+00:00,369.806,none,False,False,,,0.0,,,0.0,2026-07-13,22,20-24
btc-updown-5m-1783951800,2026-07-13 14:10:00+00:00,2026-07-13 14:05:00.837000+00:00,299.163,single,False,True,,2026-07-13T14:12:27.975Z,-0.29,,0.25,-0.25,2026-07-13,22,20-24
btc-updown-5m-1783952100,2026-07-13 14:15:00+00:00,2026-07-13 14:07:51.139000+00:00,428.861,single,True,False,2026-07-13T14:18:09.932Z,,-0.29,0.27,,-0.27,2026-07-13,22,20-24
btc-updown-5m-1783952400,2026-07-13 14:20:00+00:00,2026-07-13 14:10:16.592000+00:00,583.408,single,True,False,2026-07-13T14:24:28.482Z,,-0.29,0.27,,-0.27,2026-07-13,22,20-24
btc-updown-5m-1783952700,2026-07-13 14:25:00+00:00,2026-07-13 14:18:05.241000+00:00,414.759,single,False,True,,2026-07-13T14:28:35.010Z,-0.29,,0.29,-0.29,2026-07-13,22,20-24
btc-updown-5m-1783953000,2026-07-13 14:30:00+00:00,2026-07-13 14:20:36.454000+00:00,563.546,single,False,True,,2026-07-13T14:33:30.008Z,-0.29,,0.09,-0.09,2026-07-13,22,20-24
btc-updown-5m-1783953300,2026-07-13 14:35:00+00:00,2026-07-13 14:26:02.569000+00:00,537.431,single,True,False,2026-07-13T14:37:44.007Z,,-0.29,0.05,,-0.05,2026-07-13,22,20-24
btc-updown-5m-1783953600,2026-07-13 14:40:00+00:00,2026-07-13 14:30:32.837000+00:00,567.163,single,True,False,2026-07-13T14:43:52.216Z,,-0.29,0.07,,-0.07,2026-07-13,22,20-24
btc-updown-5m-1783953900,2026-07-13 14:45:00+00:00,2026-07-13 14:35:16.314000+00:00,583.686,none,False,False,,,0.0,,,0.0,2026-07-13,22,20-24
btc-updown-5m-1783954200,2026-07-13 14:50:00+00:00,2026-07-13 14:40:14.116000+00:00,585.884,single,True,False,2026-07-13T14:53:42.411Z,,-0.29,0.29,,-0.29,2026-07-13,22,20-24
btc-updown-5m-1783954500,2026-07-13 14:55:00+00:00,2026-07-13 14:50:01.890000+00:00,298.11,single,False,True,,2026-07-13T14:56:31.692Z,-0.29,,0.28,-0.28,2026-07-13,22,20-24
btc-updown-5m-1783954800,2026-07-13 15:00:00+00:00,2026-07-13 14:50:36.953000+00:00,563.047,none,False,False,,,0.0,,,0.0,2026-07-13,22,20-24
btc-updown-5m-1783955100,2026-07-13 15:05:00+00:00,2026-07-13 14:55:48.753000+00:00,551.247,single,False,True,,2026-07-13T15:06:56.720Z,-0.29,,0.23,-0.23,2026-07-13,23,20-24
btc-updown-5m-1783955400,2026-07-13 15:10:00+00:00,2026-07-13 15:05:16.224000+00:00,283.776,none,False,False,,,0.0,,,0.0,2026-07-13,23,20-24
btc-updown-5m-1783955700,2026-07-13 15:15:00+00:00,2026-07-13 15:05:16.294000+00:00,583.706,single,False,True,,2026-07-13T15:18:23.421Z,-0.29,,0.01,-0.01,2026-07-13,23,20-24
btc-updown-5m-1783956000,2026-07-13 15:20:00+00:00,2026-07-13 15:12:06.575000+00:00,473.425,none,False,False,,,0.0,,,0.0,2026-07-13,23,20-24
btc-updown-5m-1783956300,2026-07-13 15:25:00+00:00,2026-07-13 15:15:29.277000+00:00,570.723,single,True,False,2026-07-13T15:25:37.221Z,,-0.29,0.25,,-0.25,2026-07-13,23,20-24
btc-updown-5m-1783956600,2026-07-13 15:30:00+00:00,2026-07-13 15:25:07.524000+00:00,292.476,none,False,False,,,0.0,,,0.0,2026-07-13,23,20-24
btc-updown-5m-1783956900,2026-07-13 15:35:00+00:00,2026-07-13 15:25:20.531000+00:00,579.469,single,True,False,2026-07-13T15:38:43.674Z,,-0.29,0.26,,-0.26,2026-07-13,23,20-24
btc-updown-5m-1783957200,2026-07-13 15:40:00+00:00,2026-07-13 15:35:06.662000+00:00,293.338,none,False,False,,,0.0,,,0.0,2026-07-13,23,20-24
btc-updown-5m-1783957500,2026-07-13 15:45:00+00:00,2026-07-13 15:35:39.205000+00:00,560.795,none,False,False,,,0.0,,,0.0,2026-07-13,23,20-24
btc-updown-5m-1783957800,2026-07-13 15:50:00+00:00,2026-07-13 15:45:23.241000+00:00,276.759,single,True,False,2026-07-13T15:51:38.753Z,,-0.29,0.28,,-0.28,2026-07-13,23,20-24
btc-updown-5m-1783958100,2026-07-13 15:55:00+00:00,2026-07-13 15:45:23.300000+00:00,576.7,none,False,False,,,0.0,,,0.0,2026-07-13,23,20-24
btc-updown-5m-1783958400,2026-07-13 16:00:00+00:00,2026-07-13 15:50:33.525000+00:00,566.475,single,True,False,2026-07-13T16:01:12.767Z,,-0.29,0.25,,-0.25,2026-07-13,23,20-24
btc-updown-5m-1783958700,2026-07-13 16:05:00+00:00,2026-07-13 16:00:37.750000+00:00,262.25,single,True,False,2026-07-13T16:07:59.992Z,,-0.29,0.08,,-0.08,2026-07-14,0,00-04
btc-updown-5m-1783959000,2026-07-13 16:10:00+00:00,2026-07-13 16:00:48.100000+00:00,551.9,single,True,False,2026-07-13T16:13:45.971Z,,-0.29,0.19,,-0.19,2026-07-14,0,00-04
btc-updown-5m-1783959300,2026-07-13 16:15:00+00:00,2026-07-13 16:07:59.841000+00:00,420.159,none,False,False,,,0.0,,,0.0,2026-07-14,0,00-04
btc-updown-5m-1783959600,2026-07-13 16:20:00+00:00,2026-07-13 16:10:51.969000+00:00,548.031,single,True,False,2026-07-13T16:20:38.284Z,,-0.29,0.21,,-0.21,2026-07-14,0,00-04
btc-updown-5m-1783959900,2026-07-13 16:25:00+00:00,2026-07-13 16:15:57.457000+00:00,542.543,none,False,False,,,0.0,,,0.0,2026-07-14,0,00-04
btc-updown-5m-1783960200,2026-07-13 16:30:00+00:00,2026-07-13 16:20:31.942000+00:00,568.058,single,True,False,2026-07-13T16:32:16.364Z,,-0.29,0.13,,-0.13,2026-07-14,0,00-04
btc-updown-5m-1783960500,2026-07-13 16:35:00+00:00,2026-07-13 16:27:52.988000+00:00,427.012,single,True,False,2026-07-13T16:37:34.541Z,,-0.29,0.1,,-0.1,2026-07-14,0,00-04
btc-updown-5m-1783960800,2026-07-13 16:40:00+00:00,2026-07-13 16:30:57.908000+00:00,542.092,single,False,True,,2026-07-13T16:41:32.148Z,-0.29,,0.24,-0.24,2026-07-14,0,00-04
btc-updown-5m-1783961100,2026-07-13 16:45:00+00:00,2026-07-13 16:37:30.370000+00:00,449.63,none,False,False,,,0.0,,,0.0,2026-07-14,0,00-04
btc-updown-5m-1783961400,2026-07-13 16:50:00+00:00,2026-07-13 16:41:26.634000+00:00,513.366,single,True,False,2026-07-13T16:50:58.492Z,,-0.29,0.13,,-0.13,2026-07-14,0,00-04
btc-updown-5m-1783961700,2026-07-13 16:55:00+00:00,2026-07-13 16:50:02.590000+00:00,297.41,none,False,False,,,0.0,,,0.0,2026-07-14,0,00-04
btc-updown-5m-1783962000,2026-07-13 17:00:00+00:00,2026-07-13 16:50:41.790000+00:00,558.21,single,False,True,,2026-07-13T17:01:57.445Z,-0.29,,0.25,-0.25,2026-07-14,0,00-04
btc-updown-5m-1783962300,2026-07-13 17:05:00+00:00,2026-07-13 17:00:45.594000+00:00,254.406,single,False,True,,2026-07-13T17:07:07.433Z,-0.29,,0.28,-0.28,2026-07-14,1,00-04
btc-updown-5m-1783962600,2026-07-13 17:10:00+00:00,2026-07-13 17:01:12.232000+00:00,527.768,single,False,True,,2026-07-13T17:10:31.047Z,-0.29,,0.21,-0.21,2026-07-14,1,00-04
btc-updown-5m-1783962900,2026-07-13 17:15:00+00:00,2026-07-13 17:05:35.914000+00:00,564.086,single,True,False,2026-07-13T17:17:10.717Z,,-0.29,0.2,,-0.2,2026-07-14,1,00-04
btc-updown-5m-1783963200,2026-07-13 17:20:00+00:00,2026-07-13 17:10:22.133000+00:00,577.867,none,False,False,,,0.0,,,0.0,2026-07-14,1,00-04
btc-updown-5m-1783963500,2026-07-13 17:25:00+00:00,2026-07-13 17:16:12.605000+00:00,527.395,single,True,False,2026-07-13T17:29:50.839Z,,-0.29,0.28,,-0.28,2026-07-14,1,00-04
btc-updown-5m-1783963800,2026-07-13 17:30:00+00:00,2026-07-13 17:25:37.392000+00:00,262.608,single,False,True,,2026-07-13T17:34:12.569Z,-0.29,,0.26,-0.26,2026-07-14,1,00-04
btc-updown-5m-1783964100,2026-07-13 17:35:00+00:00,2026-07-13 17:25:37.646000+00:00,562.354,single,True,False,2026-07-13T17:37:06.849Z,,-0.29,0.16,,-0.16,2026-07-14,1,00-04
btc-updown-5m-1783964400,2026-07-13 17:40:00+00:00,2026-07-13 17:30:44.451000+00:00,555.549,none,False,False,,,0.0,,,0.0,2026-07-14,1,00-04
btc-updown-5m-1783964700,2026-07-13 17:45:00+00:00,2026-07-13 17:35:26.076000+00:00,573.924,single,True,False,2026-07-13T17:49:33.717Z,,-0.29,0.03,,-0.03,2026-07-14,1,00-04
btc-updown-5m-1783965000,2026-07-13 17:50:00+00:00,2026-07-13 17:42:46.103000+00:00,433.897,none,False,False,,,0.0,,,0.0,2026-07-14,1,00-04
btc-updown-5m-1783965300,2026-07-13 17:55:00+00:00,2026-07-13 17:46:07.458000+00:00,532.542,single,True,False,2026-07-13T17:58:22.262Z,,-0.29,0.14,,-0.14,2026-07-14,1,00-04
btc-updown-5m-1783965600,2026-07-13 18:00:00+00:00,2026-07-13 17:55:06.254000+00:00,293.746,none,False,False,,,0.0,,,0.0,2026-07-14,1,00-04
btc-updown-5m-1783965900,2026-07-13 18:05:00+00:00,2026-07-13 17:57:02.081000+00:00,477.919,single,False,True,,2026-07-13T18:05:30.144Z,-0.29,,0.27,-0.27,2026-07-14,2,00-04
btc-updown-5m-1783966200,2026-07-13 18:10:00+00:00,2026-07-13 18:04:05.252000+00:00,354.748,none,False,False,,,0.0,,,0.0,2026-07-14,2,00-04
btc-updown-5m-1783966500,2026-07-13 18:15:00+00:00,2026-07-13 18:05:15.783000+00:00,584.217,none,False,False,,,0.0,,,0.0,2026-07-14,2,00-04
btc-updown-5m-1783966800,2026-07-13 18:20:00+00:00,2026-07-13 18:10:41.934000+00:00,558.066,single,False,True,,2026-07-13T18:22:49.208Z,-0.29,,0.24,-0.24,2026-07-14,2,00-04
btc-updown-5m-1783967100,2026-07-13 18:25:00+00:00,2026-07-13 18:15:51.921000+00:00,548.079,single,True,False,2026-07-13T18:28:12.079Z,,-0.29,0.22,,-0.22,2026-07-14,2,00-04
btc-updown-5m-1783967400,2026-07-13 18:30:00+00:00,2026-07-13 18:20:43.407000+00:00,556.593,single,True,False,2026-07-13T18:34:30.542Z,,-0.29,0.21,,-0.21,2026-07-14,2,00-04
btc-updown-5m-1783967700,2026-07-13 18:35:00+00:00,2026-07-13 18:26:29.722000+00:00,510.278,single,False,True,,2026-07-13T18:35:52.974Z,-0.29,,0.22,-0.22,2026-07-14,2,00-04
btc-updown-5m-1783968000,2026-07-13 18:40:00+00:00,2026-07-13 18:30:51.446000+00:00,548.554,paired,True,True,2026-07-13T18:42:22.859Z,2026-07-13T18:43:58.227Z,0.42,0.29,0.29,0.42,2026-07-14,2,00-04
btc-updown-5m-1783968300,2026-07-13 18:45:00+00:00,2026-07-13 18:35:31.944000+00:00,568.056,none,False,False,,,0.0,,,0.0,2026-07-14,2,00-04
btc-updown-5m-1783968600,2026-07-13 18:50:00+00:00,2026-07-13 18:42:22.829000+00:00,457.171,single,False,True,,2026-07-13T18:53:25.646Z,-0.29,,0.1,-0.1,2026-07-14,2,00-04
btc-updown-5m-1783968900,2026-07-13 18:55:00+00:00,2026-07-13 18:48:07.968000+00:00,412.032,single,True,False,2026-07-13T18:59:25.049Z,,-0.29,0.03,,-0.03,2026-07-14,2,00-04
btc-updown-5m-1783969200,2026-07-13 19:00:00+00:00,2026-07-13 18:51:34.406000+00:00,505.594,single,True,False,2026-07-13T19:04:52.960Z,,-0.29,0.05,,-0.05,2026-07-14,2,00-04
btc-updown-5m-1783969500,2026-07-13 19:05:00+00:00,2026-07-13 18:55:50.248000+00:00,549.752,single,False,True,,2026-07-13T19:08:46.303Z,-0.29,,0.15,-0.15,2026-07-14,3,00-04
btc-updown-5m-1783969800,2026-07-13 19:10:00+00:00,2026-07-13 19:00:44.161000+00:00,555.839,single,False,True,,2026-07-13T19:12:05.798Z,-0.29,,0.19,-0.19,2026-07-14,3,00-04
btc-updown-5m-1783970100,2026-07-13 19:15:00+00:00,2026-07-13 19:05:29.106000+00:00,570.894,paired,True,True,2026-07-13T19:19:24.073Z,2026-07-13T19:17:50.873Z,0.42,0.25,0.16,0.59,2026-07-14,3,00-04
btc-updown-5m-1783970400,2026-07-13 19:20:00+00:00,2026-07-13 19:12:01.025000+00:00,478.975,single,True,False,2026-07-13T19:23:26.848Z,,-0.29,0.23,,-0.23,2026-07-14,3,00-04
btc-updown-5m-1783970700,2026-07-13 19:25:00+00:00,2026-07-13 19:17:34.503000+00:00,445.497,single,True,False,2026-07-13T19:27:53.937Z,,-0.29,0.2,,-0.2,2026-07-14,3,00-04
btc-updown-5m-1783971000,2026-07-13 19:30:00+00:00,2026-07-13 19:20:39.299000+00:00,560.701,none,False,False,,,0.0,,,0.0,2026-07-14,3,00-04
btc-updown-5m-1783971300,2026-07-13 19:35:00+00:00,2026-07-13 19:25:10.268000+00:00,589.732,none,False,False,,,0.0,,,0.0,2026-07-14,3,00-04
btc-updown-5m-1783971600,2026-07-13 19:40:00+00:00,2026-07-13 19:35:09.032000+00:00,290.968,single,False,True,,2026-07-13T19:42:25.146Z,-0.29,,0.19,-0.19,2026-07-14,3,00-04
btc-updown-5m-1783971900,2026-07-13 19:45:00+00:00,2026-07-13 19:37:10.392000+00:00,469.608,none,False,False,,,0.0,,,0.0,2026-07-14,3,00-04
btc-updown-5m-1783972200,2026-07-13 19:50:00+00:00,2026-07-13 19:40:15.918000+00:00,584.082,single,False,True,,2026-07-13T19:52:20.511Z,-0.29,,0.05,-0.05,2026-07-14,3,00-04
btc-updown-5m-1783972500,2026-07-13 19:55:00+00:00,2026-07-13 19:50:19.001000+00:00,280.999,none,False,False,,,0.0,,,0.0,2026-07-14,3,00-04
btc-updown-5m-1783972800,2026-07-13 20:00:00+00:00,2026-07-13 19:50:19.091000+00:00,580.909,single,True,False,2026-07-13T20:01:19.772Z,,-0.29,0.22,,-0.22,2026-07-14,3,00-04
btc-updown-5m-1783973100,2026-07-13 20:05:00+00:00,2026-07-13 19:59:38.217000+00:00,321.783,single,True,False,2026-07-13T20:06:27.520Z,,-0.29,0.22,,-0.22,2026-07-14,4,04-08
btc-updown-5m-1783973400,2026-07-13 20:10:00+00:00,2026-07-13 20:00:41.071000+00:00,558.929,single,True,False,2026-07-13T20:14:51.047Z,,-0.29,0.09,,-0.09,2026-07-14,4,04-08
btc-updown-5m-1783973700,2026-07-13 20:15:00+00:00,2026-07-13 20:06:27.307000+00:00,512.693,single,True,False,2026-07-13T20:16:32.696Z,,-0.29,0.17,,-0.17,2026-07-14,4,04-08
btc-updown-5m-1783974000,2026-07-13 20:20:00+00:00,2026-07-13 20:14:47.062000+00:00,312.938,single,False,True,,2026-07-13T20:23:21.461Z,-0.29,,0.03,-0.03,2026-07-14,4,04-08
btc-updown-5m-1783974300,2026-07-13 20:25:00+00:00,2026-07-13 20:17:06.500000+00:00,473.5,single,False,True,,2026-07-13T20:29:49.692Z,-0.29,,0.03,-0.03,2026-07-14,4,04-08
btc-updown-5m-1783974600,2026-07-13 20:30:00+00:00,2026-07-13 20:21:48.436000+00:00,491.564,single,False,True,,2026-07-13T20:33:51.761Z,-0.29,,0.28,-0.28,2026-07-14,4,04-08
btc-updown-5m-1783974900,2026-07-13 20:35:00+00:00,2026-07-13 20:27:28.644000+00:00,451.356,single,False,True,,2026-07-13T20:38:27.436Z,-0.29,,0.28,-0.28,2026-07-14,4,04-08
btc-updown-5m-1783975200,2026-07-13 20:40:00+00:00,2026-07-13 20:30:36.238000+00:00,563.762,paired,True,True,2026-07-13T20:44:50.595Z,2026-07-13T20:42:32.753Z,0.42,0.01,0.27,0.72,2026-07-14,4,04-08
btc-updown-5m-1783975500,2026-07-13 20:45:00+00:00,2026-07-13 20:35:10.934000+00:00,589.066,single,True,False,2026-07-13T20:46:59.986Z,,-0.29,0.28,,-0.28,2026-07-14,4,04-08
btc-updown-5m-1783975800,2026-07-13 20:50:00+00:00,2026-07-13 20:40:27.989000+00:00,572.011,single,False,True,,2026-07-13T20:53:17.204Z,-0.29,,0.15,-0.15,2026-07-14,4,04-08
btc-updown-5m-1783976100,2026-07-13 20:55:00+00:00,2026-07-13 20:48:05.847000+00:00,414.153,single,False,True,,2026-07-13T20:59:43.270Z,-0.29,,0.01,-0.01,2026-07-14,4,04-08
btc-updown-5m-1783976400,2026-07-13 21:00:00+00:00,2026-07-13 20:52:50.450000+00:00,429.55,single,True,False,2026-07-13T21:03:30.585Z,,-0.29,0.05,,-0.05,2026-07-14,4,04-08
btc-updown-5m-1783976700,2026-07-13 21:05:00+00:00,2026-07-13 20:55:26.265000+00:00,573.735,single,True,False,2026-07-13T21:09:53.979Z,,-0.29,0.01,,-0.01,2026-07-14,5,04-08
btc-updown-5m-1783977000,2026-07-13 21:10:00+00:00,2026-07-13 21:01:36.349000+00:00,503.651,single,True,False,2026-07-13T21:14:38.666Z,,-0.29,0.05,,-0.05,2026-07-14,5,04-08
btc-updown-5m-1783977300,2026-07-13 21:15:00+00:00,2026-07-13 21:05:30.654000+00:00,569.346,none,False,False,,,0.0,,,0.0,2026-07-14,5,04-08
btc-updown-5m-1783977600,2026-07-13 21:20:00+00:00,2026-07-13 21:11:00.633000+00:00,539.367,single,False,True,,2026-07-13T21:20:43.078Z,-0.29,,0.22,-0.22,2026-07-14,5,04-08
btc-updown-5m-1783977900,2026-07-13 21:25:00+00:00,2026-07-13 21:16:19.330000+00:00,520.67,single,True,False,2026-07-13T21:27:34.438Z,,-0.29,0.29,,-0.29,2026-07-14,5,04-08
btc-updown-5m-1783978200,2026-07-13 21:30:00+00:00,2026-07-13 21:20:37.228000+00:00,562.772,single,False,True,,2026-07-13T21:33:48.498Z,-0.29,,0.07,-0.07,2026-07-14,5,04-08
btc-updown-5m-1783978500,2026-07-13 21:35:00+00:00,2026-07-13 21:25:27.127000+00:00,572.873,single,True,False,2026-07-13T21:36:33.115Z,,-0.29,0.28,,-0.28,2026-07-14,5,04-08
btc-updown-5m-1783978800,2026-07-13 21:40:00+00:00,2026-07-13 21:33:43.133000+00:00,376.867,paired,True,True,2026-07-13T21:42:41.468Z,2026-07-13T21:44:54.718Z,0.42,0.22,0.29,0.49000000000000005,2026-07-14,5,04-08
btc-updown-5m-1783979100,2026-07-13 21:45:00+00:00,2026-07-13 21:36:02.331000+00:00,537.669,none,False,False,,,0.0,,,0.0,2026-07-14,5,04-08
btc-updown-5m-1783979400,2026-07-13 21:50:00+00:00,2026-07-13 21:42:00.117000+00:00,479.883,single,False,True,,2026-07-13T21:52:31.521Z,-0.29,,0.21,-0.21,2026-07-14,5,04-08
btc-updown-5m-1783979700,2026-07-13 21:55:00+00:00,2026-07-13 21:45:43.602000+00:00,556.398,none,False,False,,,0.0,,,0.0,2026-07-14,5,04-08
btc-updown-5m-1783980000,2026-07-13 22:00:00+00:00,2026-07-13 21:50:18.393000+00:00,581.607,single,False,True,,2026-07-13T22:03:34.921Z,-0.29,,0.01,-0.01,2026-07-14,5,04-08
btc-updown-5m-1783980300,2026-07-13 22:05:00+00:00,2026-07-13 21:56:11.431000+00:00,528.569,single,False,True,,2026-07-13T22:08:17.314Z,-0.29,,0.29,-0.29,2026-07-14,6,04-08
btc-updown-5m-1783980600,2026-07-13 22:10:00+00:00,2026-07-13 22:00:52.626000+00:00,547.374,none,False,False,,,0.0,,,0.0,2026-07-14,6,04-08
btc-updown-5m-1783980900,2026-07-13 22:15:00+00:00,2026-07-13 22:05:15.274000+00:00,584.726,single,False,True,,2026-07-13T22:18:12.443Z,-0.29,,0.29,-0.29,2026-07-14,6,04-08
btc-updown-5m-1783981200,2026-07-13 22:20:00+00:00,2026-07-13 22:10:27.556000+00:00,572.444,none,False,False,,,0.0,,,0.0,2026-07-14,6,04-08
btc-updown-5m-1783981500,2026-07-13 22:25:00+00:00,2026-07-13 22:16:33.122000+00:00,506.878,single,False,True,,2026-07-13T22:28:10.610Z,-0.29,,0.12,-0.12,2026-07-14,6,04-08
btc-updown-5m-1783981800,2026-07-13 22:30:00+00:00,2026-07-13 22:24:58.570000+00:00,301.43,paired,True,True,2026-07-13T22:33:35.882Z,2026-07-13T22:31:26.778Z,0.42,0.04,0.29,0.6699999999999999,2026-07-14,6,04-08
btc-updown-5m-1783982100,2026-07-13 22:35:00+00:00,2026-07-13 22:25:39.091000+00:00,560.909,none,False,False,,,0.0,,,0.0,2026-07-14,6,04-08
btc-updown-5m-1783982400,2026-07-13 22:40:00+00:00,2026-07-13 22:30:53.518000+00:00,546.482,paired,True,True,2026-07-13T22:42:55.167Z,2026-07-13T22:44:31.628Z,0.42,0.23,0.29,0.48000000000000004,2026-07-14,6,04-08
btc-updown-5m-1783982700,2026-07-13 22:45:00+00:00,2026-07-13 22:40:06.085000+00:00,293.915,single,True,False,2026-07-13T22:49:14.345Z,,-0.29,0.16,,-0.16,2026-07-14,6,04-08
btc-updown-5m-1783983000,2026-07-13 22:50:00+00:00,2026-07-13 22:40:42.588000+00:00,557.412,single,True,False,2026-07-13T22:53:41.678Z,,-0.29,0.07,,-0.07,2026-07-14,6,04-08
btc-updown-5m-1783983300,2026-07-13 22:55:00+00:00,2026-07-13 22:47:00.880000+00:00,479.12,single,True,False,2026-07-13T22:57:22.796Z,,-0.29,0.21,,-0.21,2026-07-14,6,04-08
btc-updown-5m-1783983600,2026-07-13 23:00:00+00:00,2026-07-13 22:50:25.460000+00:00,574.54,single,False,True,,2026-07-13T23:03:42.978Z,-0.29,,0.06,-0.06,2026-07-14,6,04-08
btc-updown-5m-1783983900,2026-07-13 23:05:00+00:00,2026-07-13 22:56:20.010000+00:00,519.99,single,False,True,,2026-07-13T23:06:22.573Z,-0.29,,0.12,-0.12,2026-07-14,7,04-08
btc-updown-5m-1783984200,2026-07-13 23:10:00+00:00,2026-07-13 23:01:25.900000+00:00,514.1,single,False,True,,2026-07-13T23:12:20.130Z,-0.29,,0.21,-0.21,2026-07-14,7,04-08
btc-updown-5m-1783984500,2026-07-13 23:15:00+00:00,2026-07-13 23:06:17.745000+00:00,522.255,single,False,True,,2026-07-13T23:18:04.148Z,-0.29,,0.09,-0.09,2026-07-14,7,04-08
btc-updown-5m-1783984800,2026-07-13 23:20:00+00:00,2026-07-13 23:11:53.599000+00:00,486.401,none,False,False,,,0.0,,,0.0,2026-07-14,7,04-08
btc-updown-5m-1783985100,2026-07-13 23:25:00+00:00,2026-07-13 23:18:04.079000+00:00,415.921,paired,True,True,2026-07-13T23:29:33.005Z,2026-07-13T23:26:56.433Z,0.42,0.12,0.24,0.64,2026-07-14,7,04-08
btc-updown-5m-1783985400,2026-07-13 23:30:00+00:00,2026-07-13 23:23:34.518000+00:00,385.482,none,False,False,,,0.0,,,0.0,2026-07-14,7,04-08
btc-updown-5m-1783985700,2026-07-13 23:35:00+00:00,2026-07-13 23:25:14.808000+00:00,585.192,single,True,False,2026-07-13T23:39:22.324Z,,-0.29,0.2,,-0.2,2026-07-14,7,04-08
btc-updown-5m-1783986000,2026-07-13 23:40:00+00:00,2026-07-13 23:35:04.282000+00:00,295.718,none,False,False,,,0.0,,,0.0,2026-07-14,7,04-08
btc-updown-5m-1783986300,2026-07-13 23:45:00+00:00,2026-07-13 23:35:56.924000+00:00,543.076,single,False,True,,2026-07-13T23:46:29.916Z,-0.29,,0.11,-0.11,2026-07-14,7,04-08
btc-updown-5m-1783986600,2026-07-13 23:50:00+00:00,2026-07-13 23:40:18.155000+00:00,581.845,single,False,True,,2026-07-13T23:53:58.712Z,-0.29,,0.07,-0.07,2026-07-14,7,04-08
btc-updown-5m-1783986900,2026-07-13 23:55:00+00:00,2026-07-13 23:46:01.659000+00:00,538.341,none,False,False,,,0.0,,,0.0,2026-07-14,7,04-08
btc-updown-5m-1783987200,2026-07-14 00:00:00+00:00,2026-07-13 23:53:53.825000+00:00,366.175,none,False,False,,,0.0,,,0.0,2026-07-14,7,04-08
btc-updown-5m-1783987500,2026-07-14 00:05:00+00:00,2026-07-13 23:57:44.535000+00:00,435.465,none,False,False,,,0.0,,,0.0,2026-07-14,8,08-12
btc-updown-5m-1783987800,2026-07-14 00:10:00+00:00,2026-07-14 00:01:16.394000+00:00,523.606,single,False,True,,2026-07-14T00:10:46.450Z,-0.29,,0.07,-0.07,2026-07-14,8,08-12
btc-updown-5m-1783988100,2026-07-14 00:15:00+00:00,2026-07-14 00:05:59.311000+00:00,540.689,none,False,False,,,0.0,,,0.0,2026-07-14,8,08-12
btc-updown-5m-1783988400,2026-07-14 00:20:00+00:00,2026-07-14 00:12:06.714000+00:00,473.286,none,False,False,,,0.0,,,0.0,2026-07-14,8,08-12
btc-updown-5m-1783988700,2026-07-14 00:25:00+00:00,2026-07-14 00:20:16.626000+00:00,283.374,single,True,False,2026-07-14T00:28:25.496Z,,-0.29,0.01,,-0.01,2026-07-14,8,08-12
btc-updown-5m-1783989000,2026-07-14 00:30:00+00:00,2026-07-14 00:20:16.674000+00:00,583.326,single,False,True,,2026-07-14T00:31:14.311Z,-0.29,,0.25,-0.25,2026-07-14,8,08-12
btc-updown-5m-1783989300,2026-07-14 00:35:00+00:00,2026-07-14 00:28:25.252000+00:00,394.748,single,True,False,2026-07-14T00:38:42.577Z,,-0.29,0.12,,-0.12,2026-07-14,8,08-12
btc-updown-5m-1783989600,2026-07-14 00:40:00+00:00,2026-07-14 00:31:53.396000+00:00,486.604,single,True,False,2026-07-14T00:43:53.302Z,,-0.29,0.07,,-0.07,2026-07-14,8,08-12
btc-updown-5m-1783989900,2026-07-14 00:45:00+00:00,2026-07-14 00:37:08.710000+00:00,471.29,single,False,True,,2026-07-14T00:46:05.552Z,-0.29,,0.15,-0.15,2026-07-14,8,08-12
btc-updown-5m-1783990200,2026-07-14 00:50:00+00:00,2026-07-14 00:43:47.980000+00:00,372.02,single,False,True,,2026-07-14T00:52:43.231Z,-0.29,,0.29,-0.29,2026-07-14,8,08-12
btc-updown-5m-1783990500,2026-07-14 00:55:00+00:00,2026-07-14 00:46:50.798000+00:00,489.202,none,False,False,,,0.0,,,0.0,2026-07-14,8,08-12
btc-updown-5m-1783990800,2026-07-14 01:00:00+00:00,2026-07-14 00:51:31.616000+00:00,508.384,single,True,False,2026-07-14T01:04:17.194Z,,-0.29,0.02,,-0.02,2026-07-14,8,08-12
btc-updown-5m-1783991100,2026-07-14 01:05:00+00:00,2026-07-14 01:02:25.298000+00:00,154.702,none,False,False,,,0.0,,,0.0,2026-07-14,9,08-12
btc-updown-5m-1783991400,2026-07-14 01:10:00+00:00,2026-07-14 01:03:33.114000+00:00,386.886,single,True,False,2026-07-14T01:11:07.783Z,,-0.29,0.23,,-0.23,2026-07-14,9,08-12
btc-updown-5m-1783991700,2026-07-14 01:15:00+00:00,2026-07-14 01:07:20.656000+00:00,459.344,none,False,False,,,0.0,,,0.0,2026-07-14,9,08-12
btc-updown-5m-1783992000,2026-07-14 01:20:00+00:00,2026-07-14 01:10:57.846000+00:00,542.154,paired,True,True,2026-07-14T01:21:26.149Z,2026-07-14T01:23:37.851Z,0.42,0.25,0.24,0.51,2026-07-14,9,08-12
btc-updown-5m-1783992300,2026-07-14 01:25:00+00:00,2026-07-14 01:16:24.870000+00:00,515.13,none,False,False,,,0.0,,,0.0,2026-07-14,9,08-12
btc-updown-5m-1783992600,2026-07-14 01:30:00+00:00,2026-07-14 01:20:26.470000+00:00,573.53,single,False,True,,2026-07-14T01:33:52.400Z,-0.29,,0.27,-0.27,2026-07-14,9,08-12
btc-updown-5m-1783992900,2026-07-14 01:35:00+00:00,2026-07-14 01:30:46.754000+00:00,253.246,none,False,False,,,0.0,,,0.0,2026-07-14,9,08-12
btc-updown-5m-1783993200,2026-07-14 01:40:00+00:00,2026-07-14 01:31:28.133000+00:00,511.867,single,True,False,2026-07-14T01:41:57.141Z,,-0.29,0.26,,-0.26,2026-07-14,9,08-12
btc-updown-5m-1783993500,2026-07-14 01:45:00+00:00,2026-07-14 01:37:24.654000+00:00,455.346,single,False,True,,2026-07-14T01:49:45.497Z,-0.29,,0.02,-0.02,2026-07-14,9,08-12
btc-updown-5m-1783993800,2026-07-14 01:50:00+00:00,2026-07-14 01:40:19.644000+00:00,580.356,single,False,True,,2026-07-14T01:54:16.713Z,-0.29,,0.21,-0.21,2026-07-14,9,08-12
btc-updown-5m-1783994100,2026-07-14 01:55:00+00:00,2026-07-14 01:49:35.807000+00:00,324.193,none,False,False,,,0.0,,,0.0,2026-07-14,9,08-12
btc-updown-5m-1783994400,2026-07-14 02:00:00+00:00,2026-07-14 01:50:14.333000+00:00,585.667,single,True,False,2026-07-14T02:01:57.940Z,,-0.29,0.28,,-0.28,2026-07-14,9,08-12
btc-updown-5m-1783994700,2026-07-14 02:05:00+00:00,2026-07-14 01:55:48.746000+00:00,551.254,single,False,True,,2026-07-14T02:06:41.506Z,-0.29,,0.21,-0.21,2026-07-14,10,08-12
btc-updown-5m-1783995000,2026-07-14 02:10:00+00:00,2026-07-14 02:02:33.094000+00:00,446.906,single,True,False,2026-07-14T02:12:57.323Z,,-0.29,0.06,,-0.06,2026-07-14,10,08-12
btc-updown-5m-1783995300,2026-07-14 02:15:00+00:00,2026-07-14 02:06:41.288000+00:00,498.712,none,False,False,,,0.0,,,0.0,2026-07-14,10,08-12
btc-updown-5m-1783995600,2026-07-14 02:20:00+00:00,2026-07-14 02:10:12.244000+00:00,587.756,single,True,False,2026-07-14T02:23:23.822Z,,-0.29,0.06,,-0.06,2026-07-14,10,08-12
btc-updown-5m-1783995900,2026-07-14 02:25:00+00:00,2026-07-14 02:20:43.216000+00:00,256.784,none,False,False,,,0.0,,,0.0,2026-07-14,10,08-12
btc-updown-5m-1783996200,2026-07-14 02:30:00+00:00,2026-07-14 02:21:09.673000+00:00,530.327,single,False,True,,2026-07-14T02:31:40.175Z,-0.29,,0.15,-0.15,2026-07-14,10,08-12
btc-updown-5m-1783996500,2026-07-14 02:35:00+00:00,2026-07-14 02:30:08.246000+00:00,291.754,single,False,True,,2026-07-14T02:38:27.617Z,-0.29,,0.05,-0.05,2026-07-14,10,08-12
btc-updown-5m-1783996800,2026-07-14 02:40:00+00:00,2026-07-14 02:30:47.123000+00:00,552.877,single,False,True,,2026-07-14T02:43:52.319Z,-0.29,,0.02,-0.02,2026-07-14,10,08-12
btc-updown-5m-1783997100,2026-07-14 02:45:00+00:00,2026-07-14 02:36:22.010000+00:00,517.99,none,False,False,,,0.0,,,0.0,2026-07-14,10,08-12
btc-updown-5m-1783997400,2026-07-14 02:50:00+00:00,2026-07-14 02:43:47.214000+00:00,372.786,single,True,False,2026-07-14T02:54:09.222Z,,-0.29,0.01,,-0.01,2026-07-14,10,08-12
btc-updown-5m-1783997700,2026-07-14 02:55:00+00:00,2026-07-14 02:48:34.031000+00:00,385.969,single,False,True,,2026-07-14T02:59:53.902Z,-0.29,,0.06,-0.06,2026-07-14,10,08-12
btc-updown-5m-1783998000,2026-07-14 03:00:00+00:00,2026-07-14 02:50:28.516000+00:00,571.484,single,False,True,,2026-07-14T03:02:32.284Z,-0.29,,0.1,-0.1,2026-07-14,10,08-12
btc-updown-5m-1783998300,2026-07-14 03:05:00+00:00,2026-07-14 02:59:49.438000+00:00,310.562,single,True,False,2026-07-14T03:07:00.226Z,,-0.29,0.24,,-0.24,2026-07-14,11,08-12
btc-updown-5m-1783998600,2026-07-14 03:10:00+00:00,2026-07-14 03:00:58.090000+00:00,541.91,none,False,False,,,0.0,,,0.0,2026-07-14,11,08-12
btc-updown-5m-1783998900,2026-07-14 03:15:00+00:00,2026-07-14 03:05:45.661000+00:00,554.339,single,False,True,,2026-07-14T03:16:38.937Z,-0.29,,0.15,-0.15,2026-07-14,11,08-12
btc-updown-5m-1783999200,2026-07-14 03:20:00+00:00,2026-07-14 03:15:45.870000+00:00,254.13,single,True,False,2026-07-14T03:21:44.596Z,,-0.29,0.07,,-0.07,2026-07-14,11,08-12
btc-updown-5m-1783999500,2026-07-14 03:25:00+00:00,2026-07-14 03:16:21.593000+00:00,518.407,single,False,True,,2026-07-14T03:28:41.720Z,-0.29,,0.01,-0.01,2026-07-14,11,08-12
btc-updown-5m-1783999800,2026-07-14 03:30:00+00:00,2026-07-14 03:21:16.219000+00:00,523.781,none,False,False,,,0.0,,,0.0,2026-07-14,11,08-12
btc-updown-5m-1784000100,2026-07-14 03:35:00+00:00,2026-07-14 03:28:41.564000+00:00,378.436,single,False,True,,2026-07-14T03:36:05.103Z,-0.29,,0.2,-0.2,2026-07-14,11,08-12
btc-updown-5m-1784000400,2026-07-14 03:40:00+00:00,2026-07-14 03:32:50.282000+00:00,429.718,none,False,False,,,0.0,,,0.0,2026-07-14,11,08-12
btc-updown-5m-1784000700,2026-07-14 03:45:00+00:00,2026-07-14 03:36:37.659000+00:00,502.341,single,False,True,,2026-07-14T03:49:11.985Z,-0.29,,0.022,-0.022,2026-07-14,11,08-12
btc-updown-5m-1784001000,2026-07-14 03:50:00+00:00,2026-07-14 03:46:35.032000+00:00,204.968,single,False,True,,2026-07-14T03:53:10.669Z,-0.29,,0.1,-0.1,2026-07-14,11,08-12
btc-updown-5m-1784001300,2026-07-14 03:55:00+00:00,2026-07-14 03:46:35.055000+00:00,504.945,single,False,True,,2026-07-14T03:59:57.789Z,-0.29,,0.13,-0.13,2026-07-14,11,08-12
btc-updown-5m-1784001600,2026-07-14 04:00:00+00:00,2026-07-14 03:50:38.784000+00:00,561.216,single,False,True,,2026-07-14T04:03:25.811Z,-0.29,,0.14,-0.14,2026-07-14,11,08-12
btc-updown-5m-1784001900,2026-07-14 04:05:00+00:00,2026-07-14 03:55:28.607000+00:00,571.393,single,True,False,2026-07-14T04:08:00.864Z,,-0.29,0.11,,-0.11,2026-07-14,12,12-16
btc-updown-5m-1784002200,2026-07-14 04:10:00+00:00,2026-07-14 04:04:04.501000+00:00,355.499,none,False,False,,,0.0,,,0.0,2026-07-14,12,12-16
btc-updown-5m-1784002500,2026-07-14 04:15:00+00:00,2026-07-14 04:05:36.900000+00:00,563.1,none,False,False,,,0.0,,,0.0,2026-07-14,12,12-16
btc-updown-5m-1784002800,2026-07-14 04:20:00+00:00,2026-07-14 04:16:03.908000+00:00,236.092,single,False,True,,2026-07-14T04:21:06.529Z,-0.29,,0.18,-0.18,2026-07-14,12,12-16
btc-updown-5m-1784003100,2026-07-14 04:25:00+00:00,2026-07-14 04:16:34.144000+00:00,505.856,none,False,False,,,0.0,,,0.0,2026-07-14,12,12-16
btc-updown-5m-1784003400,2026-07-14 04:30:00+00:00,2026-07-14 04:20:53.915000+00:00,546.085,none,False,False,,,0.0,,,0.0,2026-07-14,12,12-16
btc-updown-5m-1784003700,2026-07-14 04:35:00+00:00,2026-07-14 04:25:35.357000+00:00,564.643,single,False,True,,2026-07-14T04:38:53.263Z,-0.29,,0.17,-0.17,2026-07-14,12,12-16
btc-updown-5m-1784004000,2026-07-14 04:40:00+00:00,2026-07-14 04:30:49.960000+00:00,550.04,single,True,False,2026-07-14T04:44:59.050Z,,-0.29,0.28,,-0.28,2026-07-14,12,12-16
btc-updown-5m-1784004300,2026-07-14 04:45:00+00:00,2026-07-14 04:38:47.006000+00:00,372.994,none,False,False,,,0.0,,,0.0,2026-07-14,12,12-16
btc-updown-5m-1784004600,2026-07-14 04:50:00+00:00,2026-07-14 04:46:13.838000+00:00,226.162,single,True,False,2026-07-14T04:52:17.394Z,,-0.29,0.27,,-0.27,2026-07-14,12,12-16
btc-updown-5m-1784004900,2026-07-14 04:55:00+00:00,2026-07-14 04:47:24.349000+00:00,455.651,none,False,False,,,0.0,,,0.0,2026-07-14,12,12-16
btc-updown-5m-1784005200,2026-07-14 05:00:00+00:00,2026-07-14 04:52:17.178000+00:00,462.822,single,True,False,2026-07-14T05:02:26.819Z,,-0.29,0.14,,-0.14,2026-07-14,12,12-16
btc-updown-5m-1784005500,2026-07-14 05:05:00+00:00,2026-07-14 04:58:10.714000+00:00,409.286,none,False,False,,,0.0,,,0.0,2026-07-14,13,12-16
btc-updown-5m-1784005800,2026-07-14 05:10:00+00:00,2026-07-14 05:02:08.996000+00:00,471.004,single,True,False,2026-07-14T05:14:08.396Z,,-0.29,0.09,,-0.09,2026-07-14,13,12-16
btc-updown-5m-1784006100,2026-07-14 05:15:00+00:00,2026-07-14 05:05:59.614000+00:00,540.386,none,False,False,,,0.0,,,0.0,2026-07-14,13,12-16
btc-updown-5m-1784006400,2026-07-14 05:20:00+00:00,2026-07-14 05:11:28.178000+00:00,511.822,single,True,False,2026-07-14T05:21:27.617Z,,-0.29,0.26,,-0.26,2026-07-14,13,12-16
btc-updown-5m-1784006700,2026-07-14 05:25:00+00:00,2026-07-14 05:17:31.335000+00:00,448.665,none,False,False,,,0.0,,,0.0,2026-07-14,13,12-16
btc-updown-5m-1784007000,2026-07-14 05:30:00+00:00,2026-07-14 05:20:55.002000+00:00,544.998,single,False,True,,2026-07-14T05:33:49.175Z,-0.29,,0.29,-0.29,2026-07-14,13,12-16
btc-updown-5m-1784007300,2026-07-14 05:35:00+00:00,2026-07-14 05:28:31.714000+00:00,388.286,single,True,False,2026-07-14T05:38:45.479Z,,-0.29,0.05,,-0.05,2026-07-14,13,12-16
btc-updown-5m-1784007600,2026-07-14 05:40:00+00:00,2026-07-14 05:32:24.949000+00:00,455.051,single,True,False,2026-07-14T05:43:06.165Z,,-0.29,0.1,,-0.1,2026-07-14,13,12-16
btc-updown-5m-1784007900,2026-07-14 05:45:00+00:00,2026-07-14 05:37:05.113000+00:00,474.887,single,True,False,2026-07-14T05:47:50.316Z,,-0.29,0.06,,-0.06,2026-07-14,13,12-16
btc-updown-5m-1784008200,2026-07-14 05:50:00+00:00,2026-07-14 05:40:34.330000+00:00,565.67,single,True,False,2026-07-14T05:54:02.062Z,,-0.29,0.29,,-0.29,2026-07-14,13,12-16
btc-updown-5m-1784008500,2026-07-14 05:55:00+00:00,2026-07-14 05:46:04.541000+00:00,535.459,single,False,True,,2026-07-14T05:59:59.014Z,-0.29,,0.07,-0.07,2026-07-14,13,12-16
btc-updown-5m-1784008800,2026-07-14 06:00:00+00:00,2026-07-14 05:50:18.864000+00:00,581.136,single,True,False,2026-07-14T06:04:23.956Z,,-0.29,0.02,,-0.02,2026-07-14,13,12-16
btc-updown-5m-1784009100,2026-07-14 06:05:00+00:00,2026-07-14 05:59:53.610000+00:00,306.39,single,True,False,2026-07-14T06:06:46.613Z,,-0.29,0.27,,-0.27,2026-07-14,14,12-16
btc-updown-5m-1784009400,2026-07-14 06:10:00+00:00,2026-07-14 06:00:48.322000+00:00,551.678,single,False,True,,2026-07-14T06:11:26.235Z,-0.29,,0.25,-0.25,2026-07-14,14,12-16
btc-updown-5m-1784009700,2026-07-14 06:15:00+00:00,2026-07-14 06:05:37.135000+00:00,562.865,single,False,True,,2026-07-14T06:19:52.363Z,-0.29,,0.17,-0.17,2026-07-14,14,12-16
btc-updown-5m-1784010000,2026-07-14 06:20:00+00:00,2026-07-14 06:11:15.579000+00:00,524.421,none,False,False,,,0.0,,,0.0,2026-07-14,14,12-16
btc-updown-5m-1784010300,2026-07-14 06:25:00+00:00,2026-07-14 06:16:21.614000+00:00,518.386,single,True,False,2026-07-14T06:29:09.472Z,,-0.29,0.19,,-0.19,2026-07-14,14,12-16
btc-updown-5m-1784010600,2026-07-14 06:30:00+00:00,2026-07-14 06:21:01.520000+00:00,538.48,single,False,True,,2026-07-14T06:33:33.917Z,-0.29,,0.1,-0.1,2026-07-14,14,12-16
btc-updown-5m-1784010900,2026-07-14 06:35:00+00:00,2026-07-14 06:25:29.276000+00:00,570.724,none,False,False,,,0.0,,,0.0,2026-07-14,14,12-16
btc-updown-5m-1784011200,2026-07-14 06:40:00+00:00,2026-07-14 06:33:21.582000+00:00,398.418,single,False,True,,2026-07-14T06:44:13.591Z,-0.29,,0.07,-0.07,2026-07-14,14,12-16
btc-updown-5m-1784011500,2026-07-14 06:45:00+00:00,2026-07-14 06:36:45.234000+00:00,494.766,single,True,False,2026-07-14T06:46:14.185Z,,-0.29,0.27,,-0.27,2026-07-14,14,12-16
btc-updown-5m-1784011800,2026-07-14 06:50:00+00:00,2026-07-14 06:40:35.425000+00:00,564.575,none,False,False,,,0.0,,,0.0,2026-07-14,14,12-16
btc-updown-5m-1784012100,2026-07-14 06:55:00+00:00,2026-07-14 06:46:49.881000+00:00,490.119,single,True,False,2026-07-14T06:58:09.335Z,,-0.29,0.14,,-0.14,2026-07-14,14,12-16
btc-updown-5m-1784012400,2026-07-14 07:00:00+00:00,2026-07-14 06:53:13.392000+00:00,406.608,none,False,False,,,0.0,,,0.0,2026-07-14,14,12-16
btc-updown-5m-1784012700,2026-07-14 07:05:00+00:00,2026-07-14 06:55:35.018000+00:00,564.982,single,True,False,2026-07-14T07:08:42.609Z,,-0.29,0.29,,-0.29,2026-07-14,15,12-16
btc-updown-5m-1784013000,2026-07-14 07:10:00+00:00,2026-07-14 07:01:02.293000+00:00,537.707,single,True,False,2026-07-14T07:12:52.513Z,,-0.29,0.28,,-0.28,2026-07-14,15,12-16
btc-updown-5m-1784013300,2026-07-14 07:15:00+00:00,2026-07-14 07:06:09.010000+00:00,530.99,none,False,False,,,0.0,,,0.0,2026-07-14,15,12-16
btc-updown-5m-1784013600,2026-07-14 07:20:00+00:00,2026-07-14 07:10:58.062000+00:00,541.938,single,True,False,2026-07-14T07:24:32.851Z,,-0.29,0.29,,-0.29,2026-07-14,15,12-16
btc-updown-5m-1784013900,2026-07-14 07:25:00+00:00,2026-07-14 07:16:44.745000+00:00,495.255,single,False,True,,2026-07-14T07:29:58.831Z,-0.29,,0.29,-0.29,2026-07-14,15,12-16
btc-updown-5m-1784014200,2026-07-14 07:30:00+00:00,2026-07-14 07:21:45.925000+00:00,494.075,single,True,False,2026-07-14T07:34:25.103Z,,-0.29,0.29,,-0.29,2026-07-14,15,12-16
btc-updown-5m-1784014500,2026-07-14 07:35:00+00:00,2026-07-14 07:30:48.642000+00:00,251.358,single,True,False,2026-07-14T07:37:53.065Z,,-0.29,0.12,,-0.12,2026-07-14,15,12-16
btc-updown-5m-1784014800,2026-07-14 07:40:00+00:00,2026-07-14 07:31:48.300000+00:00,491.7,none,False,False,,,0.0,,,0.0,2026-07-14,15,12-16
btc-updown-5m-1784015100,2026-07-14 07:45:00+00:00,2026-07-14 07:35:56.220000+00:00,543.78,single,True,False,2026-07-14T07:49:46.578Z,,-0.29,0.07,,-0.07,2026-07-14,15,12-16
btc-updown-5m-1784015400,2026-07-14 07:50:00+00:00,2026-07-14 07:46:36.168000+00:00,203.832,single,False,True,,2026-07-14T07:53:58.622Z,-0.29,,0.13,-0.13,2026-07-14,15,12-16
btc-updown-5m-1784015700,2026-07-14 07:55:00+00:00,2026-07-14 07:46:42.654000+00:00,497.346,single,True,False,2026-07-14T07:58:18.627Z,,-0.29,0.14,,-0.14,2026-07-14,15,12-16
btc-updown-5m-1784016000,2026-07-14 08:00:00+00:00,2026-07-14 07:50:52.922000+00:00,547.078,none,False,False,,,0.0,,,0.0,2026-07-14,15,12-16
btc-updown-5m-1784016300,2026-07-14 08:05:00+00:00,2026-07-14 07:55:49.541000+00:00,550.459,single,True,False,2026-07-14T08:09:05.972Z,,-0.29,0.04,,-0.04,2026-07-14,16,16-20
btc-updown-5m-1784016600,2026-07-14 08:10:00+00:00,2026-07-14 08:05:52.158000+00:00,247.842,single,False,True,,2026-07-14T08:14:09.652Z,-0.29,,0.22,-0.22,2026-07-14,16,16-20
btc-updown-5m-1784016900,2026-07-14 08:15:00+00:00,2026-07-14 08:05:52.428000+00:00,547.572,single,False,True,,2026-07-14T08:17:40.090Z,-0.29,,0.29,-0.29,2026-07-14,16,16-20
btc-updown-5m-1784017200,2026-07-14 08:20:00+00:00,2026-07-14 08:10:33.397000+00:00,566.603,none,False,False,,,0.0,,,0.0,2026-07-14,16,16-20
btc-updown-5m-1784017500,2026-07-14 08:25:00+00:00,2026-07-14 08:18:02.131000+00:00,417.869,single,False,True,,2026-07-14T08:26:41.815Z,-0.29,,0.05,-0.05,2026-07-14,16,16-20
btc-updown-5m-1784017800,2026-07-14 08:30:00+00:00,2026-07-14 08:25:28.575000+00:00,271.425,none,False,False,,,0.0,,,0.0,2026-07-14,16,16-20
btc-updown-5m-1784018100,2026-07-14 08:35:00+00:00,2026-07-14 08:25:33.695000+00:00,566.305,single,False,True,,2026-07-14T08:37:34.212Z,-0.29,,0.22,-0.22,2026-07-14,16,16-20
btc-updown-5m-1784018400,2026-07-14 08:40:00+00:00,2026-07-14 08:35:56.341000+00:00,243.659,single,False,True,,2026-07-14T08:42:45.897Z,-0.29,,0.21,-0.21,2026-07-14,16,16-20
btc-updown-5m-1784018700,2026-07-14 08:45:00+00:00,2026-07-14 08:37:52.621000+00:00,427.379,none,False,False,,,0.0,,,0.0,2026-07-14,16,16-20
btc-updown-5m-1784019000,2026-07-14 08:50:00+00:00,2026-07-14 08:41:10.967000+00:00,529.033,single,True,False,2026-07-14T08:51:27.645Z,,-0.29,0.19,,-0.19,2026-07-14,16,16-20
btc-updown-5m-1784019300,2026-07-14 08:55:00+00:00,2026-07-14 08:46:44.342000+00:00,495.658,single,True,False,2026-07-14T08:59:08.375Z,,-0.29,0.19,,-0.19,2026-07-14,16,16-20
btc-updown-5m-1784019600,2026-07-14 09:00:00+00:00,2026-07-14 08:51:00.927000+00:00,539.073,single,True,False,2026-07-14T09:02:16.191Z,,-0.29,0.27,,-0.27,2026-07-14,16,16-20
btc-updown-5m-1784019900,2026-07-14 09:05:00+00:00,2026-07-14 08:55:51.813000+00:00,548.187,none,False,False,,,0.0,,,0.0,2026-07-14,17,16-20
btc-updown-5m-1784020200,2026-07-14 09:10:00+00:00,2026-07-14 09:01:10.823000+00:00,529.177,none,False,False,,,0.0,,,0.0,2026-07-14,17,16-20
btc-updown-5m-1784020500,2026-07-14 09:15:00+00:00,2026-07-14 09:06:13.280000+00:00,526.72,single,True,False,2026-07-14T09:18:45.094Z,,-0.29,0.28,,-0.28,2026-07-14,17,16-20
btc-updown-5m-1784020800,2026-07-14 09:20:00+00:00,2026-07-14 09:10:24.030000+00:00,575.97,single,False,True,,2026-07-14T09:21:07.385Z,-0.29,,0.27,-0.27,2026-07-14,17,16-20
btc-updown-5m-1784021100,2026-07-14 09:25:00+00:00,2026-07-14 09:16:09.343000+00:00,530.657,none,False,False,,,0.0,,,0.0,2026-07-14,17,16-20
btc-updown-5m-1784021400,2026-07-14 09:30:00+00:00,2026-07-14 09:20:29.241000+00:00,570.759,none,False,False,,,0.0,,,0.0,2026-07-14,17,16-20
btc-updown-5m-1784021700,2026-07-14 09:35:00+00:00,2026-07-14 09:25:29.539000+00:00,570.461,single,True,False,2026-07-14T09:37:06.603Z,,-0.29,0.16,,-0.16,2026-07-14,17,16-20
btc-updown-5m-1784022000,2026-07-14 09:40:00+00:00,2026-07-14 09:33:26.141000+00:00,393.859,single,True,False,2026-07-14T09:42:55.809Z,,-0.29,0.29,,-0.29,2026-07-14,17,16-20
btc-updown-5m-1784022300,2026-07-14 09:45:00+00:00,2026-07-14 09:36:33.196000+00:00,506.804,single,True,False,2026-07-14T09:47:27.382Z,,-0.29,0.2,,-0.2,2026-07-14,17,16-20
btc-updown-5m-1784022600,2026-07-14 09:50:00+00:00,2026-07-14 09:42:55.502000+00:00,424.498,single,True,False,2026-07-14T09:51:36.087Z,,-0.29,0.28,,-0.28,2026-07-14,17,16-20
btc-updown-5m-1784022900,2026-07-14 09:55:00+00:00,2026-07-14 09:46:15.943000+00:00,524.057,none,False,False,,,0.0,,,0.0,2026-07-14,17,16-20
btc-updown-5m-1784023200,2026-07-14 10:00:00+00:00,2026-07-14 09:51:00.362000+00:00,539.638,single,False,True,,2026-07-14T10:03:29.689Z,-0.29,,0.04,-0.04,2026-07-14,17,16-20
btc-updown-5m-1784023500,2026-07-14 10:05:00+00:00,2026-07-14 09:56:05.877000+00:00,534.123,none,False,False,,,0.0,,,0.0,2026-07-14,18,16-20
btc-updown-5m-1784023800,2026-07-14 10:10:00+00:00,2026-07-14 10:04:06.214000+00:00,353.786,none,False,False,,,0.0,,,0.0,2026-07-14,18,16-20
btc-updown-5m-1784024100,2026-07-14 10:15:00+00:00,2026-07-14 10:10:29.704000+00:00,270.296,none,False,False,,,0.0,,,0.0,2026-07-14,18,16-20
btc-updown-5m-1784024400,2026-07-14 10:20:00+00:00,2026-07-14 10:10:30.284000+00:00,569.716,paired,True,True,2026-07-14T10:23:21.598Z,2026-07-14T10:24:32.363Z,0.42,0.17,0.13,0.7,2026-07-14,18,16-20
btc-updown-5m-1784024700,2026-07-14 10:25:00+00:00,2026-07-14 10:15:58.905000+00:00,541.095,single,True,False,2026-07-14T10:26:50.739Z,,-0.29,0.12,,-0.12,2026-07-14,18,16-20
btc-updown-5m-1784025000,2026-07-14 10:30:00+00:00,2026-07-14 10:23:05.827000+00:00,414.173,none,False,False,,,0.0,,,0.0,2026-07-14,18,16-20
btc-updown-5m-1784025300,2026-07-14 10:35:00+00:00,2026-07-14 10:25:48.202000+00:00,551.798,single,False,True,,2026-07-14T10:36:13.081Z,-0.29,,0.22,-0.22,2026-07-14,18,16-20
btc-updown-5m-1784025600,2026-07-14 10:40:00+00:00,2026-07-14 10:31:58.812000+00:00,481.188,single,False,True,,2026-07-14T10:44:20.040Z,-0.29,,0.07,-0.07,2026-07-14,18,16-20
btc-updown-5m-1784025900,2026-07-14 10:45:00+00:00,2026-07-14 10:36:02.642000+00:00,537.358,single,False,True,,2026-07-14T10:49:33.705Z,-0.29,,0.01,-0.01,2026-07-14,18,16-20
btc-updown-5m-1784026200,2026-07-14 10:50:00+00:00,2026-07-14 10:44:19.733000+00:00,340.267,none,False,False,,,0.0,,,0.0,2026-07-14,18,16-20
btc-updown-5m-1784026500,2026-07-14 10:55:00+00:00,2026-07-14 10:46:33.723000+00:00,506.277,none,False,False,,,0.0,,,0.0,2026-07-14,18,16-20
btc-updown-5m-1784026800,2026-07-14 11:00:00+00:00,2026-07-14 10:51:32.169000+00:00,507.831,single,True,False,2026-07-14T11:03:27.234Z,,-0.29,0.04,,-0.04,2026-07-14,18,16-20
btc-updown-5m-1784027100,2026-07-14 11:05:00+00:00,2026-07-14 10:55:36.040000+00:00,563.96,single,True,False,2026-07-14T11:08:49.653Z,,-0.29,0.24,,-0.24,2026-07-14,19,16-20
btc-updown-5m-1784027400,2026-07-14 11:10:00+00:00,2026-07-14 11:01:46.879000+00:00,493.121,single,True,False,2026-07-14T11:14:12.695Z,,-0.29,0.28,,-0.28,2026-07-14,19,16-20
btc-updown-5m-1784027700,2026-07-14 11:15:00+00:00,2026-07-14 11:06:41.670000+00:00,498.33,single,False,True,,2026-07-14T11:16:48.979Z,-0.29,,0.21,-0.21,2026-07-14,19,16-20
btc-updown-5m-1784028000,2026-07-14 11:20:00+00:00,2026-07-14 11:10:38.350000+00:00,561.65,single,True,False,2026-07-14T11:23:49.426Z,,-0.29,0.07,,-0.07,2026-07-14,19,16-20
btc-updown-5m-1784028300,2026-07-14 11:25:00+00:00,2026-07-14 11:16:13.113000+00:00,526.887,single,False,True,,2026-07-14T11:29:26.590Z,-0.29,,0.02,-0.02,2026-07-14,19,16-20
btc-updown-5m-1784028600,2026-07-14 11:30:00+00:00,2026-07-14 11:21:17.118000+00:00,522.882,none,False,False,,,0.0,,,0.0,2026-07-14,19,16-20
btc-updown-5m-1784028900,2026-07-14 11:35:00+00:00,2026-07-14 11:25:21.071000+00:00,578.929,none,False,False,,,0.0,,,0.0,2026-07-14,19,16-20
btc-updown-5m-1784029200,2026-07-14 11:40:00+00:00,2026-07-14 11:31:29.393000+00:00,510.607,single,False,True,,2026-07-14T11:42:18.290Z,-0.29,,0.24,-0.24,2026-07-14,19,16-20
btc-updown-5m-1784029500,2026-07-14 11:45:00+00:00,2026-07-14 11:40:20.942000+00:00,279.058,none,False,False,,,0.0,,,0.0,2026-07-14,19,16-20
btc-updown-5m-1784029800,2026-07-14 11:50:00+00:00,2026-07-14 11:41:33.818000+00:00,506.182,single,False,True,,2026-07-14T11:52:38.759Z,-0.29,,0.14,-0.14,2026-07-14,19,16-20
btc-updown-5m-1784030100,2026-07-14 11:55:00+00:00,2026-07-14 11:46:27.445000+00:00,512.555,single,True,False,2026-07-14T11:59:03.113Z,,-0.29,0.06,,-0.06,2026-07-14,19,16-20
btc-updown-5m-1784030400,2026-07-14 12:00:00+00:00,2026-07-14 11:50:41.625000+00:00,558.375,none,False,False,,,0.0,,,0.0,2026-07-14,19,16-20
btc-updown-5m-1784030700,2026-07-14 12:05:00+00:00,2026-07-14 11:57:14.685000+00:00,465.315,single,True,False,2026-07-14T12:09:10.778Z,,-0.29,0.07,,-0.07,2026-07-14,20,20-24
btc-updown-5m-1784031000,2026-07-14 12:10:00+00:00,2026-07-14 12:08:03.495000+00:00,116.505,none,False,False,,,0.0,,,0.0,2026-07-14,20,20-24
btc-updown-5m-1784031300,2026-07-14 12:15:00+00:00,2026-07-14 12:08:03.521000+00:00,416.479,single,False,True,,2026-07-14T12:17:16.785Z,-0.29,,0.22,-0.22,2026-07-14,20,20-24
btc-updown-5m-1784031600,2026-07-14 12:20:00+00:00,2026-07-14 12:10:54.897000+00:00,545.103,single,False,True,,2026-07-14T12:24:52.669Z,-0.29,,0.01,-0.01,2026-07-14,20,20-24
btc-updown-5m-1784031900,2026-07-14 12:25:00+00:00,2026-07-14 12:15:53.123000+00:00,546.877,single,True,False,2026-07-14T12:27:58.591Z,,-0.29,0.19,,-0.19,2026-07-14,20,20-24
btc-updown-5m-1784032200,2026-07-14 12:30:00+00:00,2026-07-14 12:20:53.195000+00:00,546.805,single,False,True,,2026-07-14T12:30:46.329Z,-0.29,,0.06,-0.06,2026-07-14,20,20-24
btc-updown-5m-1784032500,2026-07-14 12:35:00+00:00,2026-07-14 12:27:58.568000+00:00,421.432,none,False,False,,,0.0,,,0.0,2026-07-14,20,20-24
btc-updown-5m-1784032800,2026-07-14 12:40:00+00:00,2026-07-14 12:31:37.326000+00:00,502.674,none,False,False,,,0.0,,,0.0,2026-07-14,20,20-24
btc-updown-5m-1784033100,2026-07-14 12:45:00+00:00,2026-07-14 12:40:37.609000+00:00,262.391,single,False,True,,2026-07-14T12:48:25.253Z,-0.29,,0.02,-0.02,2026-07-14,20,20-24
btc-updown-5m-1784033400,2026-07-14 12:50:00+00:00,2026-07-14 12:40:42.350000+00:00,557.65,single,False,True,,2026-07-14T12:54:03.471Z,-0.29,,0.1,-0.1,2026-07-14,20,20-24
btc-updown-5m-1784033700,2026-07-14 12:55:00+00:00,2026-07-14 12:46:32.979000+00:00,507.021,none,False,False,,,0.0,,,0.0,2026-07-14,20,20-24
btc-updown-5m-1784034000,2026-07-14 13:00:00+00:00,2026-07-14 12:50:54.569000+00:00,545.431,none,False,False,,,0.0,,,0.0,2026-07-14,20,20-24
btc-updown-5m-1784034300,2026-07-14 13:05:00+00:00,2026-07-14 12:55:18.496000+00:00,581.504,none,False,False,,,0.0,,,0.0,2026-07-14,21,20-24
btc-updown-5m-1784034600,2026-07-14 13:10:00+00:00,2026-07-14 13:01:23.771000+00:00,516.229,none,False,False,,,0.0,,,0.0,2026-07-14,21,20-24
btc-updown-5m-1784034900,2026-07-14 13:15:00+00:00,2026-07-14 13:07:34.212000+00:00,445.788,none,False,False,,,0.0,,,0.0,2026-07-14,21,20-24
btc-updown-5m-1784035200,2026-07-14 13:20:00+00:00,2026-07-14 13:10:51.176000+00:00,548.824,single,False,True,,2026-07-14T13:21:41.485Z,-0.29,,0.14,-0.14,2026-07-14,21,20-24
btc-updown-5m-1784035500,2026-07-14 13:25:00+00:00,2026-07-14 13:20:01.093000+00:00,298.907,none,False,False,,,0.0,,,0.0,2026-07-14,21,20-24
btc-updown-5m-1784035800,2026-07-14 13:30:00+00:00,2026-07-14 13:20:33.777000+00:00,566.223,none,False,False,,,0.0,,,0.0,2026-07-14,21,20-24
btc-updown-5m-1784036100,2026-07-14 13:35:00+00:00,2026-07-14 13:30:55.294000+00:00,244.706,none,False,False,,,0.0,,,0.0,2026-07-14,21,20-24
btc-updown-5m-1784036400,2026-07-14 13:40:00+00:00,2026-07-14 13:32:14.695000+00:00,465.305,none,False,False,,,0.0,,,0.0,2026-07-14,21,20-24
btc-updown-5m-1784036700,2026-07-14 13:45:00+00:00,2026-07-14 13:36:07.096000+00:00,532.904,single,False,True,,2026-07-14T13:46:58.897Z,-0.29,,0.17,-0.17,2026-07-14,21,20-24
btc-updown-5m-1784037000,2026-07-14 13:50:00+00:00,2026-07-14 13:41:29.109000+00:00,510.891,single,False,True,,2026-07-14T13:53:34.898Z,-0.29,,0.22,-0.22,2026-07-14,21,20-24
btc-updown-5m-1784037300,2026-07-14 13:55:00+00:00,2026-07-14 13:46:45.675000+00:00,494.325,none,False,False,,,0.0,,,0.0,2026-07-14,21,20-24
btc-updown-5m-1784037600,2026-07-14 14:00:00+00:00,2026-07-14 13:52:47.690000+00:00,432.31,single,True,False,2026-07-14T14:02:45.497Z,,-0.29,0.08,,-0.08,2026-07-14,21,20-24
btc-updown-5m-1784037900,2026-07-14 14:05:00+00:00,2026-07-14 13:55:51.974000+00:00,548.026,single,False,True,,2026-07-14T14:06:38.971Z,-0.29,,0.29,-0.29,2026-07-14,22,20-24
btc-updown-5m-1784038200,2026-07-14 14:10:00+00:00,2026-07-14 14:01:53.167000+00:00,486.833,single,False,True,,2026-07-14T14:14:38.130Z,-0.29,,0.01,-0.01,2026-07-14,22,20-24
btc-updown-5m-1784038500,2026-07-14 14:15:00+00:00,2026-07-14 14:08:27.964000+00:00,392.036,single,True,False,2026-07-14T14:18:21.794Z,,-0.29,0.29,,-0.29,2026-07-14,22,20-24
btc-updown-5m-1784038800,2026-07-14 14:20:00+00:00,2026-07-14 14:11:14.460000+00:00,525.54,single,True,False,2026-07-14T14:22:53.541Z,,-0.29,0.28,,-0.28,2026-07-14,22,20-24
btc-updown-5m-1784039100,2026-07-14 14:25:00+00:00,2026-07-14 14:16:15.897000+00:00,524.103,single,False,True,,2026-07-14T14:27:55.546Z,-0.29,,0.26,-0.26,2026-07-14,22,20-24
btc-updown-5m-1784039400,2026-07-14 14:30:00+00:00,2026-07-14 14:20:34.678000+00:00,565.322,none,False,False,,,0.0,,,0.0,2026-07-14,22,20-24
btc-updown-5m-1784039700,2026-07-14 14:35:00+00:00,2026-07-14 14:25:47.358000+00:00,552.642,none,False,False,,,0.0,,,0.0,2026-07-14,22,20-24
btc-updown-5m-1784040000,2026-07-14 14:40:00+00:00,2026-07-14 14:32:21.452000+00:00,458.548,none,False,False,,,0.0,,,0.0,2026-07-14,22,20-24
btc-updown-5m-1784040300,2026-07-14 14:45:00+00:00,2026-07-14 14:36:09.692000+00:00,530.308,none,False,False,,,0.0,,,0.0,2026-07-14,22,20-24
btc-updown-5m-1784040600,2026-07-14 14:50:00+00:00,2026-07-14 14:40:48.351000+00:00,551.649,single,False,True,,2026-07-14T14:54:09.110Z,-0.29,,0.06,-0.06,2026-07-14,22,20-24
btc-updown-5m-1784040900,2026-07-14 14:55:00+00:00,2026-07-14 14:46:16.201000+00:00,523.799,paired,True,True,2026-07-14T14:57:31.972Z,2026-07-14T14:58:53.080Z,0.42,0.1,0.15,0.75,2026-07-14,22,20-24
btc-updown-5m-1784041200,2026-07-14 15:00:00+00:00,2026-07-14 14:51:34.145000+00:00,505.855,single,True,False,2026-07-14T15:04:10.378Z,,-0.29,0.27,,-0.27,2026-07-14,22,20-24
btc-updown-5m-1784041500,2026-07-14 15:05:00+00:00,2026-07-14 14:55:57.910000+00:00,542.09,single,True,False,2026-07-14T15:08:29.487Z,,-0.29,0.06,,-0.06,2026-07-14,23,20-24
btc-updown-5m-1784041800,2026-07-14 15:10:00+00:00,2026-07-14 15:03:25.398000+00:00,394.602,single,True,False,2026-07-14T15:14:58.506Z,,-0.29,0.01,,-0.01,2026-07-14,23,20-24
btc-updown-5m-1784042100,2026-07-14 15:15:00+00:00,2026-07-14 15:06:57.096000+00:00,482.904,none,False,False,,,0.0,,,0.0,2026-07-14,23,20-24
btc-updown-5m-1784042400,2026-07-14 15:20:00+00:00,2026-07-14 15:11:50.586000+00:00,489.414,single,True,False,2026-07-14T15:24:36.265Z,,-0.29,0.11,,-0.11,2026-07-14,23,20-24
btc-updown-5m-1784042700,2026-07-14 15:25:00+00:00,2026-07-14 15:17:01.526000+00:00,478.474,single,False,True,,2026-07-14T15:29:33.208Z,-0.29,,0.01,-0.01,2026-07-14,23,20-24
btc-updown-5m-1784043000,2026-07-14 15:30:00+00:00,2026-07-14 15:20:54.962000+00:00,545.038,single,False,True,,2026-07-14T15:32:13.427Z,-0.29,,0.05,-0.05,2026-07-14,23,20-24
btc-updown-5m-1784043300,2026-07-14 15:35:00+00:00,2026-07-14 15:25:37.350000+00:00,562.65,none,False,False,,,0.0,,,0.0,2026-07-14,23,20-24
btc-updown-5m-1784043600,2026-07-14 15:40:00+00:00,2026-07-14 15:31:46.828000+00:00,493.172,single,True,False,2026-07-14T15:44:55.755Z,,-0.29,0.29,,-0.29,2026-07-14,23,20-24
btc-updown-5m-1784043900,2026-07-14 15:45:00+00:00,2026-07-14 15:36:46.830000+00:00,493.17,single,False,True,,2026-07-14T15:49:35.126Z,-0.29,,0.14,-0.14,2026-07-14,23,20-24
btc-updown-5m-1784044200,2026-07-14 15:50:00+00:00,2026-07-14 15:42:02.654000+00:00,477.346,single,True,False,2026-07-14T15:53:47.965Z,,-0.29,0.01,,-0.01,2026-07-14,23,20-24
btc-updown-5m-1784044500,2026-07-14 15:55:00+00:00,2026-07-14 15:46:30.046000+00:00,509.954,none,False,False,,,0.0,,,0.0,2026-07-14,23,20-24
btc-updown-5m-1784044800,2026-07-14 16:00:00+00:00,2026-07-14 15:51:00.912000+00:00,539.088,none,False,False,,,0.0,,,0.0,2026-07-14,23,20-24
btc-updown-5m-1784045100,2026-07-14 16:05:00+00:00,2026-07-14 15:56:48.993000+00:00,491.007,single,False,True,,2026-07-14T16:08:51.692Z,-0.29,,0.07,-0.07,2026-07-15,0,00-04
btc-updown-5m-1784045400,2026-07-14 16:10:00+00:00,2026-07-14 16:01:30.691000+00:00,509.309,single,True,False,2026-07-14T16:12:25.571Z,,-0.29,0.29,,-0.29,2026-07-15,0,00-04
btc-updown-5m-1784045700,2026-07-14 16:15:00+00:00,2026-07-14 16:06:34.588000+00:00,505.412,none,False,False,,,0.0,,,0.0,2026-07-15,0,00-04
btc-updown-5m-1784046000,2026-07-14 16:20:00+00:00,2026-07-14 16:11:16.309000+00:00,523.691,none,False,False,,,0.0,,,0.0,2026-07-15,0,00-04
btc-updown-5m-1784046300,2026-07-14 16:25:00+00:00,2026-07-14 16:17:34.934000+00:00,445.066,single,False,True,,2026-07-14T16:29:26.435Z,-0.29,,0.29,-0.29,2026-07-15,0,00-04
btc-updown-5m-1784046600,2026-07-14 16:30:00+00:00,2026-07-14 16:23:22.250000+00:00,397.75,none,False,False,,,0.0,,,0.0,2026-07-15,0,00-04
btc-updown-5m-1784046900,2026-07-14 16:35:00+00:00,2026-07-14 16:25:45.986000+00:00,554.014,single,True,False,2026-07-14T16:39:32.693Z,,-0.29,0.29,,-0.29,2026-07-15,0,00-04
btc-updown-5m-1784047200,2026-07-14 16:40:00+00:00,2026-07-14 16:31:11.046000+00:00,528.954,none,False,False,,,0.0,,,0.0,2026-07-15,0,00-04
btc-updown-5m-1784047500,2026-07-14 16:45:00+00:00,2026-07-14 16:38:10.494000+00:00,409.506,none,False,False,,,0.0,,,0.0,2026-07-15,0,00-04
btc-updown-5m-1784047800,2026-07-14 16:50:00+00:00,2026-07-14 16:41:03.103000+00:00,536.897,single,False,True,,2026-07-14T16:52:06.118Z,-0.29,,0.15,-0.15,2026-07-15,0,00-04
btc-updown-5m-1784048100,2026-07-14 16:55:00+00:00,2026-07-14 16:47:59.574000+00:00,420.426,single,True,False,2026-07-14T16:55:08.926Z,,-0.29,0.09,,-0.09,2026-07-15,0,00-04
btc-updown-5m-1784048400,2026-07-14 17:00:00+00:00,2026-07-14 16:50:43.670000+00:00,556.33,none,False,False,,,0.0,,,0.0,2026-07-15,0,00-04
btc-updown-5m-1784048700,2026-07-14 17:05:00+00:00,2026-07-14 16:57:39.654000+00:00,440.346,none,False,False,,,0.0,,,0.0,2026-07-15,1,00-04
btc-updown-5m-1784049000,2026-07-14 17:10:00+00:00,2026-07-14 17:03:01.841000+00:00,418.159,none,False,False,,,0.0,,,0.0,2026-07-15,1,00-04
btc-updown-5m-1784049300,2026-07-14 17:15:00+00:00,2026-07-14 17:06:12.384000+00:00,527.616,single,True,False,2026-07-14T17:18:50.872Z,,-0.29,0.04,,-0.04,2026-07-15,1,00-04
btc-updown-5m-1784049600,2026-07-14 17:20:00+00:00,2026-07-14 17:13:51.605000+00:00,368.395,single,True,False,2026-07-14T17:23:45.237Z,,-0.29,0.19,,-0.19,2026-07-15,1,00-04
btc-updown-5m-1784049900,2026-07-14 17:25:00+00:00,2026-07-14 17:17:04.098000+00:00,475.902,single,False,True,,2026-07-14T17:27:57.450Z,-0.29,,0.23,-0.23,2026-07-15,1,00-04
btc-updown-5m-1784050200,2026-07-14 17:30:00+00:00,2026-07-14 17:23:07.224000+00:00,412.776,none,False,False,,,0.0,,,0.0,2026-07-15,1,00-04
btc-updown-5m-1784050500,2026-07-14 17:35:00+00:00,2026-07-14 17:25:51.288000+00:00,548.712,single,False,True,,2026-07-14T17:38:16.674Z,-0.29,,0.26,-0.26,2026-07-15,1,00-04
btc-updown-5m-1784050800,2026-07-14 17:40:00+00:00,2026-07-14 17:33:04.509000+00:00,415.491,single,False,True,,2026-07-14T17:43:16.081Z,-0.29,,0.24,-0.24,2026-07-15,1,00-04
btc-updown-5m-1784051100,2026-07-14 17:45:00+00:00,2026-07-14 17:37:18.106000+00:00,461.894,none,False,False,,,0.0,,,0.0,2026-07-15,1,00-04
btc-updown-5m-1784051400,2026-07-14 17:50:00+00:00,2026-07-14 17:40:57.166000+00:00,542.834,none,False,False,,,0.0,,,0.0,2026-07-15,1,00-04
btc-updown-5m-1784051700,2026-07-14 17:55:00+00:00,2026-07-14 17:46:24.922000+00:00,515.078,none,False,False,,,0.0,,,0.0,2026-07-15,1,00-04
btc-updown-5m-1784052000,2026-07-14 18:00:00+00:00,2026-07-14 17:54:35.014000+00:00,324.986,none,False,False,,,0.0,,,0.0,2026-07-15,1,00-04
btc-updown-5m-1784052300,2026-07-14 18:05:00+00:00,2026-07-14 17:57:24.634000+00:00,455.366,single,True,False,2026-07-14T18:09:32.878Z,,-0.29,0.01,,-0.01,2026-07-15,2,00-04
btc-updown-5m-1784052600,2026-07-14 18:10:00+00:00,2026-07-14 18:00:40.725000+00:00,559.275,none,False,False,,,0.0,,,0.0,2026-07-15,2,00-04
btc-updown-5m-1784052900,2026-07-14 18:15:00+00:00,2026-07-14 18:05:40.875000+00:00,559.125,none,False,False,,,0.0,,,0.0,2026-07-15,2,00-04
btc-updown-5m-1784053200,2026-07-14 18:20:00+00:00,2026-07-14 18:12:55.448000+00:00,424.552,none,False,False,,,0.0,,,0.0,2026-07-15,2,00-04
btc-updown-5m-1784053500,2026-07-14 18:25:00+00:00,2026-07-14 18:17:30.502000+00:00,449.498,none,False,False,,,0.0,,,0.0,2026-07-15,2,00-04
btc-updown-5m-1784053800,2026-07-14 18:30:00+00:00,2026-07-14 18:20:34.570000+00:00,565.43,paired,True,True,2026-07-14T18:31:03.566Z,2026-07-14T18:34:26.281Z,0.42,0.21,0.02,0.77,2026-07-15,2,00-04
btc-updown-5m-1784054100,2026-07-14 18:35:00+00:00,2026-07-14 18:25:53.372000+00:00,546.628,none,False,False,,,0.0,,,0.0,2026-07-15,2,00-04
btc-updown-5m-1784054400,2026-07-14 18:40:00+00:00,2026-07-14 18:35:20.310000+00:00,279.69,single,True,False,2026-07-14T18:42:33.682Z,,-0.29,0.1,,-0.1,2026-07-15,2,00-04
btc-updown-5m-1784054700,2026-07-14 18:45:00+00:00,2026-07-14 18:36:31.963000+00:00,508.037,single,False,True,,2026-07-14T18:49:14.421Z,-0.29,,0.03,-0.03,2026-07-15,2,00-04
btc-updown-5m-1784055000,2026-07-14 18:50:00+00:00,2026-07-14 18:40:43.673000+00:00,556.327,single,True,False,2026-07-14T18:51:24.054Z,,-0.29,0.29,,-0.29,2026-07-15,2,00-04
btc-updown-5m-1784055300,2026-07-14 18:55:00+00:00,2026-07-14 18:46:24.674000+00:00,515.326,single,False,True,,2026-07-14T18:57:17.481Z,-0.29,,0.22,-0.22,2026-07-15,2,00-04
btc-updown-5m-1784055600,2026-07-14 19:00:00+00:00,2026-07-14 18:51:41.685000+00:00,498.315,single,False,True,,2026-07-14T19:03:26.818Z,-0.29,,0.15,-0.15,2026-07-15,2,00-04
btc-updown-5m-1784055900,2026-07-14 19:05:00+00:00,2026-07-14 18:56:10.026000+00:00,529.974,none,False,False,,,0.0,,,0.0,2026-07-15,3,00-04
btc-updown-5m-1784056200,2026-07-14 19:10:00+00:00,2026-07-14 19:01:47.617000+00:00,492.383,single,False,True,,2026-07-14T19:13:57.737Z,-0.29,,0.01,-0.01,2026-07-15,3,00-04
btc-updown-5m-1784056500,2026-07-14 19:15:00+00:00,2026-07-14 19:06:01.209000+00:00,538.791,none,False,False,,,0.0,,,0.0,2026-07-15,3,00-04
btc-updown-5m-1784056800,2026-07-14 19:20:00+00:00,2026-07-14 19:11:42.710000+00:00,497.29,single,False,True,,2026-07-14T19:24:17.294Z,-0.29,,0.08,-0.08,2026-07-15,3,00-04
btc-updown-5m-1784057100,2026-07-14 19:25:00+00:00,2026-07-14 19:20:11.560000+00:00,288.44,none,False,False,,,0.0,,,0.0,2026-07-15,3,00-04
btc-updown-5m-1784057400,2026-07-14 19:30:00+00:00,2026-07-14 19:24:17.139000+00:00,342.861,single,True,False,2026-07-14T19:32:58.022Z,,-0.29,0.23,,-0.23,2026-07-15,3,00-04
btc-updown-5m-1784057700,2026-07-14 19:35:00+00:00,2026-07-14 19:25:41.299000+00:00,558.701,single,False,True,,2026-07-14T19:38:14.590Z,-0.29,,0.29,-0.29,2026-07-15,3,00-04
btc-updown-5m-1784058000,2026-07-14 19:40:00+00:00,2026-07-14 19:31:12.494000+00:00,527.506,none,False,False,,,0.0,,,0.0,2026-07-15,3,00-04
btc-updown-5m-1784058300,2026-07-14 19:45:00+00:00,2026-07-14 19:37:52.911000+00:00,427.089,single,False,True,,2026-07-14T19:48:51.148Z,-0.29,,0.06,-0.06,2026-07-15,3,00-04
btc-updown-5m-1784058600,2026-07-14 19:50:00+00:00,2026-07-14 19:41:59.633000+00:00,480.367,none,False,False,,,0.0,,,0.0,2026-07-15,3,00-04
btc-updown-5m-1784058900,2026-07-14 19:55:00+00:00,2026-07-14 19:46:05.410000+00:00,534.59,single,False,True,,2026-07-14T19:59:54.586Z,-0.29,,0.29,-0.29,2026-07-15,3,00-04
btc-updown-5m-1784059200,2026-07-14 20:00:00+00:00,2026-07-14 19:51:19.041000+00:00,520.959,single,True,False,2026-07-14T20:02:45.130Z,,-0.29,0.1,,-0.1,2026-07-15,3,00-04
btc-updown-5m-1784059500,2026-07-14 20:05:00+00:00,2026-07-14 20:00:15.267000+00:00,284.733,single,True,False,2026-07-14T20:07:48.486Z,,-0.29,0.16,,-0.16,2026-07-15,4,04-08
btc-updown-5m-1784059800,2026-07-14 20:10:00+00:00,2026-07-14 20:02:31.925000+00:00,448.075,none,False,False,,,0.0,,,0.0,2026-07-15,4,04-08
btc-updown-5m-1784060100,2026-07-14 20:15:00+00:00,2026-07-14 20:07:31.124000+00:00,448.876,single,False,True,,2026-07-14T20:16:39.669Z,-0.29,,0.26,-0.26,2026-07-15,4,04-08
btc-updown-5m-1784060400,2026-07-14 20:20:00+00:00,2026-07-14 20:11:01.890000+00:00,538.11,single,True,False,2026-07-14T20:23:07.505Z,,-0.29,0.21,,-0.21,2026-07-15,4,04-08
btc-updown-5m-1784060700,2026-07-14 20:25:00+00:00,2026-07-14 20:17:25.147000+00:00,454.853,none,False,False,,,0.0,,,0.0,2026-07-15,4,04-08
btc-updown-5m-1784061000,2026-07-14 20:30:00+00:00,2026-07-14 20:20:41.628000+00:00,558.372,none,False,False,,,0.0,,,0.0,2026-07-15,4,04-08
btc-updown-5m-1784061300,2026-07-14 20:35:00+00:00,2026-07-14 20:26:01.201000+00:00,538.799,none,False,False,,,0.0,,,0.0,2026-07-15,4,04-08
btc-updown-5m-1784061600,2026-07-14 20:40:00+00:00,2026-07-14 20:31:13.442000+00:00,526.558,single,True,False,2026-07-14T20:43:36.551Z,,-0.29,0.14,,-0.14,2026-07-15,4,04-08
btc-updown-5m-1784061900,2026-07-14 20:45:00+00:00,2026-07-14 20:37:29.350000+00:00,450.65,single,False,True,,2026-07-14T20:48:54.369Z,-0.29,,0.27,-0.27,2026-07-15,4,04-08
btc-updown-5m-1784062200,2026-07-14 20:50:00+00:00,2026-07-14 20:40:36.633000+00:00,563.367,single,True,False,2026-07-14T20:52:19.698Z,,-0.29,0.25,,-0.25,2026-07-15,4,04-08
btc-updown-5m-1784062500,2026-07-14 20:55:00+00:00,2026-07-14 20:46:01.866000+00:00,538.134,none,False,False,,,0.0,,,0.0,2026-07-15,4,04-08
btc-updown-5m-1784062800,2026-07-14 21:00:00+00:00,2026-07-14 20:51:25.945000+00:00,514.055,single,True,False,2026-07-14T21:03:43.786Z,,-0.29,0.05,,-0.05,2026-07-15,4,04-08
btc-updown-5m-1784063100,2026-07-14 21:05:00+00:00,2026-07-14 20:56:31.379000+00:00,508.621,single,False,True,,2026-07-14T21:06:17.719Z,-0.29,,0.24,-0.24,2026-07-15,5,04-08
btc-updown-5m-1784063400,2026-07-14 21:10:00+00:00,2026-07-14 21:03:29.404000+00:00,390.596,none,False,False,,,0.0,,,0.0,2026-07-15,5,04-08
btc-updown-5m-1784063700,2026-07-14 21:15:00+00:00,2026-07-14 21:06:17.701000+00:00,522.299,none,False,False,,,0.0,,,0.0,2026-07-15,5,04-08
btc-updown-5m-1784064000,2026-07-14 21:20:00+00:00,2026-07-14 21:15:57.016000+00:00,242.984,none,False,False,,,0.0,,,0.0,2026-07-15,5,04-08
btc-updown-5m-1784064300,2026-07-14 21:25:00+00:00,2026-07-14 21:17:29.130000+00:00,450.87,none,False,False,,,0.0,,,0.0,2026-07-15,5,04-08
btc-updown-5m-1784064600,2026-07-14 21:30:00+00:00,2026-07-14 21:20:48.865000+00:00,551.135,none,False,False,,,0.0,,,0.0,2026-07-15,5,04-08
btc-updown-5m-1784064900,2026-07-14 21:35:00+00:00,2026-07-14 21:27:17.428000+00:00,462.572,none,False,False,,,0.0,,,0.0,2026-07-15,5,04-08
btc-updown-5m-1784065200,2026-07-14 21:40:00+00:00,2026-07-14 21:31:28.110000+00:00,511.89,paired,True,True,2026-07-14T21:44:57.581Z,2026-07-14T21:42:19.101Z,0.42,0.13,0.07,0.8,2026-07-15,5,04-08
btc-updown-5m-1784065500,2026-07-14 21:45:00+00:00,2026-07-14 21:35:36.993000+00:00,563.007,none,False,False,,,0.0,,,0.0,2026-07-15,5,04-08
btc-updown-5m-1784065800,2026-07-14 21:50:00+00:00,2026-07-14 21:41:06.800000+00:00,533.2,single,True,False,2026-07-14T21:54:41.529Z,,-0.29,0.02,,-0.02,2026-07-15,5,04-08
btc-updown-5m-1784066100,2026-07-14 21:55:00+00:00,2026-07-14 21:47:43.318000+00:00,436.682,none,False,False,,,0.0,,,0.0,2026-07-15,5,04-08
btc-updown-5m-1784066400,2026-07-14 22:00:00+00:00,2026-07-14 21:50:48.600000+00:00,551.4,single,True,False,2026-07-14T22:02:46.630Z,,-0.29,0.26,,-0.26,2026-07-15,5,04-08
btc-updown-5m-1784066700,2026-07-14 22:05:00+00:00,2026-07-14 21:56:27.003000+00:00,512.997,none,False,False,,,0.0,,,0.0,2026-07-15,6,04-08
btc-updown-5m-1784067000,2026-07-14 22:10:00+00:00,2026-07-14 22:02:19.662000+00:00,460.338,single,True,False,2026-07-14T22:14:18.346Z,,-0.29,0.01,,-0.01,2026-07-15,6,04-08
btc-updown-5m-1784067300,2026-07-14 22:15:00+00:00,2026-07-14 22:05:40.510000+00:00,559.49,none,False,False,,,0.0,,,0.0,2026-07-15,6,04-08
btc-updown-5m-1784067600,2026-07-14 22:20:00+00:00,2026-07-14 22:11:36.866000+00:00,503.134,single,False,True,,2026-07-14T22:21:16.927Z,-0.29,,0.09,-0.09,2026-07-15,6,04-08
btc-updown-5m-1784067900,2026-07-14 22:25:00+00:00,2026-07-14 22:16:44.093000+00:00,495.907,single,True,False,2026-07-14T22:26:11.277Z,,-0.29,0.21,,-0.21,2026-07-15,6,04-08
btc-updown-5m-1784068200,2026-07-14 22:30:00+00:00,2026-07-14 22:20:42.966000+00:00,557.034,none,False,False,,,0.0,,,0.0,2026-07-15,6,04-08
btc-updown-5m-1784068500,2026-07-14 22:35:00+00:00,2026-07-14 22:26:05.289000+00:00,534.711,single,False,True,,2026-07-14T22:38:21.525Z,-0.29,,0.23,-0.23,2026-07-15,6,04-08
btc-updown-5m-1784068800,2026-07-14 22:40:00+00:00,2026-07-14 22:32:00.486000+00:00,479.514,single,False,True,,2026-07-14T22:44:42.878Z,-0.29,,0.29,-0.29,2026-07-15,6,04-08
btc-updown-5m-1784069100,2026-07-14 22:45:00+00:00,2026-07-14 22:35:46.145000+00:00,553.855,single,False,True,,2026-07-14T22:46:50.787Z,-0.29,,0.17,-0.17,2026-07-15,6,04-08
btc-updown-5m-1784069400,2026-07-14 22:50:00+00:00,2026-07-14 22:42:35.168000+00:00,444.832,none,False,False,,,0.0,,,0.0,2026-07-15,6,04-08
btc-updown-5m-1784069700,2026-07-14 22:55:00+00:00,2026-07-14 22:46:42.917000+00:00,497.083,single,True,False,2026-07-14T22:59:18.338Z,,-0.29,0.03,,-0.03,2026-07-15,6,04-08
btc-updown-5m-1784070000,2026-07-14 23:00:00+00:00,2026-07-14 22:51:29.563000+00:00,510.437,none,False,False,,,0.0,,,0.0,2026-07-15,6,04-08
btc-updown-5m-1784070300,2026-07-14 23:05:00+00:00,2026-07-14 22:56:18.091000+00:00,521.909,none,False,False,,,0.0,,,0.0,2026-07-15,7,04-08
btc-updown-5m-1784070600,2026-07-14 23:10:00+00:00,2026-07-14 23:01:36.825000+00:00,503.175,single,False,True,,2026-07-14T23:11:48.152Z,-0.29,,0.1,-0.1,2026-07-15,7,04-08
btc-updown-5m-1784070900,2026-07-14 23:15:00+00:00,2026-07-14 23:06:29.103000+00:00,510.897,none,False,False,,,0.0,,,0.0,2026-07-15,7,04-08
btc-updown-5m-1784071200,2026-07-14 23:20:00+00:00,2026-07-14 23:10:55.770000+00:00,544.23,none,False,False,,,0.0,,,0.0,2026-07-15,7,04-08
btc-updown-5m-1784071500,2026-07-14 23:25:00+00:00,2026-07-14 23:17:19.637000+00:00,460.363,none,False,False,,,0.0,,,0.0,2026-07-15,7,04-08
btc-updown-5m-1784071800,2026-07-14 23:30:00+00:00,2026-07-14 23:20:14.510000+00:00,585.49,none,False,False,,,0.0,,,0.0,2026-07-15,7,04-08
btc-updown-5m-1784072100,2026-07-14 23:35:00+00:00,2026-07-14 23:26:25.387000+00:00,514.613,single,False,True,,2026-07-14T23:37:54.926Z,-0.29,,0.02,-0.02,2026-07-15,7,04-08
btc-updown-5m-1784072400,2026-07-14 23:40:00+00:00,2026-07-14 23:33:02.929000+00:00,417.071,none,False,False,,,0.0,,,0.0,2026-07-15,7,04-08
btc-updown-5m-1784072700,2026-07-14 23:45:00+00:00,2026-07-14 23:36:17.620000+00:00,522.38,none,False,False,,,0.0,,,0.0,2026-07-15,7,04-08
btc-updown-5m-1784073000,2026-07-14 23:50:00+00:00,2026-07-14 23:45:00.646000+00:00,299.354,none,False,False,,,0.0,,,0.0,2026-07-15,7,04-08
btc-updown-5m-1784073300,2026-07-14 23:55:00+00:00,2026-07-14 23:45:43.637000+00:00,556.363,none,False,False,,,0.0,,,0.0,2026-07-15,7,04-08
btc-updown-5m-1784073600,2026-07-15 00:00:00+00:00,2026-07-14 23:51:30.310000+00:00,509.69,none,False,False,,,0.0,,,0.0,2026-07-15,7,04-08
btc-updown-5m-1784073900,2026-07-15 00:05:00+00:00,2026-07-14 23:56:04.526000+00:00,535.474,none,False,False,,,0.0,,,0.0,2026-07-15,8,08-12
btc-updown-5m-1784074200,2026-07-15 00:10:00+00:00,2026-07-15 00:01:07.882000+00:00,532.118,none,False,False,,,0.0,,,0.0,2026-07-15,8,08-12
btc-updown-5m-1784074500,2026-07-15 00:15:00+00:00,2026-07-15 00:08:22.994000+00:00,397.006,none,False,False,,,0.0,,,0.0,2026-07-15,8,08-12
btc-updown-5m-1784074800,2026-07-15 00:20:00+00:00,2026-07-15 00:13:03.289000+00:00,416.711,none,False,False,,,0.0,,,0.0,2026-07-15,8,08-12
btc-updown-5m-1784075100,2026-07-15 00:25:00+00:00,2026-07-15 00:18:02.971000+00:00,417.029,paired,True,True,2026-07-15T00:26:48.775Z,2026-07-15T00:29:56.144Z,0.42,0.25,0.01,0.74,2026-07-15,8,08-12
btc-updown-5m-1784075400,2026-07-15 00:30:00+00:00,2026-07-15 00:20:56.521000+00:00,543.479,single,True,False,2026-07-15T00:33:48.889Z,,-0.29,0.12,,-0.12,2026-07-15,8,08-12
btc-updown-5m-1784075700,2026-07-15 00:35:00+00:00,2026-07-15 00:27:50.380000+00:00,429.62,single,True,False,2026-07-15T00:37:09.597Z,,-0.29,0.24,,-0.24,2026-07-15,8,08-12
btc-updown-5m-1784076000,2026-07-15 00:40:00+00:00,2026-07-15 00:31:24.800000+00:00,515.2,single,True,False,2026-07-15T00:44:39.303Z,,-0.29,0.01,,-0.01,2026-07-15,8,08-12
btc-updown-5m-1784076300,2026-07-15 00:45:00+00:00,2026-07-15 00:36:32.592000+00:00,507.408,single,False,True,,2026-07-15T00:49:04.520Z,-0.29,,0.13,-0.13,2026-07-15,8,08-12
btc-updown-5m-1784076600,2026-07-15 00:50:00+00:00,2026-07-15 00:41:35.931000+00:00,504.069,none,False,False,,,0.0,,,0.0,2026-07-15,8,08-12
btc-updown-5m-1784076900,2026-07-15 00:55:00+00:00,2026-07-15 00:48:28.910000+00:00,391.09,none,False,False,,,0.0,,,0.0,2026-07-15,8,08-12
btc-updown-5m-1784077200,2026-07-15 01:00:00+00:00,2026-07-15 00:51:51.921000+00:00,488.079,single,True,False,2026-07-15T01:00:56.381Z,,-0.29,0.17,,-0.17,2026-07-15,8,08-12
btc-updown-5m-1784077500,2026-07-15 01:05:00+00:00,2026-07-15 01:00:20.090000+00:00,279.91,none,False,False,,,0.0,,,0.0,2026-07-15,9,08-12
btc-updown-5m-1784077800,2026-07-15 01:10:00+00:00,2026-07-15 01:02:58.957000+00:00,421.043,none,False,False,,,0.0,,,0.0,2026-07-15,9,08-12
btc-updown-5m-1784078100,2026-07-15 01:15:00+00:00,2026-07-15 01:06:44.524000+00:00,495.476,single,True,False,2026-07-15T01:18:13.755Z,,-0.29,0.12,,-0.12,2026-07-15,9,08-12
btc-updown-5m-1784078400,2026-07-15 01:20:00+00:00,2026-07-15 01:10:40.662000+00:00,559.338,single,False,True,,2026-07-15T01:24:55.692Z,-0.29,,0.01,-0.01,2026-07-15,9,08-12
btc-updown-5m-1784078700,2026-07-15 01:25:00+00:00,2026-07-15 01:15:34.062000+00:00,565.938,none,False,False,,,0.0,,,0.0,2026-07-15,9,08-12
btc-updown-5m-1784079000,2026-07-15 01:30:00+00:00,2026-07-15 01:23:13.765000+00:00,406.235,single,True,False,2026-07-15T01:31:30.422Z,,-0.29,0.27,,-0.27,2026-07-15,9,08-12
btc-updown-5m-1784079300,2026-07-15 01:35:00+00:00,2026-07-15 01:25:59.122000+00:00,540.878,none,False,False,,,0.0,,,0.0,2026-07-15,9,08-12
btc-updown-5m-1784079600,2026-07-15 01:40:00+00:00,2026-07-15 01:30:54.250000+00:00,545.75,single,True,False,2026-07-15T01:43:13.540Z,,-0.29,0.2,,-0.2,2026-07-15,9,08-12
btc-updown-5m-1784079900,2026-07-15 01:45:00+00:00,2026-07-15 01:36:34.339000+00:00,505.661,single,True,False,2026-07-15T01:49:14.854Z,,-0.29,0.01,,-0.01,2026-07-15,9,08-12
btc-updown-5m-1784080200,2026-07-15 01:50:00+00:00,2026-07-15 01:43:06.853000+00:00,413.147,single,True,False,2026-07-15T01:54:48.267Z,,-0.29,0.29,,-0.29,2026-07-15,9,08-12
btc-updown-5m-1784080500,2026-07-15 01:55:00+00:00,2026-07-15 01:46:32.014000+00:00,507.986,none,False,False,,,0.0,,,0.0,2026-07-15,9,08-12
btc-updown-5m-1784080800,2026-07-15 02:00:00+00:00,2026-07-15 01:51:56.864000+00:00,483.136,single,True,False,2026-07-15T02:02:02.385Z,,-0.29,0.27,,-0.27,2026-07-15,9,08-12
btc-updown-5m-1784081100,2026-07-15 02:05:00+00:00,2026-07-15 01:55:31.332000+00:00,568.668,single,False,True,,2026-07-15T02:08:33.635Z,-0.29,,0.24,-0.24,2026-07-15,10,08-12
btc-updown-5m-1784081400,2026-07-15 02:10:00+00:00,2026-07-15 02:02:02.372000+00:00,477.628,none,False,False,,,0.0,,,0.0,2026-07-15,10,08-12
btc-updown-5m-1784081700,2026-07-15 02:15:00+00:00,2026-07-15 02:07:50.026000+00:00,429.974,single,True,False,2026-07-15T02:19:19.490Z,,-0.29,0.01,,-0.01,2026-07-15,10,08-12
btc-updown-5m-1784082000,2026-07-15 02:20:00+00:00,2026-07-15 02:10:41.013000+00:00,558.987,none,False,False,,,0.0,,,0.0,2026-07-15,10,08-12
btc-updown-5m-1784082300,2026-07-15 02:25:00+00:00,2026-07-15 02:17:11.072000+00:00,468.928,none,False,False,,,0.0,,,0.0,2026-07-15,10,08-12
btc-updown-5m-1784082600,2026-07-15 02:30:00+00:00,2026-07-15 02:20:55.476000+00:00,544.524,single,True,False,2026-07-15T02:32:54.131Z,,-0.29,0.29,,-0.29,2026-07-15,10,08-12
btc-updown-5m-1784082900,2026-07-15 02:35:00+00:00,2026-07-15 02:26:08.746000+00:00,531.254,single,False,True,,2026-07-15T02:38:49.521Z,-0.29,,0.29,-0.29,2026-07-15,10,08-12
btc-updown-5m-1784083200,2026-07-15 02:40:00+00:00,2026-07-15 02:34:05.616000+00:00,354.384,single,False,True,,2026-07-15T02:42:25.012Z,-0.29,,0.26,-0.26,2026-07-15,10,08-12
btc-updown-5m-1784083500,2026-07-15 02:45:00+00:00,2026-07-15 02:35:28.626000+00:00,571.374,none,False,False,,,0.0,,,0.0,2026-07-15,10,08-12
btc-updown-5m-1784083800,2026-07-15 02:50:00+00:00,2026-07-15 02:41:41.950000+00:00,498.05,single,True,False,2026-07-15T02:51:54.198Z,,-0.29,0.29,,-0.29,2026-07-15,10,08-12
btc-updown-5m-1784084100,2026-07-15 02:55:00+00:00,2026-07-15 02:49:40.508000+00:00,319.492,single,True,False,2026-07-15T02:59:39.465Z,,-0.29,0.07,,-0.07,2026-07-15,10,08-12
btc-updown-5m-1784084400,2026-07-15 03:00:00+00:00,2026-07-15 02:53:34.553000+00:00,385.447,none,False,False,,,0.0,,,0.0,2026-07-15,10,08-12
btc-updown-5m-1784084700,2026-07-15 03:05:00+00:00,2026-07-15 02:55:41.716000+00:00,558.284,single,False,True,,2026-07-15T03:09:23.188Z,-0.29,,0.01,-0.01,2026-07-15,11,08-12
btc-updown-5m-1784085000,2026-07-15 03:10:00+00:00,2026-07-15 03:01:16.851000+00:00,523.149,single,False,True,,2026-07-15T03:14:31.766Z,-0.29,,0.13,-0.13,2026-07-15,11,08-12
btc-updown-5m-1784085300,2026-07-15 03:15:00+00:00,2026-07-15 03:06:33.777000+00:00,506.223,none,False,False,,,0.0,,,0.0,2026-07-15,11,08-12
btc-updown-5m-1784085600,2026-07-15 03:20:00+00:00,2026-07-15 03:12:01.091000+00:00,478.909,none,False,False,,,0.0,,,0.0,2026-07-15,11,08-12
btc-updown-5m-1784085900,2026-07-15 03:25:00+00:00,2026-07-15 03:17:23.238000+00:00,456.762,none,False,False,,,0.0,,,0.0,2026-07-15,11,08-12
btc-updown-5m-1784086200,2026-07-15 03:30:00+00:00,2026-07-15 03:20:46.949000+00:00,553.051,single,False,True,,2026-07-15T03:33:36.750Z,-0.29,,0.011,-0.011,2026-07-15,11,08-12
btc-updown-5m-1784086500,2026-07-15 03:35:00+00:00,2026-07-15 03:27:00.306000+00:00,479.694,none,False,False,,,0.0,,,0.0,2026-07-15,11,08-12
btc-updown-5m-1784086800,2026-07-15 03:40:00+00:00,2026-07-15 03:31:23.649000+00:00,516.351,none,False,False,,,0.0,,,0.0,2026-07-15,11,08-12
btc-updown-5m-1784087100,2026-07-15 03:45:00+00:00,2026-07-15 03:36:27.394000+00:00,512.606,none,False,False,,,0.0,,,0.0,2026-07-15,11,08-12
btc-updown-5m-1784087400,2026-07-15 03:50:00+00:00,2026-07-15 03:42:13.243000+00:00,466.757,none,False,False,,,0.0,,,0.0,2026-07-15,11,08-12
btc-updown-5m-1784087700,2026-07-15 03:55:00+00:00,2026-07-15 03:48:11.098000+00:00,408.902,single,False,True,,2026-07-15T03:57:48.246Z,-0.29,,0.23,-0.23,2026-07-15,11,08-12
btc-updown-5m-1784088000,2026-07-15 04:00:00+00:00,2026-07-15 03:50:51.993000+00:00,548.007,none,False,False,,,0.0,,,0.0,2026-07-15,11,08-12
btc-updown-5m-1784088300,2026-07-15 04:05:00+00:00,2026-07-15 03:57:29.881000+00:00,450.119,single,False,True,,2026-07-15T04:06:36.877Z,-0.29,,0.09,-0.09,2026-07-15,12,12-16
btc-updown-5m-1784088600,2026-07-15 04:10:00+00:00,2026-07-15 04:01:29.400000+00:00,510.6,single,False,True,,2026-07-15T04:14:37.123Z,-0.29,,0.01,-0.01,2026-07-15,12,12-16
btc-updown-5m-1784088900,2026-07-15 04:15:00+00:00,2026-07-15 04:06:06.805000+00:00,533.195,none,False,False,,,0.0,,,0.0,2026-07-15,12,12-16
btc-updown-5m-1784089200,2026-07-15 04:20:00+00:00,2026-07-15 04:11:27.295000+00:00,512.705,none,False,False,,,0.0,,,0.0,2026-07-15,12,12-16
btc-updown-5m-1784089500,2026-07-15 04:25:00+00:00,2026-07-15 04:19:02.402000+00:00,357.598,none,False,False,,,0.0,,,0.0,2026-07-15,12,12-16
btc-updown-5m-1784089800,2026-07-15 04:30:00+00:00,2026-07-15 04:21:46.539000+00:00,493.461,single,True,False,2026-07-15T04:31:44.805Z,,-0.29,0.24,,-0.24,2026-07-15,12,12-16
btc-updown-5m-1784090100,2026-07-15 04:35:00+00:00,2026-07-15 04:28:35.731000+00:00,384.269,none,False,False,,,0.0,,,0.0,2026-07-15,12,12-16
btc-updown-5m-1784090400,2026-07-15 04:40:00+00:00,2026-07-15 04:31:14.649000+00:00,525.351,none,False,False,,,0.0,,,0.0,2026-07-15,12,12-16
btc-updown-5m-1784090700,2026-07-15 04:45:00+00:00,2026-07-15 04:39:18.761000+00:00,341.239,single,False,True,,2026-07-15T04:49:23.854Z,-0.29,,0.02,-0.02,2026-07-15,12,12-16
btc-updown-5m-1784091000,2026-07-15 04:50:00+00:00,2026-07-15 04:42:56.631000+00:00,423.369,none,False,False,,,0.0,,,0.0,2026-07-15,12,12-16
btc-updown-5m-1784091300,2026-07-15 04:55:00+00:00,2026-07-15 04:46:57.846000+00:00,482.154,single,True,False,2026-07-15T04:59:22.721Z,,-0.29,0.01,,-0.01,2026-07-15,12,12-16
btc-updown-5m-1784091600,2026-07-15 05:00:00+00:00,2026-07-15 04:52:20.591000+00:00,459.409,single,False,True,,2026-07-15T05:03:20.575Z,-0.29,,0.29,-0.29,2026-07-15,12,12-16
btc-updown-5m-1784091900,2026-07-15 05:05:00+00:00,2026-07-15 04:55:47.175000+00:00,552.825,none,False,False,,,0.0,,,0.0,2026-07-15,13,12-16
btc-updown-5m-1784092200,2026-07-15 05:10:00+00:00,2026-07-15 05:01:55.313000+00:00,484.687,single,True,False,2026-07-15T05:11:47.022Z,,-0.29,0.11,,-0.11,2026-07-15,13,12-16
btc-updown-5m-1784092500,2026-07-15 05:15:00+00:00,2026-07-15 05:10:20.046000+00:00,279.954,none,False,False,,,0.0,,,0.0,2026-07-15,13,12-16
btc-updown-5m-1784092800,2026-07-15 05:20:00+00:00,2026-07-15 05:11:22.264000+00:00,517.736,none,False,False,,,0.0,,,0.0,2026-07-15,13,12-16
btc-updown-5m-1784093100,2026-07-15 05:25:00+00:00,2026-07-15 05:20:26.475000+00:00,273.525,none,False,False,,,0.0,,,0.0,2026-07-15,13,12-16
btc-updown-5m-1784093400,2026-07-15 05:30:00+00:00,2026-07-15 05:21:16.534000+00:00,523.466,none,False,False,,,0.0,,,0.0,2026-07-15,13,12-16
btc-updown-5m-1784093700,2026-07-15 05:35:00+00:00,2026-07-15 05:26:16.744000+00:00,523.256,none,False,False,,,0.0,,,0.0,2026-07-15,13,12-16
btc-updown-5m-1784094000,2026-07-15 05:40:00+00:00,2026-07-15 05:30:44.969000+00:00,555.031,none,False,False,,,0.0,,,0.0,2026-07-15,13,12-16
btc-updown-5m-1784094300,2026-07-15 05:45:00+00:00,2026-07-15 05:36:10.099000+00:00,529.901,single,False,True,,2026-07-15T05:49:32.089Z,-0.29,,0.13,-0.13,2026-07-15,13,12-16
btc-updown-5m-1784094600,2026-07-15 05:50:00+00:00,2026-07-15 05:43:21.011000+00:00,398.989,none,False,False,,,0.0,,,0.0,2026-07-15,13,12-16
btc-updown-5m-1784094900,2026-07-15 05:55:00+00:00,2026-07-15 05:49:01.942000+00:00,358.058,none,False,False,,,0.0,,,0.0,2026-07-15,13,12-16
btc-updown-5m-1784095200,2026-07-15 06:00:00+00:00,2026-07-15 05:51:32.926000+00:00,507.074,none,False,False,,,0.0,,,0.0,2026-07-15,13,12-16
btc-updown-5m-1784095500,2026-07-15 06:05:00+00:00,2026-07-15 05:56:16.374000+00:00,523.626,single,False,True,,2026-07-15T06:08:19.701Z,-0.29,,0.04,-0.04,2026-07-15,14,12-16
btc-updown-5m-1784095800,2026-07-15 06:10:00+00:00,2026-07-15 06:07:02.422000+00:00,177.578,single,False,True,,2026-07-15T06:13:34.197Z,-0.29,,0.14,-0.14,2026-07-15,14,12-16
btc-updown-5m-1784096100,2026-07-15 06:15:00+00:00,2026-07-15 06:09:17.048000+00:00,342.952,single,True,False,2026-07-15T06:17:31.074Z,,-0.29,0.17,,-0.17,2026-07-15,14,12-16
btc-updown-5m-1784096400,2026-07-15 06:20:00+00:00,2026-07-15 06:11:07.741000+00:00,532.259,single,False,True,,2026-07-15T06:24:09.709Z,-0.29,,0.09,-0.09,2026-07-15,14,12-16
btc-updown-5m-1784096700,2026-07-15 06:25:00+00:00,2026-07-15 06:17:14.733000+00:00,465.267,single,True,False,2026-07-15T06:27:33.465Z,,-0.29,0.16,,-0.16,2026-07-15,14,12-16
btc-updown-5m-1784097000,2026-07-15 06:30:00+00:00,2026-07-15 06:23:34.230000+00:00,385.77,none,False,False,,,0.0,,,0.0,2026-07-15,14,12-16
btc-updown-5m-1784097300,2026-07-15 06:35:00+00:00,2026-07-15 06:25:44.392000+00:00,555.608,single,True,False,2026-07-15T06:39:50.623Z,,-0.29,0.01,,-0.01,2026-07-15,14,12-16
btc-updown-5m-1784097600,2026-07-15 06:40:00+00:00,2026-07-15 06:32:39.291000+00:00,440.709,none,False,False,,,0.0,,,0.0,2026-07-15,14,12-16
btc-updown-5m-1784097900,2026-07-15 06:45:00+00:00,2026-07-15 06:35:53.742000+00:00,546.258,single,True,False,2026-07-15T06:48:42.415Z,,-0.29,0.14,,-0.14,2026-07-15,14,12-16
btc-updown-5m-1784098200,2026-07-15 06:50:00+00:00,2026-07-15 06:41:34.762000+00:00,505.238,single,True,False,2026-07-15T06:53:49.914Z,,-0.29,0.07,,-0.07,2026-07-15,14,12-16
btc-updown-5m-1784098500,2026-07-15 06:55:00+00:00,2026-07-15 06:45:54.782000+00:00,545.218,single,False,True,,2026-07-15T06:55:53.336Z,-0.29,,0.22,-0.22,2026-07-15,14,12-16
btc-updown-5m-1784098800,2026-07-15 07:00:00+00:00,2026-07-15 06:51:17.402000+00:00,522.598,single,True,False,2026-07-15T07:02:49.117Z,,-0.29,0.15,,-0.15,2026-07-15,14,12-16
btc-updown-5m-1784099100,2026-07-15 07:05:00+00:00,2026-07-15 06:55:53.327000+00:00,546.673,single,True,False,2026-07-15T07:08:56.666Z,,-0.29,0.25,,-0.25,2026-07-15,15,12-16
btc-updown-5m-1784099400,2026-07-15 07:10:00+00:00,2026-07-15 07:01:27.792000+00:00,512.208,none,False,False,,,0.0,,,0.0,2026-07-15,15,12-16
btc-updown-5m-1784099700,2026-07-15 07:15:00+00:00,2026-07-15 07:07:44.170000+00:00,435.83,single,True,False,2026-07-15T07:19:46.353Z,,-0.29,0.03,,-0.03,2026-07-15,15,12-16
btc-updown-5m-1784100000,2026-07-15 07:20:00+00:00,2026-07-15 07:10:51.560000+00:00,548.44,single,True,False,2026-07-15T07:22:20.347Z,,-0.29,0.04,,-0.04,2026-07-15,15,12-16
btc-updown-5m-1784100300,2026-07-15 07:25:00+00:00,2026-07-15 07:19:15.297000+00:00,344.703,none,False,False,,,0.0,,,0.0,2026-07-15,15,12-16
btc-updown-5m-1784100600,2026-07-15 07:30:00+00:00,2026-07-15 07:20:48.719000+00:00,551.281,none,False,False,,,0.0,,,0.0,2026-07-15,15,12-16
btc-updown-5m-1784100900,2026-07-15 07:35:00+00:00,2026-07-15 07:26:45.083000+00:00,494.917,none,False,False,,,0.0,,,0.0,2026-07-15,15,12-16
btc-updown-5m-1784101200,2026-07-15 07:40:00+00:00,2026-07-15 07:31:23.695000+00:00,516.305,single,False,True,,2026-07-15T07:41:54.880Z,-0.29,,0.27,-0.27,2026-07-15,15,12-16
btc-updown-5m-1784101500,2026-07-15 07:45:00+00:00,2026-07-15 07:36:03.034000+00:00,536.966,single,True,False,2026-07-15T07:48:11.079Z,,-0.29,0.25,,-0.25,2026-07-15,15,12-16
btc-updown-5m-1784101800,2026-07-15 07:50:00+00:00,2026-07-15 07:42:47.498000+00:00,432.502,none,False,False,,,0.0,,,0.0,2026-07-15,15,12-16
btc-updown-5m-1784102100,2026-07-15 07:55:00+00:00,2026-07-15 07:47:05.254000+00:00,474.746,none,False,False,,,0.0,,,0.0,2026-07-15,15,12-16
btc-updown-5m-1784102400,2026-07-15 08:00:00+00:00,2026-07-15 07:51:00.005000+00:00,539.995,single,False,True,,2026-07-15T08:01:44.292Z,-0.29,,0.06,-0.06,2026-07-15,15,12-16
btc-updown-5m-1784102700,2026-07-15 08:05:00+00:00,2026-07-15 08:00:52.174000+00:00,247.826,none,False,False,,,0.0,,,0.0,2026-07-15,16,16-20
btc-updown-5m-1784103000,2026-07-15 08:10:00+00:00,2026-07-15 08:04:02.817000+00:00,357.183,single,False,True,,2026-07-15T08:14:42.872Z,-0.29,,0.1,-0.1,2026-07-15,16,16-20
btc-updown-5m-1784103300,2026-07-15 08:15:00+00:00,2026-07-15 08:10:46.227000+00:00,253.773,none,False,False,,,0.0,,,0.0,2026-07-15,16,16-20
btc-updown-5m-1784103600,2026-07-15 08:20:00+00:00,2026-07-15 08:14:27.095000+00:00,332.905,none,False,False,,,0.0,,,0.0,2026-07-15,16,16-20
btc-updown-5m-1784103900,2026-07-15 08:25:00+00:00,2026-07-15 08:16:23.005000+00:00,516.995,none,False,False,,,0.0,,,0.0,2026-07-15,16,16-20
btc-updown-5m-1784104200,2026-07-15 08:30:00+00:00,2026-07-15 08:23:21.978000+00:00,398.022,none,False,False,,,0.0,,,0.0,2026-07-15,16,16-20
btc-updown-5m-1784104500,2026-07-15 08:35:00+00:00,2026-07-15 08:27:11.206000+00:00,468.794,none,False,False,,,0.0,,,0.0,2026-07-15,16,16-20
btc-updown-5m-1784104800,2026-07-15 08:40:00+00:00,2026-07-15 08:31:17.328000+00:00,522.672,none,False,False,,,0.0,,,0.0,2026-07-15,16,16-20
btc-updown-5m-1784105100,2026-07-15 08:45:00+00:00,2026-07-15 08:36:34.485000+00:00,505.515,none,False,False,,,0.0,,,0.0,2026-07-15,16,16-20
btc-updown-5m-1784105400,2026-07-15 08:50:00+00:00,2026-07-15 08:40:59.217000+00:00,540.783,none,False,False,,,0.0,,,0.0,2026-07-15,16,16-20
btc-updown-5m-1784105700,2026-07-15 08:55:00+00:00,2026-07-15 08:47:45.117000+00:00,434.883,single,False,True,,2026-07-15T08:59:41.838Z,-0.29,,0.15,-0.15,2026-07-15,16,16-20
btc-updown-5m-1784106000,2026-07-15 09:00:00+00:00,2026-07-15 08:52:42.294000+00:00,437.706,none,False,False,,,0.0,,,0.0,2026-07-15,16,16-20
btc-updown-5m-1784106300,2026-07-15 09:05:00+00:00,2026-07-15 08:56:56.703000+00:00,483.297,none,False,False,,,0.0,,,0.0,2026-07-15,17,16-20
btc-updown-5m-1784106600,2026-07-15 09:10:00+00:00,2026-07-15 09:01:39.763000+00:00,500.237,none,False,False,,,0.0,,,0.0,2026-07-15,17,16-20
btc-updown-5m-1784106900,2026-07-15 09:15:00+00:00,2026-07-15 09:08:57.802000+00:00,362.198,single,False,True,,2026-07-15T09:18:59.777Z,-0.29,,0.02,-0.02,2026-07-15,17,16-20
btc-updown-5m-1784107200,2026-07-15 09:20:00+00:00,2026-07-15 09:11:46.362000+00:00,493.638,single,False,True,,2026-07-15T09:22:44.360Z,-0.29,,0.2,-0.2,2026-07-15,17,16-20
btc-updown-5m-1784107500,2026-07-15 09:25:00+00:00,2026-07-15 09:18:08.582000+00:00,411.418,none,False,False,,,0.0,,,0.0,2026-07-15,17,16-20
btc-updown-5m-1784107800,2026-07-15 09:30:00+00:00,2026-07-15 09:21:40.737000+00:00,499.263,single,True,False,2026-07-15T09:33:14.203Z,,-0.29,0.09,,-0.09,2026-07-15,17,16-20
btc-updown-5m-1784108100,2026-07-15 09:35:00+00:00,2026-07-15 09:27:47.205000+00:00,432.795,none,False,False,,,0.0,,,0.0,2026-07-15,17,16-20
btc-updown-5m-1784108400,2026-07-15 09:40:00+00:00,2026-07-15 09:33:56.605000+00:00,363.395,none,False,False,,,0.0,,,0.0,2026-07-15,17,16-20
btc-updown-5m-1784108700,2026-07-15 09:45:00+00:00,2026-07-15 09:40:02.292000+00:00,297.708,single,False,True,,2026-07-15T09:47:52.242Z,-0.29,,0.29,-0.29,2026-07-15,17,16-20
btc-updown-5m-1784109000,2026-07-15 09:50:00+00:00,2026-07-15 09:41:18.998000+00:00,521.002,none,False,False,,,0.0,,,0.0,2026-07-15,17,16-20
btc-updown-5m-1784109300,2026-07-15 09:55:00+00:00,2026-07-15 09:49:04.793000+00:00,355.207,none,False,False,,,0.0,,,0.0,2026-07-15,17,16-20
btc-updown-5m-1784109600,2026-07-15 10:00:00+00:00,2026-07-15 09:50:55.771000+00:00,544.229,single,False,True,,2026-07-15T10:03:56.654Z,-0.29,,0.02,-0.02,2026-07-15,17,16-20
btc-updown-5m-1784109900,2026-07-15 10:05:00+00:00,2026-07-15 09:57:04.550000+00:00,475.45,single,False,True,,2026-07-15T10:07:08.326Z,-0.29,,0.11,-0.11,2026-07-15,18,16-20
btc-updown-5m-1784110200,2026-07-15 10:10:00+00:00,2026-07-15 10:03:24.197000+00:00,395.803,none,False,False,,,0.0,,,0.0,2026-07-15,18,16-20
btc-updown-5m-1784110500,2026-07-15 10:15:00+00:00,2026-07-15 10:06:36.912000+00:00,503.088,none,False,False,,,0.0,,,0.0,2026-07-15,18,16-20
btc-updown-5m-1784110800,2026-07-15 10:20:00+00:00,2026-07-15 10:13:36.142000+00:00,383.858,none,False,False,,,0.0,,,0.0,2026-07-15,18,16-20
btc-updown-5m-1784111100,2026-07-15 10:25:00+00:00,2026-07-15 10:17:51+00:00,429.0,none,False,False,,,0.0,,,0.0,2026-07-15,18,16-20
btc-updown-5m-1784111400,2026-07-15 10:30:00+00:00,2026-07-15 10:20:45.706000+00:00,554.294,none,False,False,,,0.0,,,0.0,2026-07-15,18,16-20
btc-updown-5m-1784111700,2026-07-15 10:35:00+00:00,2026-07-15 10:26:30.213000+00:00,509.787,single,False,True,,2026-07-15T10:39:32.707Z,-0.29,,0.01,-0.01,2026-07-15,18,16-20
btc-updown-5m-1784112000,2026-07-15 10:40:00+00:00,2026-07-15 10:32:53.473000+00:00,426.527,single,True,False,2026-07-15T10:42:51.235Z,,-0.29,0.23,,-0.23,2026-07-15,18,16-20
btc-updown-5m-1784112300,2026-07-15 10:45:00+00:00,2026-07-15 10:36:32.469000+00:00,507.531,none,False,False,,,0.0,,,0.0,2026-07-15,18,16-20
btc-updown-5m-1784112600,2026-07-15 10:50:00+00:00,2026-07-15 10:42:03.366000+00:00,476.634,single,True,False,2026-07-15T10:51:07.213Z,,-0.29,0.27,,-0.27,2026-07-15,18,16-20
btc-updown-5m-1784112900,2026-07-15 10:55:00+00:00,2026-07-15 10:47:28.011000+00:00,451.989,none,False,False,,,0.0,,,0.0,2026-07-15,18,16-20
btc-updown-5m-1784113200,2026-07-15 11:00:00+00:00,2026-07-15 10:52:01.558000+00:00,478.442,none,False,False,,,0.0,,,0.0,2026-07-15,18,16-20
btc-updown-5m-1784113500,2026-07-15 11:05:00+00:00,2026-07-15 10:58:05.820000+00:00,414.18,single,False,True,,2026-07-15T11:07:32.188Z,-0.29,,0.12,-0.12,2026-07-15,19,16-20
btc-updown-5m-1784113800,2026-07-15 11:10:00+00:00,2026-07-15 11:02:21.591000+00:00,458.409,single,True,False,2026-07-15T11:11:37.069Z,,-0.29,0.13,,-0.13,2026-07-15,19,16-20
btc-updown-5m-1784114100,2026-07-15 11:15:00+00:00,2026-07-15 11:06:03.056000+00:00,536.944,none,False,False,,,0.0,,,0.0,2026-07-15,19,16-20
btc-updown-5m-1784114400,2026-07-15 11:20:00+00:00,2026-07-15 11:11:23.804000+00:00,516.196,none,False,False,,,0.0,,,0.0,2026-07-15,19,16-20
btc-updown-5m-1784114700,2026-07-15 11:25:00+00:00,2026-07-15 11:18:11.219000+00:00,408.781,none,False,False,,,0.0,,,0.0,2026-07-15,19,16-20
btc-updown-5m-1784115000,2026-07-15 11:30:00+00:00,2026-07-15 11:22:54.793000+00:00,425.207,none,False,False,,,0.0,,,0.0,2026-07-15,19,16-20
btc-updown-5m-1784115300,2026-07-15 11:35:00+00:00,2026-07-15 11:29:24.798000+00:00,335.202,none,False,False,,,0.0,,,0.0,2026-07-15,19,16-20
btc-updown-5m-1784115600,2026-07-15 11:40:00+00:00,2026-07-15 11:31:39.953000+00:00,500.047,single,True,False,2026-07-15T11:42:32.068Z,,-0.29,0.2,,-0.2,2026-07-15,19,16-20
btc-updown-5m-1784115900,2026-07-15 11:45:00+00:00,2026-07-15 11:36:39.908000+00:00,500.092,none,False,False,,,0.0,,,0.0,2026-07-15,19,16-20
btc-updown-5m-1784116200,2026-07-15 11:50:00+00:00,2026-07-15 11:41:35.142000+00:00,504.858,single,False,True,,2026-07-15T11:52:23.054Z,-0.29,,0.24,-0.24,2026-07-15,19,16-20
btc-updown-5m-1784116500,2026-07-15 11:55:00+00:00,2026-07-15 11:45:52.803000+00:00,547.197,single,False,True,,2026-07-15T11:59:16.329Z,-0.29,,0.05,-0.05,2026-07-15,19,16-20
btc-updown-5m-1784116800,2026-07-15 12:00:00+00:00,2026-07-15 11:52:23.007000+00:00,456.993,none,False,False,,,0.0,,,0.0,2026-07-15,19,16-20
btc-updown-5m-1784117100,2026-07-15 12:05:00+00:00,2026-07-15 11:57:05.167000+00:00,474.833,single,True,False,2026-07-15T12:07:20.814Z,,-0.29,0.05,,-0.05,2026-07-15,20,20-24
btc-updown-5m-1784117400,2026-07-15 12:10:00+00:00,2026-07-15 12:01:35.882000+00:00,504.118,none,False,False,,,0.0,,,0.0,2026-07-15,20,20-24
btc-updown-5m-1784117700,2026-07-15 12:15:00+00:00,2026-07-15 12:06:25.486000+00:00,514.514,none,False,False,,,0.0,,,0.0,2026-07-15,20,20-24
btc-updown-5m-1784118000,2026-07-15 12:20:00+00:00,2026-07-15 12:11:52.434000+00:00,487.566,none,False,False,,,0.0,,,0.0,2026-07-15,20,20-24
btc-updown-5m-1784118300,2026-07-15 12:25:00+00:00,2026-07-15 12:15:40.312000+00:00,559.688,none,False,False,,,0.0,,,0.0,2026-07-15,20,20-24
btc-updown-5m-1784118600,2026-07-15 12:30:00+00:00,2026-07-15 12:28:36.116000+00:00,83.884,none,False,False,,,0.0,,,0.0,2026-07-15,20,20-24
btc-updown-5m-1784118900,2026-07-15 12:35:00+00:00,2026-07-15 12:29:13.144000+00:00,346.856,none,False,False,,,0.0,,,0.0,2026-07-15,20,20-24
btc-updown-5m-1784119200,2026-07-15 12:40:00+00:00,2026-07-15 12:31:57.455000+00:00,482.545,single,True,False,2026-07-15T12:44:57.073Z,,-0.29,0.01,,-0.01,2026-07-15,20,20-24
btc-updown-5m-1784119500,2026-07-15 12:45:00+00:00,2026-07-15 12:39:21.859000+00:00,338.141,single,False,True,,2026-07-15T12:49:50.909Z,-0.29,,0.005,-0.005,2026-07-15,20,20-24
btc-updown-5m-1784119800,2026-07-15 12:50:00+00:00,2026-07-15 12:42:20.147000+00:00,459.853,single,False,True,,2026-07-15T12:54:52.594Z,-0.29,,0.01,-0.01,2026-07-15,20,20-24
btc-updown-5m-1784120100,2026-07-15 12:55:00+00:00,2026-07-15 12:47:21.952000+00:00,458.048,none,False,False,,,0.0,,,0.0,2026-07-15,20,20-24
btc-updown-5m-1784120400,2026-07-15 13:00:00+00:00,2026-07-15 12:52:17.822000+00:00,462.178,none,False,False,,,0.0,,,0.0,2026-07-15,20,20-24
btc-updown-5m-1784120700,2026-07-15 13:05:00+00:00,2026-07-15 12:56:41.709000+00:00,498.291,none,False,False,,,0.0,,,0.0,2026-07-15,21,20-24
btc-updown-5m-1784121000,2026-07-15 13:10:00+00:00,2026-07-15 13:04:53.570000+00:00,306.43,single,False,True,,2026-07-15T13:14:56.858Z,-0.29,,0.01,-0.01,2026-07-15,21,20-24
btc-updown-5m-1784121300,2026-07-15 13:15:00+00:00,2026-07-15 13:09:27.711000+00:00,332.289,single,False,True,,2026-07-15T13:18:20.423Z,-0.29,,0.06,-0.06,2026-07-15,21,20-24
btc-updown-5m-1784121600,2026-07-15 13:20:00+00:00,2026-07-15 13:10:52.613000+00:00,547.387,none,False,False,,,0.0,,,0.0,2026-07-15,21,20-24
btc-updown-5m-1784121900,2026-07-15 13:25:00+00:00,2026-07-15 13:17:06.674000+00:00,473.326,none,False,False,,,0.0,,,0.0,2026-07-15,21,20-24
btc-updown-5m-1784122200,2026-07-15 13:30:00+00:00,2026-07-15 13:23:03.854000+00:00,416.146,none,False,False,,,0.0,,,0.0,2026-07-15,21,20-24
btc-updown-5m-1784122500,2026-07-15 13:35:00+00:00,2026-07-15 13:26:57.865000+00:00,482.135,none,False,False,,,0.0,,,0.0,2026-07-15,21,20-24
btc-updown-5m-1784122800,2026-07-15 13:40:00+00:00,2026-07-15 13:30:53.501000+00:00,546.499,none,False,False,,,0.0,,,0.0,2026-07-15,21,20-24
btc-updown-5m-1784123100,2026-07-15 13:45:00+00:00,2026-07-15 13:36:47.198000+00:00,492.802,none,False,False,,,0.0,,,0.0,2026-07-15,21,20-24
btc-updown-5m-1784123400,2026-07-15 13:50:00+00:00,2026-07-15 13:41:17.485000+00:00,522.515,none,False,False,,,0.0,,,0.0,2026-07-15,21,20-24
btc-updown-5m-1784123700,2026-07-15 13:55:00+00:00,2026-07-15 13:46:31.786000+00:00,508.214,none,False,False,,,0.0,,,0.0,2026-07-15,21,20-24
btc-updown-5m-1784124000,2026-07-15 14:00:00+00:00,2026-07-15 13:51:37.195000+00:00,502.805,none,False,False,,,0.0,,,0.0,2026-07-15,21,20-24
btc-updown-5m-1784124300,2026-07-15 14:05:00+00:00,2026-07-15 13:56:39.569000+00:00,500.431,none,False,False,,,0.0,,,0.0,2026-07-15,22,20-24
btc-updown-5m-1784124900,2026-07-15 14:15:00+00:00,2026-07-15 14:08:05.489000+00:00,414.511,none,False,False,,,0.0,,,0.0,2026-07-15,22,20-24
btc-updown-5m-1784125200,2026-07-15 14:20:00+00:00,2026-07-15 14:12:17.496000+00:00,462.504,none,False,False,,,0.0,,,0.0,2026-07-15,22,20-24
btc-updown-5m-1784125500,2026-07-15 14:25:00+00:00,2026-07-15 14:15:07.490000+00:00,592.51,single,False,True,,2026-07-15T14:28:26.187Z,-0.29,,0.1,-0.1,2026-07-15,22,20-24
btc-updown-5m-1784125800,2026-07-15 14:30:00+00:00,2026-07-15 14:21:11.799000+00:00,528.201,none,False,False,,,0.0,,,0.0,2026-07-15,22,20-24
btc-updown-5m-1784126100,2026-07-15 14:35:00+00:00,2026-07-15 14:27:29.751000+00:00,450.249,none,False,False,,,0.0,,,0.0,2026-07-15,22,20-24
btc-updown-5m-1784126400,2026-07-15 14:40:00+00:00,2026-07-15 14:31:10.276000+00:00,529.724,single,False,True,,2026-07-15T14:41:49.693Z,-0.29,,0.26,-0.26,2026-07-15,22,20-24
btc-updown-5m-1784126700,2026-07-15 14:45:00+00:00,2026-07-15 14:39:11.317000+00:00,348.683,single,True,False,2026-07-15T14:47:05.175Z,,-0.29,0.28,,-0.28,2026-07-15,22,20-24
btc-updown-5m-1784127000,2026-07-15 14:50:00+00:00,2026-07-15 14:41:25.776000+00:00,514.224,single,True,False,2026-07-15T14:54:44.764Z,,-0.29,0.23,,-0.23,2026-07-15,22,20-24
btc-updown-5m-1784127300,2026-07-15 14:55:00+00:00,2026-07-15 14:47:51.961000+00:00,428.039,none,False,False,,,0.0,,,0.0,2026-07-15,22,20-24
btc-updown-5m-1784127600,2026-07-15 15:00:00+00:00,2026-07-15 14:52:15.840000+00:00,464.16,single,True,False,2026-07-15T15:04:10.757Z,,-0.29,0.01,,-0.01,2026-07-15,22,20-24
btc-updown-5m-1784127900,2026-07-15 15:05:00+00:00,2026-07-15 14:56:37.234000+00:00,502.766,single,False,True,,2026-07-15T15:07:09.260Z,-0.29,,0.28,-0.28,2026-07-15,23,20-24
btc-updown-5m-1784128200,2026-07-15 15:10:00+00:00,2026-07-15 15:01:36.027000+00:00,503.973,none,False,False,,,0.0,,,0.0,2026-07-15,23,20-24
btc-updown-5m-1784128500,2026-07-15 15:15:00+00:00,2026-07-15 15:06:20.109000+00:00,519.891,single,True,False,2026-07-15T15:17:44.086Z,,-0.29,0.08,,-0.08,2026-07-15,23,20-24
btc-updown-5m-1784128800,2026-07-15 15:20:00+00:00,2026-07-15 15:10:44.654000+00:00,555.346,single,True,False,2026-07-15T15:23:20.559Z,,-0.29,0.03,,-0.03,2026-07-15,23,20-24
btc-updown-5m-1784129100,2026-07-15 15:25:00+00:00,2026-07-15 15:17:35.234000+00:00,444.766,none,False,False,,,0.0,,,0.0,2026-07-15,23,20-24
btc-updown-5m-1784129400,2026-07-15 15:30:00+00:00,2026-07-15 15:20:34.272000+00:00,565.728,paired,True,True,2026-07-15T15:32:31.671Z,2026-07-15T15:34:50.052Z,0.42,0.25,0.03,0.72,2026-07-15,23,20-24
btc-updown-5m-1784129700,2026-07-15 15:35:00+00:00,2026-07-15 15:30:48.650000+00:00,251.35,none,False,False,,,0.0,,,0.0,2026-07-15,23,20-24
btc-updown-5m-1784130000,2026-07-15 15:40:00+00:00,2026-07-15 15:31:46.352000+00:00,493.648,single,True,False,2026-07-15T15:41:09.731Z,,-0.29,0.29,,-0.29,2026-07-15,23,20-24
btc-updown-5m-1784130300,2026-07-15 15:45:00+00:00,2026-07-15 15:37:57.778000+00:00,422.222,none,False,False,,,0.0,,,0.0,2026-07-15,23,20-24
btc-updown-5m-1784130600,2026-07-15 15:50:00+00:00,2026-07-15 15:41:50.434000+00:00,489.566,single,True,False,2026-07-15T15:54:22.081Z,,-0.29,0.01,,-0.01,2026-07-15,23,20-24
btc-updown-5m-1784130900,2026-07-15 15:55:00+00:00,2026-07-15 15:49:57.911000+00:00,302.089,none,False,False,,,0.0,,,0.0,2026-07-15,23,20-24
btc-updown-5m-1784131200,2026-07-15 16:00:00+00:00,2026-07-15 15:51:20.541000+00:00,519.459,single,True,False,2026-07-15T16:02:39.962Z,,-0.29,0.04,,-0.04,2026-07-15,23,20-24
btc-updown-5m-1784131500,2026-07-15 16:05:00+00:00,2026-07-15 15:55:48.782000+00:00,551.218,none,False,False,,,0.0,,,0.0,2026-07-16,0,00-04
btc-updown-5m-1784131800,2026-07-15 16:10:00+00:00,2026-07-15 16:01:16.509000+00:00,523.491,single,True,False,2026-07-15T16:14:28.048Z,,-0.29,0.05,,-0.05,2026-07-16,0,00-04
btc-updown-5m-1784132100,2026-07-15 16:15:00+00:00,2026-07-15 16:06:09.407000+00:00,530.593,single,False,True,,2026-07-15T16:17:34.578Z,-0.29,,0.11,-0.11,2026-07-16,0,00-04
btc-updown-5m-1784132400,2026-07-15 16:20:00+00:00,2026-07-15 16:11:20.446000+00:00,519.554,none,False,False,,,0.0,,,0.0,2026-07-16,0,00-04
btc-updown-5m-1784132700,2026-07-15 16:25:00+00:00,2026-07-15 16:15:50.418000+00:00,549.582,single,False,True,,2026-07-15T16:29:03.226Z,-0.29,,0.12,-0.12,2026-07-16,0,00-04
btc-updown-5m-1784133000,2026-07-15 16:30:00+00:00,2026-07-15 16:20:33.490000+00:00,566.51,none,False,False,,,0.0,,,0.0,2026-07-16,0,00-04
btc-updown-5m-1784133300,2026-07-15 16:35:00+00:00,2026-07-15 16:28:23.350000+00:00,396.65,single,True,False,2026-07-15T16:36:46.931Z,,-0.29,0.23,,-0.23,2026-07-16,0,00-04
btc-updown-5m-1784133600,2026-07-15 16:40:00+00:00,2026-07-15 16:31:15.122000+00:00,524.878,none,False,False,,,0.0,,,0.0,2026-07-16,0,00-04
btc-updown-5m-1784133900,2026-07-15 16:45:00+00:00,2026-07-15 16:35:34.201000+00:00,565.799,none,False,False,,,0.0,,,0.0,2026-07-16,0,00-04
btc-updown-5m-1784134200,2026-07-15 16:50:00+00:00,2026-07-15 16:46:03.834000+00:00,236.166,none,False,False,,,0.0,,,0.0,2026-07-16,0,00-04
btc-updown-5m-1784134500,2026-07-15 16:55:00+00:00,2026-07-15 16:47:12.283000+00:00,467.717,none,False,False,,,0.0,,,0.0,2026-07-16,0,00-04
btc-updown-5m-1784134800,2026-07-15 17:00:00+00:00,2026-07-15 16:51:30.647000+00:00,509.353,none,False,False,,,0.0,,,0.0,2026-07-16,0,00-04
btc-updown-5m-1784135100,2026-07-15 17:05:00+00:00,2026-07-15 16:55:52.474000+00:00,547.526,none,False,False,,,0.0,,,0.0,2026-07-16,1,00-04
btc-updown-5m-1784135400,2026-07-15 17:10:00+00:00,2026-07-15 17:01:56.070000+00:00,483.93,none,False,False,,,0.0,,,0.0,2026-07-16,1,00-04
btc-updown-5m-1784135700,2026-07-15 17:15:00+00:00,2026-07-15 17:05:53.939000+00:00,546.061,none,False,False,,,0.0,,,0.0,2026-07-16,1,00-04
btc-updown-5m-1784136000,2026-07-15 17:20:00+00:00,2026-07-15 17:11:08.469000+00:00,531.531,single,False,True,,2026-07-15T17:22:39.940Z,-0.29,,0.12,-0.12,2026-07-16,1,00-04
btc-updown-5m-1784136300,2026-07-15 17:25:00+00:00,2026-07-15 17:20:07.966000+00:00,292.034,single,True,False,2026-07-15T17:28:11.031Z,,-0.29,0.06,,-0.06,2026-07-16,1,00-04
btc-updown-5m-1784136600,2026-07-15 17:30:00+00:00,2026-07-15 17:21:00.834000+00:00,539.166,none,False,False,,,0.0,,,0.0,2026-07-16,1,00-04
btc-updown-5m-1784136900,2026-07-15 17:35:00+00:00,2026-07-15 17:26:06.993000+00:00,533.007,none,False,False,,,0.0,,,0.0,2026-07-16,1,00-04
btc-updown-5m-1784137200,2026-07-15 17:40:00+00:00,2026-07-15 17:31:39.134000+00:00,500.866,none,False,False,,,0.0,,,0.0,2026-07-16,1,00-04
btc-updown-5m-1784137500,2026-07-15 17:45:00+00:00,2026-07-15 17:35:59.881000+00:00,540.119,none,False,False,,,0.0,,,0.0,2026-07-16,1,00-04
btc-updown-5m-1784137800,2026-07-15 17:50:00+00:00,2026-07-15 17:41:51.069000+00:00,488.931,single,False,True,,2026-07-15T17:54:33.709Z,-0.29,,0.29,-0.29,2026-07-16,1,00-04
btc-updown-5m-1784138100,2026-07-15 17:55:00+00:00,2026-07-15 17:46:13.180000+00:00,526.82,none,False,False,,,0.0,,,0.0,2026-07-16,1,00-04
btc-updown-5m-1784138400,2026-07-15 18:00:00+00:00,2026-07-15 17:50:41.606000+00:00,558.394,none,False,False,,,0.0,,,0.0,2026-07-16,1,00-04
btc-updown-5m-1784138700,2026-07-15 18:05:00+00:00,2026-07-15 17:56:01.761000+00:00,538.239,none,False,False,,,0.0,,,0.0,2026-07-16,2,00-04
btc-updown-5m-1784139000,2026-07-15 18:10:00+00:00,2026-07-15 18:05:33.682000+00:00,266.318,single,False,True,,2026-07-15T18:11:48.180Z,-0.29,,0.26,-0.26,2026-07-16,2,00-04
btc-updown-5m-1784139300,2026-07-15 18:15:00+00:00,2026-07-15 18:07:26.768000+00:00,453.232,none,False,False,,,0.0,,,0.0,2026-07-16,2,00-04
btc-updown-5m-1784139600,2026-07-15 18:20:00+00:00,2026-07-15 18:13:47.047000+00:00,372.953,none,False,False,,,0.0,,,0.0,2026-07-16,2,00-04
btc-updown-5m-1784139900,2026-07-15 18:25:00+00:00,2026-07-15 18:20:12.449000+00:00,287.551,single,True,False,2026-07-15T18:27:55.273Z,,-0.29,0.08,,-0.08,2026-07-16,2,00-04
btc-updown-5m-1784140200,2026-07-15 18:30:00+00:00,2026-07-15 18:21:37.378000+00:00,502.622,single,False,True,,2026-07-15T18:31:42.738Z,-0.29,,0.24,-0.24,2026-07-16,2,00-04
btc-updown-5m-1784140500,2026-07-15 18:35:00+00:00,2026-07-15 18:26:33.797000+00:00,506.203,none,False,False,,,0.0,,,0.0,2026-07-16,2,00-04
btc-updown-5m-1784140800,2026-07-15 18:40:00+00:00,2026-07-15 18:30:48.063000+00:00,551.937,none,False,False,,,0.0,,,0.0,2026-07-16,2,00-04
btc-updown-5m-1784141100,2026-07-15 18:45:00+00:00,2026-07-15 18:38:49.085000+00:00,370.915,none,False,False,,,0.0,,,0.0,2026-07-16,2,00-04
btc-updown-5m-1784141400,2026-07-15 18:50:00+00:00,2026-07-15 18:43:43.191000+00:00,376.809,single,True,False,2026-07-15T18:51:45.327Z,,-0.29,0.22,,-0.22,2026-07-16,2,00-04
btc-updown-5m-1784141700,2026-07-15 18:55:00+00:00,2026-07-15 18:46:14.218000+00:00,525.782,single,True,False,2026-07-15T18:57:42.921Z,,-0.29,0.21,,-0.21,2026-07-16,2,00-04
btc-updown-5m-1784142000,2026-07-15 19:00:00+00:00,2026-07-15 18:52:22.617000+00:00,457.383,none,False,False,,,0.0,,,0.0,2026-07-16,2,00-04
btc-updown-5m-1784142300,2026-07-15 19:05:00+00:00,2026-07-15 18:56:40.325000+00:00,499.675,none,False,False,,,0.0,,,0.0,2026-07-16,3,00-04
btc-updown-5m-1784142600,2026-07-15 19:10:00+00:00,2026-07-15 19:02:14.639000+00:00,465.361,none,False,False,,,0.0,,,0.0,2026-07-16,3,00-04
btc-updown-5m-1784142900,2026-07-15 19:15:00+00:00,2026-07-15 19:06:31.190000+00:00,508.81,single,True,False,2026-07-15T19:18:58.386Z,,-0.29,0.01,,-0.01,2026-07-16,3,00-04
btc-updown-5m-1784143200,2026-07-15 19:20:00+00:00,2026-07-15 19:11:41.732000+00:00,498.268,none,False,False,,,0.0,,,0.0,2026-07-16,3,00-04
btc-updown-5m-1784143500,2026-07-15 19:25:00+00:00,2026-07-15 19:16:18.646000+00:00,521.354,single,False,True,,2026-07-15T19:28:42.351Z,-0.29,,0.12,-0.12,2026-07-16,3,00-04
btc-updown-5m-1784143800,2026-07-15 19:30:00+00:00,2026-07-15 19:22:33.831000+00:00,446.169,single,False,True,,2026-07-15T19:34:22.425Z,-0.29,,0.07,-0.07,2026-07-16,3,00-04
btc-updown-5m-1784144100,2026-07-15 19:35:00+00:00,2026-07-15 19:26:24.142000+00:00,515.858,single,False,True,,2026-07-15T19:39:17.878Z,-0.29,,0.1,-0.1,2026-07-16,3,00-04
btc-updown-5m-1784144400,2026-07-15 19:40:00+00:00,2026-07-15 19:33:46.552000+00:00,373.448,none,False,False,,,0.0,,,0.0,2026-07-16,3,00-04
btc-updown-5m-1784144700,2026-07-15 19:45:00+00:00,2026-07-15 19:37:13.030000+00:00,466.97,none,False,False,,,0.0,,,0.0,2026-07-16,3,00-04
btc-updown-5m-1784145000,2026-07-15 19:50:00+00:00,2026-07-15 19:41:36.314000+00:00,503.686,single,False,True,,2026-07-15T19:51:42.390Z,-0.29,,0.27,-0.27,2026-07-16,3,00-04
btc-updown-5m-1784145300,2026-07-15 19:55:00+00:00,2026-07-15 19:51:00.413000+00:00,239.587,none,False,False,,,0.0,,,0.0,2026-07-16,3,00-04
btc-updown-5m-1784145600,2026-07-15 20:00:00+00:00,2026-07-15 19:56:39.269000+00:00,200.731,none,False,False,,,0.0,,,0.0,2026-07-16,3,00-04
btc-updown-5m-1784145900,2026-07-15 20:05:00+00:00,2026-07-15 19:57:48.668000+00:00,431.332,single,False,True,,2026-07-15T20:08:35.562Z,-0.29,,0.23,-0.23,2026-07-16,4,04-08
btc-updown-5m-1784146200,2026-07-15 20:10:00+00:00,2026-07-15 20:04:51.582000+00:00,308.418,none,False,False,,,0.0,,,0.0,2026-07-16,4,04-08
btc-updown-5m-1784146500,2026-07-15 20:15:00+00:00,2026-07-15 20:05:54.162000+00:00,545.838,none,False,False,,,0.0,,,0.0,2026-07-16,4,04-08
btc-updown-5m-1784146800,2026-07-15 20:20:00+00:00,2026-07-15 20:10:49.843000+00:00,550.157,none,False,False,,,0.0,,,0.0,2026-07-16,4,04-08
btc-updown-5m-1784147100,2026-07-15 20:25:00+00:00,2026-07-15 20:16:22.156000+00:00,517.844,single,True,False,2026-07-15T20:28:13.930Z,,-0.29,0.26,,-0.26,2026-07-16,4,04-08
btc-updown-5m-1784147400,2026-07-15 20:30:00+00:00,2026-07-15 20:22:33.173000+00:00,446.827,none,False,False,,,0.0,,,0.0,2026-07-16,4,04-08
btc-updown-5m-1784147700,2026-07-15 20:35:00+00:00,2026-07-15 20:25:47.256000+00:00,552.744,single,True,False,2026-07-15T20:37:59.587Z,,-0.29,0.29,,-0.29,2026-07-16,4,04-08
btc-updown-5m-1784148000,2026-07-15 20:40:00+00:00,2026-07-15 20:31:14.450000+00:00,525.55,none,False,False,,,0.0,,,0.0,2026-07-16,4,04-08
btc-updown-5m-1784148300,2026-07-15 20:45:00+00:00,2026-07-15 20:38:49.313000+00:00,370.687,none,False,False,,,0.0,,,0.0,2026-07-16,4,04-08
btc-updown-5m-1784148600,2026-07-15 20:50:00+00:00,2026-07-15 20:42:22.962000+00:00,457.038,none,False,False,,,0.0,,,0.0,2026-07-16,4,04-08
btc-updown-5m-1784148900,2026-07-15 20:55:00+00:00,2026-07-15 20:50:21.627000+00:00,278.373,none,False,False,,,0.0,,,0.0,2026-07-16,4,04-08
btc-updown-5m-1784149200,2026-07-15 21:00:00+00:00,2026-07-15 20:51:39.391000+00:00,500.609,none,False,False,,,0.0,,,0.0,2026-07-16,4,04-08
btc-updown-5m-1784149500,2026-07-15 21:05:00+00:00,2026-07-15 20:56:33.911000+00:00,506.089,none,False,False,,,0.0,,,0.0,2026-07-16,5,04-08
btc-updown-5m-1784149800,2026-07-15 21:10:00+00:00,2026-07-15 21:04:30.529000+00:00,329.471,single,True,False,2026-07-15T21:11:11.431Z,,-0.29,0.1,,-0.1,2026-07-16,5,04-08
btc-updown-5m-1784150100,2026-07-15 21:15:00+00:00,2026-07-15 21:06:01.676000+00:00,538.324,none,False,False,,,0.0,,,0.0,2026-07-16,5,04-08
btc-updown-5m-1784150400,2026-07-15 21:20:00+00:00,2026-07-15 21:11:04.222000+00:00,535.778,single,False,True,,2026-07-15T21:23:33.160Z,-0.29,,0.06,-0.06,2026-07-16,5,04-08
btc-updown-5m-1784150700,2026-07-15 21:25:00+00:00,2026-07-15 21:16:53.066000+00:00,486.934,none,False,False,,,0.0,,,0.0,2026-07-16,5,04-08
btc-updown-5m-1784151000,2026-07-15 21:30:00+00:00,2026-07-15 21:24:39.815000+00:00,320.185,none,False,False,,,0.0,,,0.0,2026-07-16,5,04-08
btc-updown-5m-1784151300,2026-07-15 21:35:00+00:00,2026-07-15 21:27:20.593000+00:00,459.407,none,False,False,,,0.0,,,0.0,2026-07-16,5,04-08
btc-updown-5m-1784151600,2026-07-15 21:40:00+00:00,2026-07-15 21:31:32.241000+00:00,507.759,single,False,True,,2026-07-15T21:41:16.847Z,-0.29,,0.22,-0.22,2026-07-16,5,04-08
btc-updown-5m-1784151900,2026-07-15 21:45:00+00:00,2026-07-15 21:39:51.230000+00:00,308.77,none,False,False,,,0.0,,,0.0,2026-07-16,5,04-08
btc-updown-5m-1784152200,2026-07-15 21:50:00+00:00,2026-07-15 21:40:48.810000+00:00,551.19,none,False,False,,,0.0,,,0.0,2026-07-16,5,04-08
btc-updown-5m-1784152500,2026-07-15 21:55:00+00:00,2026-07-15 21:53:50.880000+00:00,69.12,none,False,False,,,0.0,,,0.0,2026-07-16,5,04-08
btc-updown-5m-1784152800,2026-07-15 22:00:00+00:00,2026-07-15 21:53:50.973000+00:00,369.027,none,False,False,,,0.0,,,0.0,2026-07-16,5,04-08
btc-updown-5m-1784153100,2026-07-15 22:05:00+00:00,2026-07-15 21:58:24.789000+00:00,395.211,single,True,False,2026-07-15T22:09:58.690Z,,-0.29,0.17,,-0.17,2026-07-16,6,04-08
btc-updown-5m-1784153400,2026-07-15 22:10:00+00:00,2026-07-15 22:05:36.607000+00:00,263.393,none,False,False,,,0.0,,,0.0,2026-07-16,6,04-08
btc-updown-5m-1784153700,2026-07-15 22:15:00+00:00,2026-07-15 22:06:46.254000+00:00,493.746,none,False,False,,,0.0,,,0.0,2026-07-16,6,04-08
btc-updown-5m-1784154000,2026-07-15 22:20:00+00:00,2026-07-15 22:10:59.271000+00:00,540.729,none,False,False,,,0.0,,,0.0,2026-07-16,6,04-08
btc-updown-5m-1784154300,2026-07-15 22:25:00+00:00,2026-07-15 22:16:18.411000+00:00,521.589,none,False,False,,,0.0,,,0.0,2026-07-16,6,04-08
btc-updown-5m-1784154600,2026-07-15 22:30:00+00:00,2026-07-15 22:21:24.459000+00:00,515.541,none,False,False,,,0.0,,,0.0,2026-07-16,6,04-08
btc-updown-5m-1784154900,2026-07-15 22:35:00+00:00,2026-07-15 22:27:12.592000+00:00,467.408,none,False,False,,,0.0,,,0.0,2026-07-16,6,04-08
btc-updown-5m-1784155200,2026-07-15 22:40:00+00:00,2026-07-15 22:35:31.666000+00:00,268.334,none,False,False,,,0.0,,,0.0,2026-07-16,6,04-08
btc-updown-5m-1784155500,2026-07-15 22:45:00+00:00,2026-07-15 22:38:12.360000+00:00,407.64,none,False,False,,,0.0,,,0.0,2026-07-16,6,04-08
btc-updown-5m-1784155800,2026-07-15 22:50:00+00:00,2026-07-15 22:41:20.065000+00:00,519.935,none,False,False,,,0.0,,,0.0,2026-07-16,6,04-08
btc-updown-5m-1784156100,2026-07-15 22:55:00+00:00,2026-07-15 22:51:06.544000+00:00,233.456,none,False,False,,,0.0,,,0.0,2026-07-16,6,04-08
btc-updown-5m-1784156400,2026-07-15 23:00:00+00:00,2026-07-15 22:54:47.738000+00:00,312.262,none,False,False,,,0.0,,,0.0,2026-07-16,6,04-08
btc-updown-5m-1784156700,2026-07-15 23:05:00+00:00,2026-07-15 22:56:18.866000+00:00,521.134,none,False,False,,,0.0,,,0.0,2026-07-16,7,04-08
btc-updown-5m-1784157000,2026-07-15 23:10:00+00:00,2026-07-15 23:02:46.486000+00:00,433.514,none,False,False,,,0.0,,,0.0,2026-07-16,7,04-08
btc-updown-5m-1784157300,2026-07-15 23:15:00+00:00,2026-07-15 23:05:29.925000+00:00,570.075,none,False,False,,,0.0,,,0.0,2026-07-16,7,04-08
btc-updown-5m-1784157600,2026-07-15 23:20:00+00:00,2026-07-15 23:12:04.880000+00:00,475.12,single,True,False,2026-07-15T23:24:02.201Z,,-0.29,0.11,,-0.11,2026-07-16,7,04-08
btc-updown-5m-1784157900,2026-07-15 23:25:00+00:00,2026-07-15 23:25:24.628000+00:00,-24.628,none,False,False,,,0.0,,,0.0,2026-07-16,7,04-08
btc-updown-5m-1784158200,2026-07-15 23:30:00+00:00,2026-07-15 23:26:43.446000+00:00,196.554,none,False,False,,,0.0,,,0.0,2026-07-16,7,04-08
btc-updown-5m-1784158500,2026-07-15 23:35:00+00:00,2026-07-15 23:27:50.007000+00:00,429.993,none,False,False,,,0.0,,,0.0,2026-07-16,7,04-08
btc-updown-5m-1784158800,2026-07-15 23:40:00+00:00,2026-07-15 23:32:04.142000+00:00,475.858,single,True,False,2026-07-15T23:42:59.023Z,,-0.29,0.03,,-0.03,2026-07-16,7,04-08
btc-updown-5m-1784159100,2026-07-15 23:45:00+00:00,2026-07-15 23:39:15.858000+00:00,344.142,none,False,False,,,0.0,,,0.0,2026-07-16,7,04-08
btc-updown-5m-1784159400,2026-07-15 23:50:00+00:00,2026-07-15 23:42:29.948000+00:00,450.052,none,False,False,,,0.0,,,0.0,2026-07-16,7,04-08
btc-updown-5m-1784159700,2026-07-15 23:55:00+00:00,2026-07-15 23:55:24.632000+00:00,-24.632,single,False,True,,2026-07-15T23:57:20.937Z,-0.29,,0.28,-0.28,2026-07-16,7,04-08
btc-updown-5m-1784160000,2026-07-16 00:00:00+00:00,2026-07-15 23:55:33.506000+00:00,266.494,none,False,False,,,0.0,,,0.0,2026-07-16,7,04-08
btc-updown-5m-1784160300,2026-07-16 00:05:00+00:00,2026-07-15 23:57:15.031000+00:00,464.969,none,False,False,,,0.0,,,0.0,2026-07-16,8,08-12
btc-updown-5m-1784160600,2026-07-16 00:10:00+00:00,2026-07-16 00:01:21.286000+00:00,518.714,none,False,False,,,0.0,,,0.0,2026-07-16,8,08-12
btc-updown-5m-1784160900,2026-07-16 00:15:00+00:00,2026-07-16 00:08:05.167000+00:00,414.833,none,False,False,,,0.0,,,0.0,2026-07-16,8,08-12
btc-updown-5m-1784161200,2026-07-16 00:20:00+00:00,2026-07-16 00:10:47.962000+00:00,552.038,none,False,False,,,0.0,,,0.0,2026-07-16,8,08-12
btc-updown-5m-1784161500,2026-07-16 00:25:00+00:00,2026-07-16 00:17:32.478000+00:00,447.522,single,True,False,2026-07-16T00:29:31.729Z,,-0.29,0.03,,-0.03,2026-07-16,8,08-12
btc-updown-5m-1784161800,2026-07-16 00:30:00+00:00,2026-07-16 00:20:37.782000+00:00,562.218,none,False,False,,,0.0,,,0.0,2026-07-16,8,08-12
btc-updown-5m-1784162100,2026-07-16 00:35:00+00:00,2026-07-16 00:26:44.470000+00:00,495.53,none,False,False,,,0.0,,,0.0,2026-07-16,8,08-12
btc-updown-5m-1784162400,2026-07-16 00:40:00+00:00,2026-07-16 00:31:47.717000+00:00,492.283,single,False,True,,2026-07-16T00:42:39.059Z,-0.29,,0.26,-0.26,2026-07-16,8,08-12
btc-updown-5m-1784162700,2026-07-16 00:45:00+00:00,2026-07-16 00:41:21.862000+00:00,218.138,none,False,False,,,0.0,,,0.0,2026-07-16,8,08-12
btc-updown-5m-1784163000,2026-07-16 00:50:00+00:00,2026-07-16 00:42:03.594000+00:00,476.406,none,False,False,,,0.0,,,0.0,2026-07-16,8,08-12
btc-updown-5m-1784163300,2026-07-16 00:55:00+00:00,2026-07-16 00:47:58.178000+00:00,421.822,none,False,False,,,0.0,,,0.0,2026-07-16,8,08-12
btc-updown-5m-1784163600,2026-07-16 01:00:00+00:00,2026-07-16 00:51:01.734000+00:00,538.266,none,False,False,,,0.0,,,0.0,2026-07-16,8,08-12
btc-updown-5m-1784163900,2026-07-16 01:05:00+00:00,2026-07-16 00:56:30.379000+00:00,509.621,single,False,True,,2026-07-16T01:08:45.956Z,-0.29,,0.29,-0.29,2026-07-16,9,08-12
btc-updown-5m-1784164200,2026-07-16 01:10:00+00:00,2026-07-16 01:05:30.740000+00:00,269.26,none,False,False,,,0.0,,,0.0,2026-07-16,9,08-12
btc-updown-5m-1784164500,2026-07-16 01:15:00+00:00,2026-07-16 01:06:23.054000+00:00,516.946,none,False,False,,,0.0,,,0.0,2026-07-16,9,08-12
btc-updown-5m-1784164800,2026-07-16 01:20:00+00:00,2026-07-16 01:11:34.239000+00:00,505.761,single,False,True,,2026-07-16T01:22:08.383Z,-0.29,,0.14,-0.14,2026-07-16,9,08-12
btc-updown-5m-1784165100,2026-07-16 01:25:00+00:00,2026-07-16 01:17:02.247000+00:00,477.753,none,False,False,,,0.0,,,0.0,2026-07-16,9,08-12
btc-updown-5m-1784165400,2026-07-16 01:30:00+00:00,2026-07-16 01:22:58.468000+00:00,421.532,none,False,False,,,0.0,,,0.0,2026-07-16,9,08-12
btc-updown-5m-1784165700,2026-07-16 01:35:00+00:00,2026-07-16 01:29:34.779000+00:00,325.221,none,False,False,,,0.0,,,0.0,2026-07-16,9,08-12
btc-updown-5m-1784166000,2026-07-16 01:40:00+00:00,2026-07-16 01:34:09.890000+00:00,350.11,single,True,False,2026-07-16T01:44:34.705Z,,-0.29,0.01,,-0.01,2026-07-16,9,08-12
btc-updown-5m-1784166300,2026-07-16 01:45:00+00:00,2026-07-16 01:36:41.367000+00:00,498.633,none,False,False,,,0.0,,,0.0,2026-07-16,9,08-12
btc-updown-5m-1784166600,2026-07-16 01:50:00+00:00,2026-07-16 01:45:44.717000+00:00,255.283,none,False,False,,,0.0,,,0.0,2026-07-16,9,08-12
btc-updown-5m-1786199700,2026-08-08 14:35:00+00:00,2026-08-08 14:36:29.296000+00:00,-89.296,paired,True,True,2026-08-08T14:39:37.545Z,2026-08-08T14:36:37.127Z,0.42,0.29,0.25,0.45999999999999996,2026-08-08,22,20-24
btc-updown-5m-1786200000,2026-08-08 14:40:00+00:00,2026-08-08 14:36:29.370000+00:00,210.63,single,True,False,2026-08-08T14:40:48.386Z,,-0.29,0.29,,-0.29,2026-08-08,22,20-24
btc-updown-5m-1786200300,2026-08-08 14:45:00+00:00,2026-08-08 14:36:29.430000+00:00,510.57,single,False,True,,2026-08-08T14:47:26.633Z,-0.29,,0.27,-0.27,2026-08-08,22,20-24
btc-updown-5m-1786200600,2026-08-08 14:50:00+00:00,2026-08-08 14:41:28.555000+00:00,511.445,single,False,True,,2026-08-08T14:54:25.683Z,-0.29,,0.29,-0.29,2026-08-08,22,20-24
btc-updown-5m-1786200900,2026-08-08 14:55:00+00:00,2026-08-08 14:46:47.792000+00:00,492.208,paired,True,True,2026-08-08T14:58:28.682Z,2026-08-08T14:57:48.404Z,0.42,0.23,0.29,0.48000000000000004,2026-08-08,22,20-24
btc-updown-5m-1786201200,2026-08-08 15:00:00+00:00,2026-08-08 14:50:20.664000+00:00,579.336,paired,True,True,2026-08-08T15:03:35.840Z,2026-08-08T15:02:18.821Z,0.42,0.29,0.16,0.5499999999999999,2026-08-08,22,20-24
btc-updown-5m-1786201500,2026-08-08 15:05:00+00:00,2026-08-08 14:56:41.510000+00:00,498.49,single,True,False,2026-08-08T15:07:07.745Z,,-0.29,0.29,,-0.29,2026-08-08,23,20-24
btc-updown-5m-1786201800,2026-08-08 15:10:00+00:00,2026-08-08 15:02:11.937000+00:00,468.063,paired,True,True,2026-08-08T15:13:24.077Z,2026-08-08T15:12:40.225Z,0.42,0.28,0.28,0.43999999999999995,2026-08-08,23,20-24
btc-updown-5m-1786202100,2026-08-08 15:15:00+00:00,2026-08-08 15:06:05.021000+00:00,534.979,paired,True,True,2026-08-08T15:17:27.250Z,2026-08-08T15:17:02.239Z,0.42,0.13,0.29,0.5800000000000001,2026-08-08,23,20-24
btc-updown-5m-1786202400,2026-08-08 15:20:00+00:00,2026-08-08 15:12:42.657000+00:00,437.343,single,False,True,,2026-08-08T15:22:38.617Z,-0.29,,0.29,-0.29,2026-08-08,23,20-24
btc-updown-5m-1786202700,2026-08-08 15:25:00+00:00,2026-08-08 15:17:07.402000+00:00,472.598,single,True,False,2026-08-08T15:25:10.163Z,,-0.29,0.29,,-0.29,2026-08-08,23,20-24
btc-updown-5m-1786203000,2026-08-08 15:30:00+00:00,2026-08-08 15:21:10.995000+00:00,529.005,single,True,False,2026-08-08T15:31:30.671Z,,-0.29,0.27,,-0.27,2026-08-08,23,20-24
btc-updown-5m-1786203300,2026-08-08 15:35:00+00:00,2026-08-08 15:26:33.215000+00:00,506.785,single,True,False,2026-08-08T15:37:44.426Z,,-0.29,0.29,,-0.29,2026-08-08,23,20-24
btc-updown-5m-1786203600,2026-08-08 15:40:00+00:00,2026-08-08 15:31:00.902000+00:00,539.098,none,False,False,,,0.0,,,0.0,2026-08-08,23,20-24
btc-updown-5m-1786203900,2026-08-08 15:45:00+00:00,2026-08-08 15:35:55.575000+00:00,544.425,none,False,False,,,0.0,,,0.0,2026-08-08,23,20-24
btc-updown-5m-1786204200,2026-08-08 15:50:00+00:00,2026-08-08 15:40:06.498000+00:00,593.502,none,False,False,,,0.0,,,0.0,2026-08-08,23,20-24
btc-updown-5m-1786204500,2026-08-08 15:55:00+00:00,2026-08-08 15:45:06.535000+00:00,593.465,paired,True,True,2026-08-08T15:59:19.304Z,2026-08-08T15:57:17.079Z,0.42,0.29,0.26,0.44999999999999996,2026-08-08,23,20-24
btc-updown-5m-1786204800,2026-08-08 16:00:00+00:00,2026-08-08 15:50:06.888000+00:00,593.112,single,False,True,,2026-08-08T16:00:11.805Z,-0.29,,0.29,-0.29,2026-08-08,23,20-24
btc-updown-5m-1786205100,2026-08-08 16:05:00+00:00,2026-08-08 15:55:06.703000+00:00,593.297,single,False,True,,2026-08-08T16:07:00.652Z,-0.29,,0.29,-0.29,2026-08-09,0,00-04
btc-updown-5m-1786205700,2026-08-08 16:15:00+00:00,2026-08-08 16:05:50.207000+00:00,549.793,paired,True,True,2026-08-08T16:18:46.643Z,2026-08-08T16:18:17.229Z,0.42,0.29,0.29,0.42,2026-08-09,0,00-04
btc-updown-5m-1786206000,2026-08-08 16:20:00+00:00,2026-08-08 16:11:26.110000+00:00,513.89,single,True,False,2026-08-08T16:20:22.257Z,,-0.29,0.29,,-0.29,2026-08-09,0,00-04
btc-updown-5m-1786206300,2026-08-08 16:25:00+00:00,2026-08-08 16:15:26.989000+00:00,573.011,single,True,False,2026-08-08T16:26:29.277Z,,-0.29,0.29,,-0.29,2026-08-09,0,00-04
btc-updown-5m-1786206600,2026-08-08 16:30:00+00:00,2026-08-08 16:21:39.059000+00:00,500.941,single,True,False,2026-08-08T16:32:43.548Z,,-0.29,0.07,,-0.07,2026-08-09,0,00-04
btc-updown-5m-1786206900,2026-08-08 16:35:00+00:00,2026-08-08 16:26:50.878000+00:00,489.122,single,True,False,2026-08-08T16:35:34.434Z,,-0.29,0.29,,-0.29,2026-08-09,0,00-04
btc-updown-5m-1786207200,2026-08-08 16:40:00+00:00,2026-08-08 16:30:07.047000+00:00,592.953,single,False,True,,2026-08-08T16:40:29.339Z,-0.29,,0.29,-0.29,2026-08-09,0,00-04
btc-updown-5m-1786207500,2026-08-08 16:45:00+00:00,2026-08-08 16:35:37.308000+00:00,562.692,single,True,False,2026-08-08T16:45:52.549Z,,-0.29,0.29,,-0.29,2026-08-09,0,00-04
btc-updown-5m-1786207800,2026-08-08 16:50:00+00:00,2026-08-08 16:41:59.652000+00:00,480.348,single,False,True,,2026-08-08T16:52:17.881Z,-0.29,,0.18,-0.18,2026-08-09,0,00-04
btc-updown-5m-1786208100,2026-08-08 16:55:00+00:00,2026-08-08 16:45:51.225000+00:00,548.775,single,False,True,,2026-08-08T16:57:40.880Z,-0.29,,0.29,-0.29,2026-08-09,0,00-04
btc-updown-5m-1786208400,2026-08-08 17:00:00+00:00,2026-08-08 16:51:24.574000+00:00,515.426,single,True,False,2026-08-08T17:00:22.805Z,,-0.29,0.29,,-0.29,2026-08-09,0,00-04
btc-updown-5m-1786208700,2026-08-08 17:05:00+00:00,2026-08-08 16:56:18.031000+00:00,521.969,none,False,False,,,0.0,,,0.0,2026-08-09,1,00-04
btc-updown-5m-1786209000,2026-08-08 17:10:00+00:00,2026-08-08 17:02:09.343000+00:00,470.657,none,False,False,,,0.0,,,0.0,2026-08-09,1,00-04
btc-updown-5m-1786209300,2026-08-08 17:15:00+00:00,2026-08-08 17:05:27.687000+00:00,572.313,none,False,False,,,0.0,,,0.0,2026-08-09,1,00-04
btc-updown-5m-1786209600,2026-08-08 17:20:00+00:00,2026-08-08 17:10:27.876000+00:00,572.124,paired,True,True,2026-08-08T17:22:35.295Z,2026-08-08T17:23:47.658Z,0.42,0.25,0.29,0.46,2026-08-09,1,00-04
btc-updown-5m-1786209900,2026-08-08 17:25:00+00:00,2026-08-08 17:15:27.710000+00:00,572.29,paired,True,True,2026-08-08T17:25:05.553Z,2026-08-08T17:25:20.305Z,0.42,0.29,0.29,0.42,2026-08-09,1,00-04
btc-updown-5m-1786210200,2026-08-08 17:30:00+00:00,2026-08-08 17:20:47.264000+00:00,552.736,paired,True,True,2026-08-08T17:31:38.103Z,2026-08-08T17:32:48.037Z,0.42,0.27,0.26,0.47,2026-08-09,1,00-04
btc-updown-5m-1786210500,2026-08-08 17:35:00+00:00,2026-08-08 17:26:44.809000+00:00,495.191,single,False,True,,2026-08-08T17:36:38.833Z,-0.29,,0.29,-0.29,2026-08-09,1,00-04
btc-updown-5m-1786210800,2026-08-08 17:40:00+00:00,2026-08-08 17:31:30.230000+00:00,509.77,single,True,False,2026-08-08T17:41:05.827Z,,-0.29,0.29,,-0.29,2026-08-09,1,00-04
btc-updown-5m-1786211100,2026-08-08 17:45:00+00:00,2026-08-08 17:36:53.054000+00:00,486.946,paired,True,True,2026-08-08T17:49:51.558Z,2026-08-08T17:49:21.318Z,0.42,0.29,0.23,0.48,2026-08-09,1,00-04
btc-updown-5m-1786211400,2026-08-08 17:50:00+00:00,2026-08-08 17:41:44.312000+00:00,495.688,paired,True,True,2026-08-08T17:53:27.204Z,2026-08-08T17:53:21.800Z,0.42,0.29,0.29,0.42,2026-08-09,1,00-04
btc-updown-5m-1786211700,2026-08-08 17:55:00+00:00,2026-08-08 17:46:59.087000+00:00,480.913,single,True,False,2026-08-08T17:59:03.474Z,,-0.29,0.29,,-0.29,2026-08-09,1,00-04
btc-updown-5m-1786212000,2026-08-08 18:00:00+00:00,2026-08-08 17:51:22.136000+00:00,517.864,paired,True,True,2026-08-08T18:02:15.325Z,2026-08-08T18:02:36.504Z,0.42,0.29,0.25,0.45999999999999996,2026-08-09,1,00-04
btc-updown-5m-1786212300,2026-08-08 18:05:00+00:00,2026-08-08 17:56:38.557000+00:00,501.443,single,True,False,2026-08-08T18:07:38.141Z,,-0.29,0.24,,-0.24,2026-08-09,2,00-04
btc-updown-5m-1786212600,2026-08-08 18:10:00+00:00,2026-08-08 18:01:24.662000+00:00,515.338,paired,True,True,2026-08-08T18:11:24.162Z,2026-08-08T18:13:46.386Z,0.42,0.29,0.29,0.42,2026-08-09,2,00-04
btc-updown-5m-1786212900,2026-08-08 18:15:00+00:00,2026-08-08 18:06:43.169000+00:00,496.831,single,True,False,2026-08-08T18:16:27.757Z,,-0.29,0.27,,-0.27,2026-08-09,2,00-04
btc-updown-5m-1786213200,2026-08-08 18:20:00+00:00,2026-08-08 18:11:14.441000+00:00,525.559,none,False,False,,,0.0,,,0.0,2026-08-09,2,00-04
btc-updown-5m-1786213500,2026-08-08 18:25:00+00:00,2026-08-08 18:17:31.888000+00:00,448.112,none,False,False,,,0.0,,,0.0,2026-08-09,2,00-04
btc-updown-5m-1786213800,2026-08-08 18:30:00+00:00,2026-08-08 18:20:13.568000+00:00,586.432,none,False,False,,,0.0,,,0.0,2026-08-09,2,00-04
btc-updown-5m-1786214100,2026-08-08 18:35:00+00:00,2026-08-08 18:25:13.577000+00:00,586.423,none,False,False,,,0.0,,,0.0,2026-08-09,2,00-04
btc-updown-5m-1786214400,2026-08-08 18:40:00+00:00,2026-08-08 18:30:13.641000+00:00,586.359,none,False,False,,,0.0,,,0.0,2026-08-09,2,00-04
btc-updown-5m-1786214700,2026-08-08 18:45:00+00:00,2026-08-08 18:35:13.619000+00:00,586.381,none,False,False,,,0.0,,,0.0,2026-08-09,2,00-04
btc-updown-5m-1786215000,2026-08-08 18:50:00+00:00,2026-08-08 18:40:13.803000+00:00,586.197,none,False,False,,,0.0,,,0.0,2026-08-09,2,00-04
btc-updown-5m-1786215300,2026-08-08 18:55:00+00:00,2026-08-08 18:45:14.657000+00:00,585.343,none,False,False,,,0.0,,,0.0,2026-08-09,2,00-04
btc-updown-5m-1786215600,2026-08-08 19:00:00+00:00,2026-08-08 18:50:13.918000+00:00,586.082,none,False,False,,,0.0,,,0.0,2026-08-09,2,00-04
btc-updown-5m-1786215900,2026-08-08 19:05:00+00:00,2026-08-08 18:55:14.292000+00:00,585.708,none,False,False,,,0.0,,,0.0,2026-08-09,3,00-04
btc-updown-5m-1786216200,2026-08-08 19:10:00+00:00,2026-08-08 19:00:15.138000+00:00,584.862,none,False,False,,,0.0,,,0.0,2026-08-09,3,00-04
btc-updown-5m-1786216500,2026-08-08 19:15:00+00:00,2026-08-08 19:05:14.365000+00:00,585.635,none,False,False,,,0.0,,,0.0,2026-08-09,3,00-04
btc-updown-5m-1786216800,2026-08-08 19:20:00+00:00,2026-08-08 19:10:14.230000+00:00,585.77,none,False,False,,,0.0,,,0.0,2026-08-09,3,00-04
btc-updown-5m-1786217100,2026-08-08 19:25:00+00:00,2026-08-08 19:15:14.296000+00:00,585.704,none,False,False,,,0.0,,,0.0,2026-08-09,3,00-04
btc-updown-5m-1786217400,2026-08-08 19:30:00+00:00,2026-08-08 19:20:14.482000+00:00,585.518,none,False,False,,,0.0,,,0.0,2026-08-09,3,00-04
btc-updown-5m-1786217700,2026-08-08 19:35:00+00:00,2026-08-08 19:25:14.682000+00:00,585.318,none,False,False,,,0.0,,,0.0,2026-08-09,3,00-04
btc-updown-5m-1786218000,2026-08-08 19:40:00+00:00,2026-08-08 19:30:15.293000+00:00,584.707,none,False,False,,,0.0,,,0.0,2026-08-09,3,00-04
btc-updown-5m-1786218300,2026-08-08 19:45:00+00:00,2026-08-08 19:35:15.331000+00:00,584.669,none,False,False,,,0.0,,,0.0,2026-08-09,3,00-04
btc-updown-5m-1786218600,2026-08-08 19:50:00+00:00,2026-08-08 19:40:15.316000+00:00,584.684,none,False,False,,,0.0,,,0.0,2026-08-09,3,00-04
btc-updown-5m-1786218900,2026-08-08 19:55:00+00:00,2026-08-08 19:45:15.508000+00:00,584.492,none,False,False,,,0.0,,,0.0,2026-08-09,3,00-04
btc-updown-5m-1786219200,2026-08-08 20:00:00+00:00,2026-08-08 19:50:15.509000+00:00,584.491,none,False,False,,,0.0,,,0.0,2026-08-09,3,00-04
btc-updown-5m-1786219500,2026-08-08 20:05:00+00:00,2026-08-08 19:55:15.440000+00:00,584.56,none,False,False,,,0.0,,,0.0,2026-08-09,4,04-08
btc-updown-5m-1786219800,2026-08-08 20:10:00+00:00,2026-08-08 20:00:15.489000+00:00,584.511,none,False,False,,,0.0,,,0.0,2026-08-09,4,04-08
btc-updown-5m-1786220100,2026-08-08 20:15:00+00:00,2026-08-08 20:05:15.938000+00:00,584.062,none,False,False,,,0.0,,,0.0,2026-08-09,4,04-08
btc-updown-5m-1786220400,2026-08-08 20:20:00+00:00,2026-08-08 20:10:15.857000+00:00,584.143,none,False,False,,,0.0,,,0.0,2026-08-09,4,04-08
btc-updown-5m-1786220700,2026-08-08 20:25:00+00:00,2026-08-08 20:15:16.744000+00:00,583.256,none,False,False,,,0.0,,,0.0,2026-08-09,4,04-08
btc-updown-5m-1786221000,2026-08-08 20:30:00+00:00,2026-08-08 20:20:16.270000+00:00,583.73,none,False,False,,,0.0,,,0.0,2026-08-09,4,04-08
btc-updown-5m-1786221300,2026-08-08 20:35:00+00:00,2026-08-08 20:25:16.446000+00:00,583.554,none,False,False,,,0.0,,,0.0,2026-08-09,4,04-08
btc-updown-5m-1786221600,2026-08-08 20:40:00+00:00,2026-08-08 20:30:16.702000+00:00,583.298,none,False,False,,,0.0,,,0.0,2026-08-09,4,04-08
btc-updown-5m-1786221900,2026-08-08 20:45:00+00:00,2026-08-08 20:35:16.803000+00:00,583.197,none,False,False,,,0.0,,,0.0,2026-08-09,4,04-08
btc-updown-5m-1786222200,2026-08-08 20:50:00+00:00,2026-08-08 20:40:16.716000+00:00,583.284,none,False,False,,,0.0,,,0.0,2026-08-09,4,04-08
btc-updown-5m-1786222500,2026-08-08 20:55:00+00:00,2026-08-08 20:45:16.898000+00:00,583.102,none,False,False,,,0.0,,,0.0,2026-08-09,4,04-08
btc-updown-5m-1786222800,2026-08-08 21:00:00+00:00,2026-08-08 20:50:17.406000+00:00,582.594,none,False,False,,,0.0,,,0.0,2026-08-09,4,04-08
btc-updown-5m-1786223100,2026-08-08 21:05:00+00:00,2026-08-08 20:55:17.458000+00:00,582.542,none,False,False,,,0.0,,,0.0,2026-08-09,5,04-08
btc-updown-5m-1786223400,2026-08-08 21:10:00+00:00,2026-08-08 21:00:17.872000+00:00,582.128,none,False,False,,,0.0,,,0.0,2026-08-09,5,04-08
btc-updown-5m-1786223700,2026-08-08 21:15:00+00:00,2026-08-08 21:05:17.988000+00:00,582.012,none,False,False,,,0.0,,,0.0,2026-08-09,5,04-08
btc-updown-5m-1786224000,2026-08-08 21:20:00+00:00,2026-08-08 21:10:18.334000+00:00,581.666,none,False,False,,,0.0,,,0.0,2026-08-09,5,04-08
btc-updown-5m-1786224300,2026-08-08 21:25:00+00:00,2026-08-08 21:15:17.810000+00:00,582.19,none,False,False,,,0.0,,,0.0,2026-08-09,5,04-08
btc-updown-5m-1786224600,2026-08-08 21:30:00+00:00,2026-08-08 21:20:17.791000+00:00,582.209,none,False,False,,,0.0,,,0.0,2026-08-09,5,04-08
btc-updown-5m-1786224900,2026-08-08 21:35:00+00:00,2026-08-08 21:25:17.915000+00:00,582.085,none,False,False,,,0.0,,,0.0,2026-08-09,5,04-08
btc-updown-5m-1786225200,2026-08-08 21:40:00+00:00,2026-08-08 21:30:18.443000+00:00,581.557,none,False,False,,,0.0,,,0.0,2026-08-09,5,04-08
btc-updown-5m-1786225500,2026-08-08 21:45:00+00:00,2026-08-08 21:35:18.419000+00:00,581.581,none,False,False,,,0.0,,,0.0,2026-08-09,5,04-08
btc-updown-5m-1786225800,2026-08-08 21:50:00+00:00,2026-08-08 21:40:18.176000+00:00,581.824,none,False,False,,,0.0,,,0.0,2026-08-09,5,04-08
btc-updown-5m-1786226100,2026-08-08 21:55:00+00:00,2026-08-08 21:45:19.104000+00:00,580.896,none,False,False,,,0.0,,,0.0,2026-08-09,5,04-08
btc-updown-5m-1786226400,2026-08-08 22:00:00+00:00,2026-08-08 21:50:18.824000+00:00,581.176,none,False,False,,,0.0,,,0.0,2026-08-09,5,04-08
btc-updown-5m-1786226700,2026-08-08 22:05:00+00:00,2026-08-08 21:55:18.763000+00:00,581.237,none,False,False,,,0.0,,,0.0,2026-08-09,6,04-08
btc-updown-5m-1786227000,2026-08-08 22:10:00+00:00,2026-08-08 22:00:19.848000+00:00,580.152,none,False,False,,,0.0,,,0.0,2026-08-09,6,04-08
btc-updown-5m-1786227300,2026-08-08 22:15:00+00:00,2026-08-08 22:05:19.223000+00:00,580.777,none,False,False,,,0.0,,,0.0,2026-08-09,6,04-08
btc-updown-5m-1786227600,2026-08-08 22:20:00+00:00,2026-08-08 22:10:18.904000+00:00,581.096,none,False,False,,,0.0,,,0.0,2026-08-09,6,04-08
btc-updown-5m-1786227900,2026-08-08 22:25:00+00:00,2026-08-08 22:15:19.169000+00:00,580.831,none,False,False,,,0.0,,,0.0,2026-08-09,6,04-08
btc-updown-5m-1786228200,2026-08-08 22:30:00+00:00,2026-08-08 22:20:18.936000+00:00,581.064,paired,True,True,2026-08-08T22:34:01.188Z,2026-08-08T22:34:29.712Z,0.42,0.29,0.25,0.45999999999999996,2026-08-09,6,04-08
btc-updown-5m-1786228500,2026-08-08 22:35:00+00:00,2026-08-08 22:25:19.323000+00:00,580.677,single,True,False,2026-08-08T22:37:51.207Z,,-0.29,0.29,,-0.29,2026-08-09,6,04-08
btc-updown-5m-1786228800,2026-08-08 22:40:00+00:00,2026-08-08 22:30:20.053000+00:00,579.947,single,True,False,2026-08-08T22:42:05.728Z,,-0.29,0.29,,-0.29,2026-08-09,6,04-08
btc-updown-5m-1786229100,2026-08-08 22:45:00+00:00,2026-08-08 22:36:38.548000+00:00,501.452,paired,True,True,2026-08-08T22:48:13.552Z,2026-08-08T22:49:33.747Z,0.42,0.29,0.29,0.42,2026-08-09,6,04-08
btc-updown-5m-1786229400,2026-08-08 22:50:00+00:00,2026-08-08 22:41:31.711000+00:00,508.289,single,True,False,2026-08-08T22:52:21.118Z,,-0.29,0.29,,-0.29,2026-08-09,6,04-08
btc-updown-5m-1786229700,2026-08-08 22:55:00+00:00,2026-08-08 22:46:45.848000+00:00,494.152,single,True,False,2026-08-08T22:57:08.862Z,,-0.29,0.27,,-0.27,2026-08-09,6,04-08
btc-updown-5m-1786230000,2026-08-08 23:00:00+00:00,2026-08-08 22:51:39.234000+00:00,500.766,single,True,False,2026-08-08T23:04:03.322Z,,-0.29,0.29,,-0.29,2026-08-09,6,04-08
btc-updown-5m-1786230300,2026-08-08 23:05:00+00:00,2026-08-08 22:56:04.033000+00:00,535.967,single,True,False,2026-08-08T23:07:09.795Z,,-0.29,0.29,,-0.29,2026-08-09,7,04-08
btc-updown-5m-1786230600,2026-08-08 23:10:00+00:00,2026-08-08 23:01:57.582000+00:00,482.418,single,True,False,2026-08-08T23:12:33.720Z,,-0.29,0.29,,-0.29,2026-08-09,7,04-08
btc-updown-5m-1786230900,2026-08-08 23:15:00+00:00,2026-08-08 23:06:50.535000+00:00,489.465,single,False,True,,2026-08-08T23:16:55.425Z,-0.29,,0.07,-0.07,2026-08-09,7,04-08
btc-updown-5m-1786231200,2026-08-08 23:20:00+00:00,2026-08-08 23:10:58.730000+00:00,541.27,single,False,True,,2026-08-08T23:21:56.773Z,-0.29,,0.29,-0.29,2026-08-09,7,04-08
btc-updown-5m-1786231500,2026-08-08 23:25:00+00:00,2026-08-08 23:16:53.400000+00:00,486.6,paired,True,True,2026-08-08T23:27:43.174Z,2026-08-08T23:27:36.647Z,0.42,0.25,0.25,0.5,2026-08-09,7,04-08
btc-updown-5m-1786231800,2026-08-08 23:30:00+00:00,2026-08-08 23:21:43.488000+00:00,496.512,paired,True,True,2026-08-08T23:31:55.470Z,2026-08-08T23:34:04.832Z,0.42,0.29,0.25,0.45999999999999996,2026-08-09,7,04-08
btc-updown-5m-1786232100,2026-08-08 23:35:00+00:00,2026-08-08 23:26:33.395000+00:00,506.605,single,False,True,,2026-08-08T23:37:05.736Z,-0.29,,0.07,-0.07,2026-08-09,7,04-08
btc-updown-5m-1786232400,2026-08-08 23:40:00+00:00,2026-08-08 23:31:10.680000+00:00,529.32,paired,True,True,2026-08-08T23:44:22.916Z,2026-08-08T23:44:03.453Z,0.42,0.29,0.29,0.42,2026-08-09,7,04-08
btc-updown-5m-1786232700,2026-08-08 23:45:00+00:00,2026-08-08 23:36:51.096000+00:00,488.904,paired,True,True,2026-08-08T23:48:01.502Z,2026-08-08T23:48:41.880Z,0.42,0.29,0.25,0.45999999999999996,2026-08-09,7,04-08
btc-updown-5m-1786233000,2026-08-08 23:50:00+00:00,2026-08-08 23:41:01.193000+00:00,538.807,none,False,False,,,0.0,,,0.0,2026-08-09,7,04-08
btc-updown-5m-1786233300,2026-08-08 23:55:00+00:00,2026-08-08 23:46:10.038000+00:00,529.962,single,False,True,,2026-08-08T23:58:31.810Z,-0.29,,0.2,-0.2,2026-08-09,7,04-08
btc-updown-5m-1786233600,2026-08-09 00:00:00+00:00,2026-08-08 23:50:26.157000+00:00,573.843,paired,True,True,2026-08-09T00:02:48.218Z,2026-08-09T00:03:57.784Z,0.42,0.29,0.28,0.42999999999999994,2026-08-09,7,04-08
btc-updown-5m-1786233900,2026-08-09 00:05:00+00:00,2026-08-08 23:55:26.222000+00:00,573.778,single,True,False,2026-08-09T00:06:14.529Z,,-0.29,0.29,,-0.29,2026-08-09,8,08-12
btc-updown-5m-1786234200,2026-08-09 00:10:00+00:00,2026-08-09 00:02:35.749000+00:00,444.251,paired,True,True,2026-08-09T00:10:22.013Z,2026-08-09T00:12:28.231Z,0.42,0.29,0.27,0.43999999999999995,2026-08-09,8,08-12
btc-updown-5m-1786234500,2026-08-09 00:15:00+00:00,2026-08-09 00:06:30.744000+00:00,509.256,none,False,False,,,0.0,,,0.0,2026-08-09,8,08-12
btc-updown-5m-1786234800,2026-08-09 00:20:00+00:00,2026-08-09 00:12:00.104000+00:00,479.896,none,False,False,,,0.0,,,0.0,2026-08-09,8,08-12
btc-updown-5m-1786235100,2026-08-09 00:25:00+00:00,2026-08-09 00:15:14.822000+00:00,585.178,single,True,False,2026-08-09T00:28:18.398Z,,-0.29,0.14,,-0.14,2026-08-09,8,08-12
btc-updown-5m-1786235400,2026-08-09 00:30:00+00:00,2026-08-09 00:20:14.930000+00:00,585.07,paired,True,True,2026-08-09T00:30:05.599Z,2026-08-09T00:33:19.234Z,0.42,0.29,0.25,0.45999999999999996,2026-08-09,8,08-12
btc-updown-5m-1786235700,2026-08-09 00:35:00+00:00,2026-08-09 00:25:14.837000+00:00,585.163,single,False,True,,2026-08-09T00:37:29.799Z,-0.29,,0.29,-0.29,2026-08-09,8,08-12
btc-updown-5m-1786236000,2026-08-09 00:40:00+00:00,2026-08-09 00:31:21.975000+00:00,518.025,single,True,False,2026-08-09T00:42:15.145Z,,-0.29,0.22,,-0.22,2026-08-09,8,08-12
btc-updown-5m-1786236300,2026-08-09 00:45:00+00:00,2026-08-09 00:35:55.487000+00:00,544.513,paired,True,True,2026-08-09T00:48:27.131Z,2026-08-09T00:46:17.070Z,0.42,0.25,0.29,0.46,2026-08-09,8,08-12
btc-updown-5m-1786236600,2026-08-09 00:50:00+00:00,2026-08-09 00:41:06.220000+00:00,533.78,paired,True,True,2026-08-09T00:53:03.228Z,2026-08-09T00:54:17.840Z,0.42,0.25,0.28,0.47,2026-08-09,8,08-12
btc-updown-5m-1786236900,2026-08-09 00:55:00+00:00,2026-08-09 00:45:57.843000+00:00,542.157,paired,True,True,2026-08-09T00:55:03.503Z,2026-08-09T00:58:28.746Z,0.42,0.29,0.29,0.42,2026-08-09,8,08-12
btc-updown-5m-1786237200,2026-08-09 01:00:00+00:00,2026-08-09 00:51:47.359000+00:00,492.641,none,False,False,,,0.0,,,0.0,2026-08-09,8,08-12
btc-updown-5m-1786237500,2026-08-09 01:05:00+00:00,2026-08-09 00:55:52.091000+00:00,547.909,none,False,False,,,0.0,,,0.0,2026-08-09,9,08-12
btc-updown-5m-1786237800,2026-08-09 01:10:00+00:00,2026-08-09 01:00:18.899000+00:00,581.101,none,False,False,,,0.0,,,0.0,2026-08-09,9,08-12
btc-updown-5m-1786238100,2026-08-09 01:15:00+00:00,2026-08-09 01:05:18.981000+00:00,581.019,none,False,False,,,0.0,,,0.0,2026-08-09,9,08-12
btc-updown-5m-1786238400,2026-08-09 01:20:00+00:00,2026-08-09 01:10:19.133000+00:00,580.867,single,True,False,2026-08-09T01:23:24.199Z,,-0.29,0.02,,-0.02,2026-08-09,9,08-12
btc-updown-5m-1786238700,2026-08-09 01:25:00+00:00,2026-08-09 01:15:18.909000+00:00,581.091,single,True,False,2026-08-09T01:26:17.985Z,,-0.29,0.29,,-0.29,2026-08-09,9,08-12
btc-updown-5m-1786239000,2026-08-09 01:30:00+00:00,2026-08-09 01:20:19.682000+00:00,580.318,single,False,True,,2026-08-09T01:33:06.218Z,-0.29,,0.29,-0.29,2026-08-09,9,08-12
btc-updown-5m-1786239300,2026-08-09 01:35:00+00:00,2026-08-09 01:27:06.929000+00:00,473.071,paired,True,True,2026-08-09T01:38:50.500Z,2026-08-09T01:36:50.168Z,0.42,0.29,0.29,0.42,2026-08-09,9,08-12
btc-updown-5m-1786239600,2026-08-09 01:40:00+00:00,2026-08-09 01:32:42.999000+00:00,437.001,paired,True,True,2026-08-09T01:41:22.521Z,2026-08-09T01:44:05.335Z,0.42,0.29,0.29,0.42,2026-08-09,9,08-12
btc-updown-5m-1786239900,2026-08-09 01:45:00+00:00,2026-08-09 01:36:02.550000+00:00,537.45,none,False,False,,,0.0,,,0.0,2026-08-09,9,08-12
btc-updown-5m-1786240200,2026-08-09 01:50:00+00:00,2026-08-09 01:41:06.210000+00:00,533.79,single,True,False,2026-08-09T01:53:26.129Z,,-0.29,0.02,,-0.02,2026-08-09,9,08-12
btc-updown-5m-1786240500,2026-08-09 01:55:00+00:00,2026-08-09 01:45:17.814000+00:00,582.186,paired,True,True,2026-08-09T01:59:02.446Z,2026-08-09T01:57:28.406Z,0.42,0.29,0.28,0.42999999999999994,2026-08-09,9,08-12
btc-updown-5m-1786240800,2026-08-09 02:00:00+00:00,2026-08-09 01:50:17.796000+00:00,582.204,single,True,False,2026-08-09T02:02:37.834Z,,-0.29,0.29,,-0.29,2026-08-09,9,08-12
btc-updown-5m-1786241100,2026-08-09 02:05:00+00:00,2026-08-09 01:56:43.734000+00:00,496.266,single,True,False,2026-08-09T02:07:31.195Z,,-0.29,0.05,,-0.05,2026-08-09,10,08-12
btc-updown-5m-1786241400,2026-08-09 02:10:00+00:00,2026-08-09 02:02:40.955000+00:00,439.045,single,False,True,,2026-08-09T02:10:06.271Z,-0.29,,0.29,-0.29,2026-08-09,10,08-12
btc-updown-5m-1786241700,2026-08-09 02:15:00+00:00,2026-08-09 02:06:09.184000+00:00,530.816,single,True,False,2026-08-09T02:17:00.259Z,,-0.29,0.11,,-0.11,2026-08-09,10,08-12
btc-updown-5m-1786242000,2026-08-09 02:20:00+00:00,2026-08-09 02:12:06.489000+00:00,473.511,single,False,True,,2026-08-09T02:23:20.486Z,-0.29,,0.29,-0.29,2026-08-09,10,08-12
btc-updown-5m-1786242300,2026-08-09 02:25:00+00:00,2026-08-09 02:16:51.158000+00:00,488.842,paired,True,True,2026-08-09T02:26:21.993Z,2026-08-09T02:27:51.663Z,0.42,0.29,0.29,0.42,2026-08-09,10,08-12
btc-updown-5m-1786242600,2026-08-09 02:30:00+00:00,2026-08-09 02:20:30.025000+00:00,569.975,none,False,False,,,0.0,,,0.0,2026-08-09,10,08-12
btc-updown-5m-1786242900,2026-08-09 02:35:00+00:00,2026-08-09 02:26:40.640000+00:00,499.36,single,True,False,2026-08-09T02:37:31.195Z,,-0.29,0.17,,-0.17,2026-08-09,10,08-12
btc-updown-5m-1786243200,2026-08-09 02:40:00+00:00,2026-08-09 02:30:20.544000+00:00,579.456,single,True,False,2026-08-09T02:40:05.647Z,,-0.29,0.29,,-0.29,2026-08-09,10,08-12
btc-updown-5m-1786243500,2026-08-09 02:45:00+00:00,2026-08-09 02:35:20.931000+00:00,579.069,paired,True,True,2026-08-09T02:48:56.525Z,2026-08-09T02:48:02.680Z,0.42,0.21,0.29,0.5,2026-08-09,10,08-12
btc-updown-5m-1786243800,2026-08-09 02:50:00+00:00,2026-08-09 02:41:55.929000+00:00,484.071,paired,True,True,2026-08-09T02:50:13.433Z,2026-08-09T02:53:21.838Z,0.42,0.29,0.29,0.42,2026-08-09,10,08-12
btc-updown-5m-1786244100,2026-08-09 02:55:00+00:00,2026-08-09 02:47:17.331000+00:00,462.669,paired,True,True,2026-08-09T02:55:00.014Z,2026-08-09T02:57:05.818Z,0.42,0.25,0.29,0.46,2026-08-09,10,08-12
btc-updown-5m-1786244700,2026-08-09 03:05:00+00:00,2026-08-09 02:57:04.603000+00:00,475.397,paired,True,True,2026-08-09T03:08:51.651Z,2026-08-09T03:07:47.470Z,0.42,0.28,0.29,0.43,2026-08-09,11,08-12
btc-updown-5m-1786245000,2026-08-09 03:10:00+00:00,2026-08-09 03:01:52.200000+00:00,487.8,single,True,False,2026-08-09T03:13:27.127Z,,-0.29,0.06,,-0.06,2026-08-09,11,08-12
btc-updown-5m-1786245300,2026-08-09 03:15:00+00:00,2026-08-09 03:05:09.799000+00:00,590.201,single,True,False,2026-08-09T03:15:31.291Z,,-0.29,0.29,,-0.29,2026-08-09,11,08-12
btc-updown-5m-1786245600,2026-08-09 03:20:00+00:00,2026-08-09 03:11:21.212000+00:00,518.788,single,False,True,,2026-08-09T03:21:45.370Z,-0.29,,0.29,-0.29,2026-08-09,11,08-12
btc-updown-5m-1786245900,2026-08-09 03:25:00+00:00,2026-08-09 03:16:12.248000+00:00,527.752,single,True,False,2026-08-09T03:29:05.345Z,,-0.29,0.29,0.29,0.42,2026-08-09,11,08-12
btc-updown-5m-1786246200,2026-08-09 03:30:00+00:00,2026-08-09 03:22:13.627000+00:00,466.373,paired,True,True,2026-08-09T03:30:00.660Z,2026-08-09T03:33:16.166Z,0.42,0.28,0.09,0.63,2026-08-09,11,08-12
btc-updown-5m-1786246500,2026-08-09 03:35:00+00:00,2026-08-09 03:27:28.105000+00:00,451.895,paired,True,True,2026-08-09T03:35:55.546Z,2026-08-09T03:39:43.044Z,0.42,0.29,0.29,0.42,2026-08-09,11,08-12
btc-updown-5m-1786246800,2026-08-09 03:40:00+00:00,2026-08-09 03:32:20.446000+00:00,459.554,single,False,True,,2026-08-09T03:42:14.891Z,-0.29,,0.29,-0.29,2026-08-09,11,08-12
btc-updown-5m-1786247100,2026-08-09 03:45:00+00:00,2026-08-09 03:36:32.178000+00:00,507.822,single,True,False,2026-08-09T03:47:34.032Z,,-0.29,0.27,,-0.27,2026-08-09,11,08-12
btc-updown-5m-1786247400,2026-08-09 03:50:00+00:00,2026-08-09 03:42:16.115000+00:00,463.885,none,False,False,,,0.0,,,0.0,2026-08-09,11,08-12
btc-updown-5m-1786247700,2026-08-09 03:55:00+00:00,2026-08-09 03:47:19.455000+00:00,460.545,single,True,False,2026-08-09T03:57:43.133Z,,-0.29,0.18,,-0.18,2026-08-09,11,08-12
btc-updown-5m-1786248000,2026-08-09 04:00:00+00:00,2026-08-09 03:50:10.076000+00:00,589.924,paired,True,True,2026-08-09T04:04:09.185Z,2026-08-09T04:04:28.727Z,0.42,0.29,0.29,0.42,2026-08-09,11,08-12
btc-updown-5m-1786248300,2026-08-09 04:05:00+00:00,2026-08-09 03:55:10.850000+00:00,589.15,single,False,True,,2026-08-09T04:07:36.889Z,-0.29,,0.29,-0.29,2026-08-09,12,12-16
btc-updown-5m-1786248600,2026-08-09 04:10:00+00:00,2026-08-09 04:02:32.476000+00:00,447.524,single,False,True,,2026-08-09T04:12:31.520Z,-0.29,,0.29,-0.29,2026-08-09,12,12-16
btc-updown-5m-1786248900,2026-08-09 04:15:00+00:00,2026-08-09 04:06:47.258000+00:00,492.742,none,False,False,,,0.0,,,0.0,2026-08-09,12,12-16
btc-updown-5m-1786249200,2026-08-09 04:20:00+00:00,2026-08-09 04:11:12.037000+00:00,527.963,single,False,True,,2026-08-09T04:22:35.877Z,-0.29,,0.16,-0.16,2026-08-09,12,12-16
btc-updown-5m-1786249500,2026-08-09 04:25:00+00:00,2026-08-09 04:15:28.411000+00:00,571.589,single,False,True,,2026-08-09T04:27:50.628Z,-0.29,,0.29,-0.29,2026-08-09,12,12-16
btc-updown-5m-1786249800,2026-08-09 04:30:00+00:00,2026-08-09 04:20:25.581000+00:00,574.419,single,True,False,2026-08-09T04:30:00.023Z,,-0.29,0.28,,-0.28,2026-08-09,12,12-16
btc-updown-5m-1786250100,2026-08-09 04:35:00+00:00,2026-08-09 04:25:52.846000+00:00,547.154,single,True,False,2026-08-09T04:35:43.072Z,,-0.29,0.29,,-0.29,2026-08-09,12,12-16
btc-updown-5m-1786250400,2026-08-09 04:40:00+00:00,2026-08-09 04:32:47.204000+00:00,432.796,single,True,False,2026-08-09T04:40:00.019Z,,-0.29,0.29,,-0.29,2026-08-09,12,12-16
btc-updown-5m-1786250700,2026-08-09 04:45:00+00:00,2026-08-09 04:36:24.720000+00:00,515.28,paired,True,True,2026-08-09T04:48:12.192Z,2026-08-09T04:47:11.890Z,0.42,0.29,0.29,0.42,2026-08-09,12,12-16
btc-updown-5m-1786251000,2026-08-09 04:50:00+00:00,2026-08-09 04:42:20.200000+00:00,459.8,single,True,False,2026-08-09T04:50:00.018Z,,-0.29,0.28,,-0.28,2026-08-09,12,12-16
btc-updown-5m-1786251300,2026-08-09 04:55:00+00:00,2026-08-09 04:46:51.552000+00:00,488.448,paired,True,True,2026-08-09T04:57:42.077Z,2026-08-09T04:57:49.479Z,0.42,0.29,0.29,0.42,2026-08-09,12,12-16
btc-updown-5m-1786251600,2026-08-09 05:00:00+00:00,2026-08-09 04:51:25.152000+00:00,514.848,none,False,False,,,0.0,,,0.0,2026-08-09,12,12-16
btc-updown-5m-1786251900,2026-08-09 05:05:00+00:00,2026-08-09 04:56:06.813000+00:00,533.187,single,True,False,2026-08-09T05:07:20.927Z,,-0.29,0.29,,-0.29,2026-08-09,13,12-16
btc-updown-5m-1786252200,2026-08-09 05:10:00+00:00,2026-08-09 05:00:31.403000+00:00,568.597,single,False,True,,2026-08-09T05:10:06.671Z,-0.29,,0.29,-0.29,2026-08-09,13,12-16
btc-updown-5m-1786252500,2026-08-09 05:15:00+00:00,2026-08-09 05:05:02.342000+00:00,597.658,single,True,False,2026-08-09T05:18:32.455Z,,-0.29,0.29,,-0.29,2026-08-09,13,12-16
btc-updown-5m-1786252800,2026-08-09 05:20:00+00:00,2026-08-09 05:11:53.850000+00:00,486.15,none,False,False,,,0.0,,,0.0,2026-08-09,13,12-16
btc-updown-5m-1786253100,2026-08-09 05:25:00+00:00,2026-08-09 05:17:58.161000+00:00,421.839,none,False,False,,,0.0,,,0.0,2026-08-09,13,12-16
btc-updown-5m-1786253400,2026-08-09 05:30:00+00:00,2026-08-09 05:20:19.822000+00:00,580.178,single,False,True,,2026-08-09T05:34:23.059Z,-0.29,,0.29,-0.29,2026-08-09,13,12-16
btc-updown-5m-1786253700,2026-08-09 05:35:00+00:00,2026-08-09 05:25:19.880000+00:00,580.12,single,True,False,2026-08-09T05:35:07.406Z,,-0.29,0.29,,-0.29,2026-08-09,13,12-16
btc-updown-5m-1786254000,2026-08-09 05:40:00+00:00,2026-08-09 05:30:20.022000+00:00,579.978,paired,True,True,2026-08-09T05:40:01.044Z,2026-08-09T05:42:46.243Z,0.42,0.28,0.29,0.43,2026-08-09,13,12-16
btc-updown-5m-1786254300,2026-08-09 05:45:00+00:00,2026-08-09 05:36:16.312000+00:00,523.688,single,True,False,2026-08-09T05:45:04.213Z,,-0.29,0.29,,-0.29,2026-08-09,13,12-16
btc-updown-5m-1786254600,2026-08-09 05:50:00+00:00,2026-08-09 05:42:03.379000+00:00,476.621,none,False,False,,,0.0,,,0.0,2026-08-09,13,12-16
btc-updown-5m-1786254900,2026-08-09 05:55:00+00:00,2026-08-09 05:47:18.257000+00:00,461.743,single,False,True,,2026-08-09T05:57:27.178Z,-0.29,,0.14,-0.14,2026-08-09,13,12-16
btc-updown-5m-1786255200,2026-08-09 06:00:00+00:00,2026-08-09 05:50:13.960000+00:00,586.04,paired,True,True,2026-08-09T06:02:40.574Z,2026-08-09T06:00:00.523Z,0.42,0.28,0.27,0.44999999999999996,2026-08-09,13,12-16
btc-updown-5m-1786255500,2026-08-09 06:05:00+00:00,2026-08-09 05:55:13.839000+00:00,586.161,single,False,True,,2026-08-09T06:07:55.609Z,-0.29,,0.29,-0.29,2026-08-09,14,12-16
btc-updown-5m-1786255800,2026-08-09 06:10:00+00:00,2026-08-09 06:02:43.510000+00:00,436.49,single,False,True,,2026-08-09T06:11:30.484Z,-0.29,,0.29,-0.29,2026-08-09,14,12-16
btc-updown-5m-1786256100,2026-08-09 06:15:00+00:00,2026-08-09 06:06:04.586000+00:00,535.414,paired,True,True,2026-08-09T06:15:01.432Z,2026-08-09T06:18:04.497Z,0.42,0.29,0.26,0.44999999999999996,2026-08-09,14,12-16
btc-updown-5m-1786256400,2026-08-09 06:20:00+00:00,2026-08-09 06:11:18.214000+00:00,521.786,single,False,True,,2026-08-09T06:20:00.784Z,-0.29,,0.28,-0.28,2026-08-09,14,12-16
btc-updown-5m-1786256700,2026-08-09 06:25:00+00:00,2026-08-09 06:16:14.535000+00:00,525.465,single,False,True,,2026-08-09T06:27:33.807Z,-0.29,,0.29,-0.29,2026-08-09,14,12-16
btc-updown-5m-1786257000,2026-08-09 06:30:00+00:00,2026-08-09 06:21:27.974000+00:00,512.026,single,False,True,,2026-08-09T06:32:08.018Z,-0.29,,0.11,-0.11,2026-08-09,14,12-16
btc-updown-5m-1786257300,2026-08-09 06:35:00+00:00,2026-08-09 06:26:57.496000+00:00,482.504,single,False,True,,2026-08-09T06:35:02.884Z,-0.29,,0.29,-0.29,2026-08-09,14,12-16
btc-updown-5m-1786257600,2026-08-09 06:40:00+00:00,2026-08-09 06:32:01.556000+00:00,478.444,paired,True,True,2026-08-09T06:40:35.412Z,2026-08-09T06:44:52.390Z,0.42,0.24,0.29,0.47000000000000003,2026-08-09,14,12-16
btc-updown-5m-1786257900,2026-08-09 06:45:00+00:00,2026-08-09 06:37:13.255000+00:00,466.745,none,False,False,,,0.0,,,0.0,2026-08-09,14,12-16
btc-updown-5m-1786258200,2026-08-09 06:50:00+00:00,2026-08-09 06:40:41.468000+00:00,558.532,none,False,False,,,0.0,,,0.0,2026-08-09,14,12-16
btc-updown-5m-1786258500,2026-08-09 06:55:00+00:00,2026-08-09 06:45:21.520000+00:00,578.48,single,False,True,,2026-08-09T06:57:35.055Z,-0.29,,0.21,-0.21,2026-08-09,14,12-16
btc-updown-5m-1786258800,2026-08-09 07:00:00+00:00,2026-08-09 06:50:21.947000+00:00,578.053,paired,True,True,2026-08-09T07:00:32.323Z,2026-08-09T07:02:47.599Z,0.42,0.29,0.27,0.43999999999999995,2026-08-09,14,12-16
btc-updown-5m-1786259100,2026-08-09 07:05:00+00:00,2026-08-09 06:55:21.835000+00:00,578.165,paired,True,True,2026-08-09T07:06:21.958Z,2026-08-09T07:08:46.368Z,0.42,0.27,0.29,0.44,2026-08-09,15,12-16
btc-updown-5m-1786259400,2026-08-09 07:10:00+00:00,2026-08-09 07:02:45.990000+00:00,434.01,single,True,False,2026-08-09T07:10:13.666Z,,-0.29,0.29,,-0.29,2026-08-09,15,12-16
btc-updown-5m-1786259700,2026-08-09 07:15:00+00:00,2026-08-09 07:06:43.961000+00:00,496.039,single,False,True,,2026-08-09T07:15:45.385Z,-0.29,,0.29,-0.29,2026-08-09,15,12-16
btc-updown-5m-1786260000,2026-08-09 07:20:00+00:00,2026-08-09 07:11:48.708000+00:00,491.292,single,True,False,2026-08-09T07:22:15.392Z,,-0.29,0.29,,-0.29,2026-08-09,15,12-16
btc-updown-5m-1786260300,2026-08-09 07:25:00+00:00,2026-08-09 07:15:14.282000+00:00,585.718,single,True,False,2026-08-09T07:25:00.087Z,,-0.29,0.28,,-0.28,2026-08-09,15,12-16
btc-updown-5m-1786260600,2026-08-09 07:30:00+00:00,2026-08-09 07:22:21.286000+00:00,458.714,single,True,False,2026-08-09T07:32:55.035Z,,-0.29,0.29,,-0.29,2026-08-09,15,12-16
btc-updown-5m-1786260900,2026-08-09 07:35:00+00:00,2026-08-09 07:26:17.876000+00:00,522.124,paired,True,True,2026-08-09T07:39:34.005Z,2026-08-09T07:35:01.259Z,0.42,0.29,0.29,0.42,2026-08-09,15,12-16
btc-updown-5m-1786261200,2026-08-09 07:40:00+00:00,2026-08-09 07:32:49.029000+00:00,430.971,single,False,True,,2026-08-09T07:40:07.683Z,-0.29,,0.29,-0.29,2026-08-09,15,12-16
btc-updown-5m-1786261500,2026-08-09 07:45:00+00:00,2026-08-09 07:36:32.433000+00:00,507.567,paired,True,True,2026-08-09T07:47:21.550Z,2026-08-09T07:45:01.804Z,0.42,0.28,0.28,0.43999999999999995,2026-08-09,15,12-16
btc-updown-5m-1786261800,2026-08-09 07:50:00+00:00,2026-08-09 07:42:04.184000+00:00,475.816,none,False,False,,,0.0,,,0.0,2026-08-09,15,12-16
btc-updown-5m-1786262100,2026-08-09 07:55:00+00:00,2026-08-09 07:46:33.162000+00:00,506.838,single,False,True,,2026-08-09T07:58:07.500Z,-0.29,,0.29,-0.29,2026-08-09,15,12-16
btc-updown-5m-1786262400,2026-08-09 08:00:00+00:00,2026-08-09 07:50:08.020000+00:00,591.98,single,False,True,,2026-08-09T08:02:10.506Z,-0.29,,0.29,-0.29,2026-08-09,15,12-16
btc-updown-5m-1786262700,2026-08-09 08:05:00+00:00,2026-08-09 07:55:08.823000+00:00,591.177,single,False,True,,2026-08-09T08:07:13.164Z,-0.29,,0.29,-0.29,2026-08-09,16,16-20
btc-updown-5m-1786263000,2026-08-09 08:10:00+00:00,2026-08-09 08:02:07.226000+00:00,472.774,single,False,True,,2026-08-09T08:11:59.523Z,-0.29,,0.29,-0.29,2026-08-09,16,16-20
btc-updown-5m-1786263300,2026-08-09 08:15:00+00:00,2026-08-09 08:07:08.307000+00:00,471.693,single,False,True,,2026-08-09T08:16:57.697Z,-0.29,,0.29,-0.29,2026-08-09,16,16-20
btc-updown-5m-1786263600,2026-08-09 08:20:00+00:00,2026-08-09 08:11:01.111000+00:00,538.889,none,False,False,,,0.0,,,0.0,2026-08-09,16,16-20
btc-updown-5m-1786263900,2026-08-09 08:25:00+00:00,2026-08-09 08:18:18.833000+00:00,401.167,single,True,False,2026-08-09T08:27:25.168Z,,-0.29,0.1,,-0.1,2026-08-09,16,16-20
btc-updown-5m-1786264200,2026-08-09 08:30:00+00:00,2026-08-09 08:20:07.720000+00:00,592.28,single,False,True,,2026-08-09T08:31:31.945Z,-0.29,,0.21,-0.21,2026-08-09,16,16-20
btc-updown-5m-1786264500,2026-08-09 08:35:00+00:00,2026-08-09 08:25:06.282000+00:00,593.718,paired,True,True,2026-08-09T08:39:10.881Z,2026-08-09T08:38:38.453Z,0.42,0.23,0.29,0.48000000000000004,2026-08-09,16,16-20
btc-updown-5m-1786264800,2026-08-09 08:40:00+00:00,2026-08-09 08:31:23.800000+00:00,516.2,single,True,False,2026-08-09T08:40:00.004Z,,-0.29,0.28,,-0.28,2026-08-09,16,16-20
btc-updown-5m-1786265100,2026-08-09 08:45:00+00:00,2026-08-09 08:36:15.875000+00:00,524.125,none,False,False,,,0.0,,,0.0,2026-08-09,16,16-20
btc-updown-5m-1786265400,2026-08-09 08:50:00+00:00,2026-08-09 08:41:43.054000+00:00,496.946,single,True,False,2026-08-09T08:53:02.190Z,,-0.29,0.17,,-0.17,2026-08-09,16,16-20
btc-updown-5m-1786265700,2026-08-09 08:55:00+00:00,2026-08-09 08:45:12.931000+00:00,587.069,single,False,True,,2026-08-09T08:56:51.691Z,-0.29,,0.28,-0.28,2026-08-09,16,16-20
btc-updown-5m-1786266000,2026-08-09 09:00:00+00:00,2026-08-09 08:50:10.009000+00:00,589.991,single,False,True,,2026-08-09T09:04:37.244Z,-0.29,,0.29,-0.29,2026-08-09,16,16-20
btc-updown-5m-1786266300,2026-08-09 09:05:00+00:00,2026-08-09 08:57:25.452000+00:00,454.548,paired,True,True,2026-08-09T09:08:52.803Z,2026-08-09T09:05:00.007Z,0.42,0.29,0.27,0.43999999999999995,2026-08-09,17,16-20
btc-updown-5m-1786266600,2026-08-09 09:10:00+00:00,2026-08-09 09:03:15.238000+00:00,404.762,paired,True,True,2026-08-09T09:13:34.443Z,2026-08-09T09:14:42.264Z,0.42,0.29,0.29,0.42,2026-08-09,17,16-20
btc-updown-5m-1786266900,2026-08-09 09:15:00+00:00,2026-08-09 09:07:08.414000+00:00,471.586,single,False,True,,2026-08-09T09:17:01.806Z,-0.29,,0.28,-0.28,2026-08-09,17,16-20
btc-updown-5m-1786267200,2026-08-09 09:20:00+00:00,2026-08-09 09:11:32.664000+00:00,507.336,paired,True,True,2026-08-09T09:24:53.059Z,2026-08-09T09:23:08.105Z,0.42,0.29,0.29,0.42,2026-08-09,17,16-20
btc-updown-5m-1786267500,2026-08-09 09:25:00+00:00,2026-08-09 09:17:06.829000+00:00,473.171,single,True,False,2026-08-09T09:26:28.573Z,,-0.29,0.28,,-0.28,2026-08-09,17,16-20
btc-updown-5m-1786267800,2026-08-09 09:30:00+00:00,2026-08-09 09:20:37.700000+00:00,562.3,single,True,False,2026-08-09T09:32:09.382Z,,-0.29,0.29,,-0.29,2026-08-09,17,16-20
btc-updown-5m-1786268100,2026-08-09 09:35:00+00:00,2026-08-09 09:27:19.834000+00:00,460.166,none,False,False,,,0.0,,,0.0,2026-08-09,17,16-20
btc-updown-5m-1786268400,2026-08-09 09:40:00+00:00,2026-08-09 09:33:07.375000+00:00,412.625,paired,True,True,2026-08-09T09:44:07.371Z,2026-08-09T09:42:54.110Z,0.42,0.29,0.13,0.58,2026-08-09,17,16-20
btc-updown-5m-1786268700,2026-08-09 09:45:00+00:00,2026-08-09 09:35:18.730000+00:00,581.27,paired,True,True,2026-08-09T09:47:33.947Z,2026-08-09T09:46:19.485Z,0.42,0.29,0.29,0.42,2026-08-09,17,16-20
btc-updown-5m-1786269000,2026-08-09 09:50:00+00:00,2026-08-09 09:40:18.716000+00:00,581.284,paired,True,True,2026-08-09T09:50:14.552Z,2026-08-09T09:53:20.483Z,0.42,0.29,0.13,0.58,2026-08-09,17,16-20
btc-updown-5m-1786269300,2026-08-09 09:55:00+00:00,2026-08-09 09:47:06.830000+00:00,473.17,single,False,True,,2026-08-09T09:55:50.735Z,-0.29,,0.29,-0.29,2026-08-09,17,16-20
btc-updown-5m-1786269600,2026-08-09 10:00:00+00:00,2026-08-09 09:51:50.758000+00:00,489.242,single,False,True,,2026-08-09T10:02:19.621Z,-0.29,,0.29,-0.29,2026-08-09,17,16-20
btc-updown-5m-1786269900,2026-08-09 10:05:00+00:00,2026-08-09 09:56:39.148000+00:00,500.852,single,False,True,,2026-08-09T10:09:43.335Z,-0.29,,0.28,-0.28,2026-08-09,18,16-20
btc-updown-5m-1786270200,2026-08-09 10:10:00+00:00,2026-08-09 10:03:41.605000+00:00,378.395,single,False,True,,2026-08-09T10:13:09.226Z,-0.29,,0.29,-0.29,2026-08-09,18,16-20
btc-updown-5m-1786270500,2026-08-09 10:15:00+00:00,2026-08-09 10:06:22.715000+00:00,517.285,none,False,False,,,0.0,,,0.0,2026-08-09,18,16-20
btc-updown-5m-1786270800,2026-08-09 10:20:00+00:00,2026-08-09 10:11:23.722000+00:00,516.278,single,False,True,,2026-08-09T10:22:28.226Z,-0.29,,0.19,-0.19,2026-08-09,18,16-20
btc-updown-5m-1786271100,2026-08-09 10:25:00+00:00,2026-08-09 10:15:18.097000+00:00,581.903,paired,True,True,2026-08-09T10:27:29.372Z,2026-08-09T10:29:07.083Z,0.42,0.29,0.29,0.42,2026-08-09,18,16-20
btc-updown-5m-1786271400,2026-08-09 10:30:00+00:00,2026-08-09 10:20:17.921000+00:00,582.079,single,True,False,2026-08-09T10:31:41.552Z,,-0.29,0.28,,-0.28,2026-08-09,18,16-20
btc-updown-5m-1786271700,2026-08-09 10:35:00+00:00,2026-08-09 10:26:35.152000+00:00,504.848,paired,True,True,2026-08-09T10:39:03.631Z,2026-08-09T10:37:33.681Z,0.42,0.29,0.29,0.42,2026-08-09,18,16-20
btc-updown-5m-1786272000,2026-08-09 10:40:00+00:00,2026-08-09 10:31:47.584000+00:00,492.416,none,False,False,,,0.0,,,0.0,2026-08-09,18,16-20
btc-updown-5m-1786272300,2026-08-09 10:45:00+00:00,2026-08-09 10:37:16.803000+00:00,463.197,none,False,False,,,0.0,,,0.0,2026-08-09,18,16-20
btc-updown-5m-1786272600,2026-08-09 10:50:00+00:00,2026-08-09 10:40:08.407000+00:00,591.593,single,True,False,2026-08-09T10:53:51.471Z,,-0.29,0.29,,-0.29,2026-08-09,18,16-20
btc-updown-5m-1786272900,2026-08-09 10:55:00+00:00,2026-08-09 10:45:10.230000+00:00,589.77,paired,True,True,2026-08-09T10:58:24.669Z,2026-08-09T10:57:39.861Z,0.42,0.29,0.28,0.42999999999999994,2026-08-09,18,16-20
btc-updown-5m-1786273200,2026-08-09 11:00:00+00:00,2026-08-09 10:50:07.143000+00:00,592.857,single,False,True,,2026-08-09T11:02:21.579Z,-0.29,,0.29,-0.29,2026-08-09,18,16-20
btc-updown-5m-1786273500,2026-08-09 11:05:00+00:00,2026-08-09 10:56:18.628000+00:00,521.372,none,False,False,,,0.0,,,0.0,2026-08-09,19,16-20
btc-updown-5m-1786273800,2026-08-09 11:10:00+00:00,2026-08-09 11:01:49.397000+00:00,490.603,none,False,False,,,0.0,,,0.0,2026-08-09,19,16-20
btc-updown-5m-1786274100,2026-08-09 11:15:00+00:00,2026-08-09 11:05:18.064000+00:00,581.936,none,False,False,,,0.0,,,0.0,2026-08-09,19,16-20
btc-updown-5m-1786274400,2026-08-09 11:20:00+00:00,2026-08-09 11:10:18.135000+00:00,581.865,single,True,False,2026-08-09T11:23:26.685Z,,-0.29,0.27,,-0.27,2026-08-09,19,16-20
btc-updown-5m-1786274700,2026-08-09 11:25:00+00:00,2026-08-09 11:15:19.502000+00:00,580.498,single,False,True,,2026-08-09T11:25:19.386Z,-0.29,,0.27,-0.27,2026-08-09,19,16-20
btc-updown-5m-1786275000,2026-08-09 11:30:00+00:00,2026-08-09 11:20:19.275000+00:00,580.725,single,False,True,,2026-08-09T11:30:03.136Z,-0.29,,0.28,-0.28,2026-08-09,19,16-20
btc-updown-5m-1786275300,2026-08-09 11:35:00+00:00,2026-08-09 11:26:49.901000+00:00,490.099,none,False,False,,,0.0,,,0.0,2026-08-09,19,16-20
btc-updown-5m-1786275600,2026-08-09 11:40:00+00:00,2026-08-09 11:32:03.023000+00:00,476.977,paired,True,True,2026-08-09T11:43:29.867Z,2026-08-09T11:44:55.699Z,0.42,0.29,0.29,0.42,2026-08-09,19,16-20
btc-updown-5m-1786275900,2026-08-09 11:45:00+00:00,2026-08-09 11:35:21.283000+00:00,578.717,paired,True,True,2026-08-09T11:48:01.420Z,2026-08-09T11:48:07.138Z,0.42,0.28,0.29,0.43,2026-08-09,19,16-20
btc-updown-5m-1786276200,2026-08-09 11:50:00+00:00,2026-08-09 11:40:21.735000+00:00,578.265,paired,True,True,2026-08-09T11:54:48.839Z,2026-08-09T11:50:00.283Z,0.42,0.28,0.28,0.43999999999999995,2026-08-09,19,16-20
btc-updown-5m-1786276500,2026-08-09 11:55:00+00:00,2026-08-09 11:47:05.136000+00:00,474.864,single,True,False,2026-08-09T11:57:12.343Z,,-0.29,0.29,,-0.29,2026-08-09,19,16-20
btc-updown-5m-1786276800,2026-08-09 12:00:00+00:00,2026-08-09 11:50:12.435000+00:00,587.565,paired,True,True,2026-08-09T12:02:18.175Z,2026-08-09T12:01:50.547Z,0.42,0.16,0.29,0.55,2026-08-09,19,16-20
btc-updown-5m-1786277100,2026-08-09 12:05:00+00:00,2026-08-09 11:57:26.205000+00:00,453.795,paired,True,True,2026-08-09T12:08:19.972Z,2026-08-09T12:08:57.489Z,0.42,0.28,0.29,0.43,2026-08-09,20,20-24
btc-updown-5m-1786277400,2026-08-09 12:10:00+00:00,2026-08-09 12:02:11.759000+00:00,468.241,single,False,True,,2026-08-09T12:13:13.727Z,-0.29,,0.29,-0.29,2026-08-09,20,20-24
btc-updown-5m-1786277700,2026-08-09 12:15:00+00:00,2026-08-09 12:06:07.949000+00:00,532.051,paired,True,True,2026-08-09T12:17:40.716Z,2026-08-09T12:16:10.823Z,0.42,0.28,0.29,0.43,2026-08-09,20,20-24
btc-updown-5m-1786278000,2026-08-09 12:20:00+00:00,2026-08-09 12:11:17.297000+00:00,522.703,single,True,False,2026-08-09T12:20:35.084Z,,-0.29,0.29,,-0.29,2026-08-09,20,20-24
btc-updown-5m-1786278300,2026-08-09 12:25:00+00:00,2026-08-09 12:16:59.532000+00:00,480.468,paired,True,True,2026-08-09T12:29:48.377Z,2026-08-09T12:29:01.857Z,0.42,0.29,0.29,0.42,2026-08-09,20,20-24
btc-updown-5m-1786278600,2026-08-09 12:30:00+00:00,2026-08-09 12:20:52.742000+00:00,547.258,none,False,False,,,0.0,,,0.0,2026-08-09,20,20-24
btc-updown-5m-1786278900,2026-08-09 12:35:00+00:00,2026-08-09 12:26:56.943000+00:00,483.057,single,True,False,2026-08-09T12:39:13.328Z,,-0.29,0.26,,-0.26,2026-08-09,20,20-24
btc-updown-5m-1786279200,2026-08-09 12:40:00+00:00,2026-08-09 12:30:23.543000+00:00,576.457,paired,True,True,2026-08-09T12:44:46.333Z,2026-08-09T12:43:45.318Z,0.42,0.29,0.29,0.42,2026-08-09,20,20-24
btc-updown-5m-1786279500,2026-08-09 12:45:00+00:00,2026-08-09 12:35:23.810000+00:00,576.19,paired,True,True,2026-08-09T12:49:51.918Z,2026-08-09T12:48:09.167Z,0.42,0.29,0.29,0.42,2026-08-09,20,20-24
btc-updown-5m-1786279800,2026-08-09 12:50:00+00:00,2026-08-09 12:41:52.044000+00:00,487.956,none,False,False,,,0.0,,,0.0,2026-08-09,20,20-24
btc-updown-5m-1786280100,2026-08-09 12:55:00+00:00,2026-08-09 12:46:44.261000+00:00,495.739,single,False,True,,2026-08-09T12:57:38.165Z,-0.29,,0.11,-0.11,2026-08-09,20,20-24
btc-updown-5m-1786280400,2026-08-09 13:00:00+00:00,2026-08-09 12:50:27.925000+00:00,572.075,single,False,True,,2026-08-09T13:01:24.012Z,-0.29,,0.29,-0.29,2026-08-09,20,20-24
btc-updown-5m-1786280700,2026-08-09 13:05:00+00:00,2026-08-09 12:55:27.860000+00:00,572.14,single,False,True,,2026-08-09T13:05:50.966Z,-0.29,,0.29,-0.29,2026-08-09,21,20-24
btc-updown-5m-1786281000,2026-08-09 13:10:00+00:00,2026-08-09 13:01:21.758000+00:00,518.242,none,False,False,,,0.0,,,0.0,2026-08-09,21,20-24
btc-updown-5m-1786281300,2026-08-09 13:15:00+00:00,2026-08-09 13:06:12.922000+00:00,527.078,none,False,False,,,0.0,,,0.0,2026-08-09,21,20-24
btc-updown-5m-1786281600,2026-08-09 13:20:00+00:00,2026-08-09 13:10:06.044000+00:00,593.956,none,False,False,,,0.0,,,0.0,2026-08-09,21,20-24
btc-updown-5m-1786281900,2026-08-09 13:25:00+00:00,2026-08-09 13:15:11.084000+00:00,588.916,none,False,False,,,0.0,,,0.0,2026-08-09,21,20-24
btc-updown-5m-1786282200,2026-08-09 13:30:00+00:00,2026-08-09 13:20:08.874000+00:00,591.126,single,False,True,,2026-08-09T13:33:41.956Z,-0.29,,0.03,-0.03,2026-08-09,21,20-24
btc-updown-5m-1786282500,2026-08-09 13:35:00+00:00,2026-08-09 13:25:08.907000+00:00,591.093,paired,True,True,2026-08-09T13:36:32.905Z,2026-08-09T13:39:45.822Z,0.42,0.27,0.28,0.44999999999999996,2026-08-09,21,20-24
btc-updown-5m-1786282800,2026-08-09 13:40:00+00:00,2026-08-09 13:30:11.587000+00:00,588.413,single,False,True,,2026-08-09T13:41:31.471Z,-0.29,,0.29,-0.29,2026-08-09,21,20-24
btc-updown-5m-1786283100,2026-08-09 13:45:00+00:00,2026-08-09 13:35:56.043000+00:00,543.957,single,True,False,2026-08-09T13:47:20.767Z,,-0.29,0.29,,-0.29,2026-08-09,21,20-24
btc-updown-5m-1786283400,2026-08-09 13:50:00+00:00,2026-08-09 13:42:48.505000+00:00,431.495,paired,True,True,2026-08-09T13:52:09.147Z,2026-08-09T13:54:02.258Z,0.42,0.29,0.29,0.42,2026-08-09,21,20-24
btc-updown-5m-1786283700,2026-08-09 13:55:00+00:00,2026-08-09 13:46:18.507000+00:00,521.493,paired,True,True,2026-08-09T13:59:24.616Z,2026-08-09T13:59:58.714Z,0.42,0.29,0.29,0.42,2026-08-09,21,20-24
btc-updown-5m-1786284000,2026-08-09 14:00:00+00:00,2026-08-09 13:52:11.411000+00:00,468.589,none,False,False,,,0.0,,,0.0,2026-08-09,21,20-24
btc-updown-5m-1786284300,2026-08-09 14:05:00+00:00,2026-08-09 13:56:40.712000+00:00,499.288,single,False,True,,2026-08-09T14:08:16.503Z,-0.29,,0.02,-0.02,2026-08-09,22,20-24
btc-updown-5m-1786284600,2026-08-09 14:10:00+00:00,2026-08-09 14:00:10.685000+00:00,589.315,paired,True,True,2026-08-09T14:13:03.625Z,2026-08-09T14:14:06.699Z,0.42,0.2,0.23,0.5700000000000001,2026-08-09,22,20-24
btc-updown-5m-1786284900,2026-08-09 14:15:00+00:00,2026-08-09 14:05:08.225000+00:00,591.775,single,True,False,2026-08-09T14:16:47.579Z,,-0.29,0.29,,-0.29,2026-08-09,22,20-24
btc-updown-5m-1786285200,2026-08-09 14:20:00+00:00,2026-08-09 14:10:25.331000+00:00,574.669,single,True,False,2026-08-09T14:23:17.686Z,,-0.29,0.29,,-0.29,2026-08-09,22,20-24
btc-updown-5m-1786285500,2026-08-09 14:25:00+00:00,2026-08-09 14:18:01.402000+00:00,418.598,single,False,True,,2026-08-09T14:28:17.177Z,-0.29,,0.29,-0.29,2026-08-09,22,20-24
btc-updown-5m-1786285800,2026-08-09 14:30:00+00:00,2026-08-09 14:22:49.526000+00:00,430.474,single,False,True,,2026-08-09T14:32:09.959Z,-0.29,,0.29,-0.29,2026-08-09,22,20-24
btc-updown-5m-1786286100,2026-08-09 14:35:00+00:00,2026-08-09 14:27:11.285000+00:00,468.715,single,True,False,2026-08-09T14:36:55.055Z,,-0.29,0.29,,-0.29,2026-08-09,22,20-24
btc-updown-5m-1786286400,2026-08-09 14:40:00+00:00,2026-08-09 14:33:12.031000+00:00,407.969,single,True,False,2026-08-09T14:41:34.135Z,,-0.29,0.29,,-0.29,2026-08-09,22,20-24
btc-updown-5m-1786286700,2026-08-09 14:45:00+00:00,2026-08-09 14:37:28.120000+00:00,451.88,none,False,False,,,0.0,,,0.0,2026-08-09,22,20-24
btc-updown-5m-1786287000,2026-08-09 14:50:00+00:00,2026-08-09 14:41:59.653000+00:00,480.347,none,False,False,,,0.0,,,0.0,2026-08-09,22,20-24
btc-updown-5m-1786287300,2026-08-09 14:55:00+00:00,2026-08-09 14:45:26.194000+00:00,573.806,single,False,True,,2026-08-09T14:57:40.972Z,-0.29,,0.01,-0.01,2026-08-09,22,20-24
btc-updown-5m-1786287600,2026-08-09 15:00:00+00:00,2026-08-09 14:50:27.394000+00:00,572.606,single,True,False,2026-08-09T15:02:30.030Z,,-0.29,0.29,,-0.29,2026-08-09,22,20-24
btc-updown-5m-1786287900,2026-08-09 15:05:00+00:00,2026-08-09 14:55:27.708000+00:00,572.292,paired,True,True,2026-08-09T15:09:52.632Z,2026-08-09T15:06:46.286Z,0.42,0.29,0.29,0.42,2026-08-09,23,20-24
btc-updown-5m-1786288200,2026-08-09 15:10:00+00:00,2026-08-09 15:03:25.436000+00:00,394.564,paired,True,True,2026-08-09T15:13:50.148Z,2026-08-09T15:12:30.738Z,0.42,0.29,0.29,0.42,2026-08-09,23,20-24
btc-updown-5m-1786288500,2026-08-09 15:15:00+00:00,2026-08-09 15:06:41.444000+00:00,498.556,single,True,False,2026-08-09T15:18:02.228Z,,-0.29,0.28,,-0.28,2026-08-09,23,20-24
btc-updown-5m-1786288800,2026-08-09 15:20:00+00:00,2026-08-09 15:12:30.720000+00:00,449.28,paired,True,True,2026-08-09T15:23:35.251Z,2026-08-09T15:20:53.914Z,0.42,0.28,0.29,0.43,2026-08-09,23,20-24
btc-updown-5m-1786289100,2026-08-09 15:25:00+00:00,2026-08-09 15:18:07.670000+00:00,412.33,single,True,False,2026-08-09T15:25:08.660Z,,-0.29,0.29,,-0.29,2026-08-09,23,20-24
btc-updown-5m-1786289400,2026-08-09 15:30:00+00:00,2026-08-09 15:21:28.063000+00:00,511.937,single,True,False,2026-08-09T15:34:09.435Z,,-0.29,0.29,,-0.29,2026-08-09,23,20-24
btc-updown-5m-1786289700,2026-08-09 15:35:00+00:00,2026-08-09 15:27:19.229000+00:00,460.771,single,False,True,,2026-08-09T15:39:19.065Z,-0.29,,0.27,-0.27,2026-08-09,23,20-24
btc-updown-5m-1786290000,2026-08-09 15:40:00+00:00,2026-08-09 15:32:12.733000+00:00,467.267,single,True,False,2026-08-09T15:42:38.610Z,,-0.29,0.2,,-0.2,2026-08-09,23,20-24
btc-updown-5m-1786290300,2026-08-09 15:45:00+00:00,2026-08-09 15:38:32.211000+00:00,387.789,paired,True,True,2026-08-09T15:48:32.779Z,2026-08-09T15:48:40.195Z,0.42,0.29,0.26,0.44999999999999996,2026-08-09,23,20-24
btc-updown-5m-1786290600,2026-08-09 15:50:00+00:00,2026-08-09 15:41:44.006000+00:00,495.994,single,True,False,2026-08-09T15:50:00.407Z,,-0.29,0.29,,-0.29,2026-08-09,23,20-24
btc-updown-5m-1786290900,2026-08-09 15:55:00+00:00,2026-08-09 15:47:41.608000+00:00,438.392,paired,True,True,2026-08-09T15:55:02.017Z,2026-08-09T15:59:36.282Z,0.42,0.28,0.29,0.43,2026-08-09,23,20-24
btc-updown-5m-1786291200,2026-08-09 16:00:00+00:00,2026-08-09 15:51:46.441000+00:00,493.559,paired,True,True,2026-08-09T16:04:27.032Z,2026-08-09T16:03:46.230Z,0.42,0.05,0.28,0.6699999999999999,2026-08-09,23,20-24
btc-updown-5m-1786291500,2026-08-09 16:05:00+00:00,2026-08-09 15:56:59.248000+00:00,480.752,single,False,True,,2026-08-09T16:05:55.171Z,-0.29,,0.29,-0.29,2026-08-10,0,00-04
btc-updown-5m-1786291800,2026-08-09 16:10:00+00:00,2026-08-09 16:03:19.973000+00:00,400.027,single,True,False,2026-08-09T16:12:28.354Z,,-0.29,0.19,,-0.19,2026-08-10,0,00-04
btc-updown-5m-1786292100,2026-08-09 16:15:00+00:00,2026-08-09 16:07:59.137000+00:00,420.863,paired,True,True,2026-08-09T16:19:19.022Z,2026-08-09T16:19:08.047Z,0.42,0.05,0.29,0.6599999999999999,2026-08-10,0,00-04
btc-updown-5m-1786292400,2026-08-09 16:20:00+00:00,2026-08-09 16:12:20.755000+00:00,459.245,single,True,False,2026-08-09T16:22:09.176Z,,-0.29,0.29,,-0.29,2026-08-10,0,00-04
btc-updown-5m-1786292700,2026-08-09 16:25:00+00:00,2026-08-09 16:16:52.935000+00:00,487.065,single,True,False,2026-08-09T16:26:02.719Z,,-0.29,0.29,,-0.29,2026-08-10,0,00-04
btc-updown-5m-1786293000,2026-08-09 16:30:00+00:00,2026-08-09 16:20:11.593000+00:00,588.407,single,False,True,,2026-08-09T16:31:13.521Z,-0.29,,0.29,-0.29,2026-08-10,0,00-04
btc-updown-5m-1786293300,2026-08-09 16:35:00+00:00,2026-08-09 16:26:46.255000+00:00,493.745,single,False,True,,2026-08-09T16:37:03.971Z,-0.29,,0.18,-0.18,2026-08-10,0,00-04
btc-updown-5m-1786293600,2026-08-09 16:40:00+00:00,2026-08-09 16:33:42.787000+00:00,377.213,single,False,True,,2026-08-09T16:43:05.551Z,-0.29,,0.06,-0.06,2026-08-10,0,00-04
btc-updown-5m-1786293900,2026-08-09 16:45:00+00:00,2026-08-09 16:36:30.223000+00:00,509.777,single,True,False,2026-08-09T16:49:12.502Z,,-0.29,0.02,,-0.02,2026-08-10,0,00-04
btc-updown-5m-1786294200,2026-08-09 16:50:00+00:00,2026-08-09 16:41:55.676000+00:00,484.324,single,False,True,,2026-08-09T16:52:04.145Z,-0.29,,0.29,-0.29,2026-08-10,0,00-04
btc-updown-5m-1786294500,2026-08-09 16:55:00+00:00,2026-08-09 16:47:32.207000+00:00,447.793,single,True,False,2026-08-09T16:58:37.254Z,,-0.29,0.1,,-0.1,2026-08-10,0,00-04
btc-updown-5m-1786294800,2026-08-09 17:00:00+00:00,2026-08-09 16:51:53.245000+00:00,486.755,single,True,False,2026-08-09T17:03:50.616Z,,-0.29,0.03,,-0.03,2026-08-10,0,00-04
btc-updown-5m-1786295100,2026-08-09 17:05:00+00:00,2026-08-09 16:57:58.489000+00:00,421.511,single,True,False,2026-08-09T17:08:39.839Z,,-0.29,0.22,,-0.22,2026-08-10,1,00-04
btc-updown-5m-1786295400,2026-08-09 17:10:00+00:00,2026-08-09 17:02:28.152000+00:00,451.848,single,False,True,,2026-08-09T17:14:02.023Z,-0.29,,0.29,-0.29,2026-08-10,1,00-04
btc-updown-5m-1786295700,2026-08-09 17:15:00+00:00,2026-08-09 17:07:25.094000+00:00,454.906,paired,True,True,2026-08-09T17:19:43.387Z,2026-08-09T17:18:58.078Z,0.42,0.29,0.29,0.42,2026-08-10,1,00-04
btc-updown-5m-1786296000,2026-08-09 17:20:00+00:00,2026-08-09 17:12:48.125000+00:00,431.875,paired,True,True,2026-08-09T17:22:32.331Z,2026-08-09T17:23:26.664Z,0.42,0.29,0.28,0.42999999999999994,2026-08-10,1,00-04
btc-updown-5m-1786296300,2026-08-09 17:25:00+00:00,2026-08-09 17:16:58.582000+00:00,481.418,single,False,True,,2026-08-09T17:29:23.207Z,-0.29,,0.29,-0.29,2026-08-10,1,00-04
btc-updown-5m-1786296600,2026-08-09 17:30:00+00:00,2026-08-09 17:22:28.725000+00:00,451.275,single,False,True,,2026-08-09T17:34:25.997Z,-0.29,,0.29,-0.29,2026-08-10,1,00-04
btc-updown-5m-1786296900,2026-08-09 17:35:00+00:00,2026-08-09 17:27:14.201000+00:00,465.799,none,False,False,,,0.0,,,0.0,2026-08-10,1,00-04
btc-updown-5m-1786297200,2026-08-09 17:40:00+00:00,2026-08-09 17:31:41.456000+00:00,498.544,none,False,False,,,0.0,,,0.0,2026-08-10,1,00-04
btc-updown-5m-1786297500,2026-08-09 17:45:00+00:00,2026-08-09 17:35:04.170000+00:00,595.83,single,True,False,2026-08-09T17:47:29.436Z,,-0.29,0.24,,-0.24,2026-08-10,1,00-04
btc-updown-5m-1786297800,2026-08-09 17:50:00+00:00,2026-08-09 17:40:04.570000+00:00,595.43,single,True,False,2026-08-09T17:52:09.562Z,,-0.29,0.29,,-0.29,2026-08-10,1,00-04
btc-updown-5m-1786298100,2026-08-09 17:55:00+00:00,2026-08-09 17:45:05.451000+00:00,594.549,paired,True,True,2026-08-09T17:58:36.703Z,2026-08-09T17:59:56.971Z,0.42,0.23,0.11,0.66,2026-08-10,1,00-04
btc-updown-5m-1786298400,2026-08-09 18:00:00+00:00,2026-08-09 17:51:20.771000+00:00,519.229,single,False,True,,2026-08-09T18:02:52.827Z,-0.29,,0.12,-0.12,2026-08-10,1,00-04
btc-updown-5m-1786298700,2026-08-09 18:05:00+00:00,2026-08-09 17:56:56.141000+00:00,483.859,paired,True,True,2026-08-09T18:07:40.975Z,2026-08-09T18:09:50.664Z,0.42,0.29,0.29,0.42,2026-08-10,2,00-04
btc-updown-5m-1786299000,2026-08-09 18:10:00+00:00,2026-08-09 18:02:10.268000+00:00,469.732,single,True,False,2026-08-09T18:13:51.201Z,,-0.29,0.29,,-0.29,2026-08-10,2,00-04
btc-updown-5m-1786299300,2026-08-09 18:15:00+00:00,2026-08-09 18:06:40.075000+00:00,499.925,single,True,False,2026-08-09T18:17:10.010Z,,-0.29,0.27,,-0.27,2026-08-10,2,00-04
btc-updown-5m-1786299600,2026-08-09 18:20:00+00:00,2026-08-09 18:11:59.682000+00:00,480.318,single,False,True,,2026-08-09T18:23:00.354Z,-0.29,,0.29,-0.29,2026-08-10,2,00-04
btc-updown-5m-1786299900,2026-08-09 18:25:00+00:00,2026-08-09 18:17:39.617000+00:00,440.383,single,False,True,,2026-08-09T18:27:28.403Z,-0.29,,0.21,-0.21,2026-08-10,2,00-04
btc-updown-5m-1786300200,2026-08-09 18:30:00+00:00,2026-08-09 18:22:56.324000+00:00,423.676,single,False,True,,2026-08-09T18:31:29.545Z,-0.29,,0.15,-0.15,2026-08-10,2,00-04
btc-updown-5m-1786300500,2026-08-09 18:35:00+00:00,2026-08-09 18:26:59.534000+00:00,480.466,single,True,False,2026-08-09T18:38:32.424Z,,-0.29,0.29,,-0.29,2026-08-10,2,00-04
btc-updown-5m-1786300800,2026-08-09 18:40:00+00:00,2026-08-09 18:31:24.345000+00:00,515.655,single,True,False,2026-08-09T18:43:59.813Z,,-0.29,0.29,,-0.29,2026-08-10,2,00-04
btc-updown-5m-1786301100,2026-08-09 18:45:00+00:00,2026-08-09 18:37:44.555000+00:00,435.445,none,False,False,,,0.0,,,0.0,2026-08-10,2,00-04
btc-updown-5m-1786301400,2026-08-09 18:50:00+00:00,2026-08-09 18:42:27.869000+00:00,452.131,paired,True,True,2026-08-09T18:54:57.365Z,2026-08-09T18:54:22.345Z,0.42,0.28,0.29,0.43,2026-08-10,2,00-04
btc-updown-5m-1786301700,2026-08-09 18:55:00+00:00,2026-08-09 18:45:18.444000+00:00,581.556,single,True,False,2026-08-09T18:57:31.213Z,,-0.29,0.29,,-0.29,2026-08-10,2,00-04
btc-updown-5m-1786302000,2026-08-09 19:00:00+00:00,2026-08-09 18:50:15.821000+00:00,584.179,single,False,True,,2026-08-09T19:04:00.184Z,-0.29,,0.29,-0.29,2026-08-10,2,00-04
btc-updown-5m-1786302300,2026-08-09 19:05:00+00:00,2026-08-09 18:55:28.687000+00:00,571.313,paired,True,True,2026-08-09T19:09:49.026Z,2026-08-09T19:09:28.439Z,0.42,0.27,0.29,0.44,2026-08-10,3,00-04
btc-updown-5m-1786302600,2026-08-09 19:10:00+00:00,2026-08-09 19:01:46.753000+00:00,493.247,single,True,False,2026-08-09T19:12:34.848Z,,-0.29,0.29,,-0.29,2026-08-10,3,00-04
btc-updown-5m-1786302900,2026-08-09 19:15:00+00:00,2026-08-09 19:08:06.544000+00:00,413.456,single,False,True,,2026-08-09T19:17:58.069Z,-0.29,,0.16,-0.16,2026-08-10,3,00-04
btc-updown-5m-1786303200,2026-08-09 19:20:00+00:00,2026-08-09 19:10:55.853000+00:00,544.147,single,True,False,2026-08-09T19:23:18.047Z,,-0.29,0.29,,-0.29,2026-08-10,3,00-04
btc-updown-5m-1786303500,2026-08-09 19:25:00+00:00,2026-08-09 19:17:30.299000+00:00,449.701,single,True,False,2026-08-09T19:28:56.511Z,,-0.29,0.26,,-0.26,2026-08-10,3,00-04
btc-updown-5m-1786303800,2026-08-09 19:30:00+00:00,2026-08-09 19:22:16.600000+00:00,463.4,single,True,False,2026-08-09T19:33:17.307Z,,-0.29,0.16,,-0.16,2026-08-10,3,00-04
btc-updown-5m-1786304100,2026-08-09 19:35:00+00:00,2026-08-09 19:26:41.788000+00:00,498.212,single,True,False,2026-08-09T19:39:48.835Z,,-0.29,0.01,,-0.01,2026-08-10,3,00-04
btc-updown-5m-1786304400,2026-08-09 19:40:00+00:00,2026-08-09 19:31:22.141000+00:00,517.859,single,True,False,2026-08-09T19:42:48.581Z,,-0.29,0.29,,-0.29,2026-08-10,3,00-04
btc-updown-5m-1786304700,2026-08-09 19:45:00+00:00,2026-08-09 19:37:57.918000+00:00,422.082,single,True,False,2026-08-09T19:49:18.695Z,,-0.29,0.29,,-0.29,2026-08-10,3,00-04
btc-updown-5m-1786305000,2026-08-09 19:50:00+00:00,2026-08-09 19:41:46.256000+00:00,493.744,paired,True,True,2026-08-09T19:54:37.683Z,2026-08-09T19:50:08.655Z,0.42,0.29,0.26,0.44999999999999996,2026-08-10,3,00-04
btc-updown-5m-1786305300,2026-08-09 19:55:00+00:00,2026-08-09 19:49:39.914000+00:00,320.086,paired,True,True,2026-08-09T19:57:54.265Z,2026-08-09T19:56:09.345Z,0.42,0.29,0.29,0.42,2026-08-10,3,00-04
btc-updown-5m-1786305600,2026-08-09 20:00:00+00:00,2026-08-09 19:50:26.518000+00:00,573.482,single,False,True,,2026-08-09T20:01:49.444Z,-0.29,,0.29,-0.29,2026-08-10,3,00-04
btc-updown-5m-1786305900,2026-08-09 20:05:00+00:00,2026-08-09 19:58:23.442000+00:00,396.558,single,True,False,2026-08-09T20:05:54.234Z,,-0.29,0.26,,-0.26,2026-08-10,4,04-08
btc-updown-5m-1786306200,2026-08-09 20:10:00+00:00,2026-08-09 20:04:12.788000+00:00,347.212,single,True,False,2026-08-09T20:11:33.779Z,,-0.29,0.29,,-0.29,2026-08-10,4,04-08
btc-updown-5m-1786306500,2026-08-09 20:15:00+00:00,2026-08-09 20:05:49.054000+00:00,550.946,single,False,True,,2026-08-09T20:17:13.638Z,-0.29,,0.08,-0.08,2026-08-10,4,04-08
btc-updown-5m-1786306800,2026-08-09 20:20:00+00:00,2026-08-09 20:13:42.038000+00:00,377.962,single,False,True,,2026-08-09T20:22:36.881Z,-0.29,,0.29,-0.29,2026-08-10,4,04-08
btc-updown-5m-1786307100,2026-08-09 20:25:00+00:00,2026-08-09 20:17:06.780000+00:00,473.22,single,False,True,,2026-08-09T20:27:53.646Z,-0.29,,0.26,-0.26,2026-08-10,4,04-08
btc-updown-5m-1786307400,2026-08-09 20:30:00+00:00,2026-08-09 20:23:19.665000+00:00,400.335,single,False,True,,2026-08-09T20:33:22.165Z,-0.29,,0.29,-0.29,2026-08-10,4,04-08
btc-updown-5m-1786307700,2026-08-09 20:35:00+00:00,2026-08-09 20:27:12.042000+00:00,467.958,single,True,False,2026-08-09T20:37:31.220Z,,-0.29,0.29,,-0.29,2026-08-10,4,04-08
btc-updown-5m-1786308000,2026-08-09 20:40:00+00:00,2026-08-09 20:33:08.605000+00:00,411.395,single,True,False,2026-08-09T20:42:53.227Z,,-0.29,0.29,,-0.29,2026-08-10,4,04-08
btc-updown-5m-1786308300,2026-08-09 20:45:00+00:00,2026-08-09 20:38:03.763000+00:00,416.237,paired,True,True,2026-08-09T20:47:18.990Z,2026-08-09T20:48:14.808Z,0.42,0.15,0.29,0.56,2026-08-10,4,04-08
btc-updown-5m-1786308600,2026-08-09 20:50:00+00:00,2026-08-09 20:42:01.451000+00:00,478.549,single,True,False,2026-08-09T20:53:23.140Z,,-0.29,0.07,,-0.07,2026-08-10,4,04-08
btc-updown-5m-1786308900,2026-08-09 20:55:00+00:00,2026-08-09 20:47:13.810000+00:00,466.19,single,False,True,,2026-08-09T20:58:17.527Z,-0.29,,0.29,-0.29,2026-08-10,4,04-08
btc-updown-5m-1786309200,2026-08-09 21:00:00+00:00,2026-08-09 20:51:22.649000+00:00,517.351,single,True,False,2026-08-09T21:02:55.355Z,,-0.29,0.19,,-0.19,2026-08-10,4,04-08
btc-updown-5m-1786309500,2026-08-09 21:05:00+00:00,2026-08-09 20:58:23.846000+00:00,396.154,single,True,False,2026-08-09T21:06:36.373Z,,-0.29,0.28,,-0.28,2026-08-10,5,04-08
btc-updown-5m-1786309800,2026-08-09 21:10:00+00:00,2026-08-09 21:01:26.037000+00:00,513.963,none,False,False,,,0.0,,,0.0,2026-08-10,5,04-08
btc-updown-5m-1786310100,2026-08-09 21:15:00+00:00,2026-08-09 21:07:05.378000+00:00,474.622,paired,True,True,2026-08-09T21:19:00.742Z,2026-08-09T21:16:51.001Z,0.42,0.27,0.23,0.5,2026-08-10,5,04-08
btc-updown-5m-1786310400,2026-08-09 21:20:00+00:00,2026-08-09 21:10:33.543000+00:00,566.457,single,False,True,,2026-08-09T21:23:50.798Z,-0.29,,0.29,-0.29,2026-08-10,5,04-08
btc-updown-5m-1786310700,2026-08-09 21:25:00+00:00,2026-08-09 21:15:31.639000+00:00,568.361,paired,True,True,2026-08-09T21:29:11.480Z,2026-08-09T21:26:16.140Z,0.42,0.29,0.29,0.42,2026-08-10,5,04-08
btc-updown-5m-1786311000,2026-08-09 21:30:00+00:00,2026-08-09 21:21:32.281000+00:00,507.719,paired,True,True,2026-08-09T21:34:23.606Z,2026-08-09T21:33:18.681Z,0.42,0.29,0.29,0.42,2026-08-10,5,04-08
btc-updown-5m-1786311300,2026-08-09 21:35:00+00:00,2026-08-09 21:27:31.560000+00:00,448.44,single,False,True,,2026-08-09T21:36:55.532Z,-0.29,,0.27,-0.27,2026-08-10,5,04-08
btc-updown-5m-1786311600,2026-08-09 21:40:00+00:00,2026-08-09 21:33:29.530000+00:00,390.47,paired,True,True,2026-08-09T21:42:22.487Z,2026-08-09T21:40:00.021Z,0.42,0.29,0.25,0.45999999999999996,2026-08-10,5,04-08
btc-updown-5m-1786311900,2026-08-09 21:45:00+00:00,2026-08-09 21:38:29.595000+00:00,390.405,single,True,False,2026-08-09T21:48:05.743Z,,-0.29,0.24,,-0.24,2026-08-10,5,04-08
btc-updown-5m-1786312200,2026-08-09 21:50:00+00:00,2026-08-09 21:42:06.119000+00:00,473.881,single,True,False,2026-08-09T21:53:09.933Z,,-0.29,0.29,,-0.29,2026-08-10,5,04-08
btc-updown-5m-1786312500,2026-08-09 21:55:00+00:00,2026-08-09 21:47:58.479000+00:00,421.521,single,False,True,,2026-08-09T21:58:11.149Z,-0.29,,0.29,-0.29,2026-08-10,5,04-08
btc-updown-5m-1786312800,2026-08-09 22:00:00+00:00,2026-08-09 21:53:34.521000+00:00,385.479,single,False,True,,2026-08-09T22:01:14.959Z,-0.29,,0.27,-0.27,2026-08-10,5,04-08
btc-updown-5m-1786313100,2026-08-09 22:05:00+00:00,2026-08-09 21:58:49.090000+00:00,370.91,single,False,True,,2026-08-09T22:09:40.716Z,-0.29,,0.28,-0.28,2026-08-10,6,04-08
btc-updown-5m-1786313400,2026-08-09 22:10:00+00:00,2026-08-09 22:01:54.805000+00:00,485.195,paired,True,True,2026-08-09T22:13:43.278Z,2026-08-09T22:10:24.054Z,0.42,0.29,0.29,0.42,2026-08-10,6,04-08
btc-updown-5m-1786313700,2026-08-09 22:15:00+00:00,2026-08-09 22:07:57.874000+00:00,422.126,single,True,False,2026-08-09T22:16:31.506Z,,-0.29,0.27,,-0.27,2026-08-10,6,04-08
btc-updown-5m-1786314000,2026-08-09 22:20:00+00:00,2026-08-09 22:10:17.224000+00:00,582.776,single,True,False,2026-08-09T22:24:15.785Z,,-0.29,0.01,,-0.01,2026-08-10,6,04-08
btc-updown-5m-1786314300,2026-08-09 22:25:00+00:00,2026-08-09 22:16:21.409000+00:00,518.591,single,False,True,,2026-08-09T22:28:50.771Z,-0.29,,0.29,-0.29,2026-08-10,6,04-08
btc-updown-5m-1786314600,2026-08-09 22:30:00+00:00,2026-08-09 22:22:19.147000+00:00,460.853,single,True,False,2026-08-09T22:33:42.483Z,,-0.29,0.01,,-0.01,2026-08-10,6,04-08
btc-updown-5m-1786314900,2026-08-09 22:35:00+00:00,2026-08-09 22:27:42.129000+00:00,437.871,single,True,False,2026-08-09T22:36:38.707Z,,-0.29,0.2,,-0.2,2026-08-10,6,04-08
btc-updown-5m-1786315200,2026-08-09 22:40:00+00:00,2026-08-09 22:33:36.962000+00:00,383.038,single,False,True,,2026-08-09T22:43:31.270Z,-0.29,,0.29,-0.29,2026-08-10,6,04-08
btc-updown-5m-1786315500,2026-08-09 22:45:00+00:00,2026-08-09 22:36:35.537000+00:00,504.463,single,True,False,2026-08-09T22:48:25.108Z,,-0.29,0.29,,-0.29,2026-08-10,6,04-08
btc-updown-5m-1786315800,2026-08-09 22:50:00+00:00,2026-08-09 22:42:48.920000+00:00,431.08,single,False,True,,2026-08-09T22:53:38.310Z,-0.29,,0.23,-0.23,2026-08-10,6,04-08
btc-updown-5m-1786316100,2026-08-09 22:55:00+00:00,2026-08-09 22:48:56.610000+00:00,363.39,single,False,True,,2026-08-09T22:56:03.809Z,-0.29,,0.29,-0.29,2026-08-10,6,04-08
btc-updown-5m-1786316400,2026-08-09 23:00:00+00:00,2026-08-09 22:52:23.922000+00:00,456.078,single,True,False,2026-08-09T23:02:54.987Z,,-0.29,0.29,,-0.29,2026-08-10,6,04-08
btc-updown-5m-1786316700,2026-08-09 23:05:00+00:00,2026-08-09 22:57:59.709000+00:00,420.291,single,True,False,2026-08-09T23:07:06.360Z,,-0.29,0.29,,-0.29,2026-08-10,7,04-08
btc-updown-5m-1786317000,2026-08-09 23:10:00+00:00,2026-08-09 23:03:11.284000+00:00,408.716,single,False,True,,2026-08-09T23:12:57.968Z,-0.29,,0.1,-0.1,2026-08-10,7,04-08
btc-updown-5m-1786317300,2026-08-09 23:15:00+00:00,2026-08-09 23:05:16.787000+00:00,583.213,paired,True,True,2026-08-09T23:16:24.857Z,2026-08-09T23:17:38.260Z,0.42,0.29,0.18,0.53,2026-08-10,7,04-08
btc-updown-5m-1786317600,2026-08-09 23:20:00+00:00,2026-08-09 23:12:52.769000+00:00,427.231,single,True,False,2026-08-09T23:22:12.064Z,,-0.29,0.08,,-0.08,2026-08-10,7,04-08
btc-updown-5m-1786317900,2026-08-09 23:25:00+00:00,2026-08-09 23:17:20.251000+00:00,459.749,single,True,False,2026-08-09T23:27:01.334Z,,-0.29,0.29,,-0.29,2026-08-10,7,04-08
btc-updown-5m-1786318200,2026-08-09 23:30:00+00:00,2026-08-09 23:21:29.363000+00:00,510.637,single,True,False,2026-08-09T23:33:24.053Z,,-0.29,0.29,,-0.29,2026-08-10,7,04-08
btc-updown-5m-1786318500,2026-08-09 23:35:00+00:00,2026-08-09 23:27:40.145000+00:00,439.855,single,False,True,,2026-08-09T23:36:44.031Z,-0.29,,0.1,-0.1,2026-08-10,7,04-08
btc-updown-5m-1786318800,2026-08-09 23:40:00+00:00,2026-08-09 23:34:00.031000+00:00,359.969,single,False,True,,2026-08-09T23:43:41.254Z,-0.29,,0.29,-0.29,2026-08-10,7,04-08
btc-updown-5m-1786319100,2026-08-09 23:45:00+00:00,2026-08-09 23:36:30.923000+00:00,509.077,single,False,True,,2026-08-09T23:48:41.383Z,-0.29,,0.29,-0.29,2026-08-10,7,04-08
btc-updown-5m-1786319400,2026-08-09 23:50:00+00:00,2026-08-09 23:41:44.201000+00:00,495.799,single,True,False,2026-08-09T23:50:48.859Z,,-0.29,0.29,,-0.29,2026-08-10,7,04-08
btc-updown-5m-1786319700,2026-08-09 23:55:00+00:00,2026-08-09 23:50:16.806000+00:00,283.194,single,False,True,,2026-08-09T23:59:06.408Z,-0.29,,0.24,-0.24,2026-08-10,7,04-08
btc-updown-5m-1786320000,2026-08-10 00:00:00+00:00,2026-08-09 23:50:17.054000+00:00,582.946,paired,True,True,2026-08-10T00:02:07.313Z,2026-08-10T00:03:52.792Z,0.42,0.29,0.13,0.58,2026-08-10,7,04-08
btc-updown-5m-1786320300,2026-08-10 00:05:00+00:00,2026-08-09 23:57:31.694000+00:00,448.306,single,False,True,,2026-08-10T00:08:56.567Z,-0.29,,0.01,-0.01,2026-08-10,8,08-12
btc-updown-5m-1786320600,2026-08-10 00:10:00+00:00,2026-08-10 00:03:44.830000+00:00,375.17,none,False,False,,,0.0,,,0.0,2026-08-10,8,08-12
btc-updown-5m-1786320900,2026-08-10 00:15:00+00:00,2026-08-10 00:08:49.121000+00:00,370.879,none,False,False,,,0.0,,,0.0,2026-08-10,8,08-12
btc-updown-5m-1786321200,2026-08-10 00:20:00+00:00,2026-08-10 00:15:09.667000+00:00,290.333,single,True,False,2026-08-10T00:21:18.389Z,,-0.29,0.29,,-0.29,2026-08-10,8,08-12
btc-updown-5m-1786321500,2026-08-10 00:25:00+00:00,2026-08-10 00:15:10.250000+00:00,589.75,single,False,True,,2026-08-10T00:29:23.707Z,-0.29,,0.03,-0.03,2026-08-10,8,08-12
btc-updown-5m-1786321800,2026-08-10 00:30:00+00:00,2026-08-10 00:20:09.562000+00:00,590.438,paired,True,True,2026-08-10T00:33:29.692Z,2026-08-10T00:33:52.447Z,0.42,0.29,0.06,0.6499999999999999,2026-08-10,8,08-12
btc-updown-5m-1786322100,2026-08-10 00:35:00+00:00,2026-08-10 00:27:47.002000+00:00,432.998,single,True,False,2026-08-10T00:38:32.746Z,,-0.29,0.01,,-0.01,2026-08-10,8,08-12
btc-updown-5m-1786322400,2026-08-10 00:40:00+00:00,2026-08-10 00:33:43.990000+00:00,376.01,single,True,False,2026-08-10T00:41:20.346Z,,-0.29,0.29,,-0.29,2026-08-10,8,08-12
btc-updown-5m-1786322700,2026-08-10 00:45:00+00:00,2026-08-10 00:38:25.273000+00:00,394.727,single,False,True,,2026-08-10T00:48:23.982Z,-0.29,,0.29,-0.29,2026-08-10,8,08-12
btc-updown-5m-1786323000,2026-08-10 00:50:00+00:00,2026-08-10 00:42:00.621000+00:00,479.379,single,False,True,,2026-08-10T00:51:30.098Z,-0.29,,0.04,-0.04,2026-08-10,8,08-12
btc-updown-5m-1786323300,2026-08-10 00:55:00+00:00,2026-08-10 00:47:18.647000+00:00,461.353,single,False,True,,2026-08-10T00:58:25.957Z,-0.29,,0.29,-0.29,2026-08-10,8,08-12
btc-updown-5m-1786323600,2026-08-10 01:00:00+00:00,2026-08-10 00:51:24.885000+00:00,515.115,single,False,True,,2026-08-10T01:01:16.711Z,-0.29,,0.15,-0.15,2026-08-10,8,08-12
btc-updown-5m-1786323900,2026-08-10 01:05:00+00:00,2026-08-10 00:57:45.839000+00:00,434.161,single,True,False,2026-08-10T01:09:38.205Z,,-0.29,0.02,,-0.02,2026-08-10,9,08-12
btc-updown-5m-1786324200,2026-08-10 01:10:00+00:00,2026-08-10 01:00:13.483000+00:00,586.517,single,False,True,,2026-08-10T01:11:09.408Z,-0.29,,0.19,-0.19,2026-08-10,9,08-12
btc-updown-5m-1786324500,2026-08-10 01:15:00+00:00,2026-08-10 01:09:33.017000+00:00,326.983,single,False,True,,2026-08-10T01:18:13.640Z,-0.29,,0.29,-0.29,2026-08-10,9,08-12
btc-updown-5m-1786324800,2026-08-10 01:20:00+00:00,2026-08-10 01:10:05.598000+00:00,594.402,paired,True,True,2026-08-10T01:22:48.355Z,2026-08-10T01:24:30.208Z,0.42,0.14,0.29,0.5700000000000001,2026-08-10,9,08-12
btc-updown-5m-1786325100,2026-08-10 01:25:00+00:00,2026-08-10 01:18:56.282000+00:00,363.718,single,True,False,2026-08-10T01:29:14.478Z,,-0.29,0.23,,-0.23,2026-08-10,9,08-12
btc-updown-5m-1786325400,2026-08-10 01:30:00+00:00,2026-08-10 01:22:15.954000+00:00,464.046,single,True,False,2026-08-10T01:31:57.952Z,,-0.29,0.29,,-0.29,2026-08-10,9,08-12
btc-updown-5m-1786325700,2026-08-10 01:35:00+00:00,2026-08-10 01:26:31.175000+00:00,508.825,single,True,False,2026-08-10T01:38:50.147Z,,-0.29,0.03,,-0.03,2026-08-10,9,08-12
btc-updown-5m-1786326000,2026-08-10 01:40:00+00:00,2026-08-10 01:32:31.452000+00:00,448.548,single,False,True,,2026-08-10T01:42:51.409Z,-0.29,,0.29,-0.29,2026-08-10,9,08-12
btc-updown-5m-1786326300,2026-08-10 01:45:00+00:00,2026-08-10 01:38:04.776000+00:00,415.224,single,False,True,,2026-08-10T01:48:43.660Z,-0.29,,0.002,-0.002,2026-08-10,9,08-12
btc-updown-5m-1786326600,2026-08-10 01:50:00+00:00,2026-08-10 01:44:12.776000+00:00,347.224,single,False,True,,2026-08-10T01:51:07.306Z,-0.29,,0.29,-0.29,2026-08-10,9,08-12
btc-updown-5m-1786326900,2026-08-10 01:55:00+00:00,2026-08-10 01:47:33.752000+00:00,446.248,single,True,False,2026-08-10T01:59:15.802Z,,-0.29,0.05,,-0.05,2026-08-10,9,08-12
btc-updown-5m-1786327200,2026-08-10 02:00:00+00:00,2026-08-10 01:52:36.345000+00:00,443.655,single,True,False,2026-08-10T02:02:40.766Z,,-0.29,0.21,,-0.21,2026-08-10,9,08-12
btc-updown-5m-1786327500,2026-08-10 02:05:00+00:00,2026-08-10 01:58:40.167000+00:00,379.833,single,True,False,2026-08-10T02:07:26.317Z,,-0.29,0.27,,-0.27,2026-08-10,10,08-12
btc-updown-5m-1786327800,2026-08-10 02:10:00+00:00,2026-08-10 02:02:38.187000+00:00,441.813,single,False,True,,2026-08-10T02:13:01.419Z,-0.29,,0.15,-0.15,2026-08-10,10,08-12
btc-updown-5m-1786328100,2026-08-10 02:15:00+00:00,2026-08-10 02:07:18.005000+00:00,461.995,single,True,False,2026-08-10T02:16:03.406Z,,-0.29,0.12,,-0.12,2026-08-10,10,08-12
btc-updown-5m-1786328400,2026-08-10 02:20:00+00:00,2026-08-10 02:12:54.251000+00:00,425.749,single,False,True,,2026-08-10T02:24:52.829Z,-0.29,,0.01,-0.01,2026-08-10,10,08-12
btc-updown-5m-1786328700,2026-08-10 02:25:00+00:00,2026-08-10 02:15:13.112000+00:00,586.888,paired,True,True,2026-08-10T02:25:18.428Z,2026-08-10T02:29:57.247Z,0.42,0.27,0.01,0.72,2026-08-10,10,08-12
btc-updown-5m-1786329000,2026-08-10 02:30:00+00:00,2026-08-10 02:24:47.647000+00:00,312.353,single,False,True,,2026-08-10T02:34:18.030Z,-0.29,,0.29,-0.29,2026-08-10,10,08-12
btc-updown-5m-1786329300,2026-08-10 02:35:00+00:00,2026-08-10 02:25:41.141000+00:00,558.859,single,False,True,,2026-08-10T02:38:32.414Z,-0.29,,0.21,-0.21,2026-08-10,10,08-12
btc-updown-5m-1786329600,2026-08-10 02:40:00+00:00,2026-08-10 02:34:36.379000+00:00,323.621,single,False,True,,2026-08-10T02:42:51.393Z,-0.29,,0.29,-0.29,2026-08-10,10,08-12
btc-updown-5m-1786329900,2026-08-10 02:45:00+00:00,2026-08-10 02:36:29.801000+00:00,510.199,single,True,False,2026-08-10T02:46:33.908Z,,-0.29,0.29,,-0.29,2026-08-10,10,08-12
btc-updown-5m-1786330200,2026-08-10 02:50:00+00:00,2026-08-10 02:43:10.145000+00:00,409.855,paired,True,True,2026-08-10T02:53:53.873Z,2026-08-10T02:53:34.815Z,0.42,0.06,0.29,0.6499999999999999,2026-08-10,10,08-12
btc-updown-5m-1786330500,2026-08-10 02:55:00+00:00,2026-08-10 02:47:14.772000+00:00,465.228,none,False,False,,,0.0,,,0.0,2026-08-10,10,08-12
btc-updown-5m-1786330800,2026-08-10 03:00:00+00:00,2026-08-10 02:52:04.488000+00:00,475.512,single,True,False,2026-08-10T03:01:26.976Z,,-0.29,0.24,,-0.24,2026-08-10,10,08-12
btc-updown-5m-1786331100,2026-08-10 03:05:00+00:00,2026-08-10 02:57:11.157000+00:00,468.843,single,False,True,,2026-08-10T03:07:38.666Z,-0.29,,0.29,-0.29,2026-08-10,11,08-12
btc-updown-5m-1786331400,2026-08-10 03:10:00+00:00,2026-08-10 03:01:14.142000+00:00,525.858,single,True,False,2026-08-10T03:12:34.220Z,,-0.29,0.02,,-0.02,2026-08-10,11,08-12
btc-updown-5m-1786331700,2026-08-10 03:15:00+00:00,2026-08-10 03:08:11.082000+00:00,408.918,single,True,False,2026-08-10T03:16:38.703Z,,-0.29,0.06,,-0.06,2026-08-10,11,08-12
btc-updown-5m-1786332000,2026-08-10 03:20:00+00:00,2026-08-10 03:12:28.952000+00:00,451.048,single,False,True,,2026-08-10T03:20:57.711Z,-0.29,,0.16,-0.16,2026-08-10,11,08-12
btc-updown-5m-1786332300,2026-08-10 03:25:00+00:00,2026-08-10 03:16:33.548000+00:00,506.452,single,True,False,2026-08-10T03:28:16.380Z,,-0.29,0.02,,-0.02,2026-08-10,11,08-12
btc-updown-5m-1786332600,2026-08-10 03:30:00+00:00,2026-08-10 03:20:50.456000+00:00,549.544,single,True,False,2026-08-10T03:32:19.615Z,,-0.29,0.29,,-0.29,2026-08-10,11,08-12
btc-updown-5m-1786332900,2026-08-10 03:35:00+00:00,2026-08-10 03:26:38.135000+00:00,501.865,none,False,False,,,0.0,,,0.0,2026-08-10,11,08-12
btc-updown-5m-1786333200,2026-08-10 03:40:00+00:00,2026-08-10 03:32:54.345000+00:00,425.655,paired,True,True,2026-08-10T03:43:58.528Z,2026-08-10T03:43:16.360Z,0.42,0.07,0.27,0.6599999999999999,2026-08-10,11,08-12
btc-updown-5m-1786333500,2026-08-10 03:45:00+00:00,2026-08-10 03:35:08.246000+00:00,591.754,single,False,True,,2026-08-10T03:46:54.888Z,-0.29,,0.29,-0.29,2026-08-10,11,08-12
btc-updown-5m-1786333800,2026-08-10 03:50:00+00:00,2026-08-10 03:40:08.951000+00:00,591.049,single,True,False,2026-08-10T03:54:10.414Z,,-0.29,0.29,,-0.29,2026-08-10,11,08-12
btc-updown-5m-1786334100,2026-08-10 03:55:00+00:00,2026-08-10 03:47:47.786000+00:00,432.214,none,False,False,,,0.0,,,0.0,2026-08-10,11,08-12
btc-updown-5m-1786334400,2026-08-10 04:00:00+00:00,2026-08-10 03:53:25.127000+00:00,394.873,none,False,False,,,0.0,,,0.0,2026-08-10,11,08-12
btc-updown-5m-1786334700,2026-08-10 04:05:00+00:00,2026-08-10 03:55:09.531000+00:00,590.469,paired,True,True,2026-08-10T04:08:20.071Z,2026-08-10T04:09:17.784Z,0.42,0.29,0.06,0.6499999999999999,2026-08-10,12,12-16
btc-updown-5m-1786335000,2026-08-10 04:10:00+00:00,2026-08-10 04:00:12.897000+00:00,587.103,single,False,True,,2026-08-10T04:14:33.733Z,-0.29,,0.01,-0.01,2026-08-10,12,12-16
btc-updown-5m-1786335300,2026-08-10 04:15:00+00:00,2026-08-10 04:05:12.786000+00:00,587.214,single,False,True,,2026-08-10T04:19:28.190Z,-0.29,,0.29,-0.29,2026-08-10,12,12-16
btc-updown-5m-1786335600,2026-08-10 04:20:00+00:00,2026-08-10 04:11:31.319000+00:00,508.681,none,False,False,,,0.0,,,0.0,2026-08-10,12,12-16
btc-updown-5m-1786335900,2026-08-10 04:25:00+00:00,2026-08-10 04:18:49.473000+00:00,370.527,paired,True,True,2026-08-10T04:29:19.240Z,2026-08-10T04:28:34.115Z,0.42,0.29,0.27,0.43999999999999995,2026-08-10,12,12-16
btc-updown-5m-1786336200,2026-08-10 04:30:00+00:00,2026-08-10 04:20:06.387000+00:00,593.613,none,False,False,,,0.0,,,0.0,2026-08-10,12,12-16
btc-updown-5m-1786336500,2026-08-10 04:35:00+00:00,2026-08-10 04:25:09.907000+00:00,590.093,paired,True,True,2026-08-10T04:38:19.615Z,2026-08-10T04:39:44.581Z,0.42,0.29,0.02,0.69,2026-08-10,12,12-16
btc-updown-5m-1786336800,2026-08-10 04:40:00+00:00,2026-08-10 04:32:33.264000+00:00,446.736,single,True,False,2026-08-10T04:40:45.158Z,,-0.29,0.29,,-0.29,2026-08-10,12,12-16
btc-updown-5m-1786337100,2026-08-10 04:45:00+00:00,2026-08-10 04:35:06.173000+00:00,593.827,single,False,True,,2026-08-10T04:49:00.176Z,-0.29,,0.29,-0.29,2026-08-10,12,12-16
btc-updown-5m-1786337400,2026-08-10 04:50:00+00:00,2026-08-10 04:43:39.113000+00:00,380.887,single,False,True,,2026-08-10T04:53:19.004Z,-0.29,,0.24,-0.24,2026-08-10,12,12-16
btc-updown-5m-1786337700,2026-08-10 04:55:00+00:00,2026-08-10 04:49:32.508000+00:00,327.492,single,True,False,2026-08-10T04:59:21.556Z,,-0.29,0.29,,-0.29,2026-08-10,12,12-16
btc-updown-5m-1786338000,2026-08-10 05:00:00+00:00,2026-08-10 04:52:32.241000+00:00,447.759,none,False,False,,,0.0,,,0.0,2026-08-10,12,12-16
btc-updown-5m-1786338300,2026-08-10 05:05:00+00:00,2026-08-10 04:58:30.509000+00:00,389.491,single,False,True,,2026-08-10T05:06:57.005Z,-0.29,,0.17,-0.17,2026-08-10,13,12-16
btc-updown-5m-1786338600,2026-08-10 05:10:00+00:00,2026-08-10 05:05:04.403000+00:00,295.597,single,True,False,2026-08-10T05:14:49.586Z,,-0.29,0.29,,-0.29,2026-08-10,13,12-16
btc-updown-5m-1786338900,2026-08-10 05:15:00+00:00,2026-08-10 05:05:11.170000+00:00,588.83,none,False,False,,,0.0,,,0.0,2026-08-10,13,12-16
btc-updown-5m-1786339200,2026-08-10 05:20:00+00:00,2026-08-10 05:13:12.142000+00:00,407.858,single,False,True,,2026-08-10T05:23:45.645Z,-0.29,,0.28,-0.28,2026-08-10,13,12-16
btc-updown-5m-1786339500,2026-08-10 05:25:00+00:00,2026-08-10 05:15:21.003000+00:00,578.997,single,True,False,2026-08-10T05:28:07.385Z,,-0.29,0.17,,-0.17,2026-08-10,13,12-16
btc-updown-5m-1786339800,2026-08-10 05:30:00+00:00,2026-08-10 05:20:11.656000+00:00,588.344,single,True,False,2026-08-10T05:33:08.917Z,,-0.29,0.19,,-0.19,2026-08-10,13,12-16
btc-updown-5m-1786340100,2026-08-10 05:35:00+00:00,2026-08-10 05:27:59.711000+00:00,420.289,single,False,True,,2026-08-10T05:37:44.014Z,-0.29,,0.29,-0.29,2026-08-10,13,12-16
btc-updown-5m-1786340400,2026-08-10 05:40:00+00:00,2026-08-10 05:33:03.726000+00:00,416.274,single,False,True,,2026-08-10T05:43:10.510Z,-0.29,,0.21,-0.21,2026-08-10,13,12-16
btc-updown-5m-1786340700,2026-08-10 05:45:00+00:00,2026-08-10 05:36:54.787000+00:00,485.213,single,True,False,2026-08-10T05:49:53.702Z,,-0.29,0.29,,-0.29,2026-08-10,13,12-16
btc-updown-5m-1786341000,2026-08-10 05:50:00+00:00,2026-08-10 05:42:58.141000+00:00,421.859,single,False,True,,2026-08-10T05:52:44.879Z,-0.29,,0.27,-0.27,2026-08-10,13,12-16
btc-updown-5m-1786341300,2026-08-10 05:55:00+00:00,2026-08-10 05:47:43.423000+00:00,436.577,paired,True,True,2026-08-10T05:59:24.762Z,2026-08-10T05:56:31.196Z,0.42,0.28,0.29,0.43,2026-08-10,13,12-16
btc-updown-5m-1786341600,2026-08-10 06:00:00+00:00,2026-08-10 05:50:15.517000+00:00,584.483,single,False,True,,2026-08-10T06:01:54.964Z,-0.29,,0.29,-0.29,2026-08-10,13,12-16
btc-updown-5m-1786341900,2026-08-10 06:05:00+00:00,2026-08-10 05:57:18.847000+00:00,461.153,none,False,False,,,0.0,,,0.0,2026-08-10,14,12-16
btc-updown-5m-1786342200,2026-08-10 06:10:00+00:00,2026-08-10 06:03:46.178000+00:00,373.822,single,False,True,,2026-08-10T06:13:14.852Z,-0.29,,0.09,-0.09,2026-08-10,14,12-16
btc-updown-5m-1786342500,2026-08-10 06:15:00+00:00,2026-08-10 06:06:44.680000+00:00,495.32,single,False,True,,2026-08-10T06:19:46.068Z,-0.29,,0.01,-0.01,2026-08-10,14,12-16
btc-updown-5m-1786342800,2026-08-10 06:20:00+00:00,2026-08-10 06:10:10.530000+00:00,589.47,single,True,False,2026-08-10T06:21:11.461Z,,-0.29,0.29,,-0.29,2026-08-10,14,12-16
btc-updown-5m-1786343100,2026-08-10 06:25:00+00:00,2026-08-10 06:17:47.757000+00:00,432.243,single,True,False,2026-08-10T06:29:12.854Z,,-0.29,0.008,,-0.008,2026-08-10,14,12-16
btc-updown-5m-1786343400,2026-08-10 06:30:00+00:00,2026-08-10 06:20:23.095000+00:00,576.905,single,False,True,,2026-08-10T06:33:51.691Z,-0.29,,0.01,-0.01,2026-08-10,14,12-16
btc-updown-5m-1786343700,2026-08-10 06:35:00+00:00,2026-08-10 06:28:33.828000+00:00,386.172,single,False,True,,2026-08-10T06:38:01.658Z,-0.29,,0.2,-0.2,2026-08-10,14,12-16
btc-updown-5m-1786344000,2026-08-10 06:40:00+00:00,2026-08-10 06:33:27.904000+00:00,392.096,none,False,False,,,0.0,,,0.0,2026-08-10,14,12-16
btc-updown-5m-1786344300,2026-08-10 06:45:00+00:00,2026-08-10 06:37:56.426000+00:00,423.574,paired,True,True,2026-08-10T06:48:49.972Z,2026-08-10T06:49:52.163Z,0.42,0.29,0.02,0.69,2026-08-10,14,12-16
btc-updown-5m-1786344600,2026-08-10 06:50:00+00:00,2026-08-10 06:40:15.105000+00:00,584.895,single,False,True,,2026-08-10T06:53:44.468Z,-0.29,,0.02,-0.02,2026-08-10,14,12-16
btc-updown-5m-1786344900,2026-08-10 06:55:00+00:00,2026-08-10 06:46:10.522000+00:00,529.478,none,False,False,,,0.0,,,0.0,2026-08-10,14,12-16
btc-updown-5m-1786345200,2026-08-10 07:00:00+00:00,2026-08-10 06:53:17.636000+00:00,402.364,none,False,False,,,0.0,,,0.0,2026-08-10,14,12-16
btc-updown-5m-1786345500,2026-08-10 07:05:00+00:00,2026-08-10 06:57:32.762000+00:00,447.238,single,True,False,2026-08-10T07:07:36.355Z,,-0.29,0.23,,-0.23,2026-08-10,15,12-16
btc-updown-5m-1786345800,2026-08-10 07:10:00+00:00,2026-08-10 07:00:17.809000+00:00,582.191,single,False,True,,2026-08-10T07:12:54.075Z,-0.29,,0.29,-0.29,2026-08-10,15,12-16
btc-updown-5m-1786346100,2026-08-10 07:15:00+00:00,2026-08-10 07:05:17.774000+00:00,582.226,single,True,False,2026-08-10T07:18:41.479Z,,-0.29,0.29,,-0.29,2026-08-10,15,12-16
btc-updown-5m-1786346400,2026-08-10 07:20:00+00:00,2026-08-10 07:13:05.667000+00:00,414.333,none,False,False,,,0.0,,,0.0,2026-08-10,15,12-16
btc-updown-5m-1786346700,2026-08-10 07:25:00+00:00,2026-08-10 07:18:47.515000+00:00,372.485,paired,True,True,2026-08-10T07:25:51.184Z,2026-08-10T07:29:36.821Z,0.42,0.26,0.01,0.73,2026-08-10,15,12-16
btc-updown-5m-1786347000,2026-08-10 07:30:00+00:00,2026-08-10 07:20:17.173000+00:00,582.827,single,False,True,,2026-08-10T07:34:13.341Z,-0.29,,0.29,-0.29,2026-08-10,15,12-16
btc-updown-5m-1786347300,2026-08-10 07:35:00+00:00,2026-08-10 07:25:05.038000+00:00,594.962,single,False,True,,2026-08-10T07:37:27.100Z,-0.29,,0.29,-0.29,2026-08-10,15,12-16
btc-updown-5m-1786347600,2026-08-10 07:40:00+00:00,2026-08-10 07:32:44.609000+00:00,435.391,paired,True,True,2026-08-10T07:44:12.235Z,2026-08-10T07:44:28.968Z,0.42,0.29,0.28,0.42999999999999994,2026-08-10,15,12-16
btc-updown-5m-1786347900,2026-08-10 07:45:00+00:00,2026-08-10 07:40:08.375000+00:00,291.625,none,False,False,,,0.0,,,0.0,2026-08-10,15,12-16
btc-updown-5m-1786348200,2026-08-10 07:50:00+00:00,2026-08-10 07:40:08.459000+00:00,591.541,none,False,False,,,0.0,,,0.0,2026-08-10,15,12-16
btc-updown-5m-1786348500,2026-08-10 07:55:00+00:00,2026-08-10 07:49:37.918000+00:00,322.082,single,True,False,2026-08-10T07:57:36.343Z,,-0.29,0.23,,-0.23,2026-08-10,15,12-16
btc-updown-5m-1786348800,2026-08-10 08:00:00+00:00,2026-08-10 07:50:15.242000+00:00,584.758,single,False,True,,2026-08-10T08:03:22.535Z,-0.29,,0.29,-0.29,2026-08-10,15,12-16
btc-updown-5m-1786349100,2026-08-10 08:05:00+00:00,2026-08-10 07:55:16.658000+00:00,583.342,single,True,False,2026-08-10T08:08:58.278Z,,-0.29,0.29,,-0.29,2026-08-10,16,16-20
btc-updown-5m-1786349400,2026-08-10 08:10:00+00:00,2026-08-10 08:04:35.335000+00:00,324.665,single,True,False,2026-08-10T08:14:13.966Z,,-0.29,0.28,,-0.28,2026-08-10,16,16-20
btc-updown-5m-1786349700,2026-08-10 08:15:00+00:00,2026-08-10 08:09:03.290000+00:00,356.71,paired,True,True,2026-08-10T08:15:21.614Z,2026-08-10T08:18:01.517Z,0.42,0.29,0.27,0.43999999999999995,2026-08-10,16,16-20
btc-updown-5m-1786350000,2026-08-10 08:20:00+00:00,2026-08-10 08:13:28.617000+00:00,391.383,single,False,True,,2026-08-10T08:23:58.288Z,-0.29,,0.26,-0.26,2026-08-10,16,16-20
btc-updown-5m-1786350300,2026-08-10 08:25:00+00:00,2026-08-10 08:15:55.053000+00:00,544.947,paired,True,True,2026-08-10T08:28:29.498Z,2026-08-10T08:27:26.445Z,0.42,0.25,0.29,0.46,2026-08-10,16,16-20
btc-updown-5m-1786350600,2026-08-10 08:30:00+00:00,2026-08-10 08:23:53.064000+00:00,366.936,none,False,False,,,0.0,,,0.0,2026-08-10,16,16-20
btc-updown-5m-1786350900,2026-08-10 08:35:00+00:00,2026-08-10 08:28:18.747000+00:00,401.253,single,True,False,2026-08-10T08:37:42.566Z,,-0.29,0.09,,-0.09,2026-08-10,16,16-20
btc-updown-5m-1786351200,2026-08-10 08:40:00+00:00,2026-08-10 08:34:49.230000+00:00,310.77,none,False,False,,,0.0,,,0.0,2026-08-10,16,16-20
btc-updown-5m-1786351500,2026-08-10 08:45:00+00:00,2026-08-10 08:35:13.599000+00:00,586.401,none,False,False,,,0.0,,,0.0,2026-08-10,16,16-20
btc-updown-5m-1786351800,2026-08-10 08:50:00+00:00,2026-08-10 08:42:07.712000+00:00,472.288,single,False,True,,2026-08-10T08:52:20.588Z,-0.29,,0.04,-0.04,2026-08-10,16,16-20
btc-updown-5m-1786352100,2026-08-10 08:55:00+00:00,2026-08-10 08:45:23.100000+00:00,576.9,single,False,True,,2026-08-10T08:59:58.442Z,-0.29,,0.01,-0.01,2026-08-10,16,16-20
btc-updown-5m-1786352400,2026-08-10 09:00:00+00:00,2026-08-10 08:50:28.064000+00:00,571.936,single,True,False,2026-08-10T09:02:38.043Z,,-0.29,0.02,,-0.02,2026-08-10,16,16-20
btc-updown-5m-1786352700,2026-08-10 09:05:00+00:00,2026-08-10 08:58:04.051000+00:00,415.949,single,True,False,2026-08-10T09:09:11.996Z,,-0.29,0.04,,-0.04,2026-08-10,17,16-20
btc-updown-5m-1786353000,2026-08-10 09:10:00+00:00,2026-08-10 09:02:30.384000+00:00,449.616,paired,True,True,2026-08-10T09:10:51.208Z,2026-08-10T09:13:58.847Z,0.42,0.27,0.29,0.44,2026-08-10,17,16-20
btc-updown-5m-1786353300,2026-08-10 09:15:00+00:00,2026-08-10 09:06:58.963000+00:00,481.037,none,False,False,,,0.0,,,0.0,2026-08-10,17,16-20
btc-updown-5m-1786353600,2026-08-10 09:20:00+00:00,2026-08-10 09:10:06.722000+00:00,593.278,single,True,False,2026-08-10T09:20:31.085Z,,-0.29,0.26,,-0.26,2026-08-10,17,16-20
btc-updown-5m-1786353900,2026-08-10 09:25:00+00:00,2026-08-10 09:16:40.158000+00:00,499.842,single,True,False,2026-08-10T09:29:06.276Z,,-0.29,0.29,,-0.29,2026-08-10,17,16-20
btc-updown-5m-1786354200,2026-08-10 09:30:00+00:00,2026-08-10 09:20:17.867000+00:00,582.133,single,True,False,2026-08-10T09:30:36.001Z,,-0.29,0.27,,-0.27,2026-08-10,17,16-20
btc-updown-5m-1786354500,2026-08-10 09:35:00+00:00,2026-08-10 09:28:33.781000+00:00,386.219,single,False,True,,2026-08-10T09:38:04.067Z,-0.29,,0.29,-0.29,2026-08-10,17,16-20
btc-updown-5m-1786354800,2026-08-10 09:40:00+00:00,2026-08-10 09:30:19.912000+00:00,580.088,single,True,False,2026-08-10T09:41:48.850Z,,-0.29,0.26,,-0.26,2026-08-10,17,16-20
btc-updown-5m-1786355100,2026-08-10 09:45:00+00:00,2026-08-10 09:39:04.400000+00:00,355.6,none,False,False,,,0.0,,,0.0,2026-08-10,17,16-20
btc-updown-5m-1786355400,2026-08-10 09:50:00+00:00,2026-08-10 09:40:36.490000+00:00,563.51,none,False,False,,,0.0,,,0.0,2026-08-10,17,16-20
btc-updown-5m-1786355700,2026-08-10 09:55:00+00:00,2026-08-10 09:47:58.635000+00:00,421.365,single,False,True,,2026-08-10T09:56:15.389Z,-0.29,,0.26,-0.26,2026-08-10,17,16-20
btc-updown-5m-1786356000,2026-08-10 10:00:00+00:00,2026-08-10 09:50:29.514000+00:00,570.486,single,False,True,,2026-08-10T10:02:27.800Z,-0.29,,0.29,-0.29,2026-08-10,17,16-20
btc-updown-5m-1786356300,2026-08-10 10:05:00+00:00,2026-08-10 09:55:33.030000+00:00,566.97,paired,True,True,2026-08-10T10:08:18.065Z,2026-08-10T10:09:36.103Z,0.42,0.26,0.29,0.45,2026-08-10,18,16-20
btc-updown-5m-1786356600,2026-08-10 10:10:00+00:00,2026-08-10 10:01:07.230000+00:00,532.77,single,True,False,2026-08-10T10:14:13.454Z,,-0.29,0.21,,-0.21,2026-08-10,18,16-20
btc-updown-5m-1786356900,2026-08-10 10:15:00+00:00,2026-08-10 10:08:17.799000+00:00,402.201,none,False,False,,,0.0,,,0.0,2026-08-10,18,16-20
btc-updown-5m-1786357200,2026-08-10 10:20:00+00:00,2026-08-10 10:13:52.362000+00:00,367.638,single,False,True,,2026-08-10T10:21:14.563Z,-0.29,,0.18,-0.18,2026-08-10,18,16-20
btc-updown-5m-1786357500,2026-08-10 10:25:00+00:00,2026-08-10 10:17:58.947000+00:00,421.053,single,True,False,2026-08-10T10:28:30.845Z,,-0.29,0.03,,-0.03,2026-08-10,18,16-20
btc-updown-5m-1786357800,2026-08-10 10:30:00+00:00,2026-08-10 10:20:24.542000+00:00,575.458,single,False,True,,2026-08-10T10:32:09.951Z,-0.29,,0.28,-0.28,2026-08-10,18,16-20
btc-updown-5m-1786358100,2026-08-10 10:35:00+00:00,2026-08-10 10:27:18.568000+00:00,461.432,single,True,False,2026-08-10T10:39:54.887Z,,-0.29,0.01,,-0.01,2026-08-10,18,16-20
btc-updown-5m-1786358400,2026-08-10 10:40:00+00:00,2026-08-10 10:33:28.551000+00:00,391.449,single,True,False,2026-08-10T10:42:00.865Z,,-0.29,0.29,,-0.29,2026-08-10,18,16-20
btc-updown-5m-1786358700,2026-08-10 10:45:00+00:00,2026-08-10 10:39:43.070000+00:00,316.93,single,False,True,,2026-08-10T10:48:42.151Z,-0.29,,0.03,-0.03,2026-08-10,18,16-20
btc-updown-5m-1786359000,2026-08-10 10:50:00+00:00,2026-08-10 10:40:20.027000+00:00,579.973,single,True,False,2026-08-10T10:52:35.686Z,,-0.29,0.1,,-0.1,2026-08-10,18,16-20
btc-updown-5m-1786359300,2026-08-10 10:55:00+00:00,2026-08-10 10:48:33.943000+00:00,386.057,single,True,False,2026-08-10T10:58:09.552Z,,-0.29,0.29,,-0.29,2026-08-10,18,16-20
btc-updown-5m-1786359600,2026-08-10 11:00:00+00:00,2026-08-10 10:52:25.890000+00:00,454.11,single,True,False,2026-08-10T11:01:41.504Z,,-0.29,0.2,,-0.2,2026-08-10,18,16-20
btc-updown-5m-1786359900,2026-08-10 11:05:00+00:00,2026-08-10 10:56:53.653000+00:00,486.347,single,False,True,,2026-08-10T11:06:02.571Z,-0.29,,0.17,-0.17,2026-08-10,19,16-20
btc-updown-5m-1786360200,2026-08-10 11:10:00+00:00,2026-08-10 11:01:26.112000+00:00,513.888,none,False,False,,,0.0,,,0.0,2026-08-10,19,16-20
btc-updown-5m-1786360500,2026-08-10 11:15:00+00:00,2026-08-10 11:05:51.318000+00:00,548.682,single,False,True,,2026-08-10T11:15:53.651Z,-0.29,,0.2,-0.2,2026-08-10,19,16-20
btc-updown-5m-1786360800,2026-08-10 11:20:00+00:00,2026-08-10 11:13:37.543000+00:00,382.457,paired,True,True,2026-08-10T11:24:15.185Z,2026-08-10T11:22:58.837Z,0.42,0.29,0.18,0.53,2026-08-10,19,16-20
btc-updown-5m-1786361100,2026-08-10 11:25:00+00:00,2026-08-10 11:15:15.095000+00:00,584.905,single,False,True,,2026-08-10T11:27:55.626Z,-0.29,,0.03,-0.03,2026-08-10,19,16-20
btc-updown-5m-1786361400,2026-08-10 11:30:00+00:00,2026-08-10 11:22:53.552000+00:00,426.448,none,False,False,,,0.0,,,0.0,2026-08-10,19,16-20
btc-updown-5m-1786361700,2026-08-10 11:35:00+00:00,2026-08-10 11:27:47.971000+00:00,432.029,single,True,False,2026-08-10T11:37:00.426Z,,-0.29,0.29,,-0.29,2026-08-10,19,16-20
btc-updown-5m-1786362000,2026-08-10 11:40:00+00:00,2026-08-10 11:35:15.686000+00:00,284.314,single,True,False,2026-08-10T11:44:42.638Z,,-0.29,0.01,,-0.01,2026-08-10,19,16-20
btc-updown-5m-1786362300,2026-08-10 11:45:00+00:00,2026-08-10 11:35:15.707000+00:00,584.293,none,False,False,,,0.0,,,0.0,2026-08-10,19,16-20
btc-updown-5m-1786362600,2026-08-10 11:50:00+00:00,2026-08-10 11:44:40.048000+00:00,319.952,none,False,False,,,0.0,,,0.0,2026-08-10,19,16-20
btc-updown-5m-1786362900,2026-08-10 11:55:00+00:00,2026-08-10 11:47:59.508000+00:00,420.492,single,False,True,,2026-08-10T11:55:59.934Z,-0.29,,0.08,-0.08,2026-08-10,19,16-20
btc-updown-5m-1786363200,2026-08-10 12:00:00+00:00,2026-08-10 11:50:15.534000+00:00,584.466,single,True,False,2026-08-10T12:02:30.034Z,,-0.29,0.29,,-0.29,2026-08-10,19,16-20
btc-updown-5m-1786363500,2026-08-10 12:05:00+00:00,2026-08-10 11:55:18.898000+00:00,581.102,single,True,False,2026-08-10T12:06:19.669Z,,-0.29,0.29,,-0.29,2026-08-10,20,20-24
btc-updown-5m-1786363800,2026-08-10 12:10:00+00:00,2026-08-10 12:04:30.990000+00:00,329.01,paired,True,True,2026-08-10T12:12:43.057Z,2026-08-10T12:10:15.488Z,0.42,0.15,0.25,0.6,2026-08-10,20,20-24
btc-updown-5m-1786364100,2026-08-10 12:15:00+00:00,2026-08-10 12:05:06.532000+00:00,593.468,single,True,False,2026-08-10T12:19:03.768Z,,-0.29,0.01,,-0.01,2026-08-10,20,20-24
btc-updown-5m-1786364400,2026-08-10 12:20:00+00:00,2026-08-10 12:10:46.283000+00:00,553.717,paired,True,True,2026-08-10T12:24:42.152Z,2026-08-10T12:21:46.718Z,0.42,0.02,0.23,0.75,2026-08-10,20,20-24
btc-updown-5m-1786364700,2026-08-10 12:25:00+00:00,2026-08-10 12:18:57.675000+00:00,362.325,single,True,False,2026-08-10T12:28:52.534Z,,-0.29,0.02,,-0.02,2026-08-10,20,20-24
btc-updown-5m-1786365000,2026-08-10 12:30:00+00:00,2026-08-10 12:21:06.743000+00:00,533.257,single,True,False,2026-08-10T12:33:21.378Z,,-0.29,0.05,,-0.05,2026-08-10,20,20-24
btc-updown-5m-1786365300,2026-08-10 12:35:00+00:00,2026-08-10 12:27:33.873000+00:00,446.127,single,True,False,2026-08-10T12:36:06.884Z,,-0.29,0.29,,-0.29,2026-08-10,20,20-24
btc-updown-5m-1786365600,2026-08-10 12:40:00+00:00,2026-08-10 12:33:16.142000+00:00,403.858,paired,True,True,2026-08-10T12:41:24.992Z,2026-08-10T12:42:33.100Z,0.42,0.26,0.23,0.51,2026-08-10,20,20-24
btc-updown-5m-1786365900,2026-08-10 12:45:00+00:00,2026-08-10 12:38:09.535000+00:00,410.465,single,True,False,2026-08-10T12:48:01.844Z,,-0.29,0.29,,-0.29,2026-08-10,20,20-24
btc-updown-5m-1786366200,2026-08-10 12:50:00+00:00,2026-08-10 12:41:17.754000+00:00,522.246,single,True,False,2026-08-10T12:54:25.307Z,,-0.29,0.29,,-0.29,2026-08-10,20,20-24
btc-updown-5m-1786366500,2026-08-10 12:55:00+00:00,2026-08-10 12:47:56.614000+00:00,423.386,single,True,False,2026-08-10T12:56:32.372Z,,-0.29,0.22,,-0.22,2026-08-10,20,20-24
btc-updown-5m-1786366800,2026-08-10 13:00:00+00:00,2026-08-10 12:53:49.473000+00:00,370.527,none,False,False,,,0.0,,,0.0,2026-08-10,20,20-24
btc-updown-5m-1786367100,2026-08-10 13:05:00+00:00,2026-08-10 12:55:06.046000+00:00,593.954,single,False,True,,2026-08-10T13:06:10.763Z,-0.29,,0.22,-0.22,2026-08-10,21,20-24
btc-updown-5m-1786367400,2026-08-10 13:10:00+00:00,2026-08-10 13:04:37.929000+00:00,322.071,paired,True,True,2026-08-10T13:13:02.479Z,2026-08-10T13:14:41.474Z,0.42,0.22,0.28,0.5,2026-08-10,21,20-24
btc-updown-5m-1786367700,2026-08-10 13:15:00+00:00,2026-08-10 13:05:21.904000+00:00,578.096,none,False,False,,,0.0,,,0.0,2026-08-10,21,20-24
btc-updown-5m-1786368000,2026-08-10 13:20:00+00:00,2026-08-10 13:11:29.394000+00:00,510.606,paired,True,True,2026-08-10T13:21:09.800Z,2026-08-10T13:23:33.409Z,0.42,0.2,0.28,0.52,2026-08-10,21,20-24
btc-updown-5m-1786368300,2026-08-10 13:25:00+00:00,2026-08-10 13:15:26.427000+00:00,573.573,single,True,False,2026-08-10T13:25:54.857Z,,-0.29,0.29,,-0.29,2026-08-10,21,20-24
btc-updown-5m-1786368600,2026-08-10 13:30:00+00:00,2026-08-10 13:20:57.342000+00:00,542.658,single,True,False,2026-08-10T13:34:34.770Z,,-0.29,0.29,,-0.29,2026-08-10,21,20-24
btc-updown-5m-1786368900,2026-08-10 13:35:00+00:00,2026-08-10 13:28:09.875000+00:00,410.125,paired,True,True,2026-08-10T13:35:57.160Z,2026-08-10T13:37:21.525Z,0.42,0.29,0.28,0.42999999999999994,2026-08-10,21,20-24
btc-updown-5m-1786369200,2026-08-10 13:40:00+00:00,2026-08-10 13:35:13.631000+00:00,286.369,none,False,False,,,0.0,,,0.0,2026-08-10,21,20-24
btc-updown-5m-1786369500,2026-08-10 13:45:00+00:00,2026-08-10 13:35:13.809000+00:00,586.191,single,True,False,2026-08-10T13:48:51.068Z,,-0.29,0.1,,-0.1,2026-08-10,21,20-24
btc-updown-5m-1786369800,2026-08-10 13:50:00+00:00,2026-08-10 13:45:18.303000+00:00,281.697,none,False,False,,,0.0,,,0.0,2026-08-10,21,20-24
btc-updown-5m-1786370100,2026-08-10 13:55:00+00:00,2026-08-10 13:45:18.539000+00:00,581.461,single,False,True,,2026-08-10T13:57:29.254Z,-0.29,,0.22,-0.22,2026-08-10,21,20-24
btc-updown-5m-1786370400,2026-08-10 14:00:00+00:00,2026-08-10 13:52:32.762000+00:00,447.238,single,False,True,,2026-08-10T14:03:22.936Z,-0.29,,0.01,-0.01,2026-08-10,21,20-24
btc-updown-5m-1786370700,2026-08-10 14:05:00+00:00,2026-08-10 13:56:28.356000+00:00,511.644,single,True,False,2026-08-10T14:09:41.571Z,,-0.29,0.01,,-0.01,2026-08-10,22,20-24
btc-updown-5m-1786371000,2026-08-10 14:10:00+00:00,2026-08-10 14:03:04.265000+00:00,415.735,single,False,True,,2026-08-10T14:12:52.909Z,-0.29,,0.29,-0.29,2026-08-10,22,20-24
btc-updown-5m-1786371300,2026-08-10 14:15:00+00:00,2026-08-10 14:07:18.335000+00:00,461.665,single,False,True,,2026-08-10T14:19:52.687Z,-0.29,,0.01,-0.01,2026-08-10,22,20-24
btc-updown-5m-1786371600,2026-08-10 14:20:00+00:00,2026-08-10 14:11:06.971000+00:00,533.029,none,False,False,,,0.0,,,0.0,2026-08-10,22,20-24
btc-updown-5m-1786371900,2026-08-10 14:25:00+00:00,2026-08-10 14:18:39.995000+00:00,380.005,single,False,True,,2026-08-10T14:26:58.927Z,-0.29,,0.09,-0.09,2026-08-10,22,20-24
btc-updown-5m-1786372200,2026-08-10 14:30:00+00:00,2026-08-10 14:25:04.130000+00:00,295.87,none,False,False,,,0.0,,,0.0,2026-08-10,22,20-24
btc-updown-5m-1786372500,2026-08-10 14:35:00+00:00,2026-08-10 14:25:15.527000+00:00,584.473,none,False,False,,,0.0,,,0.0,2026-08-10,22,20-24
btc-updown-5m-1786372800,2026-08-10 14:40:00+00:00,2026-08-10 14:33:20.429000+00:00,399.571,single,False,True,,2026-08-10T14:41:17.371Z,-0.29,,0.14,-0.14,2026-08-10,22,20-24
btc-updown-5m-1786373100,2026-08-10 14:45:00+00:00,2026-08-10 14:35:28.942000+00:00,571.058,single,True,False,2026-08-10T14:49:56.447Z,,-0.29,0.01,,-0.01,2026-08-10,22,20-24
btc-updown-5m-1786373400,2026-08-10 14:50:00+00:00,2026-08-10 14:40:34.214000+00:00,565.786,single,True,False,2026-08-10T14:51:50.776Z,,-0.29,0.12,,-0.12,2026-08-10,22,20-24
btc-updown-5m-1786373700,2026-08-10 14:55:00+00:00,2026-08-10 14:49:52.055000+00:00,307.945,single,True,False,2026-08-10T14:57:40.590Z,,-0.29,0.15,,-0.15,2026-08-10,22,20-24
btc-updown-5m-1786374000,2026-08-10 15:00:00+00:00,2026-08-10 14:51:21.823000+00:00,518.177,single,False,True,,2026-08-10T15:04:52.666Z,-0.29,,0.01,-0.01,2026-08-10,22,20-24
btc-updown-5m-1786374300,2026-08-10 15:05:00+00:00,2026-08-10 14:56:27.961000+00:00,512.039,single,False,True,,2026-08-10T15:07:30.325Z,-0.29,,0.27,-0.27,2026-08-10,23,20-24
btc-updown-5m-1786374600,2026-08-10 15:10:00+00:00,2026-08-10 15:04:43.355000+00:00,316.645,paired,True,True,2026-08-10T15:12:54.446Z,2026-08-10T15:11:16.737Z,0.42,0.07,0.21,0.72,2026-08-10,23,20-24
btc-updown-5m-1786374900,2026-08-10 15:15:00+00:00,2026-08-10 15:05:34.002000+00:00,565.998,none,False,False,,,0.0,,,0.0,2026-08-10,23,20-24
btc-updown-5m-1786375200,2026-08-10 15:20:00+00:00,2026-08-10 15:10:22.963000+00:00,577.037,none,False,False,,,0.0,,,0.0,2026-08-10,23,20-24
btc-updown-5m-1786375500,2026-08-10 15:25:00+00:00,2026-08-10 15:17:57.741000+00:00,422.259,none,False,False,,,0.0,,,0.0,2026-08-10,23,20-24
btc-updown-5m-1786375800,2026-08-10 15:30:00+00:00,2026-08-10 15:20:10.075000+00:00,589.925,paired,True,True,2026-08-10T15:34:49.851Z,2026-08-10T15:32:52.218Z,0.42,0.29,0.25,0.45999999999999996,2026-08-10,23,20-24
btc-updown-5m-1786376100,2026-08-10 15:35:00+00:00,2026-08-10 15:25:16.443000+00:00,583.557,single,True,False,2026-08-10T15:36:37.047Z,,-0.29,0.29,,-0.29,2026-08-10,23,20-24
btc-updown-5m-1786376400,2026-08-10 15:40:00+00:00,2026-08-10 15:30:15.963000+00:00,584.037,single,False,True,,2026-08-10T15:41:11.978Z,-0.29,,0.2,-0.2,2026-08-10,23,20-24
btc-updown-5m-1786376700,2026-08-10 15:45:00+00:00,2026-08-10 15:38:33.090000+00:00,386.91,none,False,False,,,0.0,,,0.0,2026-08-10,23,20-24
btc-updown-5m-1786377000,2026-08-10 15:50:00+00:00,2026-08-10 15:40:33.637000+00:00,566.363,paired,True,True,2026-08-10T15:53:56.422Z,2026-08-10T15:51:04.117Z,0.42,0.25,0.27,0.48,2026-08-10,23,20-24
btc-updown-5m-1786377300,2026-08-10 15:55:00+00:00,2026-08-10 15:49:45.467000+00:00,314.533,none,False,False,,,0.0,,,0.0,2026-08-10,23,20-24
btc-updown-5m-1786377600,2026-08-10 16:00:00+00:00,2026-08-10 15:50:23.270000+00:00,576.73,paired,True,True,2026-08-10T16:00:24.861Z,2026-08-10T16:04:38.616Z,0.42,0.24,0.02,0.74,2026-08-10,23,20-24
btc-updown-5m-1786377900,2026-08-10 16:05:00+00:00,2026-08-10 15:56:56.580000+00:00,483.42,paired,True,True,2026-08-10T16:09:08.101Z,2026-08-10T16:06:20.080Z,0.42,0.05,0.27,0.6799999999999999,2026-08-11,0,00-04
btc-updown-5m-1786378200,2026-08-10 16:10:00+00:00,2026-08-10 16:00:24.626000+00:00,575.374,single,True,False,2026-08-10T16:14:47.293Z,,-0.29,0.01,,-0.01,2026-08-11,0,00-04
btc-updown-5m-1786378500,2026-08-10 16:15:00+00:00,2026-08-10 16:06:09.104000+00:00,530.896,single,True,False,2026-08-10T16:17:52.676Z,,-0.29,0.05,,-0.05,2026-08-11,0,00-04
btc-updown-5m-1786378800,2026-08-10 16:20:00+00:00,2026-08-10 16:12:44.453000+00:00,435.547,single,False,True,,2026-08-10T16:24:38.058Z,-0.29,,0.16,-0.16,2026-08-11,0,00-04
btc-updown-5m-1786379100,2026-08-10 16:25:00+00:00,2026-08-10 16:15:14.352000+00:00,585.648,single,False,True,,2026-08-10T16:27:36.590Z,-0.29,,0.27,-0.27,2026-08-11,0,00-04
btc-updown-5m-1786379400,2026-08-10 16:30:00+00:00,2026-08-10 16:23:20.767000+00:00,399.233,single,True,False,2026-08-10T16:34:51.998Z,,-0.29,0.02,,-0.02,2026-08-11,0,00-04
btc-updown-5m-1786379700,2026-08-10 16:35:00+00:00,2026-08-10 16:25:10.963000+00:00,589.037,none,False,False,,,0.0,,,0.0,2026-08-11,0,00-04
btc-updown-5m-1786380000,2026-08-10 16:40:00+00:00,2026-08-10 16:33:40.457000+00:00,379.543,none,False,False,,,0.0,,,0.0,2026-08-11,0,00-04
btc-updown-5m-1786380300,2026-08-10 16:45:00+00:00,2026-08-10 16:35:18.734000+00:00,581.266,single,True,False,2026-08-10T16:45:58.580Z,,-0.29,0.28,,-0.28,2026-08-11,0,00-04
btc-updown-5m-1786380600,2026-08-10 16:50:00+00:00,2026-08-10 16:40:11.379000+00:00,588.621,paired,True,True,2026-08-10T16:53:36.204Z,2026-08-10T16:52:36.838Z,0.42,0.28,0.23,0.49,2026-08-11,0,00-04
btc-updown-5m-1786380900,2026-08-10 16:55:00+00:00,2026-08-10 16:45:14.625000+00:00,585.375,single,False,True,,2026-08-10T16:58:55.015Z,-0.29,,0.04,-0.04,2026-08-11,0,00-04
btc-updown-5m-1786381200,2026-08-10 17:00:00+00:00,2026-08-10 16:50:43.874000+00:00,556.126,paired,True,True,2026-08-10T17:04:43.650Z,2026-08-10T17:04:16.300Z,0.42,0.01,0.29,0.7,2026-08-11,0,00-04
btc-updown-5m-1786381500,2026-08-10 17:05:00+00:00,2026-08-10 16:58:51.003000+00:00,368.997,single,False,True,,2026-08-10T17:06:46.527Z,-0.29,,0.14,-0.14,2026-08-11,1,00-04
btc-updown-5m-1786381800,2026-08-10 17:10:00+00:00,2026-08-10 17:03:50.871000+00:00,369.129,single,False,True,,2026-08-10T17:14:16.734Z,-0.29,,0.29,-0.29,2026-08-11,1,00-04
btc-updown-5m-1786382100,2026-08-10 17:15:00+00:00,2026-08-10 17:06:08.862000+00:00,531.138,single,True,False,2026-08-10T17:17:46.986Z,,-0.29,0.29,,-0.29,2026-08-11,1,00-04
btc-updown-5m-1786382400,2026-08-10 17:20:00+00:00,2026-08-10 17:14:29.532000+00:00,330.468,paired,True,True,2026-08-10T17:24:33.408Z,2026-08-10T17:23:57.960Z,0.42,0.29,0.07,0.6399999999999999,2026-08-11,1,00-04
btc-updown-5m-1786382700,2026-08-10 17:25:00+00:00,2026-08-10 17:18:55.297000+00:00,364.703,single,False,True,,2026-08-10T17:26:04.795Z,-0.29,,0.18,-0.18,2026-08-11,1,00-04
btc-updown-5m-1786383000,2026-08-10 17:30:00+00:00,2026-08-10 17:22:39.287000+00:00,440.713,paired,True,True,2026-08-10T17:30:30.988Z,2026-08-10T17:32:45.664Z,0.42,0.2,0.29,0.51,2026-08-11,1,00-04
btc-updown-5m-1786383300,2026-08-10 17:35:00+00:00,2026-08-10 17:25:59.096000+00:00,540.904,single,True,False,2026-08-10T17:38:49.119Z,,-0.29,0.26,,-0.26,2026-08-11,1,00-04
btc-updown-5m-1786383600,2026-08-10 17:40:00+00:00,2026-08-10 17:30:17.738000+00:00,582.262,single,False,True,,2026-08-10T17:41:42.123Z,-0.29,,0.29,-0.29,2026-08-11,1,00-04
btc-updown-5m-1786383900,2026-08-10 17:45:00+00:00,2026-08-10 17:38:39.313000+00:00,380.687,single,True,False,2026-08-10T17:46:20.901Z,,-0.29,0.16,,-0.16,2026-08-11,1,00-04
btc-updown-5m-1786384200,2026-08-10 17:50:00+00:00,2026-08-10 17:44:23.919000+00:00,336.081,single,True,False,2026-08-10T17:52:49.778Z,,-0.29,0.26,,-0.26,2026-08-11,1,00-04
btc-updown-5m-1786384500,2026-08-10 17:55:00+00:00,2026-08-10 17:45:32.108000+00:00,567.892,single,False,True,,2026-08-10T17:58:09.901Z,-0.29,,0.12,-0.12,2026-08-11,1,00-04
btc-updown-5m-1786384800,2026-08-10 18:00:00+00:00,2026-08-10 17:52:44.535000+00:00,435.465,paired,True,True,2026-08-10T18:04:18.519Z,2026-08-10T18:02:18.056Z,0.42,0.27,0.29,0.44,2026-08-11,1,00-04
btc-updown-5m-1786385100,2026-08-10 18:05:00+00:00,2026-08-10 17:57:55.258000+00:00,424.742,single,False,True,,2026-08-10T18:07:42.765Z,-0.29,,0.28,-0.28,2026-08-11,2,00-04
btc-updown-5m-1786385400,2026-08-10 18:10:00+00:00,2026-08-10 18:04:18.291000+00:00,341.709,single,False,True,,2026-08-10T18:14:45.582Z,-0.29,,0.28,-0.28,2026-08-11,2,00-04
btc-updown-5m-1786385700,2026-08-10 18:15:00+00:00,2026-08-10 18:06:43.781000+00:00,496.219,single,True,False,2026-08-10T18:16:10.181Z,,-0.29,0.13,,-0.13,2026-08-11,2,00-04
btc-updown-5m-1786386000,2026-08-10 18:20:00+00:00,2026-08-10 18:12:57.013000+00:00,422.987,single,False,True,,2026-08-10T18:23:30.257Z,-0.29,,0.07,-0.07,2026-08-11,2,00-04
btc-updown-5m-1786386300,2026-08-10 18:25:00+00:00,2026-08-10 18:15:20.250000+00:00,579.75,none,False,False,,,0.0,,,0.0,2026-08-11,2,00-04
btc-updown-5m-1786386600,2026-08-10 18:30:00+00:00,2026-08-10 18:20:13.111000+00:00,586.889,paired,True,True,2026-08-10T18:33:04.087Z,2026-08-10T18:34:03.372Z,0.42,0.29,0.21,0.5,2026-08-11,2,00-04
btc-updown-5m-1786386900,2026-08-10 18:35:00+00:00,2026-08-10 18:27:17.260000+00:00,462.74,single,True,False,2026-08-10T18:38:55.286Z,,-0.29,0.01,,-0.01,2026-08-11,2,00-04
btc-updown-5m-1786387200,2026-08-10 18:40:00+00:00,2026-08-10 18:30:15.314000+00:00,584.686,single,False,True,,2026-08-10T18:43:17.918Z,-0.29,,0.29,-0.29,2026-08-11,2,00-04
btc-updown-5m-1786387500,2026-08-10 18:45:00+00:00,2026-08-10 18:37:54.968000+00:00,425.032,none,False,False,,,0.0,,,0.0,2026-08-11,2,00-04
btc-updown-5m-1786387800,2026-08-10 18:50:00+00:00,2026-08-10 18:40:56.832000+00:00,543.168,paired,True,True,2026-08-10T18:53:40.987Z,2026-08-10T18:53:27.642Z,0.42,0.28,0.29,0.43,2026-08-11,2,00-04
btc-updown-5m-1786388100,2026-08-10 18:55:00+00:00,2026-08-10 18:48:20.318000+00:00,399.682,none,False,False,,,0.0,,,0.0,2026-08-11,2,00-04
btc-updown-5m-1786388400,2026-08-10 19:00:00+00:00,2026-08-10 18:50:36.967000+00:00,563.033,single,False,True,,2026-08-10T19:01:04.394Z,-0.29,,0.23,-0.23,2026-08-11,2,00-04
btc-updown-5m-1786388700,2026-08-10 19:05:00+00:00,2026-08-10 18:59:47.670000+00:00,312.33,none,False,False,,,0.0,,,0.0,2026-08-11,3,00-04
btc-updown-5m-1786389000,2026-08-10 19:10:00+00:00,2026-08-10 19:00:25.867000+00:00,574.133,single,False,True,,2026-08-10T19:14:12.582Z,-0.29,,0.29,-0.29,2026-08-11,3,00-04
btc-updown-5m-1786389300,2026-08-10 19:15:00+00:00,2026-08-10 19:09:52.355000+00:00,307.645,paired,True,True,2026-08-10T19:17:06.958Z,2026-08-10T19:18:42.395Z,0.42,0.16,0.28,0.5599999999999999,2026-08-11,3,00-04
btc-updown-5m-1786389600,2026-08-10 19:20:00+00:00,2026-08-10 19:10:07.460000+00:00,592.54,single,False,True,,2026-08-10T19:23:46.083Z,-0.29,,0.02,-0.02,2026-08-11,3,00-04
btc-updown-5m-1786389900,2026-08-10 19:25:00+00:00,2026-08-10 19:16:57.406000+00:00,482.594,none,False,False,,,0.0,,,0.0,2026-08-11,3,00-04
btc-updown-5m-1786390200,2026-08-10 19:30:00+00:00,2026-08-10 19:23:40.432000+00:00,379.568,single,False,True,,2026-08-10T19:30:21.269Z,-0.29,,0.15,-0.15,2026-08-11,3,00-04
btc-updown-5m-1786390500,2026-08-10 19:35:00+00:00,2026-08-10 19:28:26.407000+00:00,393.593,single,True,False,2026-08-10T19:39:10.438Z,,-0.29,0.29,,-0.29,2026-08-11,3,00-04
btc-updown-5m-1786390800,2026-08-10 19:40:00+00:00,2026-08-10 19:30:15.767000+00:00,584.233,single,False,True,,2026-08-10T19:43:21.730Z,-0.29,,0.04,-0.04,2026-08-11,3,00-04
btc-updown-5m-1786391100,2026-08-10 19:45:00+00:00,2026-08-10 19:39:05.123000+00:00,354.877,single,True,False,2026-08-10T19:48:44.583Z,,-0.29,0.07,,-0.07,2026-08-11,3,00-04
btc-updown-5m-1786391400,2026-08-10 19:50:00+00:00,2026-08-10 19:43:16.034000+00:00,403.966,single,False,True,,2026-08-10T19:53:55.387Z,-0.29,,0.23,-0.23,2026-08-11,3,00-04
btc-updown-5m-1786391700,2026-08-10 19:55:00+00:00,2026-08-10 19:48:09.140000+00:00,410.86,none,False,False,,,0.0,,,0.0,2026-08-11,3,00-04
btc-updown-5m-1786392000,2026-08-10 20:00:00+00:00,2026-08-10 19:52:43.356000+00:00,436.644,single,False,True,,2026-08-10T20:03:30.982Z,-0.29,,0.29,-0.29,2026-08-11,3,00-04
btc-updown-5m-1786392300,2026-08-10 20:05:00+00:00,2026-08-10 19:59:58.591000+00:00,301.409,single,False,True,,2026-08-10T20:08:07.083Z,-0.29,,0.29,-0.29,2026-08-11,4,04-08
btc-updown-5m-1786392600,2026-08-10 20:10:00+00:00,2026-08-10 20:00:27.718000+00:00,572.282,paired,True,True,2026-08-10T20:14:01.314Z,2026-08-10T20:12:35.982Z,0.42,0.28,0.17,0.5499999999999999,2026-08-11,4,04-08
btc-updown-5m-1786392900,2026-08-10 20:15:00+00:00,2026-08-10 20:09:30.642000+00:00,329.358,none,False,False,,,0.0,,,0.0,2026-08-11,4,04-08
btc-updown-5m-1786393200,2026-08-10 20:20:00+00:00,2026-08-10 20:10:16.244000+00:00,583.756,single,True,False,2026-08-10T20:21:57.061Z,,-0.29,0.27,,-0.27,2026-08-11,4,04-08
btc-updown-5m-1786393500,2026-08-10 20:25:00+00:00,2026-08-10 20:20:10.140000+00:00,289.86,none,False,False,,,0.0,,,0.0,2026-08-11,4,04-08
btc-updown-5m-1786393800,2026-08-10 20:30:00+00:00,2026-08-10 20:20:10.241000+00:00,589.759,single,True,False,2026-08-10T20:34:42.329Z,,-0.29,0.29,,-0.29,2026-08-11,4,04-08
btc-updown-5m-1786394100,2026-08-10 20:35:00+00:00,2026-08-10 20:30:13.716000+00:00,286.284,none,False,False,,,0.0,,,0.0,2026-08-11,4,04-08
btc-updown-5m-1786394400,2026-08-10 20:40:00+00:00,2026-08-10 20:30:14.152000+00:00,585.848,single,False,True,,2026-08-10T20:42:28.898Z,-0.29,,0.11,-0.11,2026-08-11,4,04-08
btc-updown-5m-1786394700,2026-08-10 20:45:00+00:00,2026-08-10 20:38:10.068000+00:00,409.932,single,True,False,2026-08-10T20:49:13.833Z,,-0.29,0.29,,-0.29,2026-08-11,4,04-08
btc-updown-5m-1786395000,2026-08-10 20:50:00+00:00,2026-08-10 20:40:23.532000+00:00,576.468,none,False,False,,,0.0,,,0.0,2026-08-11,4,04-08
btc-updown-5m-1786395300,2026-08-10 20:55:00+00:00,2026-08-10 20:48:54.984000+00:00,365.016,single,False,True,,2026-08-10T20:59:08.486Z,-0.29,,0.29,-0.29,2026-08-11,4,04-08
btc-updown-5m-1786395600,2026-08-10 21:00:00+00:00,2026-08-10 20:54:51.205000+00:00,308.795,single,True,False,2026-08-10T21:03:24.858Z,,-0.29,0.29,,-0.29,2026-08-11,4,04-08
btc-updown-5m-1786395900,2026-08-10 21:05:00+00:00,2026-08-10 20:55:18.682000+00:00,581.318,none,False,False,,,0.0,,,0.0,2026-08-11,5,04-08
btc-updown-5m-1786396200,2026-08-10 21:10:00+00:00,2026-08-10 21:04:08.580000+00:00,351.42,single,True,False,2026-08-10T21:10:20.958Z,,-0.29,0.23,,-0.23,2026-08-11,5,04-08
btc-updown-5m-1786396500,2026-08-10 21:15:00+00:00,2026-08-10 21:09:34.153000+00:00,325.847,none,False,False,,,0.0,,,0.0,2026-08-11,5,04-08
btc-updown-5m-1786396800,2026-08-10 21:20:00+00:00,2026-08-10 21:10:15.521000+00:00,584.479,single,True,False,2026-08-10T21:24:38.268Z,,-0.29,0.28,,-0.28,2026-08-11,5,04-08
btc-updown-5m-1786397100,2026-08-10 21:25:00+00:00,2026-08-10 21:17:52.083000+00:00,427.917,single,True,False,2026-08-10T21:26:49.185Z,,-0.29,0.29,,-0.29,2026-08-11,5,04-08
btc-updown-5m-1786397400,2026-08-10 21:30:00+00:00,2026-08-10 21:21:09.459000+00:00,530.541,none,False,False,,,0.0,,,0.0,2026-08-11,5,04-08
btc-updown-5m-1786397700,2026-08-10 21:35:00+00:00,2026-08-10 21:30:18.732000+00:00,281.268,paired,True,True,2026-08-10T21:38:52.256Z,2026-08-10T21:36:58.680Z,0.42,0.29,0.29,0.42,2026-08-11,5,04-08
btc-updown-5m-1786398000,2026-08-10 21:40:00+00:00,2026-08-10 21:30:19.334000+00:00,580.666,single,True,False,2026-08-10T21:44:28.082Z,,-0.29,0.27,,-0.27,2026-08-11,5,04-08
btc-updown-5m-1786398300,2026-08-10 21:45:00+00:00,2026-08-10 21:36:37.748000+00:00,502.252,single,True,False,2026-08-10T21:46:15.477Z,,-0.29,0.15,,-0.15,2026-08-11,5,04-08
btc-updown-5m-1786398600,2026-08-10 21:50:00+00:00,2026-08-10 21:43:23.274000+00:00,396.726,none,False,False,,,0.0,,,0.0,2026-08-11,5,04-08
btc-updown-5m-1786398900,2026-08-10 21:55:00+00:00,2026-08-10 21:45:19.603000+00:00,580.397,paired,True,True,2026-08-10T21:59:32.760Z,2026-08-10T21:55:51.462Z,0.42,0.28,0.28,0.43999999999999995,2026-08-11,5,04-08
btc-updown-5m-1786399200,2026-08-10 22:00:00+00:00,2026-08-10 21:54:36.785000+00:00,323.215,single,False,True,,2026-08-10T22:02:50.211Z,-0.29,,0.12,-0.12,2026-08-11,5,04-08
btc-updown-5m-1786399500,2026-08-10 22:05:00+00:00,2026-08-10 21:55:08.264000+00:00,591.736,single,True,False,2026-08-10T22:06:23.780Z,,-0.29,0.28,,-0.28,2026-08-11,6,04-08
btc-updown-5m-1786399800,2026-08-10 22:10:00+00:00,2026-08-10 22:00:34.414000+00:00,565.586,single,False,True,,2026-08-10T22:12:48.522Z,-0.29,,0.29,-0.29,2026-08-11,6,04-08
btc-updown-5m-1786400100,2026-08-10 22:15:00+00:00,2026-08-10 22:07:11.720000+00:00,468.28,none,False,False,,,0.0,,,0.0,2026-08-11,6,04-08
btc-updown-5m-1786400400,2026-08-10 22:20:00+00:00,2026-08-10 22:10:14.714000+00:00,585.286,single,True,False,2026-08-10T22:20:49.958Z,,-0.29,0.19,,-0.19,2026-08-11,6,04-08
btc-updown-5m-1786400700,2026-08-10 22:25:00+00:00,2026-08-10 22:18:52.151000+00:00,367.849,none,False,False,,,0.0,,,0.0,2026-08-11,6,04-08
btc-updown-5m-1786401000,2026-08-10 22:30:00+00:00,2026-08-10 22:20:44.506000+00:00,555.494,single,True,False,2026-08-10T22:31:16.554Z,,-0.29,0.2,,-0.2,2026-08-11,6,04-08
btc-updown-5m-1786401300,2026-08-10 22:35:00+00:00,2026-08-10 22:28:27.577000+00:00,392.423,none,False,False,,,0.0,,,0.0,2026-08-11,6,04-08
btc-updown-5m-1786401600,2026-08-10 22:40:00+00:00,2026-08-10 22:31:16.299000+00:00,523.701,single,False,True,,2026-08-10T22:40:57.964Z,-0.29,,0.21,-0.21,2026-08-11,6,04-08
btc-updown-5m-1786401900,2026-08-10 22:45:00+00:00,2026-08-10 22:37:20.979000+00:00,459.021,none,False,False,,,0.0,,,0.0,2026-08-11,6,04-08
btc-updown-5m-1786402200,2026-08-10 22:50:00+00:00,2026-08-10 22:40:17.625000+00:00,582.375,single,False,True,,2026-08-10T22:54:39.755Z,-0.29,,0.29,-0.29,2026-08-11,6,04-08
btc-updown-5m-1786402500,2026-08-10 22:55:00+00:00,2026-08-10 22:50:11.286000+00:00,288.714,single,False,True,,2026-08-10T22:57:02.475Z,-0.29,,0.29,-0.29,2026-08-11,6,04-08
btc-updown-5m-1786402800,2026-08-10 23:00:00+00:00,2026-08-10 22:50:11.381000+00:00,588.619,single,False,True,,2026-08-10T23:04:24.366Z,-0.29,,0.29,-0.29,2026-08-11,6,04-08
btc-updown-5m-1786403100,2026-08-10 23:05:00+00:00,2026-08-10 22:55:45.207000+00:00,554.793,single,True,False,2026-08-10T23:06:51.800Z,,-0.29,0.23,,-0.23,2026-08-11,7,04-08
btc-updown-5m-1786403400,2026-08-10 23:10:00+00:00,2026-08-10 23:02:44.094000+00:00,435.906,none,False,False,,,0.0,,,0.0,2026-08-11,7,04-08
btc-updown-5m-1786403700,2026-08-10 23:15:00+00:00,2026-08-10 23:05:09.547000+00:00,590.453,single,False,True,,2026-08-10T23:16:17.123Z,-0.29,,0.25,-0.25,2026-08-11,7,04-08
btc-updown-5m-1786404000,2026-08-10 23:20:00+00:00,2026-08-10 23:14:29.768000+00:00,330.232,single,True,False,2026-08-10T23:23:38.187Z,,-0.29,0.02,,-0.02,2026-08-11,7,04-08
btc-updown-5m-1786404300,2026-08-10 23:25:00+00:00,2026-08-10 23:15:11.177000+00:00,588.823,none,False,False,,,0.0,,,0.0,2026-08-11,7,04-08
btc-updown-5m-1786404600,2026-08-10 23:30:00+00:00,2026-08-10 23:23:24.704000+00:00,395.296,single,True,False,2026-08-10T23:31:09.704Z,,-0.29,0.27,,-0.27,2026-08-11,7,04-08
btc-updown-5m-1786404900,2026-08-10 23:35:00+00:00,2026-08-10 23:27:57.547000+00:00,422.453,single,True,False,2026-08-10T23:35:40.077Z,,-0.29,0.29,,-0.29,2026-08-11,7,04-08
btc-updown-5m-1786405200,2026-08-10 23:40:00+00:00,2026-08-10 23:30:31.339000+00:00,568.661,single,False,True,,2026-08-10T23:43:27.465Z,-0.29,,0.04,-0.04,2026-08-11,7,04-08
btc-updown-5m-1786405500,2026-08-10 23:45:00+00:00,2026-08-10 23:37:58.396000+00:00,421.604,none,False,False,,,0.0,,,0.0,2026-08-11,7,04-08
btc-updown-5m-1786405800,2026-08-10 23:50:00+00:00,2026-08-10 23:43:21.585000+00:00,398.415,single,False,True,,2026-08-10T23:51:04.614Z,-0.29,,0.27,-0.27,2026-08-11,7,04-08
btc-updown-5m-1786406100,2026-08-10 23:55:00+00:00,2026-08-10 23:48:32.108000+00:00,387.892,single,False,True,,2026-08-10T23:59:40.746Z,-0.29,,0.01,-0.01,2026-08-11,7,04-08
btc-updown-5m-1786406400,2026-08-11 00:00:00+00:00,2026-08-10 23:50:20.327000+00:00,579.673,single,True,False,2026-08-11T00:00:36.298Z,,-0.29,0.18,,-0.18,2026-08-11,7,04-08
btc-updown-5m-1786406700,2026-08-11 00:05:00+00:00,2026-08-10 23:59:32.860000+00:00,327.14,none,False,False,,,0.0,,,0.0,2026-08-11,8,08-12
btc-updown-5m-1786407000,2026-08-11 00:10:00+00:00,2026-08-11 00:01:19.193000+00:00,520.807,single,False,True,,2026-08-11T00:12:28.973Z,-0.29,,0.27,-0.27,2026-08-11,8,08-12
btc-updown-5m-1786407300,2026-08-11 00:15:00+00:00,2026-08-11 00:10:03.319000+00:00,296.681,none,False,False,,,0.0,,,0.0,2026-08-11,8,08-12
btc-updown-5m-1786407600,2026-08-11 00:20:00+00:00,2026-08-11 00:10:26.022000+00:00,573.978,single,False,True,,2026-08-11T00:22:16.672Z,-0.29,,0.07,-0.07,2026-08-11,8,08-12
btc-updown-5m-1786407900,2026-08-11 00:25:00+00:00,2026-08-11 00:20:07.427000+00:00,292.573,single,False,True,,2026-08-11T00:28:29.523Z,-0.29,,0.23,-0.23,2026-08-11,8,08-12
btc-updown-5m-1786408200,2026-08-11 00:30:00+00:00,2026-08-11 00:22:12.499000+00:00,467.501,single,False,True,,2026-08-11T00:30:57.834Z,-0.29,,0.29,-0.29,2026-08-11,8,08-12
btc-updown-5m-1786408500,2026-08-11 00:35:00+00:00,2026-08-11 00:28:22.826000+00:00,397.174,single,True,False,2026-08-11T00:38:48.219Z,,-0.29,0.07,,-0.07,2026-08-11,8,08-12
btc-updown-5m-1786408800,2026-08-11 00:40:00+00:00,2026-08-11 00:33:17.826000+00:00,402.174,single,True,False,2026-08-11T00:44:19.092Z,,-0.29,0.05,,-0.05,2026-08-11,8,08-12
btc-updown-5m-1786409100,2026-08-11 00:45:00+00:00,2026-08-11 00:35:11.938000+00:00,588.062,single,False,True,,2026-08-11T00:46:20.876Z,-0.29,,0.18,-0.18,2026-08-11,8,08-12
btc-updown-5m-1786409400,2026-08-11 00:50:00+00:00,2026-08-11 00:44:13.509000+00:00,346.491,none,False,False,,,0.0,,,0.0,2026-08-11,8,08-12
btc-updown-5m-1786409700,2026-08-11 00:55:00+00:00,2026-08-11 00:46:12.843000+00:00,527.157,single,False,True,,2026-08-11T00:57:49.394Z,-0.29,,0.29,-0.29,2026-08-11,8,08-12
btc-updown-5m-1786410000,2026-08-11 01:00:00+00:00,2026-08-11 00:54:05.018000+00:00,354.982,none,False,False,,,0.0,,,0.0,2026-08-11,8,08-12
btc-updown-5m-1786410300,2026-08-11 01:05:00+00:00,2026-08-11 00:56:25.478000+00:00,514.522,single,True,False,2026-08-11T01:07:25.318Z,,-0.29,0.29,,-0.29,2026-08-11,9,08-12
btc-updown-5m-1786410600,2026-08-11 01:10:00+00:00,2026-08-11 01:04:25.804000+00:00,334.196,single,False,True,,2026-08-11T01:12:30.989Z,-0.29,,0.29,-0.29,2026-08-11,9,08-12
btc-updown-5m-1786410900,2026-08-11 01:15:00+00:00,2026-08-11 01:05:38.992000+00:00,561.008,single,True,False,2026-08-11T01:16:01.129Z,,-0.29,0.22,,-0.22,2026-08-11,9,08-12
btc-updown-5m-1786411200,2026-08-11 01:20:00+00:00,2026-08-11 01:14:19.599000+00:00,340.401,single,False,True,,2026-08-11T01:23:19.658Z,-0.29,,0.29,-0.29,2026-08-11,9,08-12
btc-updown-5m-1786411500,2026-08-11 01:25:00+00:00,2026-08-11 01:15:22.693000+00:00,577.307,paired,True,True,2026-08-11T01:26:10.816Z,2026-08-11T01:29:11.943Z,0.42,0.27,0.27,0.45999999999999996,2026-08-11,9,08-12
btc-updown-5m-1786411800,2026-08-11 01:30:00+00:00,2026-08-11 01:22:50.059000+00:00,429.941,single,True,False,2026-08-11T01:33:20.475Z,,-0.29,0.11,,-0.11,2026-08-11,9,08-12
btc-updown-5m-1786412100,2026-08-11 01:35:00+00:00,2026-08-11 01:25:21.287000+00:00,578.713,none,False,False,,,0.0,,,0.0,2026-08-11,9,08-12
btc-updown-5m-1786412400,2026-08-11 01:40:00+00:00,2026-08-11 01:33:15.443000+00:00,404.557,single,True,False,2026-08-11T01:40:16.099Z,,-0.29,0.29,,-0.29,2026-08-11,9,08-12
btc-updown-5m-1786412700,2026-08-11 01:45:00+00:00,2026-08-11 01:38:02.737000+00:00,417.263,none,False,False,,,0.0,,,0.0,2026-08-11,9,08-12
btc-updown-5m-1786413000,2026-08-11 01:50:00+00:00,2026-08-11 01:40:10.580000+00:00,589.42,single,False,True,,2026-08-11T01:51:12.963Z,-0.29,,0.13,-0.13,2026-08-11,9,08-12
btc-updown-5m-1786413300,2026-08-11 01:55:00+00:00,2026-08-11 01:50:01.493000+00:00,298.507,single,False,True,,2026-08-11T01:58:24.282Z,-0.29,,0.29,-0.29,2026-08-11,9,08-12
btc-updown-5m-1786413600,2026-08-11 02:00:00+00:00,2026-08-11 01:50:32.034000+00:00,567.966,none,False,False,,,0.0,,,0.0,2026-08-11,9,08-12
btc-updown-5m-1786413900,2026-08-11 02:05:00+00:00,2026-08-11 01:56:52.005000+00:00,487.995,paired,True,True,2026-08-11T02:07:22.282Z,2026-08-11T02:06:23.441Z,0.42,0.13,0.28,0.59,2026-08-11,10,08-12
btc-updown-5m-1786414200,2026-08-11 02:10:00+00:00,2026-08-11 02:05:06.804000+00:00,293.196,single,True,False,2026-08-11T02:14:24.112Z,,-0.29,0.01,,-0.01,2026-08-11,10,08-12
btc-updown-5m-1786414500,2026-08-11 02:15:00+00:00,2026-08-11 02:06:23.191000+00:00,516.809,single,False,True,,2026-08-11T02:18:31.371Z,-0.29,,0.29,-0.29,2026-08-11,10,08-12
btc-updown-5m-1786414800,2026-08-11 02:20:00+00:00,2026-08-11 02:13:03.114000+00:00,416.886,none,False,False,,,0.0,,,0.0,2026-08-11,10,08-12
btc-updown-5m-1786415100,2026-08-11 02:25:00+00:00,2026-08-11 02:18:37.649000+00:00,382.351,single,True,False,2026-08-11T02:27:39.874Z,,-0.29,0.29,,-0.29,2026-08-11,10,08-12
btc-updown-5m-1786415400,2026-08-11 02:30:00+00:00,2026-08-11 02:24:29.216000+00:00,330.784,single,True,False,2026-08-11T02:34:55.516Z,,-0.29,0.01,,-0.01,2026-08-11,10,08-12
btc-updown-5m-1786415700,2026-08-11 02:35:00+00:00,2026-08-11 02:26:43.582000+00:00,496.418,single,True,False,2026-08-11T02:36:45.731Z,,-0.29,0.28,,-0.28,2026-08-11,10,08-12
btc-updown-5m-1786416000,2026-08-11 02:40:00+00:00,2026-08-11 02:34:02.931000+00:00,357.069,none,False,False,,,0.0,,,0.0,2026-08-11,10,08-12
btc-updown-5m-1786416300,2026-08-11 02:45:00+00:00,2026-08-11 02:35:41.513000+00:00,558.487,single,False,True,,2026-08-11T02:45:22.325Z,-0.29,,0.17,-0.17,2026-08-11,10,08-12
btc-updown-5m-1786416600,2026-08-11 02:50:00+00:00,2026-08-11 02:44:24.500000+00:00,335.5,single,True,False,2026-08-11T02:52:28.668Z,,-0.29,0.29,,-0.29,2026-08-11,10,08-12
btc-updown-5m-1786416900,2026-08-11 02:55:00+00:00,2026-08-11 02:45:16.160000+00:00,583.84,single,False,True,,2026-08-11T02:55:35.171Z,-0.29,,0.29,-0.29,2026-08-11,10,08-12
btc-updown-5m-1786417200,2026-08-11 03:00:00+00:00,2026-08-11 02:50:24.074000+00:00,575.926,single,False,True,,2026-08-11T03:03:27.397Z,-0.29,,0.03,-0.03,2026-08-11,10,08-12
btc-updown-5m-1786417500,2026-08-11 03:05:00+00:00,2026-08-11 02:57:43.365000+00:00,436.635,paired,True,True,2026-08-11T03:06:47.737Z,2026-08-11T03:09:26.767Z,0.42,0.12,0.29,0.5900000000000001,2026-08-11,11,08-12
btc-updown-5m-1786417800,2026-08-11 03:10:00+00:00,2026-08-11 03:00:21.582000+00:00,578.418,single,False,True,,2026-08-11T03:14:34.990Z,-0.29,,0.29,-0.29,2026-08-11,11,08-12
btc-updown-5m-1786418100,2026-08-11 03:15:00+00:00,2026-08-11 03:06:43.279000+00:00,496.721,none,False,False,,,0.0,,,0.0,2026-08-11,11,08-12
btc-updown-5m-1786418400,2026-08-11 03:20:00+00:00,2026-08-11 03:13:07.156000+00:00,412.844,paired,True,True,2026-08-11T03:21:41.995Z,2026-08-11T03:22:23.909Z,0.42,0.2,0.28,0.52,2026-08-11,11,08-12
btc-updown-5m-1786418700,2026-08-11 03:25:00+00:00,2026-08-11 03:15:23.267000+00:00,576.733,single,False,True,,2026-08-11T03:29:29.151Z,-0.29,,0.29,-0.29,2026-08-11,11,08-12
btc-updown-5m-1786419000,2026-08-11 03:30:00+00:00,2026-08-11 03:20:28.917000+00:00,571.083,single,True,False,2026-08-11T03:33:27.847Z,,-0.29,0.29,,-0.29,2026-08-11,11,08-12
btc-updown-5m-1786419300,2026-08-11 03:35:00+00:00,2026-08-11 03:27:15.622000+00:00,464.378,none,False,False,,,0.0,,,0.0,2026-08-11,11,08-12
btc-updown-5m-1786419600,2026-08-11 03:40:00+00:00,2026-08-11 03:30:30.692000+00:00,569.308,paired,True,True,2026-08-11T03:43:38.859Z,2026-08-11T03:40:10.642Z,0.42,0.12,0.26,0.62,2026-08-11,11,08-12
btc-updown-5m-1786419900,2026-08-11 03:45:00+00:00,2026-08-11 03:39:55.095000+00:00,304.905,single,True,False,2026-08-11T03:48:53.089Z,,-0.29,0.18,,-0.18,2026-08-11,11,08-12
btc-updown-5m-1786420200,2026-08-11 03:50:00+00:00,2026-08-11 03:42:15.259000+00:00,464.741,single,True,False,2026-08-11T03:52:07.744Z,,-0.29,0.18,,-0.18,2026-08-11,11,08-12
btc-updown-5m-1786420500,2026-08-11 03:55:00+00:00,2026-08-11 03:48:39.025000+00:00,380.975,none,False,False,,,0.0,,,0.0,2026-08-11,11,08-12
btc-updown-5m-1786420800,2026-08-11 04:00:00+00:00,2026-08-11 03:51:48.095000+00:00,491.905,single,True,False,2026-08-11T04:03:42.606Z,,-0.29,0.27,,-0.27,2026-08-11,11,08-12
btc-updown-5m-1786421100,2026-08-11 04:05:00+00:00,2026-08-11 03:56:45.812000+00:00,494.188,none,False,False,,,0.0,,,0.0,2026-08-11,12,12-16
btc-updown-5m-1786421400,2026-08-11 04:10:00+00:00,2026-08-11 04:00:25.287000+00:00,574.713,single,True,False,2026-08-11T04:14:09.510Z,,-0.29,0.29,,-0.29,2026-08-11,12,12-16
btc-updown-5m-1786421700,2026-08-11 04:15:00+00:00,2026-08-11 04:08:10.444000+00:00,409.556,single,True,False,2026-08-11T04:19:03.659Z,,-0.29,0.09,,-0.09,2026-08-11,12,12-16
btc-updown-5m-1786422000,2026-08-11 04:20:00+00:00,2026-08-11 04:10:22.006000+00:00,577.994,single,True,False,2026-08-11T04:24:57.778Z,,-0.29,0.01,,-0.01,2026-08-11,12,12-16
btc-updown-5m-1786422300,2026-08-11 04:25:00+00:00,2026-08-11 04:17:02.554000+00:00,477.446,none,False,False,,,0.0,,,0.0,2026-08-11,12,12-16
btc-updown-5m-1786422600,2026-08-11 04:30:00+00:00,2026-08-11 04:22:46.928000+00:00,433.072,paired,True,True,2026-08-11T04:34:34.591Z,2026-08-11T04:33:01.225Z,0.42,0.22,0.23,0.55,2026-08-11,12,12-16
btc-updown-5m-1786422900,2026-08-11 04:35:00+00:00,2026-08-11 04:28:31.727000+00:00,388.273,none,False,False,,,0.0,,,0.0,2026-08-11,12,12-16
btc-updown-5m-1786423200,2026-08-11 04:40:00+00:00,2026-08-11 04:30:32.662000+00:00,567.338,single,True,False,2026-08-11T04:44:02.825Z,,-0.29,0.19,,-0.19,2026-08-11,12,12-16
btc-updown-5m-1786423500,2026-08-11 04:45:00+00:00,2026-08-11 04:36:58.229000+00:00,481.771,single,False,True,,2026-08-11T04:49:19.802Z,-0.29,,0.29,-0.29,2026-08-11,12,12-16
btc-updown-5m-1786423800,2026-08-11 04:50:00+00:00,2026-08-11 04:40:30.828000+00:00,569.172,single,True,False,2026-08-11T04:51:16.760Z,,-0.29,0.14,,-0.14,2026-08-11,12,12-16
btc-updown-5m-1786424100,2026-08-11 04:55:00+00:00,2026-08-11 04:50:06.763000+00:00,293.237,single,True,False,2026-08-11T04:58:32.223Z,,-0.29,0.29,,-0.29,2026-08-11,12,12-16
btc-updown-5m-1786424400,2026-08-11 05:00:00+00:00,2026-08-11 04:50:12.579000+00:00,587.421,paired,True,True,2026-08-11T05:04:08.086Z,2026-08-11T05:04:58.500Z,0.42,0.29,0.01,0.7,2026-08-11,12,12-16
btc-updown-5m-1786424700,2026-08-11 05:05:00+00:00,2026-08-11 04:56:45.071000+00:00,494.929,single,False,True,,2026-08-11T05:07:53.691Z,-0.29,,0.27,-0.27,2026-08-11,13,12-16
btc-updown-5m-1786425000,2026-08-11 05:10:00+00:00,2026-08-11 05:04:52.231000+00:00,307.769,single,False,True,,2026-08-11T05:14:43.962Z,-0.29,,0.29,-0.29,2026-08-11,13,12-16
btc-updown-5m-1786425300,2026-08-11 05:15:00+00:00,2026-08-11 05:05:34.610000+00:00,565.39,single,True,False,2026-08-11T05:19:58.746Z,,-0.29,0.01,,-0.01,2026-08-11,13,12-16
btc-updown-5m-1786425600,2026-08-11 05:20:00+00:00,2026-08-11 05:13:45.752000+00:00,374.248,single,True,False,2026-08-11T05:21:41.881Z,,-0.29,0.06,,-0.06,2026-08-11,13,12-16
btc-updown-5m-1786425900,2026-08-11 05:25:00+00:00,2026-08-11 05:15:10.715000+00:00,589.285,none,False,False,,,0.0,,,0.0,2026-08-11,13,12-16
btc-updown-5m-1786426200,2026-08-11 05:30:00+00:00,2026-08-11 05:21:36.455000+00:00,503.545,none,False,False,,,0.0,,,0.0,2026-08-11,13,12-16
btc-updown-5m-1786426500,2026-08-11 05:35:00+00:00,2026-08-11 05:29:52.577000+00:00,307.423,single,False,True,,2026-08-11T05:35:20.218Z,-0.29,,0.2,-0.2,2026-08-11,13,12-16
btc-updown-5m-1786426800,2026-08-11 05:40:00+00:00,2026-08-11 05:30:18.386000+00:00,581.614,none,False,False,,,0.0,,,0.0,2026-08-11,13,12-16
btc-updown-5m-1786427100,2026-08-11 05:45:00+00:00,2026-08-11 05:36:55.318000+00:00,484.682,single,False,True,,2026-08-11T05:45:58.350Z,-0.29,,0.26,-0.26,2026-08-11,13,12-16
btc-updown-5m-1786427400,2026-08-11 05:50:00+00:00,2026-08-11 05:44:06.730000+00:00,353.27,single,True,False,2026-08-11T05:53:04.557Z,,-0.29,0.15,,-0.15,2026-08-11,13,12-16
btc-updown-5m-1786427700,2026-08-11 05:55:00+00:00,2026-08-11 05:45:12.612000+00:00,587.388,none,False,False,,,0.0,,,0.0,2026-08-11,13,12-16
btc-updown-5m-1786428000,2026-08-11 06:00:00+00:00,2026-08-11 05:51:42.919000+00:00,497.081,paired,True,True,2026-08-11T06:02:52.734Z,2026-08-11T06:04:08.802Z,0.42,0.06,0.23,0.71,2026-08-11,13,12-16
btc-updown-5m-1786428300,2026-08-11 06:05:00+00:00,2026-08-11 06:00:01.062000+00:00,298.938,single,False,True,,2026-08-11T06:06:52.439Z,-0.29,,0.19,-0.19,2026-08-11,14,12-16
btc-updown-5m-1786428600,2026-08-11 06:10:00+00:00,2026-08-11 06:01:22.022000+00:00,517.978,none,False,False,,,0.0,,,0.0,2026-08-11,14,12-16
btc-updown-5m-1786428900,2026-08-11 06:15:00+00:00,2026-08-11 06:05:33.996000+00:00,566.004,single,True,False,2026-08-11T06:16:48.439Z,,-0.29,0.18,,-0.18,2026-08-11,14,12-16
btc-updown-5m-1786429200,2026-08-11 06:20:00+00:00,2026-08-11 06:14:37.975000+00:00,322.025,single,True,False,2026-08-11T06:21:25.962Z,,-0.29,0.29,,-0.29,2026-08-11,14,12-16
btc-updown-5m-1786429500,2026-08-11 06:25:00+00:00,2026-08-11 06:15:15.580000+00:00,584.42,single,True,False,2026-08-11T06:29:18.050Z,,-0.29,0.29,,-0.29,2026-08-11,14,12-16
btc-updown-5m-1786429800,2026-08-11 06:30:00+00:00,2026-08-11 06:23:50.949000+00:00,369.051,single,True,False,2026-08-11T06:32:25.195Z,,-0.29,0.11,,-0.11,2026-08-11,14,12-16
btc-updown-5m-1786430100,2026-08-11 06:35:00+00:00,2026-08-11 06:29:21.181000+00:00,338.819,single,False,True,,2026-08-11T06:39:52.579Z,-0.29,,0.29,-0.29,2026-08-11,14,12-16
btc-updown-5m-1786430400,2026-08-11 06:40:00+00:00,2026-08-11 06:30:19.502000+00:00,580.498,single,True,False,2026-08-11T06:42:21.508Z,,-0.29,0.27,,-0.27,2026-08-11,14,12-16
btc-updown-5m-1786430700,2026-08-11 06:45:00+00:00,2026-08-11 06:40:08.167000+00:00,291.833,none,False,False,,,0.0,,,0.0,2026-08-11,14,12-16
btc-updown-5m-1786431000,2026-08-11 06:50:00+00:00,2026-08-11 06:40:35.262000+00:00,564.738,single,True,False,2026-08-11T06:52:43.708Z,,-0.29,0.05,,-0.05,2026-08-11,14,12-16
btc-updown-5m-1786431300,2026-08-11 06:55:00+00:00,2026-08-11 06:50:03.060000+00:00,296.94,single,False,True,,2026-08-11T06:59:51.687Z,-0.29,,0.29,-0.29,2026-08-11,14,12-16
btc-updown-5m-1786431600,2026-08-11 07:00:00+00:00,2026-08-11 06:50:35.851000+00:00,564.149,single,False,True,,2026-08-11T07:02:38.598Z,-0.29,,0.07,-0.07,2026-08-11,14,12-16
btc-updown-5m-1786431900,2026-08-11 07:05:00+00:00,2026-08-11 06:59:57.047000+00:00,302.953,single,False,True,,2026-08-11T07:07:09.954Z,-0.29,,0.29,-0.29,2026-08-11,15,12-16
btc-updown-5m-1786432200,2026-08-11 07:10:00+00:00,2026-08-11 07:02:32.329000+00:00,447.671,single,True,False,2026-08-11T07:11:47.681Z,,-0.29,0.29,,-0.29,2026-08-11,15,12-16
btc-updown-5m-1786432500,2026-08-11 07:15:00+00:00,2026-08-11 07:10:03.440000+00:00,296.56,single,True,False,2026-08-11T07:17:54.192Z,,-0.29,0.29,,-0.29,2026-08-11,15,12-16
btc-updown-5m-1786432800,2026-08-11 07:20:00+00:00,2026-08-11 07:10:30.848000+00:00,569.152,single,True,False,2026-08-11T07:22:30.766Z,,-0.29,0.29,,-0.29,2026-08-11,15,12-16
btc-updown-5m-1786433100,2026-08-11 07:25:00+00:00,2026-08-11 07:19:53.464000+00:00,306.536,none,False,False,,,0.0,,,0.0,2026-08-11,15,12-16
btc-updown-5m-1786433400,2026-08-11 07:30:00+00:00,2026-08-11 07:22:39.271000+00:00,440.729,single,False,True,,2026-08-11T07:30:31.063Z,-0.29,,0.2,-0.2,2026-08-11,15,12-16
btc-updown-5m-1786433700,2026-08-11 07:35:00+00:00,2026-08-11 07:29:33.535000+00:00,326.465,single,False,True,,2026-08-11T07:39:07.915Z,-0.29,,0.29,-0.29,2026-08-11,15,12-16
btc-updown-5m-1786434000,2026-08-11 07:40:00+00:00,2026-08-11 07:30:17.466000+00:00,582.534,single,True,False,2026-08-11T07:41:39.177Z,,-0.29,0.27,,-0.27,2026-08-11,15,12-16
btc-updown-5m-1786434300,2026-08-11 07:45:00+00:00,2026-08-11 07:39:43.396000+00:00,316.604,none,False,False,,,0.0,,,0.0,2026-08-11,15,12-16
btc-updown-5m-1786434600,2026-08-11 07:50:00+00:00,2026-08-11 07:41:36.686000+00:00,503.314,paired,True,True,2026-08-11T07:54:21.756Z,2026-08-11T07:52:19.059Z,0.42,0.16,0.12,0.72,2026-08-11,15,12-16
btc-updown-5m-1786434900,2026-08-11 07:55:00+00:00,2026-08-11 07:50:00.382000+00:00,299.618,single,True,False,2026-08-11T07:56:59.268Z,,-0.29,0.29,,-0.29,2026-08-11,15,12-16
btc-updown-5m-1786435200,2026-08-11 08:00:00+00:00,2026-08-11 07:50:13.376000+00:00,586.624,single,False,True,,2026-08-11T08:00:19.758Z,-0.29,,0.25,-0.25,2026-08-11,15,12-16
btc-updown-5m-1786435500,2026-08-11 08:05:00+00:00,2026-08-11 08:00:07.228000+00:00,292.772,none,False,False,,,0.0,,,0.0,2026-08-11,16,16-20
btc-updown-5m-1786435800,2026-08-11 08:10:00+00:00,2026-08-11 08:00:19.634000+00:00,580.366,single,True,False,2026-08-11T08:13:53.966Z,,-0.29,0.02,,-0.02,2026-08-11,16,16-20
btc-updown-5m-1786436100,2026-08-11 08:15:00+00:00,2026-08-11 08:07:59.150000+00:00,420.85,none,False,False,,,0.0,,,0.0,2026-08-11,16,16-20
btc-updown-5m-1786436400,2026-08-11 08:20:00+00:00,2026-08-11 08:10:35.060000+00:00,564.94,single,False,True,,2026-08-11T08:20:20.401Z,-0.29,,0.28,-0.28,2026-08-11,16,16-20
btc-updown-5m-1786436700,2026-08-11 08:25:00+00:00,2026-08-11 08:20:11.805000+00:00,288.195,single,True,False,2026-08-11T08:29:02.747Z,,-0.29,0.29,,-0.29,2026-08-11,16,16-20
btc-updown-5m-1786437000,2026-08-11 08:30:00+00:00,2026-08-11 08:20:11.864000+00:00,588.136,none,False,False,,,0.0,,,0.0,2026-08-11,16,16-20
btc-updown-5m-1786437300,2026-08-11 08:35:00+00:00,2026-08-11 08:27:15.100000+00:00,464.9,single,False,True,,2026-08-11T08:36:18.530Z,-0.29,,0.2,-0.2,2026-08-11,16,16-20
btc-updown-5m-1786437600,2026-08-11 08:40:00+00:00,2026-08-11 08:35:03.329000+00:00,296.671,none,False,False,,,0.0,,,0.0,2026-08-11,16,16-20
btc-updown-5m-1786437900,2026-08-11 08:45:00+00:00,2026-08-11 08:35:06.755000+00:00,593.245,single,True,False,2026-08-11T08:48:07.761Z,,-0.29,0.04,,-0.04,2026-08-11,16,16-20
btc-updown-5m-1786438200,2026-08-11 08:50:00+00:00,2026-08-11 08:45:05.802000+00:00,294.198,single,False,True,,2026-08-11T08:54:34.895Z,-0.29,,0.01,-0.01,2026-08-11,16,16-20
btc-updown-5m-1786438500,2026-08-11 08:55:00+00:00,2026-08-11 08:45:17.571000+00:00,582.429,single,True,False,2026-08-11T08:58:46.853Z,,-0.29,0.08,,-0.08,2026-08-11,16,16-20
btc-updown-5m-1786438800,2026-08-11 09:00:00+00:00,2026-08-11 08:54:17.601000+00:00,342.399,none,False,False,,,0.0,,,0.0,2026-08-11,16,16-20
btc-updown-5m-1786439100,2026-08-11 09:05:00+00:00,2026-08-11 08:56:57.230000+00:00,482.77,single,False,True,,2026-08-11T09:05:19.639Z,-0.29,,0.21,-0.21,2026-08-11,17,16-20
btc-updown-5m-1786439400,2026-08-11 09:10:00+00:00,2026-08-11 09:05:14.088000+00:00,285.912,single,True,False,2026-08-11T09:11:58.052Z,,-0.29,0.29,,-0.29,2026-08-11,17,16-20
btc-updown-5m-1786439700,2026-08-11 09:15:00+00:00,2026-08-11 09:05:14.191000+00:00,585.809,none,False,False,,,0.0,,,0.0,2026-08-11,17,16-20
btc-updown-5m-1786440000,2026-08-11 09:20:00+00:00,2026-08-11 09:10:26.802000+00:00,573.198,single,False,True,,2026-08-11T09:22:26.723Z,-0.29,,0.29,-0.29,2026-08-11,17,16-20
btc-updown-5m-1786440300,2026-08-11 09:25:00+00:00,2026-08-11 09:20:08.713000+00:00,291.287,single,True,False,2026-08-11T09:29:45.274Z,,-0.29,0.03,,-0.03,2026-08-11,17,16-20
btc-updown-5m-1786440600,2026-08-11 09:30:00+00:00,2026-08-11 09:20:08.867000+00:00,591.133,paired,True,True,2026-08-11T09:34:55.792Z,2026-08-11T09:30:40.453Z,0.42,0.01,0.12,0.87,2026-08-11,17,16-20
btc-updown-5m-1786440900,2026-08-11 09:35:00+00:00,2026-08-11 09:27:53.709000+00:00,426.291,single,True,False,2026-08-11T09:39:45.156Z,,-0.29,0.29,,-0.29,2026-08-11,17,16-20
btc-updown-5m-1786441200,2026-08-11 09:40:00+00:00,2026-08-11 09:30:31.612000+00:00,568.388,single,False,True,,2026-08-11T09:44:37.880Z,-0.29,,0.01,-0.01,2026-08-11,17,16-20
btc-updown-5m-1786441500,2026-08-11 09:45:00+00:00,2026-08-11 09:35:40.883000+00:00,559.117,none,False,False,,,0.0,,,0.0,2026-08-11,17,16-20
btc-updown-5m-1786441800,2026-08-11 09:50:00+00:00,2026-08-11 09:44:09.122000+00:00,350.878,single,True,False,2026-08-11T09:53:46.621Z,,-0.29,0.05,,-0.05,2026-08-11,17,16-20
btc-updown-5m-1786442100,2026-08-11 09:55:00+00:00,2026-08-11 09:50:09.740000+00:00,290.26,single,False,True,,2026-08-11T09:58:49.109Z,-0.29,,0.29,-0.29,2026-08-11,17,16-20
btc-updown-5m-1786442400,2026-08-11 10:00:00+00:00,2026-08-11 09:50:20.586000+00:00,579.414,paired,True,True,2026-08-11T10:01:07.849Z,2026-08-11T10:03:21.714Z,0.42,0.28,0.29,0.43,2026-08-11,17,16-20
btc-updown-5m-1786442700,2026-08-11 10:05:00+00:00,2026-08-11 10:00:16.512000+00:00,283.488,single,True,False,2026-08-11T10:07:41.079Z,,-0.29,0.29,,-0.29,2026-08-11,18,16-20
btc-updown-5m-1786443000,2026-08-11 10:10:00+00:00,2026-08-11 10:00:21.073000+00:00,578.927,none,False,False,,,0.0,,,0.0,2026-08-11,18,16-20
btc-updown-5m-1786443300,2026-08-11 10:15:00+00:00,2026-08-11 10:08:29.662000+00:00,390.338,single,True,False,2026-08-11T10:16:04.092Z,,-0.29,0.28,,-0.28,2026-08-11,18,16-20
btc-updown-5m-1786443600,2026-08-11 10:20:00+00:00,2026-08-11 10:15:16.675000+00:00,283.325,single,False,True,,2026-08-11T10:24:42.863Z,-0.29,,0.05,-0.05,2026-08-11,18,16-20
btc-updown-5m-1786443900,2026-08-11 10:25:00+00:00,2026-08-11 10:15:47.166000+00:00,552.834,none,False,False,,,0.0,,,0.0,2026-08-11,18,16-20
btc-updown-5m-1786444200,2026-08-11 10:30:00+00:00,2026-08-11 10:22:10.625000+00:00,469.375,single,True,False,2026-08-11T10:31:30.885Z,,-0.29,0.13,,-0.13,2026-08-11,18,16-20
btc-updown-5m-1786444500,2026-08-11 10:35:00+00:00,2026-08-11 10:30:07.513000+00:00,292.487,none,False,False,,,0.0,,,0.0,2026-08-11,18,16-20
btc-updown-5m-1786444800,2026-08-11 10:40:00+00:00,2026-08-11 10:31:17.764000+00:00,522.236,single,False,True,,2026-08-11T10:41:32.907Z,-0.29,,0.29,-0.29,2026-08-11,18,16-20
btc-updown-5m-1786445100,2026-08-11 10:45:00+00:00,2026-08-11 10:39:17.468000+00:00,342.532,none,False,False,,,0.0,,,0.0,2026-08-11,18,16-20
btc-updown-5m-1786445400,2026-08-11 10:50:00+00:00,2026-08-11 10:40:44.211000+00:00,555.789,single,False,True,,2026-08-11T10:51:21.195Z,-0.29,,0.11,-0.11,2026-08-11,18,16-20
btc-updown-5m-1786445700,2026-08-11 10:55:00+00:00,2026-08-11 10:50:03.572000+00:00,296.428,single,True,False,2026-08-11T10:57:51.133Z,,-0.29,0.29,,-0.29,2026-08-11,18,16-20
btc-updown-5m-1786446000,2026-08-11 11:00:00+00:00,2026-08-11 10:51:10.851000+00:00,529.149,single,False,True,,2026-08-11T11:00:31.710Z,-0.29,,0.1,-0.1,2026-08-11,18,16-20
btc-updown-5m-1786446300,2026-08-11 11:05:00+00:00,2026-08-11 10:59:47.854000+00:00,312.146,single,True,False,2026-08-11T11:07:39.973Z,,-0.29,0.08,,-0.08,2026-08-11,19,16-20
btc-updown-5m-1786446600,2026-08-11 11:10:00+00:00,2026-08-11 11:00:23.495000+00:00,576.505,single,False,True,,2026-08-11T11:14:54.090Z,-0.29,,0.29,-0.29,2026-08-11,19,16-20
btc-updown-5m-1786446900,2026-08-11 11:15:00+00:00,2026-08-11 11:07:22.223000+00:00,457.777,single,True,False,2026-08-11T11:16:12.029Z,,-0.29,0.29,,-0.29,2026-08-11,19,16-20
btc-updown-5m-1786447200,2026-08-11 11:20:00+00:00,2026-08-11 11:15:12.973000+00:00,287.027,single,False,True,,2026-08-11T11:22:09.713Z,-0.29,,0.17,-0.17,2026-08-11,19,16-20
btc-updown-5m-1786447500,2026-08-11 11:25:00+00:00,2026-08-11 11:15:17.156000+00:00,582.844,single,True,False,2026-08-11T11:29:53.129Z,,-0.29,0.28,,-0.28,2026-08-11,19,16-20
btc-updown-5m-1786447800,2026-08-11 11:30:00+00:00,2026-08-11 11:21:59.952000+00:00,480.048,single,False,True,,2026-08-11T11:32:11.193Z,-0.29,,0.29,-0.29,2026-08-11,19,16-20
btc-updown-5m-1786448100,2026-08-11 11:35:00+00:00,2026-08-11 11:27:58.070000+00:00,421.93,paired,True,True,2026-08-11T11:39:19.560Z,2026-08-11T11:35:46.029Z,0.42,0.29,0.25,0.45999999999999996,2026-08-11,19,16-20
btc-updown-5m-1786448400,2026-08-11 11:40:00+00:00,2026-08-11 11:30:23.365000+00:00,576.635,none,False,False,,,0.0,,,0.0,2026-08-11,19,16-20
btc-updown-5m-1786448700,2026-08-11 11:45:00+00:00,2026-08-11 11:35:31.758000+00:00,568.242,single,True,False,2026-08-11T11:46:42.333Z,,-0.29,0.27,,-0.27,2026-08-11,19,16-20
btc-updown-5m-1786449000,2026-08-11 11:50:00+00:00,2026-08-11 11:45:17.274000+00:00,282.726,none,False,False,,,0.0,,,0.0,2026-08-11,19,16-20
btc-updown-5m-1786449300,2026-08-11 11:55:00+00:00,2026-08-11 11:45:17.302000+00:00,582.698,single,False,True,,2026-08-11T11:56:07.336Z,-0.29,,0.13,-0.13,2026-08-11,19,16-20
btc-updown-5m-1786449600,2026-08-11 12:00:00+00:00,2026-08-11 11:50:22.785000+00:00,577.215,single,False,True,,2026-08-11T12:03:37.814Z,-0.29,,0.26,-0.26,2026-08-11,19,16-20
btc-updown-5m-1786449900,2026-08-11 12:05:00+00:00,2026-08-11 11:55:24.747000+00:00,575.253,single,False,True,,2026-08-11T12:06:24.202Z,-0.29,,0.14,-0.14,2026-08-11,20,20-24
btc-updown-5m-1786450200,2026-08-11 12:10:00+00:00,2026-08-11 12:04:03.532000+00:00,356.468,single,False,True,,2026-08-11T12:12:54.590Z,-0.29,,0.29,-0.29,2026-08-11,20,20-24
btc-updown-5m-1786450500,2026-08-11 12:15:00+00:00,2026-08-11 12:06:19.286000+00:00,520.714,single,True,False,2026-08-11T12:18:10.702Z,,-0.29,0.29,,-0.29,2026-08-11,20,20-24
btc-updown-5m-1786450800,2026-08-11 12:20:00+00:00,2026-08-11 12:14:05.849000+00:00,354.151,single,True,False,2026-08-11T12:23:23.033Z,,-0.29,0.02,,-0.02,2026-08-11,20,20-24
btc-updown-5m-1786451100,2026-08-11 12:25:00+00:00,2026-08-11 12:19:51.201000+00:00,308.799,none,False,False,,,0.0,,,0.0,2026-08-11,20,20-24
btc-updown-5m-1786451400,2026-08-11 12:30:00+00:00,2026-08-11 12:20:20.058000+00:00,579.942,single,False,True,,2026-08-11T12:34:14.335Z,-0.29,,0.29,-0.29,2026-08-11,20,20-24
btc-updown-5m-1786451700,2026-08-11 12:35:00+00:00,2026-08-11 12:30:14.135000+00:00,285.865,single,False,True,,2026-08-11T12:36:56.449Z,-0.29,,0.29,-0.29,2026-08-11,20,20-24
btc-updown-5m-1786452000,2026-08-11 12:40:00+00:00,2026-08-11 12:30:14.419000+00:00,585.581,single,True,False,2026-08-11T12:43:06.000Z,,-0.29,0.02,,-0.02,2026-08-11,20,20-24
btc-updown-5m-1786452300,2026-08-11 12:45:00+00:00,2026-08-11 12:39:47.809000+00:00,312.191,none,False,False,,,0.0,,,0.0,2026-08-11,20,20-24
btc-updown-5m-1786452600,2026-08-11 12:50:00+00:00,2026-08-11 12:42:27.645000+00:00,452.355,single,False,True,,2026-08-11T12:52:53.271Z,-0.29,,0.27,-0.27,2026-08-11,20,20-24
btc-updown-5m-1786452900,2026-08-11 12:55:00+00:00,2026-08-11 12:49:01.262000+00:00,358.738,single,False,True,,2026-08-11T12:59:38.858Z,-0.29,,0.12,-0.12,2026-08-11,20,20-24
btc-updown-5m-1786453200,2026-08-11 13:00:00+00:00,2026-08-11 12:50:20.369000+00:00,579.631,single,True,False,2026-08-11T13:02:47.185Z,,-0.29,0.25,,-0.25,2026-08-11,20,20-24
btc-updown-5m-1786453500,2026-08-11 13:05:00+00:00,2026-08-11 12:59:26.573000+00:00,333.427,single,True,False,2026-08-11T13:06:44.675Z,,-0.29,0.29,,-0.29,2026-08-11,21,20-24
btc-updown-5m-1786453800,2026-08-11 13:10:00+00:00,2026-08-11 13:00:39.085000+00:00,560.915,single,True,False,2026-08-11T13:11:31.427Z,,-0.29,0.18,,-0.18,2026-08-11,21,20-24
btc-updown-5m-1786454100,2026-08-11 13:15:00+00:00,2026-08-11 13:08:39.873000+00:00,380.127,none,False,False,,,0.0,,,0.0,2026-08-11,21,20-24
btc-updown-5m-1786454400,2026-08-11 13:20:00+00:00,2026-08-11 13:11:23.867000+00:00,516.133,single,True,False,2026-08-11T13:22:55.215Z,,-0.29,0.27,,-0.27,2026-08-11,21,20-24
btc-updown-5m-1786454700,2026-08-11 13:25:00+00:00,2026-08-11 13:19:59.830000+00:00,300.17,single,True,False,2026-08-11T13:26:44.995Z,,-0.29,0.29,,-0.29,2026-08-11,21,20-24
btc-updown-5m-1786455000,2026-08-11 13:30:00+00:00,2026-08-11 13:21:16.962000+00:00,523.038,single,True,False,2026-08-11T13:34:48.779Z,,-0.29,0.01,,-0.01,2026-08-11,21,20-24
btc-updown-5m-1786455300,2026-08-11 13:35:00+00:00,2026-08-11 13:27:29.145000+00:00,450.855,single,True,False,2026-08-11T13:36:17.438Z,,-0.29,0.22,,-0.22,2026-08-11,21,20-24
btc-updown-5m-1786455600,2026-08-11 13:40:00+00:00,2026-08-11 13:33:29.317000+00:00,390.683,single,False,True,,2026-08-11T13:41:04.026Z,-0.29,,0.29,-0.29,2026-08-11,21,20-24
btc-updown-5m-1786455900,2026-08-11 13:45:00+00:00,2026-08-11 13:35:30.190000+00:00,569.81,single,True,False,2026-08-11T13:49:02.388Z,,-0.29,0.25,,-0.25,2026-08-11,21,20-24
btc-updown-5m-1786456200,2026-08-11 13:50:00+00:00,2026-08-11 13:43:40.115000+00:00,379.885,single,True,False,2026-08-11T13:52:08.457Z,,-0.29,0.06,,-0.06,2026-08-11,21,20-24
btc-updown-5m-1786456500,2026-08-11 13:55:00+00:00,2026-08-11 13:48:56.894000+00:00,363.106,none,False,False,,,0.0,,,0.0,2026-08-11,21,20-24
btc-updown-5m-1786456800,2026-08-11 14:00:00+00:00,2026-08-11 13:50:10.367000+00:00,589.633,single,True,False,2026-08-11T14:03:20.736Z,,-0.29,0.16,,-0.16,2026-08-11,21,20-24
btc-updown-5m-1786457100,2026-08-11 14:05:00+00:00,2026-08-11 13:58:37.105000+00:00,382.895,none,False,False,,,0.0,,,0.0,2026-08-11,22,20-24
btc-updown-5m-1786457400,2026-08-11 14:10:00+00:00,2026-08-11 14:00:22.478000+00:00,577.522,single,False,True,,2026-08-11T14:13:04.125Z,-0.29,,0.29,-0.29,2026-08-11,22,20-24
btc-updown-5m-1786457700,2026-08-11 14:15:00+00:00,2026-08-11 14:10:10.791000+00:00,289.209,none,False,False,,,0.0,,,0.0,2026-08-11,22,20-24
btc-updown-5m-1786458000,2026-08-11 14:20:00+00:00,2026-08-11 14:10:22.301000+00:00,577.699,single,True,False,2026-08-11T14:22:00.237Z,,-0.29,0.2,,-0.2,2026-08-11,22,20-24
btc-updown-5m-1786458300,2026-08-11 14:25:00+00:00,2026-08-11 14:20:00.715000+00:00,299.285,paired,True,True,2026-08-11T14:27:07.864Z,2026-08-11T14:28:39.710Z,0.42,0.29,0.29,0.42,2026-08-11,22,20-24
btc-updown-5m-1786458600,2026-08-11 14:30:00+00:00,2026-08-11 14:21:56.316000+00:00,483.684,single,True,False,2026-08-11T14:34:58.276Z,,-0.29,0.29,,-0.29,2026-08-11,22,20-24
btc-updown-5m-1786458900,2026-08-11 14:35:00+00:00,2026-08-11 14:28:20.431000+00:00,399.569,single,False,True,,2026-08-11T14:35:28.399Z,-0.29,,0.24,-0.24,2026-08-11,22,20-24
btc-updown-5m-1786459200,2026-08-11 14:40:00+00:00,2026-08-11 14:35:23.060000+00:00,276.94,single,False,True,,2026-08-11T14:43:08.080Z,-0.29,,0.13,-0.13,2026-08-11,22,20-24
btc-updown-5m-1786459500,2026-08-11 14:45:00+00:00,2026-08-11 14:35:23.118000+00:00,576.882,paired,True,True,2026-08-11T14:49:48.481Z,2026-08-11T14:49:36.576Z,0.42,0.02,0.29,0.69,2026-08-11,22,20-24
btc-updown-5m-1786459800,2026-08-11 14:50:00+00:00,2026-08-11 14:40:19.654000+00:00,580.346,single,True,False,2026-08-11T14:50:47.851Z,,-0.29,0.12,,-0.12,2026-08-11,22,20-24
btc-updown-5m-1786460100,2026-08-11 14:55:00+00:00,2026-08-11 14:49:43.148000+00:00,316.852,none,False,False,,,0.0,,,0.0,2026-08-11,22,20-24
btc-updown-5m-1786460400,2026-08-11 15:00:00+00:00,2026-08-11 14:51:09.771000+00:00,530.229,single,False,True,,2026-08-11T15:03:14.179Z,-0.29,,0.09,-0.09,2026-08-11,22,20-24
btc-updown-5m-1786460700,2026-08-11 15:05:00+00:00,2026-08-11 15:00:28.133000+00:00,271.867,single,True,False,2026-08-11T15:05:01.660Z,,-0.29,0.27,,-0.27,2026-08-11,23,20-24
btc-updown-5m-1786461000,2026-08-11 15:10:00+00:00,2026-08-11 15:00:28.598000+00:00,571.402,none,False,False,,,0.0,,,0.0,2026-08-11,23,20-24
btc-updown-5m-1786461300,2026-08-11 15:15:00+00:00,2026-08-11 15:07:45.005000+00:00,434.995,single,True,False,2026-08-11T15:17:12.824Z,,-0.29,0.29,,-0.29,2026-08-11,23,20-24
btc-updown-5m-1786461600,2026-08-11 15:20:00+00:00,2026-08-11 15:15:07.922000+00:00,292.078,single,True,False,2026-08-11T15:24:05.389Z,,-0.29,0.29,,-0.29,2026-08-11,23,20-24
btc-updown-5m-1786461900,2026-08-11 15:25:00+00:00,2026-08-11 15:15:20.505000+00:00,579.495,single,False,True,,2026-08-11T15:25:57.499Z,-0.29,,0.28,-0.28,2026-08-11,23,20-24
btc-updown-5m-1786462200,2026-08-11 15:30:00+00:00,2026-08-11 15:25:16.298000+00:00,283.702,single,True,False,2026-08-11T15:32:10.834Z,,-0.29,0.16,,-0.16,2026-08-11,23,20-24
btc-updown-5m-1786462500,2026-08-11 15:35:00+00:00,2026-08-11 15:25:16.882000+00:00,583.118,single,True,False,2026-08-11T15:37:44.940Z,,-0.29,0.01,,-0.01,2026-08-11,23,20-24
btc-updown-5m-1786462800,2026-08-11 15:40:00+00:00,2026-08-11 15:32:10.557000+00:00,469.443,paired,True,True,2026-08-11T15:42:35.224Z,2026-08-11T15:43:46.612Z,0.42,0.19,0.29,0.52,2026-08-11,23,20-24
btc-updown-5m-1786463100,2026-08-11 15:45:00+00:00,2026-08-11 15:37:39.864000+00:00,440.136,none,False,False,,,0.0,,,0.0,2026-08-11,23,20-24
btc-updown-5m-1786463400,2026-08-11 15:50:00+00:00,2026-08-11 15:42:25.914000+00:00,454.086,paired,True,True,2026-08-11T15:51:55.791Z,2026-08-11T15:51:28.846Z,0.42,0.28,0.29,0.43,2026-08-11,23,20-24
btc-updown-5m-1786463700,2026-08-11 15:55:00+00:00,2026-08-11 15:45:24.565000+00:00,575.435,none,False,False,,,0.0,,,0.0,2026-08-11,23,20-24
btc-updown-5m-1786464000,2026-08-11 16:00:00+00:00,2026-08-11 15:50:07.379000+00:00,592.621,paired,True,True,2026-08-11T16:00:15.800Z,2026-08-11T16:04:44.307Z,0.42,0.19,0.01,0.8,2026-08-11,23,20-24
btc-updown-5m-1786464300,2026-08-11 16:05:00+00:00,2026-08-11 15:59:09.835000+00:00,350.165,none,False,False,,,0.0,,,0.0,2026-08-12,0,00-04
btc-updown-5m-1786464600,2026-08-11 16:10:00+00:00,2026-08-11 16:01:26.787000+00:00,513.213,paired,True,True,2026-08-11T16:14:11.832Z,2026-08-11T16:10:29.939Z,0.42,0.04,0.26,0.7,2026-08-12,0,00-04
btc-updown-5m-1786464900,2026-08-11 16:15:00+00:00,2026-08-11 16:08:18.021000+00:00,401.979,single,False,True,,2026-08-11T16:18:43.142Z,-0.29,,0.29,-0.29,2026-08-12,0,00-04
btc-updown-5m-1786465200,2026-08-11 16:20:00+00:00,2026-08-11 16:12:12.240000+00:00,467.76,single,True,False,2026-08-11T16:24:23.682Z,,-0.29,0.22,,-0.22,2026-08-12,0,00-04
btc-updown-5m-1786465500,2026-08-11 16:25:00+00:00,2026-08-11 16:17:51.228000+00:00,428.772,single,True,False,2026-08-11T16:27:53.804Z,,-0.29,0.21,,-0.21,2026-08-12,0,00-04
btc-updown-5m-1786465800,2026-08-11 16:30:00+00:00,2026-08-11 16:24:05.995000+00:00,354.005,single,True,False,2026-08-11T16:33:11.507Z,,-0.29,0.29,,-0.29,2026-08-12,0,00-04
btc-updown-5m-1786466100,2026-08-11 16:35:00+00:00,2026-08-11 16:27:01.162000+00:00,478.838,single,False,True,,2026-08-11T16:37:48.437Z,-0.29,,0.24,-0.24,2026-08-12,0,00-04
btc-updown-5m-1786466400,2026-08-11 16:40:00+00:00,2026-08-11 16:32:43.948000+00:00,436.052,none,False,False,,,0.0,,,0.0,2026-08-12,0,00-04
btc-updown-5m-1786466700,2026-08-11 16:45:00+00:00,2026-08-11 16:37:34.898000+00:00,445.102,paired,True,True,2026-08-11T16:48:18.349Z,2026-08-11T16:48:52.214Z,0.42,0.29,0.14,0.57,2026-08-12,0,00-04
btc-updown-5m-1786467000,2026-08-11 16:50:00+00:00,2026-08-11 16:43:58.825000+00:00,361.175,single,True,False,2026-08-11T16:53:38.267Z,,-0.29,0.28,,-0.28,2026-08-12,0,00-04
btc-updown-5m-1786467300,2026-08-11 16:55:00+00:00,2026-08-11 16:46:26.726000+00:00,513.274,none,False,False,,,0.0,,,0.0,2026-08-12,0,00-04
btc-updown-5m-1786467600,2026-08-11 17:00:00+00:00,2026-08-11 16:52:24.882000+00:00,455.118,single,False,True,,2026-08-11T17:04:18.780Z,-0.29,,0.13,-0.13,2026-08-12,0,00-04
btc-updown-5m-1786467900,2026-08-11 17:05:00+00:00,2026-08-11 16:56:38.434000+00:00,501.566,single,True,False,2026-08-11T17:08:37.600Z,,-0.29,0.21,,-0.21,2026-08-12,1,00-04
btc-updown-5m-1786468200,2026-08-11 17:10:00+00:00,2026-08-11 17:02:32.386000+00:00,447.614,single,False,True,,2026-08-11T17:11:35.027Z,-0.29,,0.25,-0.25,2026-08-12,1,00-04
btc-updown-5m-1786468500,2026-08-11 17:15:00+00:00,2026-08-11 17:07:46.123000+00:00,433.877,none,False,False,,,0.0,,,0.0,2026-08-12,1,00-04
btc-updown-5m-1786468800,2026-08-11 17:20:00+00:00,2026-08-11 17:11:28.666000+00:00,511.334,single,False,True,,2026-08-11T17:24:17.433Z,-0.29,,0.29,-0.29,2026-08-12,1,00-04
btc-updown-5m-1786469100,2026-08-11 17:25:00+00:00,2026-08-11 17:20:05.409000+00:00,294.591,none,False,False,,,0.0,,,0.0,2026-08-12,1,00-04
btc-updown-5m-1786469400,2026-08-11 17:30:00+00:00,2026-08-11 17:20:15.542000+00:00,584.458,single,False,True,,2026-08-11T17:34:18.211Z,-0.29,,0.21,-0.21,2026-08-12,1,00-04
btc-updown-5m-1786469700,2026-08-11 17:35:00+00:00,2026-08-11 17:30:18.201000+00:00,281.799,none,False,False,,,0.0,,,0.0,2026-08-12,1,00-04
btc-updown-5m-1786470000,2026-08-11 17:40:00+00:00,2026-08-11 17:30:36.543000+00:00,563.457,paired,True,True,2026-08-11T17:40:53.756Z,2026-08-11T17:42:22.464Z,0.42,0.29,0.1,0.61,2026-08-12,1,00-04
btc-updown-5m-1786470300,2026-08-11 17:45:00+00:00,2026-08-11 17:35:33.536000+00:00,566.464,paired,True,True,2026-08-11T17:47:59.001Z,2026-08-11T17:48:39.640Z,0.42,0.28,0.21,0.51,2026-08-12,1,00-04
btc-updown-5m-1786470600,2026-08-11 17:50:00+00:00,2026-08-11 17:40:53.480000+00:00,546.52,paired,True,True,2026-08-11T17:51:47.768Z,2026-08-11T17:53:17.348Z,0.42,0.29,0.24,0.47,2026-08-12,1,00-04
btc-updown-5m-1786470900,2026-08-11 17:55:00+00:00,2026-08-11 17:48:33.400000+00:00,386.6,single,False,True,,2026-08-11T17:59:24.981Z,-0.29,,0.29,-0.29,2026-08-12,1,00-04
btc-updown-5m-1786471200,2026-08-11 18:00:00+00:00,2026-08-11 17:53:07.839000+00:00,412.161,paired,True,True,2026-08-11T18:04:54.005Z,2026-08-11T18:03:09.491Z,0.42,0.28,0.28,0.43999999999999995,2026-08-12,1,00-04
btc-updown-5m-1786471500,2026-08-11 18:05:00+00:00,2026-08-11 18:00:16.647000+00:00,283.353,none,False,False,,,0.0,,,0.0,2026-08-12,2,00-04
btc-updown-5m-1786471800,2026-08-11 18:10:00+00:00,2026-08-11 18:00:20.702000+00:00,579.298,single,False,True,,2026-08-11T18:13:16.186Z,-0.29,,0.09,-0.09,2026-08-12,2,00-04
btc-updown-5m-1786472100,2026-08-11 18:15:00+00:00,2026-08-11 18:10:13.944000+00:00,286.056,single,False,True,,2026-08-11T18:17:55.203Z,-0.29,,0.29,-0.29,2026-08-12,2,00-04
btc-updown-5m-1786472400,2026-08-11 18:20:00+00:00,2026-08-11 18:10:14.146000+00:00,585.854,none,False,False,,,0.0,,,0.0,2026-08-12,2,00-04
btc-updown-5m-1786472700,2026-08-11 18:25:00+00:00,2026-08-11 18:17:00.844000+00:00,479.156,single,True,False,2026-08-11T18:26:04.850Z,,-0.29,0.29,,-0.29,2026-08-12,2,00-04
btc-updown-5m-1786473000,2026-08-11 18:30:00+00:00,2026-08-11 18:25:16.558000+00:00,283.442,single,True,False,2026-08-11T18:34:33.128Z,,-0.29,0.01,,-0.01,2026-08-12,2,00-04
btc-updown-5m-1786473300,2026-08-11 18:35:00+00:00,2026-08-11 18:25:16.594000+00:00,583.406,single,False,True,,2026-08-11T18:35:25.906Z,-0.29,,0.27,-0.27,2026-08-12,2,00-04
btc-updown-5m-1786473600,2026-08-11 18:40:00+00:00,2026-08-11 18:34:11.520000+00:00,348.48,single,True,False,2026-08-11T18:40:25.651Z,,-0.29,0.29,,-0.29,2026-08-12,2,00-04
btc-updown-5m-1786473900,2026-08-11 18:45:00+00:00,2026-08-11 18:35:21.398000+00:00,578.602,none,False,False,,,0.0,,,0.0,2026-08-12,2,00-04
btc-updown-5m-1786474200,2026-08-11 18:50:00+00:00,2026-08-11 18:40:20.008000+00:00,579.992,single,False,True,,2026-08-11T18:52:30.041Z,-0.29,,0.25,-0.25,2026-08-12,2,00-04
btc-updown-5m-1786474500,2026-08-11 18:55:00+00:00,2026-08-11 18:45:23.641000+00:00,576.359,none,False,False,,,0.0,,,0.0,2026-08-12,2,00-04
btc-updown-5m-1786474800,2026-08-11 19:00:00+00:00,2026-08-11 18:50:17.366000+00:00,582.634,single,True,False,2026-08-11T19:03:24.891Z,,-0.29,0.22,,-0.22,2026-08-12,2,00-04
btc-updown-5m-1786475100,2026-08-11 19:05:00+00:00,2026-08-11 19:00:12.235000+00:00,287.765,none,False,False,,,0.0,,,0.0,2026-08-12,3,00-04
btc-updown-5m-1786475400,2026-08-11 19:10:00+00:00,2026-08-11 19:00:25.782000+00:00,574.218,single,False,True,,2026-08-11T19:13:37.953Z,-0.29,,0.29,-0.29,2026-08-12,3,00-04
btc-updown-5m-1786475700,2026-08-11 19:15:00+00:00,2026-08-11 19:08:39.188000+00:00,380.812,none,False,False,,,0.0,,,0.0,2026-08-12,3,00-04
btc-updown-5m-1786476000,2026-08-11 19:20:00+00:00,2026-08-11 19:11:38.309000+00:00,501.691,single,False,True,,2026-08-11T19:21:59.804Z,-0.29,,0.11,-0.11,2026-08-12,3,00-04
btc-updown-5m-1786476300,2026-08-11 19:25:00+00:00,2026-08-11 19:20:11.983000+00:00,288.017,single,True,False,2026-08-11T19:28:02.867Z,,-0.29,0.29,,-0.29,2026-08-12,3,00-04
btc-updown-5m-1786476600,2026-08-11 19:30:00+00:00,2026-08-11 19:20:12.105000+00:00,587.895,single,False,True,,2026-08-11T19:31:46.840Z,-0.29,,0.1,-0.1,2026-08-12,3,00-04
btc-updown-5m-1786476900,2026-08-11 19:35:00+00:00,2026-08-11 19:30:15.154000+00:00,284.846,single,False,True,,2026-08-11T19:37:45.428Z,-0.29,,0.18,-0.18,2026-08-12,3,00-04
btc-updown-5m-1786477200,2026-08-11 19:40:00+00:00,2026-08-11 19:30:15.291000+00:00,584.709,none,False,False,,,0.0,,,0.0,2026-08-12,3,00-04
btc-updown-5m-1786477500,2026-08-11 19:45:00+00:00,2026-08-11 19:36:14.874000+00:00,525.126,paired,True,True,2026-08-11T19:49:30.123Z,2026-08-11T19:46:53.323Z,0.42,0.29,0.29,0.42,2026-08-12,3,00-04
btc-updown-5m-1786477800,2026-08-11 19:50:00+00:00,2026-08-11 19:45:01.318000+00:00,298.682,single,True,False,2026-08-11T19:52:10.259Z,,-0.29,0.29,,-0.29,2026-08-12,3,00-04
btc-updown-5m-1786478100,2026-08-11 19:55:00+00:00,2026-08-11 19:46:22.187000+00:00,517.813,single,False,True,,2026-08-11T19:58:49.682Z,-0.29,,0.28,-0.28,2026-08-12,3,00-04
btc-updown-5m-1786478400,2026-08-11 20:00:00+00:00,2026-08-11 19:55:11.185000+00:00,288.815,none,False,False,,,0.0,,,0.0,2026-08-12,3,00-04
btc-updown-5m-1786478700,2026-08-11 20:05:00+00:00,2026-08-11 19:55:11.211000+00:00,588.789,single,False,True,,2026-08-11T20:06:56.844Z,-0.29,,0.24,-0.24,2026-08-12,4,04-08
btc-updown-5m-1786479000,2026-08-11 20:10:00+00:00,2026-08-11 20:00:33.020000+00:00,566.98,none,False,False,,,0.0,,,0.0,2026-08-12,4,04-08
btc-updown-5m-1786479300,2026-08-11 20:15:00+00:00,2026-08-11 20:05:17.126000+00:00,582.874,single,True,False,2026-08-11T20:16:51.097Z,,-0.29,0.21,,-0.21,2026-08-12,4,04-08
btc-updown-5m-1786479600,2026-08-11 20:20:00+00:00,2026-08-11 20:16:50.826000+00:00,189.174,single,False,True,,2026-08-11T20:24:11.548Z,-0.29,,0.2,-0.2,2026-08-12,4,04-08
btc-updown-5m-1786479900,2026-08-11 20:25:00+00:00,2026-08-11 20:15:36.705000+00:00,563.295,single,False,True,,2026-08-11T20:29:07.694Z,-0.29,,0.05,-0.05,2026-08-12,4,04-08
btc-updown-5m-1786480200,2026-08-11 20:30:00+00:00,2026-08-11 20:23:52.676000+00:00,367.324,single,False,True,,2026-08-11T20:32:01.120Z,-0.29,,0.29,-0.29,2026-08-12,4,04-08
btc-updown-5m-1786480500,2026-08-11 20:35:00+00:00,2026-08-11 20:28:46.947000+00:00,373.053,none,False,False,,,0.0,,,0.0,2026-08-12,4,04-08
btc-updown-5m-1786480800,2026-08-11 20:40:00+00:00,2026-08-11 20:35:03.604000+00:00,296.396,paired,True,True,2026-08-11T20:42:45.013Z,2026-08-11T20:42:09.902Z,0.42,0.11,0.18,0.71,2026-08-12,4,04-08
btc-updown-5m-1786481100,2026-08-11 20:45:00+00:00,2026-08-11 20:36:03.682000+00:00,536.318,none,False,False,,,0.0,,,0.0,2026-08-12,4,04-08
btc-updown-5m-1786481400,2026-08-11 20:50:00+00:00,2026-08-11 20:41:57.899000+00:00,482.101,single,False,True,,2026-08-11T20:54:03.721Z,-0.29,,0.12,-0.12,2026-08-12,4,04-08
btc-updown-5m-1786481700,2026-08-11 20:55:00+00:00,2026-08-11 20:49:52.734000+00:00,307.266,single,False,True,,2026-08-11T20:56:02.407Z,-0.29,,0.22,-0.22,2026-08-12,4,04-08
btc-updown-5m-1786482000,2026-08-11 21:00:00+00:00,2026-08-11 20:50:09.245000+00:00,590.755,none,False,False,,,0.0,,,0.0,2026-08-12,4,04-08
btc-updown-5m-1786482300,2026-08-11 21:05:00+00:00,2026-08-11 20:55:11.254000+00:00,588.746,single,True,False,2026-08-11T21:09:50.335Z,,-0.29,0.05,,-0.05,2026-08-12,5,04-08
btc-updown-5m-1786482600,2026-08-11 21:10:00+00:00,2026-08-11 21:04:34.273000+00:00,325.727,paired,True,True,2026-08-11T21:14:23.726Z,2026-08-11T21:11:54.231Z,0.42,0.28,0.22,0.5,2026-08-12,5,04-08
btc-updown-5m-1786482900,2026-08-11 21:15:00+00:00,2026-08-11 21:05:19.148000+00:00,580.852,single,False,True,,2026-08-11T21:18:24.852Z,-0.29,,0.28,-0.28,2026-08-12,5,04-08
btc-updown-5m-1786483200,2026-08-11 21:20:00+00:00,2026-08-11 21:10:26.150000+00:00,573.85,single,True,False,2026-08-11T21:22:17.180Z,,-0.29,0.16,,-0.16,2026-08-12,5,04-08
btc-updown-5m-1786483500,2026-08-11 21:25:00+00:00,2026-08-11 21:20:08.352000+00:00,291.648,single,False,True,,2026-08-11T21:29:08.804Z,-0.29,,0.26,-0.26,2026-08-12,5,04-08
btc-updown-5m-1786483800,2026-08-11 21:30:00+00:00,2026-08-11 21:22:07.383000+00:00,472.617,single,True,False,2026-08-11T21:31:06.634Z,,-0.29,0.24,,-0.24,2026-08-12,5,04-08
btc-updown-5m-1786484100,2026-08-11 21:35:00+00:00,2026-08-11 21:30:21.205000+00:00,278.795,single,True,False,2026-08-11T21:38:43.935Z,,-0.29,0.29,,-0.29,2026-08-12,5,04-08
btc-updown-5m-1786484400,2026-08-11 21:40:00+00:00,2026-08-11 21:30:21.221000+00:00,578.779,single,False,True,,2026-08-11T21:42:06.061Z,-0.29,,0.29,-0.29,2026-08-12,5,04-08
btc-updown-5m-1786484700,2026-08-11 21:45:00+00:00,2026-08-11 21:40:01.912000+00:00,298.088,single,True,False,2026-08-11T21:48:53.836Z,,-0.29,0.23,,-0.23,2026-08-12,5,04-08
btc-updown-5m-1786485000,2026-08-11 21:50:00+00:00,2026-08-11 21:40:15.755000+00:00,584.245,none,False,False,,,0.0,,,0.0,2026-08-12,5,04-08
btc-updown-5m-1786485300,2026-08-11 21:55:00+00:00,2026-08-11 21:48:42.109000+00:00,377.891,single,False,True,,2026-08-11T21:58:28.898Z,-0.29,,0.15,-0.15,2026-08-12,5,04-08
btc-updown-5m-1786485600,2026-08-11 22:00:00+00:00,2026-08-11 21:54:58.825000+00:00,301.175,none,False,False,,,0.0,,,0.0,2026-08-12,5,04-08
btc-updown-5m-1786485900,2026-08-11 22:05:00+00:00,2026-08-11 21:55:54.102000+00:00,545.898,paired,True,True,2026-08-11T22:09:02.697Z,2026-08-11T22:08:26.756Z,0.42,0.29,0.29,0.42,2026-08-12,6,04-08
btc-updown-5m-1786486200,2026-08-11 22:10:00+00:00,2026-08-11 22:05:19.092000+00:00,280.908,single,True,False,2026-08-11T22:11:39.398Z,,-0.29,0.19,,-0.19,2026-08-12,6,04-08
btc-updown-5m-1786486500,2026-08-11 22:15:00+00:00,2026-08-11 22:05:30.567000+00:00,569.433,single,True,False,2026-08-11T22:18:37.306Z,,-0.29,0.14,,-0.14,2026-08-12,6,04-08
btc-updown-5m-1786486800,2026-08-11 22:20:00+00:00,2026-08-11 22:12:27.505000+00:00,452.495,single,True,False,2026-08-11T22:23:58.802Z,,-0.29,0.29,,-0.29,2026-08-12,6,04-08
btc-updown-5m-1786487100,2026-08-11 22:25:00+00:00,2026-08-11 22:15:24.238000+00:00,575.762,single,True,False,2026-08-11T22:27:10.259Z,,-0.29,0.24,,-0.24,2026-08-12,6,04-08
btc-updown-5m-1786487400,2026-08-11 22:30:00+00:00,2026-08-11 22:25:11.686000+00:00,288.314,single,False,True,,2026-08-11T22:32:42.847Z,-0.29,,0.29,-0.29,2026-08-12,6,04-08
btc-updown-5m-1786487700,2026-08-11 22:35:00+00:00,2026-08-11 22:25:33.638000+00:00,566.362,single,True,False,2026-08-11T22:36:48.833Z,,-0.29,0.21,,-0.21,2026-08-12,6,04-08
btc-updown-5m-1786488000,2026-08-11 22:40:00+00:00,2026-08-11 22:30:25.960000+00:00,574.04,none,False,False,,,0.0,,,0.0,2026-08-12,6,04-08
btc-updown-5m-1786488300,2026-08-11 22:45:00+00:00,2026-08-11 22:35:10.978000+00:00,589.022,single,True,False,2026-08-11T22:46:48.853Z,,-0.29,0.29,,-0.29,2026-08-12,6,04-08
btc-updown-5m-1786488600,2026-08-11 22:50:00+00:00,2026-08-11 22:42:49.467000+00:00,430.533,none,False,False,,,0.0,,,0.0,2026-08-12,6,04-08
btc-updown-5m-1786488900,2026-08-11 22:55:00+00:00,2026-08-11 22:45:59.825000+00:00,540.175,single,False,True,,2026-08-11T22:57:34.411Z,-0.29,,0.2,-0.2,2026-08-12,6,04-08
btc-updown-5m-1786489200,2026-08-11 23:00:00+00:00,2026-08-11 22:53:30.929000+00:00,389.071,single,True,False,2026-08-11T23:00:49.196Z,,-0.29,0.24,,-0.24,2026-08-12,6,04-08
btc-updown-5m-1786489500,2026-08-11 23:05:00+00:00,2026-08-11 22:57:25.017000+00:00,454.983,single,True,False,2026-08-11T23:06:44.132Z,,-0.29,0.26,,-0.26,2026-08-12,7,04-08
btc-updown-5m-1786489800,2026-08-11 23:10:00+00:00,2026-08-11 23:00:43.305000+00:00,556.695,paired,True,True,2026-08-11T23:14:43.508Z,2026-08-11T23:11:58.259Z,0.42,0.25,0.26,0.49,2026-08-12,7,04-08
btc-updown-5m-1786490100,2026-08-11 23:15:00+00:00,2026-08-11 23:09:17.277000+00:00,342.723,none,False,False,,,0.0,,,0.0,2026-08-12,7,04-08
btc-updown-5m-1786490400,2026-08-11 23:20:00+00:00,2026-08-11 23:11:53.196000+00:00,486.804,single,False,True,,2026-08-11T23:20:30.132Z,-0.29,,0.25,-0.25,2026-08-12,7,04-08
btc-updown-5m-1786490700,2026-08-11 23:25:00+00:00,2026-08-11 23:19:29.691000+00:00,330.309,none,False,False,,,0.0,,,0.0,2026-08-12,7,04-08
btc-updown-5m-1786491000,2026-08-11 23:30:00+00:00,2026-08-11 23:20:15.540000+00:00,584.46,single,True,False,2026-08-11T23:33:10.054Z,,-0.29,0.23,,-0.23,2026-08-12,7,04-08
btc-updown-5m-1786491300,2026-08-11 23:35:00+00:00,2026-08-11 23:28:37.066000+00:00,382.934,single,False,True,,2026-08-11T23:37:40.407Z,-0.29,,0.29,-0.29,2026-08-12,7,04-08
btc-updown-5m-1786491600,2026-08-11 23:40:00+00:00,2026-08-11 23:30:16.578000+00:00,583.422,none,False,False,,,0.0,,,0.0,2026-08-12,7,04-08
btc-updown-5m-1786491900,2026-08-11 23:45:00+00:00,2026-08-11 23:36:31.912000+00:00,508.088,single,True,False,2026-08-11T23:47:53.415Z,,-0.29,0.29,,-0.29,2026-08-12,7,04-08
btc-updown-5m-1786492200,2026-08-11 23:50:00+00:00,2026-08-11 23:45:10.520000+00:00,289.48,none,False,False,,,0.0,,,0.0,2026-08-12,7,04-08
btc-updown-5m-1786492500,2026-08-11 23:55:00+00:00,2026-08-11 23:45:27.765000+00:00,572.235,single,True,False,2026-08-11T23:58:12.572Z,,-0.29,0.13,,-0.13,2026-08-12,7,04-08
btc-updown-5m-1786492800,2026-08-12 00:00:00+00:00,2026-08-11 23:55:17.302000+00:00,282.698,single,True,False,2026-08-12T00:02:22.089Z,,-0.29,0.29,,-0.29,2026-08-12,7,04-08
btc-updown-5m-1786493100,2026-08-12 00:05:00+00:00,2026-08-11 23:55:17.468000+00:00,582.532,single,True,False,2026-08-12T00:07:11.530Z,,-0.29,0.15,,-0.15,2026-08-12,8,08-12
btc-updown-5m-1786493400,2026-08-12 00:10:00+00:00,2026-08-12 00:05:20.332000+00:00,279.668,single,True,False,2026-08-12T00:11:11.465Z,,-0.29,0.29,,-0.29,2026-08-12,8,08-12
btc-updown-5m-1786493700,2026-08-12 00:15:00+00:00,2026-08-12 00:05:20.410000+00:00,579.59,single,True,False,2026-08-12T00:16:58.187Z,,-0.29,0.25,,-0.25,2026-08-12,8,08-12
btc-updown-5m-1786494000,2026-08-12 00:20:00+00:00,2026-08-12 00:14:11.171000+00:00,348.829,single,False,True,,2026-08-12T00:24:16.060Z,-0.29,,0.29,-0.29,2026-08-12,8,08-12
btc-updown-5m-1786494300,2026-08-12 00:25:00+00:00,2026-08-12 00:15:19.570000+00:00,580.43,none,False,False,,,0.0,,,0.0,2026-08-12,8,08-12
btc-updown-5m-1786494600,2026-08-12 00:30:00+00:00,2026-08-12 00:20:20.315000+00:00,579.685,single,False,True,,2026-08-12T00:30:31.128Z,-0.29,,0.21,-0.21,2026-08-12,8,08-12
btc-updown-5m-1786494900,2026-08-12 00:35:00+00:00,2026-08-12 00:25:16.922000+00:00,583.078,none,False,False,,,0.0,,,0.0,2026-08-12,8,08-12
btc-updown-5m-1786495200,2026-08-12 00:40:00+00:00,2026-08-12 00:30:21.847000+00:00,578.153,single,False,True,,2026-08-12T00:40:41.585Z,-0.29,,0.23,-0.23,2026-08-12,8,08-12
btc-updown-5m-1786495500,2026-08-12 00:45:00+00:00,2026-08-12 00:40:20.173000+00:00,279.827,single,False,True,,2026-08-12T00:48:32.765Z,-0.29,,0.29,-0.29,2026-08-12,8,08-12
btc-updown-5m-1786495800,2026-08-12 00:50:00+00:00,2026-08-12 00:40:20.258000+00:00,579.742,single,False,True,,2026-08-12T00:54:57.681Z,-0.29,,0.01,-0.01,2026-08-12,8,08-12
btc-updown-5m-1786496100,2026-08-12 00:55:00+00:00,2026-08-12 00:50:10.267000+00:00,289.733,single,False,True,,2026-08-12T00:59:06.004Z,-0.29,,0.14,-0.14,2026-08-12,8,08-12
btc-updown-5m-1786496400,2026-08-12 01:00:00+00:00,2026-08-12 00:50:10.385000+00:00,589.615,single,False,True,,2026-08-12T01:04:25.232Z,-0.29,,0.29,-0.29,2026-08-12,8,08-12
btc-updown-5m-1786496700,2026-08-12 01:05:00+00:00,2026-08-12 00:55:31.870000+00:00,568.13,single,False,True,,2026-08-12T01:06:12.139Z,-0.29,,0.17,-0.17,2026-08-12,9,08-12
btc-updown-5m-1786497000,2026-08-12 01:10:00+00:00,2026-08-12 01:05:10.204000+00:00,289.796,single,False,True,,2026-08-12T01:13:21.436Z,-0.29,,0.29,-0.29,2026-08-12,9,08-12
btc-updown-5m-1786497300,2026-08-12 01:15:00+00:00,2026-08-12 01:05:33.754000+00:00,566.246,none,False,False,,,0.0,,,0.0,2026-08-12,9,08-12
btc-updown-5m-1786497600,2026-08-12 01:20:00+00:00,2026-08-12 01:13:07.549000+00:00,412.451,single,True,False,2026-08-12T01:22:10.275Z,,-0.29,0.2,,-0.2,2026-08-12,9,08-12
btc-updown-5m-1786497900,2026-08-12 01:25:00+00:00,2026-08-12 01:20:24.647000+00:00,275.353,single,False,True,,2026-08-12T01:28:43.530Z,-0.29,,0.29,-0.29,2026-08-12,9,08-12
btc-updown-5m-1786498200,2026-08-12 01:30:00+00:00,2026-08-12 01:20:24.751000+00:00,575.249,single,True,False,2026-08-12T01:33:16.687Z,,-0.29,0.01,,-0.01,2026-08-12,9,08-12
btc-updown-5m-1786498500,2026-08-12 01:35:00+00:00,2026-08-12 01:29:55.145000+00:00,304.855,none,False,False,,,0.0,,,0.0,2026-08-12,9,08-12
btc-updown-5m-1786498800,2026-08-12 01:40:00+00:00,2026-08-12 01:33:10.685000+00:00,409.315,single,False,True,,2026-08-12T01:40:28.707Z,-0.29,,0.29,-0.29,2026-08-12,9,08-12
btc-updown-5m-1786499100,2026-08-12 01:45:00+00:00,2026-08-12 01:40:02.873000+00:00,297.127,none,False,False,,,0.0,,,0.0,2026-08-12,9,08-12
btc-updown-5m-1786499400,2026-08-12 01:50:00+00:00,2026-08-12 01:40:11.474000+00:00,588.526,paired,True,True,2026-08-12T01:54:52.263Z,2026-08-12T01:52:52.317Z,0.42,0.29,0.23,0.48,2026-08-12,9,08-12
btc-updown-5m-1786499700,2026-08-12 01:55:00+00:00,2026-08-12 01:50:18.588000+00:00,281.412,single,True,False,2026-08-12T01:57:41.947Z,,-0.29,0.29,,-0.29,2026-08-12,9,08-12
btc-updown-5m-1786500000,2026-08-12 02:00:00+00:00,2026-08-12 01:50:18.620000+00:00,581.38,none,False,False,,,0.0,,,0.0,2026-08-12,9,08-12
btc-updown-5m-1786500300,2026-08-12 02:05:00+00:00,2026-08-12 01:57:48.736000+00:00,431.264,single,False,True,,2026-08-12T02:07:16.704Z,-0.29,,0.21,-0.21,2026-08-12,10,08-12
btc-updown-5m-1786500600,2026-08-12 02:10:00+00:00,2026-08-12 02:04:10.083000+00:00,349.917,single,False,True,,2026-08-12T02:14:42.708Z,-0.29,,0.23,-0.23,2026-08-12,10,08-12
btc-updown-5m-1786500900,2026-08-12 02:15:00+00:00,2026-08-12 02:05:55.129000+00:00,544.871,single,True,False,2026-08-12T02:19:00.346Z,,-0.29,0.29,,-0.29,2026-08-12,10,08-12
btc-updown-5m-1786501200,2026-08-12 02:20:00+00:00,2026-08-12 02:14:07.153000+00:00,352.847,single,True,False,2026-08-12T02:23:39.047Z,,-0.29,0.29,,-0.29,2026-08-12,10,08-12
btc-updown-5m-1786501500,2026-08-12 02:25:00+00:00,2026-08-12 02:17:05.098000+00:00,474.902,single,False,True,,2026-08-12T02:26:33.612Z,-0.29,,0.29,-0.29,2026-08-12,10,08-12
btc-updown-5m-1786501800,2026-08-12 02:30:00+00:00,2026-08-12 02:24:09.954000+00:00,350.046,single,True,False,2026-08-12T02:31:22.833Z,,-0.29,0.22,,-0.22,2026-08-12,10,08-12
btc-updown-5m-1786502100,2026-08-12 02:35:00+00:00,2026-08-12 02:28:48.632000+00:00,371.368,single,True,False,2026-08-12T02:37:20.462Z,,-0.29,0.04,,-0.04,2026-08-12,10,08-12
btc-updown-5m-1786502400,2026-08-12 02:40:00+00:00,2026-08-12 02:30:34.740000+00:00,565.26,none,False,False,,,0.0,,,0.0,2026-08-12,10,08-12
btc-updown-5m-1786502700,2026-08-12 02:45:00+00:00,2026-08-12 02:37:07.944000+00:00,472.056,single,False,True,,2026-08-12T02:48:47.672Z,-0.29,,0.16,-0.16,2026-08-12,10,08-12
btc-updown-5m-1786503000,2026-08-12 02:50:00+00:00,2026-08-12 02:45:14.978000+00:00,285.022,single,True,False,2026-08-12T02:54:24.114Z,,-0.29,0.29,,-0.29,2026-08-12,10,08-12
btc-updown-5m-1786503300,2026-08-12 02:55:00+00:00,2026-08-12 02:45:18.253000+00:00,581.747,single,True,False,2026-08-12T02:56:48.016Z,,-0.29,0.07,,-0.07,2026-08-12,10,08-12
btc-updown-5m-1786503600,2026-08-12 03:00:00+00:00,2026-08-12 02:50:15.719000+00:00,584.281,single,False,True,,2026-08-12T03:02:14.681Z,-0.29,,0.28,-0.28,2026-08-12,10,08-12
btc-updown-5m-1786503900,2026-08-12 03:05:00+00:00,2026-08-12 02:56:45.188000+00:00,494.812,single,True,False,2026-08-12T03:06:53.311Z,,-0.29,0.25,,-0.25,2026-08-12,11,08-12
btc-updown-5m-1786504200,2026-08-12 03:10:00+00:00,2026-08-12 03:05:12.908000+00:00,287.092,none,False,False,,,0.0,,,0.0,2026-08-12,11,08-12
btc-updown-5m-1786504500,2026-08-12 03:15:00+00:00,2026-08-12 03:05:25.433000+00:00,574.567,paired,True,True,2026-08-12T03:18:42.745Z,2026-08-12T03:19:01.829Z,0.42,0.29,0.26,0.44999999999999996,2026-08-12,11,08-12
btc-updown-5m-1786504800,2026-08-12 03:20:00+00:00,2026-08-12 03:15:15.024000+00:00,284.976,none,False,False,,,0.0,,,0.0,2026-08-12,11,08-12
btc-updown-5m-1786505100,2026-08-12 03:25:00+00:00,2026-08-12 03:15:29.182000+00:00,570.818,paired,True,True,2026-08-12T03:27:47.265Z,2026-08-12T03:25:53.775Z,0.42,0.27,0.26,0.47,2026-08-12,11,08-12
btc-updown-5m-1786505400,2026-08-12 03:30:00+00:00,2026-08-12 03:23:16.784000+00:00,403.216,single,True,False,2026-08-12T03:33:38.209Z,,-0.29,0.29,,-0.29,2026-08-12,11,08-12
btc-updown-5m-1786505700,2026-08-12 03:35:00+00:00,2026-08-12 03:25:44.326000+00:00,555.674,single,False,True,,2026-08-12T03:35:32.298Z,-0.29,,0.16,-0.16,2026-08-12,11,08-12
btc-updown-5m-1786506000,2026-08-12 03:40:00+00:00,2026-08-12 03:35:15.938000+00:00,284.062,none,False,False,,,0.0,,,0.0,2026-08-12,11,08-12
btc-updown-5m-1786506300,2026-08-12 03:45:00+00:00,2026-08-12 03:35:56.404000+00:00,543.596,single,True,False,2026-08-12T03:46:13.998Z,,-0.29,0.29,,-0.29,2026-08-12,11,08-12
btc-updown-5m-1786506600,2026-08-12 03:50:00+00:00,2026-08-12 03:42:15.663000+00:00,464.337,single,True,False,2026-08-12T03:54:02.578Z,,-0.29,0.29,,-0.29,2026-08-12,11,08-12
btc-updown-5m-1786506900,2026-08-12 03:55:00+00:00,2026-08-12 03:45:26.672000+00:00,573.328,single,False,True,,2026-08-12T03:59:11.085Z,-0.29,,0.29,-0.29,2026-08-12,11,08-12
btc-updown-5m-1786507200,2026-08-12 04:00:00+00:00,2026-08-12 03:50:31.384000+00:00,568.616,none,False,False,,,0.0,,,0.0,2026-08-12,11,08-12
btc-updown-5m-1786507500,2026-08-12 04:05:00+00:00,2026-08-12 03:55:18.530000+00:00,581.47,single,True,False,2026-08-12T04:08:21.975Z,,-0.29,0.29,,-0.29,2026-08-12,12,12-16
btc-updown-5m-1786507800,2026-08-12 04:10:00+00:00,2026-08-12 04:04:34.354000+00:00,325.646,none,False,False,,,0.0,,,0.0,2026-08-12,12,12-16
btc-updown-5m-1786508100,2026-08-12 04:15:00+00:00,2026-08-12 04:05:38.518000+00:00,561.482,single,False,True,,2026-08-12T04:16:46.399Z,-0.29,,0.24,-0.24,2026-08-12,12,12-16
btc-updown-5m-1786508400,2026-08-12 04:20:00+00:00,2026-08-12 04:12:55.311000+00:00,424.689,single,False,True,,2026-08-12T04:22:44.143Z,-0.29,,0.01,-0.01,2026-08-12,12,12-16
btc-updown-5m-1786508700,2026-08-12 04:25:00+00:00,2026-08-12 04:15:14.246000+00:00,585.754,single,True,False,2026-08-12T04:28:55.103Z,,-0.29,0.27,,-0.27,2026-08-12,12,12-16
btc-updown-5m-1786509000,2026-08-12 04:30:00+00:00,2026-08-12 04:22:32.717000+00:00,447.283,single,True,False,2026-08-12T04:30:28.375Z,,-0.29,0.13,,-0.13,2026-08-12,12,12-16
btc-updown-5m-1786509300,2026-08-12 04:35:00+00:00,2026-08-12 04:29:40.037000+00:00,319.963,none,False,False,,,0.0,,,0.0,2026-08-12,12,12-16
btc-updown-5m-1786509600,2026-08-12 04:40:00+00:00,2026-08-12 04:30:17.506000+00:00,582.494,single,False,True,,2026-08-12T04:41:16.734Z,-0.29,,0.17,-0.17,2026-08-12,12,12-16
btc-updown-5m-1786509900,2026-08-12 04:45:00+00:00,2026-08-12 04:37:17.311000+00:00,462.689,single,True,False,2026-08-12T04:47:28.114Z,,-0.29,0.29,,-0.29,2026-08-12,12,12-16
btc-updown-5m-1786510200,2026-08-12 04:50:00+00:00,2026-08-12 04:40:19.065000+00:00,580.935,single,False,True,,2026-08-12T04:51:56.500Z,-0.29,,0.29,-0.29,2026-08-12,12,12-16
btc-updown-5m-1786510500,2026-08-12 04:55:00+00:00,2026-08-12 04:49:53.114000+00:00,306.886,single,True,False,2026-08-12T04:56:19.393Z,,-0.29,0.27,,-0.27,2026-08-12,12,12-16
btc-updown-5m-1786510800,2026-08-12 05:00:00+00:00,2026-08-12 04:50:17.330000+00:00,582.67,none,False,False,,,0.0,,,0.0,2026-08-12,12,12-16
btc-updown-5m-1786511100,2026-08-12 05:05:00+00:00,2026-08-12 04:56:05.884000+00:00,534.116,paired,True,True,2026-08-12T05:07:20.221Z,2026-08-12T05:08:19.011Z,0.42,0.29,0.27,0.43999999999999995,2026-08-12,13,12-16
btc-updown-5m-1786511400,2026-08-12 05:10:00+00:00,2026-08-12 05:05:07.733000+00:00,292.267,single,False,True,,2026-08-12T05:10:59.754Z,-0.29,,0.29,-0.29,2026-08-12,13,12-16
btc-updown-5m-1786511700,2026-08-12 05:15:00+00:00,2026-08-12 05:05:28.742000+00:00,571.258,single,False,True,,2026-08-12T05:18:33.783Z,-0.29,,0.29,-0.29,2026-08-12,13,12-16
btc-updown-5m-1786512000,2026-08-12 05:20:00+00:00,2026-08-12 05:13:46.995000+00:00,373.005,single,True,False,2026-08-12T05:24:03.155Z,,-0.29,0.26,,-0.26,2026-08-12,13,12-16
btc-updown-5m-1786512300,2026-08-12 05:25:00+00:00,2026-08-12 05:15:20.846000+00:00,579.154,single,False,True,,2026-08-12T05:26:03.820Z,-0.29,,0.18,-0.18,2026-08-12,13,12-16
btc-updown-5m-1786512600,2026-08-12 05:30:00+00:00,2026-08-12 05:25:08.048000+00:00,291.952,none,False,False,,,0.0,,,0.0,2026-08-12,13,12-16
btc-updown-5m-1786512900,2026-08-12 05:35:00+00:00,2026-08-12 05:25:20.382000+00:00,579.618,paired,True,True,2026-08-12T05:35:57.869Z,2026-08-12T05:38:35.052Z,0.42,0.24,0.28,0.48,2026-08-12,13,12-16
btc-updown-5m-1786513200,2026-08-12 05:40:00+00:00,2026-08-12 05:35:12.165000+00:00,287.835,single,True,False,2026-08-12T05:44:29.942Z,,-0.29,0.28,,-0.28,2026-08-12,13,12-16
btc-updown-5m-1786513500,2026-08-12 05:45:00+00:00,2026-08-12 05:35:12.417000+00:00,587.583,single,False,True,,2026-08-12T05:48:36.982Z,-0.29,,0.29,-0.29,2026-08-12,13,12-16
btc-updown-5m-1786513800,2026-08-12 05:50:00+00:00,2026-08-12 05:41:09.563000+00:00,530.437,single,True,False,2026-08-12T05:52:20.254Z,,-0.29,0.29,,-0.29,2026-08-12,13,12-16
btc-updown-5m-1786514100,2026-08-12 05:55:00+00:00,2026-08-12 05:45:15.004000+00:00,584.996,none,False,False,,,0.0,,,0.0,2026-08-12,13,12-16
btc-updown-5m-1786514400,2026-08-12 06:00:00+00:00,2026-08-12 05:53:00.730000+00:00,419.27,single,True,False,2026-08-12T06:01:19.669Z,,-0.29,0.04,,-0.04,2026-08-12,13,12-16
btc-updown-5m-1786514700,2026-08-12 06:05:00+00:00,2026-08-12 05:56:34.056000+00:00,505.944,single,True,False,2026-08-12T06:09:49.218Z,,-0.29,0.01,,-0.01,2026-08-12,14,12-16
btc-updown-5m-1786515000,2026-08-12 06:10:00+00:00,2026-08-12 06:00:35.786000+00:00,564.214,single,True,False,2026-08-12T06:13:27.364Z,,-0.29,0.05,,-0.05,2026-08-12,14,12-16
btc-updown-5m-1786515300,2026-08-12 06:15:00+00:00,2026-08-12 06:09:23.246000+00:00,336.754,single,False,True,,2026-08-12T06:17:58.986Z,-0.29,,0.02,-0.02,2026-08-12,14,12-16
btc-updown-5m-1786515600,2026-08-12 06:20:00+00:00,2026-08-12 06:12:47.155000+00:00,432.845,paired,True,True,2026-08-12T06:24:21.751Z,2026-08-12T06:21:08.807Z,0.42,0.29,0.29,0.42,2026-08-12,14,12-16
btc-updown-5m-1786515900,2026-08-12 06:25:00+00:00,2026-08-12 06:16:03.097000+00:00,536.903,paired,True,True,2026-08-12T06:27:10.679Z,2026-08-12T06:27:40.583Z,0.42,0.29,0.25,0.45999999999999996,2026-08-12,14,12-16
btc-updown-5m-1786516200,2026-08-12 06:30:00+00:00,2026-08-12 06:25:06.609000+00:00,293.391,none,False,False,,,0.0,,,0.0,2026-08-12,14,12-16
btc-updown-5m-1786516500,2026-08-12 06:35:00+00:00,2026-08-12 06:27:30.768000+00:00,449.232,single,False,True,,2026-08-12T06:35:18.653Z,-0.29,,0.2,-0.2,2026-08-12,14,12-16
btc-updown-5m-1786516800,2026-08-12 06:40:00+00:00,2026-08-12 06:35:06.983000+00:00,293.017,none,False,False,,,0.0,,,0.0,2026-08-12,14,12-16
btc-updown-5m-1786517100,2026-08-12 06:45:00+00:00,2026-08-12 06:35:18.346000+00:00,581.654,single,False,True,,2026-08-12T06:46:09.400Z,-0.29,,0.29,-0.29,2026-08-12,14,12-16
btc-updown-5m-1786517400,2026-08-12 06:50:00+00:00,2026-08-12 06:44:41.640000+00:00,318.36,none,False,False,,,0.0,,,0.0,2026-08-12,14,12-16
btc-updown-5m-1786517700,2026-08-12 06:55:00+00:00,2026-08-12 06:46:37.858000+00:00,502.142,single,False,True,,2026-08-12T06:57:44.498Z,-0.29,,0.02,-0.02,2026-08-12,14,12-16
btc-updown-5m-1786518000,2026-08-12 07:00:00+00:00,2026-08-12 06:54:22.780000+00:00,337.22,single,False,True,,2026-08-12T07:01:51.986Z,-0.29,,0.29,-0.29,2026-08-12,14,12-16
btc-updown-5m-1786518300,2026-08-12 07:05:00+00:00,2026-08-12 06:55:14.758000+00:00,585.242,single,False,True,,2026-08-12T07:07:13.376Z,-0.29,,0.19,-0.19,2026-08-12,15,12-16
btc-updown-5m-1786518600,2026-08-12 07:10:00+00:00,2026-08-12 07:03:54.596000+00:00,365.404,single,True,False,2026-08-12T07:12:25.791Z,,-0.29,0.29,,-0.29,2026-08-12,15,12-16
btc-updown-5m-1786518900,2026-08-12 07:15:00+00:00,2026-08-12 07:06:50.866000+00:00,489.134,single,True,False,2026-08-12T07:17:59.921Z,,-0.29,0.13,,-0.13,2026-08-12,15,12-16
btc-updown-5m-1786519200,2026-08-12 07:20:00+00:00,2026-08-12 07:14:32.176000+00:00,327.824,single,True,False,2026-08-12T07:23:15.509Z,,-0.29,0.2,,-0.2,2026-08-12,15,12-16
btc-updown-5m-1786519500,2026-08-12 07:25:00+00:00,2026-08-12 07:15:32.499000+00:00,567.501,single,False,True,,2026-08-12T07:25:16.338Z,-0.29,,0.29,-0.29,2026-08-12,15,12-16
btc-updown-5m-1786519800,2026-08-12 07:30:00+00:00,2026-08-12 07:21:01.050000+00:00,538.95,none,False,False,,,0.0,,,0.0,2026-08-12,15,12-16
btc-updown-5m-1786520100,2026-08-12 07:35:00+00:00,2026-08-12 07:27:06.827000+00:00,473.173,single,True,False,2026-08-12T07:36:23.354Z,,-0.29,0.17,,-0.17,2026-08-12,15,12-16
btc-updown-5m-1786520400,2026-08-12 07:40:00+00:00,2026-08-12 07:30:24.276000+00:00,575.724,none,False,False,,,0.0,,,0.0,2026-08-12,15,12-16
btc-updown-5m-1786520700,2026-08-12 07:45:00+00:00,2026-08-12 07:35:09.314000+00:00,590.686,single,True,False,2026-08-12T07:45:19.767Z,,-0.29,0.22,,-0.22,2026-08-12,15,12-16
btc-updown-5m-1786521000,2026-08-12 07:50:00+00:00,2026-08-12 07:43:27.750000+00:00,392.25,none,False,False,,,0.0,,,0.0,2026-08-12,15,12-16
btc-updown-5m-1786521300,2026-08-12 07:55:00+00:00,2026-08-12 07:46:08.374000+00:00,531.626,single,False,True,,2026-08-12T07:55:56.158Z,-0.29,,0.21,-0.21,2026-08-12,15,12-16
btc-updown-5m-1786521600,2026-08-12 08:00:00+00:00,2026-08-12 07:50:18.030000+00:00,581.97,single,False,True,,2026-08-12T08:04:20.498Z,-0.29,,0.2,-0.2,2026-08-12,15,12-16
btc-updown-5m-1786521900,2026-08-12 08:05:00+00:00,2026-08-12 07:55:14.623000+00:00,585.377,paired,True,True,2026-08-12T08:09:35.344Z,2026-08-12T08:08:35.006Z,0.42,0.29,0.15,0.5599999999999999,2026-08-12,16,16-20
btc-updown-5m-1786522200,2026-08-12 08:10:00+00:00,2026-08-12 08:04:14.953000+00:00,345.047,single,True,False,2026-08-12T08:13:14.924Z,,-0.29,0.29,,-0.29,2026-08-12,16,16-20
btc-updown-5m-1786522500,2026-08-12 08:15:00+00:00,2026-08-12 08:05:32.246000+00:00,567.754,single,False,True,,2026-08-12T08:15:50.572Z,-0.29,,0.29,-0.29,2026-08-12,16,16-20
btc-updown-5m-1786522800,2026-08-12 08:20:00+00:00,2026-08-12 08:15:13.317000+00:00,286.683,none,False,False,,,0.0,,,0.0,2026-08-12,16,16-20
btc-updown-5m-1786523100,2026-08-12 08:25:00+00:00,2026-08-12 08:15:34.819000+00:00,565.181,single,True,False,2026-08-12T08:29:36.124Z,,-0.29,0.29,,-0.29,2026-08-12,16,16-20
btc-updown-5m-1786523400,2026-08-12 08:30:00+00:00,2026-08-12 08:25:30.013000+00:00,269.987,single,True,False,2026-08-12T08:32:08.267Z,,-0.29,0.27,,-0.27,2026-08-12,16,16-20
btc-updown-5m-1786523700,2026-08-12 08:35:00+00:00,2026-08-12 08:25:30.026000+00:00,569.974,single,False,True,,2026-08-12T08:38:49.774Z,-0.29,,0.25,-0.25,2026-08-12,16,16-20
btc-updown-5m-1786524000,2026-08-12 08:40:00+00:00,2026-08-12 08:35:06.118000+00:00,293.882,single,True,False,2026-08-12T08:41:27.644Z,,-0.29,0.18,,-0.18,2026-08-12,16,16-20
btc-updown-5m-1786524300,2026-08-12 08:45:00+00:00,2026-08-12 08:35:18.509000+00:00,581.491,single,False,True,,2026-08-12T08:48:13.700Z,-0.29,,0.02,-0.02,2026-08-12,16,16-20
btc-updown-5m-1786524600,2026-08-12 08:50:00+00:00,2026-08-12 08:41:18.060000+00:00,521.94,single,True,False,2026-08-12T08:53:44.111Z,,-0.29,0.29,,-0.29,2026-08-12,16,16-20
btc-updown-5m-1786524900,2026-08-12 08:55:00+00:00,2026-08-12 08:48:09.429000+00:00,410.571,single,False,True,,2026-08-12T08:58:28.780Z,-0.29,,0.23,-0.23,2026-08-12,16,16-20
btc-updown-5m-1786525200,2026-08-12 09:00:00+00:00,2026-08-12 08:53:33.133000+00:00,386.867,none,False,False,,,0.0,,,0.0,2026-08-12,16,16-20
btc-updown-5m-1786525500,2026-08-12 09:05:00+00:00,2026-08-12 08:55:13.925000+00:00,586.075,single,False,True,,2026-08-12T09:07:12.381Z,-0.29,,0.2,-0.2,2026-08-12,17,16-20
btc-updown-5m-1786525800,2026-08-12 09:10:00+00:00,2026-08-12 09:03:08.691000+00:00,411.309,none,False,False,,,0.0,,,0.0,2026-08-12,17,16-20
btc-updown-5m-1786526100,2026-08-12 09:15:00+00:00,2026-08-12 09:07:03.887000+00:00,476.113,single,False,True,,2026-08-12T09:17:34.882Z,-0.29,,0.19,-0.19,2026-08-12,17,16-20
btc-updown-5m-1786526400,2026-08-12 09:20:00+00:00,2026-08-12 09:12:08.484000+00:00,471.516,single,False,True,,2026-08-12T09:22:36.915Z,-0.29,,0.29,-0.29,2026-08-12,17,16-20
btc-updown-5m-1786526700,2026-08-12 09:25:00+00:00,2026-08-12 09:15:28.580000+00:00,571.42,paired,True,True,2026-08-12T09:27:54.191Z,2026-08-12T09:29:45.503Z,0.42,0.28,0.29,0.43,2026-08-12,17,16-20
btc-updown-5m-1786527000,2026-08-12 09:30:00+00:00,2026-08-12 09:25:38.654000+00:00,261.346,single,False,True,,2026-08-12T09:31:08.038Z,-0.29,,0.29,-0.29,2026-08-12,17,16-20
btc-updown-5m-1786527300,2026-08-12 09:35:00+00:00,2026-08-12 09:25:38.705000+00:00,561.295,single,False,True,,2026-08-12T09:36:57.237Z,-0.29,,0.22,-0.22,2026-08-12,17,16-20
btc-updown-5m-1786527600,2026-08-12 09:40:00+00:00,2026-08-12 09:34:16.823000+00:00,343.177,single,True,False,2026-08-12T09:44:05.227Z,,-0.29,0.29,,-0.29,2026-08-12,17,16-20
btc-updown-5m-1786527900,2026-08-12 09:45:00+00:00,2026-08-12 09:35:28.339000+00:00,571.661,single,False,True,,2026-08-12T09:48:35.384Z,-0.29,,0.19,-0.19,2026-08-12,17,16-20
btc-updown-5m-1786528200,2026-08-12 09:50:00+00:00,2026-08-12 09:42:19.505000+00:00,460.495,none,False,False,,,0.0,,,0.0,2026-08-12,17,16-20
btc-updown-5m-1786528500,2026-08-12 09:55:00+00:00,2026-08-12 09:45:41.216000+00:00,558.784,single,False,True,,2026-08-12T09:56:48.524Z,-0.29,,0.19,-0.19,2026-08-12,17,16-20
btc-updown-5m-1786528800,2026-08-12 10:00:00+00:00,2026-08-12 09:55:05.307000+00:00,294.693,single,False,True,,2026-08-12T10:03:44.726Z,-0.29,,0.01,-0.01,2026-08-12,17,16-20
btc-updown-5m-1786529100,2026-08-12 10:05:00+00:00,2026-08-12 09:56:43.252000+00:00,496.748,single,True,False,2026-08-12T10:07:06.567Z,,-0.29,0.29,,-0.29,2026-08-12,18,16-20
btc-updown-5m-1786529400,2026-08-12 10:10:00+00:00,2026-08-12 10:03:39.444000+00:00,380.556,none,False,False,,,0.0,,,0.0,2026-08-12,18,16-20
btc-updown-5m-1786529700,2026-08-12 10:15:00+00:00,2026-08-12 10:05:22.787000+00:00,577.213,single,True,False,2026-08-12T10:16:26.175Z,,-0.29,0.24,,-0.24,2026-08-12,18,16-20
btc-updown-5m-1786530000,2026-08-12 10:20:00+00:00,2026-08-12 10:15:19.368000+00:00,280.632,single,False,True,,2026-08-12T10:23:08.792Z,-0.29,,0.29,-0.29,2026-08-12,18,16-20
btc-updown-5m-1786530300,2026-08-12 10:25:00+00:00,2026-08-12 10:15:19.398000+00:00,580.602,single,True,False,2026-08-12T10:29:58.253Z,,-0.29,0.29,,-0.29,2026-08-12,18,16-20
btc-updown-5m-1786530600,2026-08-12 10:30:00+00:00,2026-08-12 10:22:29.864000+00:00,450.136,single,False,True,,2026-08-12T10:30:37.196Z,-0.29,,0.26,-0.26,2026-08-12,18,16-20
btc-updown-5m-1786530900,2026-08-12 10:35:00+00:00,2026-08-12 10:25:18.091000+00:00,581.909,none,False,False,,,0.0,,,0.0,2026-08-12,18,16-20
btc-updown-5m-1786531200,2026-08-12 10:40:00+00:00,2026-08-12 10:30:27.184000+00:00,572.816,single,False,True,,2026-08-12T10:41:21.502Z,-0.29,,0.07,-0.07,2026-08-12,18,16-20
btc-updown-5m-1786531500,2026-08-12 10:45:00+00:00,2026-08-12 10:40:10.304000+00:00,289.696,paired,True,True,2026-08-12T10:46:49.102Z,2026-08-12T10:49:08.294Z,0.42,0.22,0.29,0.49000000000000005,2026-08-12,18,16-20
btc-updown-5m-1786531800,2026-08-12 10:50:00+00:00,2026-08-12 10:40:25.971000+00:00,574.029,single,False,True,,2026-08-12T10:50:32.897Z,-0.29,,0.21,-0.21,2026-08-12,18,16-20
btc-updown-5m-1786532100,2026-08-12 10:55:00+00:00,2026-08-12 10:45:29.972000+00:00,570.028,single,True,False,2026-08-12T10:59:02.559Z,,-0.29,0.04,,-0.04,2026-08-12,18,16-20
btc-updown-5m-1786532400,2026-08-12 11:00:00+00:00,2026-08-12 10:51:23.389000+00:00,516.611,single,False,True,,2026-08-12T11:00:19.094Z,-0.29,,0.15,-0.15,2026-08-12,18,16-20
btc-updown-5m-1786532700,2026-08-12 11:05:00+00:00,2026-08-12 10:58:57.207000+00:00,362.793,single,True,False,2026-08-12T11:06:37.712Z,,-0.29,0.22,,-0.22,2026-08-12,19,16-20
btc-updown-5m-1786533000,2026-08-12 11:10:00+00:00,2026-08-12 11:01:08.497000+00:00,531.503,single,False,True,,2026-08-12T11:12:35.800Z,-0.29,,0.18,-0.18,2026-08-12,19,16-20
btc-updown-5m-1786533300,2026-08-12 11:15:00+00:00,2026-08-12 11:05:25.598000+00:00,574.402,none,False,False,,,0.0,,,0.0,2026-08-12,19,16-20
btc-updown-5m-1786533600,2026-08-12 11:20:00+00:00,2026-08-12 11:10:23.712000+00:00,576.288,single,False,True,,2026-08-12T11:23:08.462Z,-0.29,,0.29,-0.29,2026-08-12,19,16-20
btc-updown-5m-1786533900,2026-08-12 11:25:00+00:00,2026-08-12 11:20:02.780000+00:00,297.22,single,True,False,2026-08-12T11:29:45.376Z,,-0.29,0.29,,-0.29,2026-08-12,19,16-20
btc-updown-5m-1786534200,2026-08-12 11:30:00+00:00,2026-08-12 11:20:16.738000+00:00,583.262,paired,True,True,2026-08-12T11:34:47.699Z,2026-08-12T11:32:30.461Z,0.42,0.28,0.19,0.53,2026-08-12,19,16-20
btc-updown-5m-1786534500,2026-08-12 11:35:00+00:00,2026-08-12 11:30:20.623000+00:00,279.377,single,True,False,2026-08-12T11:38:55.613Z,,-0.29,0.29,,-0.29,2026-08-12,19,16-20
btc-updown-5m-1786534800,2026-08-12 11:40:00+00:00,2026-08-12 11:30:30.467000+00:00,569.533,single,True,False,2026-08-12T11:43:47.403Z,,-0.29,0.29,,-0.29,2026-08-12,19,16-20
btc-updown-5m-1786535100,2026-08-12 11:45:00+00:00,2026-08-12 11:36:29.462000+00:00,510.538,single,False,True,,2026-08-12T11:47:50.980Z,-0.29,,0.15,-0.15,2026-08-12,19,16-20
btc-updown-5m-1786535400,2026-08-12 11:50:00+00:00,2026-08-12 11:40:23.728000+00:00,576.272,single,False,True,,2026-08-12T11:51:22.009Z,-0.29,,0.29,-0.29,2026-08-12,19,16-20
btc-updown-5m-1786535700,2026-08-12 11:55:00+00:00,2026-08-12 11:46:57.357000+00:00,482.643,none,False,False,,,0.0,,,0.0,2026-08-12,19,16-20
btc-updown-5m-1786536000,2026-08-12 12:00:00+00:00,2026-08-12 11:52:26.572000+00:00,453.428,paired,True,True,2026-08-12T12:04:31.782Z,2026-08-12T12:00:10.546Z,0.42,0.29,0.29,0.42,2026-08-12,19,16-20
btc-updown-5m-1786536300,2026-08-12 12:05:00+00:00,2026-08-12 11:59:59.241000+00:00,300.759,paired,True,True,2026-08-12T12:07:43.322Z,2026-08-12T12:08:24.701Z,0.42,0.27,0.27,0.45999999999999996,2026-08-12,20,20-24
btc-updown-5m-1786536600,2026-08-12 12:10:00+00:00,2026-08-12 12:02:49.481000+00:00,430.519,single,True,False,2026-08-12T12:13:01.403Z,,-0.29,0.29,,-0.29,2026-08-12,20,20-24
btc-updown-5m-1786536900,2026-08-12 12:15:00+00:00,2026-08-12 12:06:31.806000+00:00,508.194,single,False,True,,2026-08-12T12:18:37.602Z,-0.29,,0.03,-0.03,2026-08-12,20,20-24
btc-updown-5m-1786537200,2026-08-12 12:20:00+00:00,2026-08-12 12:14:28.488000+00:00,331.512,single,False,True,,2026-08-12T12:23:12.517Z,-0.29,,0.29,-0.29,2026-08-12,20,20-24
btc-updown-5m-1786537500,2026-08-12 12:25:00+00:00,2026-08-12 12:18:28.807000+00:00,391.193,single,False,True,,2026-08-12T12:27:48.191Z,-0.29,,0.1,-0.1,2026-08-12,20,20-24
btc-updown-5m-1786537800,2026-08-12 12:30:00+00:00,2026-08-12 12:25:06.078000+00:00,293.922,single,False,True,,2026-08-12T12:33:49.237Z,-0.29,,0.29,-0.29,2026-08-12,20,20-24
btc-updown-5m-1786538100,2026-08-12 12:35:00+00:00,2026-08-12 12:25:41.833000+00:00,558.167,single,True,False,2026-08-12T12:36:00.358Z,,-0.29,0.08,,-0.08,2026-08-12,20,20-24
btc-updown-5m-1786538400,2026-08-12 12:40:00+00:00,2026-08-12 12:35:18.063000+00:00,281.937,none,False,False,,,0.0,,,0.0,2026-08-12,20,20-24
btc-updown-5m-1786538700,2026-08-12 12:45:00+00:00,2026-08-12 12:35:18.244000+00:00,581.756,single,True,False,2026-08-12T12:46:13.851Z,,-0.29,0.24,,-0.24,2026-08-12,20,20-24
btc-updown-5m-1786539000,2026-08-12 12:50:00+00:00,2026-08-12 12:45:19.454000+00:00,280.546,single,False,True,,2026-08-12T12:53:40.713Z,-0.29,,0.01,-0.01,2026-08-12,20,20-24
btc-updown-5m-1786539300,2026-08-12 12:55:00+00:00,2026-08-12 12:45:19.855000+00:00,580.145,single,True,False,2026-08-12T12:58:24.283Z,,-0.29,0.11,,-0.11,2026-08-12,20,20-24
btc-updown-5m-1786539600,2026-08-12 13:00:00+00:00,2026-08-12 12:52:45.076000+00:00,434.924,paired,True,True,2026-08-12T13:02:47.108Z,2026-08-12T13:00:23.026Z,0.42,0.09,0.24,0.67,2026-08-12,20,20-24
btc-updown-5m-1786539900,2026-08-12 13:05:00+00:00,2026-08-12 12:58:18.282000+00:00,401.718,none,False,False,,,0.0,,,0.0,2026-08-12,21,20-24
btc-updown-5m-1786540200,2026-08-12 13:10:00+00:00,2026-08-12 13:00:22.731000+00:00,577.269,paired,True,True,2026-08-12T13:11:46.602Z,2026-08-12T13:10:48.249Z,0.42,0.29,0.29,0.42,2026-08-12,21,20-24
btc-updown-5m-1786540500,2026-08-12 13:15:00+00:00,2026-08-12 13:10:13.313000+00:00,286.687,single,False,True,,2026-08-12T13:18:13.751Z,-0.29,,0.29,-0.29,2026-08-12,21,20-24
btc-updown-5m-1786540800,2026-08-12 13:20:00+00:00,2026-08-12 13:10:13.361000+00:00,586.639,single,True,False,2026-08-12T13:23:25.331Z,,-0.29,0.28,,-0.28,2026-08-12,21,20-24
btc-updown-5m-1786541100,2026-08-12 13:25:00+00:00,2026-08-12 13:20:23.579000+00:00,276.421,single,True,False,2026-08-12T13:26:51.854Z,,-0.29,0.29,,-0.29,2026-08-12,21,20-24
btc-updown-5m-1786541400,2026-08-12 13:30:00+00:00,2026-08-12 13:20:23.639000+00:00,576.361,single,True,False,2026-08-12T13:34:58.131Z,,-0.29,0.21,,-0.21,2026-08-12,21,20-24
btc-updown-5m-1786541700,2026-08-12 13:35:00+00:00,2026-08-12 13:29:29.495000+00:00,330.505,paired,True,True,2026-08-12T13:39:43.029Z,2026-08-12T13:37:00.765Z,0.42,0.15,0.19,0.6599999999999999,2026-08-12,21,20-24
btc-updown-5m-1786542000,2026-08-12 13:40:00+00:00,2026-08-12 13:34:09.744000+00:00,350.256,paired,True,True,2026-08-12T13:41:07.370Z,2026-08-12T13:42:28.961Z,0.42,0.28,0.22,0.5,2026-08-12,21,20-24
btc-updown-5m-1786542300,2026-08-12 13:45:00+00:00,2026-08-12 13:35:50.862000+00:00,549.138,none,False,False,,,0.0,,,0.0,2026-08-12,21,20-24
btc-updown-5m-1786542600,2026-08-12 13:50:00+00:00,2026-08-12 13:41:06.911000+00:00,533.089,single,True,False,2026-08-12T13:52:25.925Z,,-0.29,0.05,,-0.05,2026-08-12,21,20-24
btc-updown-5m-1786542900,2026-08-12 13:55:00+00:00,2026-08-12 13:50:06.968000+00:00,293.032,none,False,False,,,0.0,,,0.0,2026-08-12,21,20-24
btc-updown-5m-1786543200,2026-08-12 14:00:00+00:00,2026-08-12 13:52:15.162000+00:00,464.838,single,True,False,2026-08-12T14:01:46.930Z,,-0.29,0.15,,-0.15,2026-08-12,21,20-24
btc-updown-5m-1786543500,2026-08-12 14:05:00+00:00,2026-08-12 13:59:27.020000+00:00,332.98,none,False,False,,,0.0,,,0.0,2026-08-12,22,20-24
btc-updown-5m-1786543800,2026-08-12 14:10:00+00:00,2026-08-12 14:00:32.933000+00:00,567.067,single,False,True,,2026-08-12T14:11:26.818Z,-0.29,,0.05,-0.05,2026-08-12,22,20-24
btc-updown-5m-1786544100,2026-08-12 14:15:00+00:00,2026-08-12 14:07:56.232000+00:00,423.768,none,False,False,,,0.0,,,0.0,2026-08-12,22,20-24
btc-updown-5m-1786544400,2026-08-12 14:20:00+00:00,2026-08-12 14:10:22.955000+00:00,577.045,single,True,False,2026-08-12T14:22:33.771Z,,-0.29,0.29,,-0.29,2026-08-12,22,20-24
btc-updown-5m-1786544700,2026-08-12 14:25:00+00:00,2026-08-12 14:20:08.678000+00:00,291.322,single,True,False,2026-08-12T14:29:59.343Z,,-0.29,0.01,,-0.01,2026-08-12,22,20-24
btc-updown-5m-1786545000,2026-08-12 14:30:00+00:00,2026-08-12 14:22:56.312000+00:00,423.688,single,True,False,2026-08-12T14:33:27.187Z,,-0.29,0.29,,-0.29,2026-08-12,22,20-24
btc-updown-5m-1786545300,2026-08-12 14:35:00+00:00,2026-08-12 14:29:40.024000+00:00,319.976,none,False,False,,,0.0,,,0.0,2026-08-12,22,20-24
btc-updown-5m-1786545600,2026-08-12 14:40:00+00:00,2026-08-12 14:31:56.489000+00:00,483.511,single,False,True,,2026-08-12T14:44:32.472Z,-0.29,,0.06,-0.06,2026-08-12,22,20-24
btc-updown-5m-1786545900,2026-08-12 14:45:00+00:00,2026-08-12 14:40:33.677000+00:00,266.323,single,True,False,2026-08-12T14:48:15.060Z,,-0.29,0.21,,-0.21,2026-08-12,22,20-24
btc-updown-5m-1786546200,2026-08-12 14:50:00+00:00,2026-08-12 14:40:33.899000+00:00,566.101,none,False,False,,,0.0,,,0.0,2026-08-12,22,20-24
btc-updown-5m-1786546500,2026-08-12 14:55:00+00:00,2026-08-12 14:48:09.365000+00:00,410.635,single,True,False,2026-08-12T14:56:59.959Z,,-0.29,0.13,,-0.13,2026-08-12,22,20-24
btc-updown-5m-1786546800,2026-08-12 15:00:00+00:00,2026-08-12 14:54:29.814000+00:00,330.186,single,False,True,,2026-08-12T15:03:09.371Z,-0.29,,0.09,-0.09,2026-08-12,22,20-24
btc-updown-5m-1786547100,2026-08-12 15:05:00+00:00,2026-08-12 14:55:13.754000+00:00,586.246,single,True,False,2026-08-12T15:09:53.320Z,,-0.29,0.07,,-0.07,2026-08-12,23,20-24
btc-updown-5m-1786547400,2026-08-12 15:10:00+00:00,2026-08-12 15:01:35.559000+00:00,504.441,none,False,False,,,0.0,,,0.0,2026-08-12,23,20-24
btc-updown-5m-1786547700,2026-08-12 15:15:00+00:00,2026-08-12 15:09:44.699000+00:00,315.301,single,False,True,,2026-08-12T15:18:38.566Z,-0.29,,0.12,-0.12,2026-08-12,23,20-24
btc-updown-5m-1786548000,2026-08-12 15:20:00+00:00,2026-08-12 15:15:13.925000+00:00,286.075,none,False,False,,,0.0,,,0.0,2026-08-12,23,20-24
btc-updown-5m-1786548300,2026-08-12 15:25:00+00:00,2026-08-12 15:15:18.316000+00:00,581.684,paired,True,True,2026-08-12T15:27:41.057Z,2026-08-12T15:29:50.926Z,0.42,0.14,0.02,0.84,2026-08-12,23,20-24
btc-updown-5m-1786548600,2026-08-12 15:30:00+00:00,2026-08-12 15:25:09.801000+00:00,290.199,paired,True,True,2026-08-12T15:34:57.075Z,2026-08-12T15:32:18.879Z,0.42,0.01,0.29,0.7,2026-08-12,23,20-24
btc-updown-5m-1786548900,2026-08-12 15:35:00+00:00,2026-08-12 15:25:09.910000+00:00,590.09,single,False,True,,2026-08-12T15:37:43.816Z,-0.29,,0.29,-0.29,2026-08-12,23,20-24
btc-updown-5m-1786549200,2026-08-12 15:40:00+00:00,2026-08-12 15:34:17.442000+00:00,342.558,single,False,True,,2026-08-12T15:42:49.072Z,-0.29,,0.08,-0.08,2026-08-12,23,20-24
btc-updown-5m-1786549500,2026-08-12 15:45:00+00:00,2026-08-12 15:38:56.345000+00:00,363.655,single,True,False,2026-08-12T15:49:53.482Z,,-0.29,0.01,,-0.01,2026-08-12,23,20-24
btc-updown-5m-1786549800,2026-08-12 15:50:00+00:00,2026-08-12 15:42:44.762000+00:00,435.238,single,False,True,,2026-08-12T15:53:26.867Z,-0.29,,0.19,-0.19,2026-08-12,23,20-24
btc-updown-5m-1786550100,2026-08-12 15:55:00+00:00,2026-08-12 15:49:04.316000+00:00,355.684,single,True,False,2026-08-12T15:59:11.447Z,,-0.29,0.01,,-0.01,2026-08-12,23,20-24
btc-updown-5m-1786550400,2026-08-12 16:00:00+00:00,2026-08-12 15:53:16.994000+00:00,403.006,single,False,True,,2026-08-12T16:04:16.769Z,-0.29,,0.28,-0.28,2026-08-12,23,20-24
btc-updown-5m-1786550700,2026-08-12 16:05:00+00:00,2026-08-12 15:57:37.113000+00:00,442.887,single,True,False,2026-08-12T16:08:15.526Z,,-0.29,0.29,,-0.29,2026-08-13,0,00-04
btc-updown-5m-1786551000,2026-08-12 16:10:00+00:00,2026-08-12 16:04:01.257000+00:00,358.743,single,False,True,,2026-08-12T16:13:50.016Z,-0.29,,0.05,-0.05,2026-08-13,0,00-04
btc-updown-5m-1786551300,2026-08-12 16:15:00+00:00,2026-08-12 16:05:22.761000+00:00,577.239,none,False,False,,,0.0,,,0.0,2026-08-13,0,00-04
btc-updown-5m-1786551600,2026-08-12 16:20:00+00:00,2026-08-12 16:13:02.394000+00:00,417.606,paired,True,True,2026-08-12T16:23:05.683Z,2026-08-12T16:24:51.500Z,0.42,0.2,0.27,0.53,2026-08-13,0,00-04
btc-updown-5m-1786551900,2026-08-12 16:25:00+00:00,2026-08-12 16:20:05.464000+00:00,294.536,single,False,True,,2026-08-12T16:29:09.343Z,-0.29,,0.06,-0.06,2026-08-13,0,00-04
btc-updown-5m-1786552200,2026-08-12 16:30:00+00:00,2026-08-12 16:20:13.574000+00:00,586.426,single,True,False,2026-08-12T16:34:36.640Z,,-0.29,0.14,,-0.14,2026-08-13,0,00-04
btc-updown-5m-1786552500,2026-08-12 16:35:00+00:00,2026-08-12 16:25:50.803000+00:00,549.197,single,True,False,2026-08-12T16:39:40.121Z,,-0.29,0.29,,-0.29,2026-08-13,0,00-04
btc-updown-5m-1786552800,2026-08-12 16:40:00+00:00,2026-08-12 16:33:03.583000+00:00,416.417,single,True,False,2026-08-12T16:41:41.831Z,,-0.29,0.29,,-0.29,2026-08-13,0,00-04
btc-updown-5m-1786553100,2026-08-12 16:45:00+00:00,2026-08-12 16:38:20.283000+00:00,399.717,single,True,False,2026-08-12T16:45:43.471Z,,-0.29,0.19,,-0.19,2026-08-13,0,00-04
btc-updown-5m-1786553400,2026-08-12 16:50:00+00:00,2026-08-12 16:41:14.552000+00:00,525.448,none,False,False,,,0.0,,,0.0,2026-08-13,0,00-04
btc-updown-5m-1786553700,2026-08-12 16:55:00+00:00,2026-08-12 16:45:29.009000+00:00,570.991,single,False,True,,2026-08-12T16:55:53.016Z,-0.29,,0.27,-0.27,2026-08-13,0,00-04
btc-updown-5m-1786554000,2026-08-12 17:00:00+00:00,2026-08-12 16:55:14.623000+00:00,285.377,none,False,False,,,0.0,,,0.0,2026-08-13,0,00-04
btc-updown-5m-1786554300,2026-08-12 17:05:00+00:00,2026-08-12 16:55:14.671000+00:00,585.329,single,True,False,2026-08-12T17:08:35.347Z,,-0.29,0.19,,-0.19,2026-08-13,1,00-04
btc-updown-5m-1786554600,2026-08-12 17:10:00+00:00,2026-08-12 17:02:07.524000+00:00,472.476,single,True,False,2026-08-12T17:11:32.449Z,,-0.29,0.29,,-0.29,2026-08-13,1,00-04
btc-updown-5m-1786554900,2026-08-12 17:15:00+00:00,2026-08-12 17:05:13.034000+00:00,586.966,single,False,True,,2026-08-12T17:18:27.308Z,-0.29,,0.15,-0.15,2026-08-13,1,00-04
btc-updown-5m-1786555200,2026-08-12 17:20:00+00:00,2026-08-12 17:12:26.734000+00:00,453.266,single,True,False,2026-08-12T17:21:20.253Z,,-0.29,0.11,,-0.11,2026-08-13,1,00-04
btc-updown-5m-1786555500,2026-08-12 17:25:00+00:00,2026-08-12 17:15:22.546000+00:00,577.454,none,False,False,,,0.0,,,0.0,2026-08-13,1,00-04
btc-updown-5m-1786555800,2026-08-12 17:30:00+00:00,2026-08-12 17:22:13.259000+00:00,466.741,paired,True,True,2026-08-12T17:31:28.876Z,2026-08-12T17:32:21.354Z,0.42,0.23,0.29,0.48000000000000004,2026-08-13,1,00-04
btc-updown-5m-1786556100,2026-08-12 17:35:00+00:00,2026-08-12 17:30:33.325000+00:00,266.675,none,False,False,,,0.0,,,0.0,2026-08-13,1,00-04
btc-updown-5m-1786556400,2026-08-12 17:40:00+00:00,2026-08-12 17:30:33.764000+00:00,566.236,single,False,True,,2026-08-12T17:41:22.818Z,-0.29,,0.23,-0.23,2026-08-13,1,00-04
btc-updown-5m-1786556700,2026-08-12 17:45:00+00:00,2026-08-12 17:39:29.756000+00:00,330.244,single,True,False,2026-08-12T17:47:36.405Z,,-0.29,0.29,,-0.29,2026-08-13,1,00-04
btc-updown-5m-1786557000,2026-08-12 17:50:00+00:00,2026-08-12 17:40:15.552000+00:00,584.448,single,False,True,,2026-08-12T17:50:15.858Z,-0.29,,0.29,-0.29,2026-08-13,1,00-04
btc-updown-5m-1786557300,2026-08-12 17:55:00+00:00,2026-08-12 17:45:25.891000+00:00,574.109,single,True,False,2026-08-12T17:59:25.153Z,,-0.29,0.05,,-0.05,2026-08-13,1,00-04
btc-updown-5m-1786557600,2026-08-12 18:00:00+00:00,2026-08-12 17:51:23.468000+00:00,516.532,single,True,False,2026-08-12T18:03:06.955Z,,-0.29,0.04,,-0.04,2026-08-13,1,00-04
btc-updown-5m-1786557900,2026-08-12 18:05:00+00:00,2026-08-12 17:58:36.417000+00:00,383.583,none,False,False,,,0.0,,,0.0,2026-08-13,2,00-04
btc-updown-5m-1786558200,2026-08-12 18:10:00+00:00,2026-08-12 18:02:38.790000+00:00,441.21,single,False,True,,2026-08-12T18:12:30.089Z,-0.29,,0.08,-0.08,2026-08-13,2,00-04
btc-updown-5m-1786558500,2026-08-12 18:15:00+00:00,2026-08-12 18:05:29.538000+00:00,570.462,single,True,False,2026-08-12T18:19:32.551Z,,-0.29,0.27,,-0.27,2026-08-13,2,00-04
btc-updown-5m-1786558800,2026-08-12 18:20:00+00:00,2026-08-12 18:10:14.970000+00:00,585.03,single,True,False,2026-08-12T18:21:59.568Z,,-0.29,0.27,,-0.27,2026-08-13,2,00-04
btc-updown-5m-1786559100,2026-08-12 18:25:00+00:00,2026-08-12 18:20:01.518000+00:00,298.482,single,False,True,,2026-08-12T18:26:38.332Z,-0.29,,0.29,-0.29,2026-08-13,2,00-04
btc-updown-5m-1786559400,2026-08-12 18:30:00+00:00,2026-08-12 18:20:12.804000+00:00,587.196,none,False,False,,,0.0,,,0.0,2026-08-13,2,00-04
btc-updown-5m-1786559700,2026-08-12 18:35:00+00:00,2026-08-12 18:26:06.678000+00:00,533.322,single,True,False,2026-08-12T18:37:06.844Z,,-0.29,0.13,,-0.13,2026-08-13,2,00-04
btc-updown-5m-1786560000,2026-08-12 18:40:00+00:00,2026-08-12 18:35:17.225000+00:00,282.775,none,False,False,,,0.0,,,0.0,2026-08-13,2,00-04
btc-updown-5m-1786560300,2026-08-12 18:45:00+00:00,2026-08-12 18:35:17.689000+00:00,582.311,single,True,False,2026-08-12T18:48:07.806Z,,-0.29,0.19,,-0.19,2026-08-13,2,00-04
btc-updown-5m-1786560600,2026-08-12 18:50:00+00:00,2026-08-12 18:42:04.071000+00:00,475.929,none,False,False,,,0.0,,,0.0,2026-08-13,2,00-04
btc-updown-5m-1786560900,2026-08-12 18:55:00+00:00,2026-08-12 18:45:35.188000+00:00,564.812,single,False,True,,2026-08-12T18:58:30.907Z,-0.29,,0.26,-0.26,2026-08-13,2,00-04
btc-updown-5m-1786561200,2026-08-12 19:00:00+00:00,2026-08-12 18:55:03.199000+00:00,296.801,single,False,True,,2026-08-12T19:02:36.580Z,-0.29,,0.19,-0.19,2026-08-13,2,00-04
btc-updown-5m-1786561500,2026-08-12 19:05:00+00:00,2026-08-12 18:56:16.030000+00:00,523.97,single,False,True,,2026-08-12T19:08:38.796Z,-0.29,,0.17,-0.17,2026-08-13,3,00-04
btc-updown-5m-1786561800,2026-08-12 19:10:00+00:00,2026-08-12 19:01:55.909000+00:00,484.091,single,True,False,2026-08-12T19:14:39.394Z,,-0.29,0.01,,-0.01,2026-08-13,3,00-04
btc-updown-5m-1786562100,2026-08-12 19:15:00+00:00,2026-08-12 19:05:19.424000+00:00,580.576,single,False,True,,2026-08-12T19:17:49.125Z,-0.29,,0.04,-0.04,2026-08-13,3,00-04
btc-updown-5m-1786562400,2026-08-12 19:20:00+00:00,2026-08-12 19:13:55.645000+00:00,364.355,none,False,False,,,0.0,,,0.0,2026-08-13,3,00-04
btc-updown-5m-1786562700,2026-08-12 19:25:00+00:00,2026-08-12 19:15:55.498000+00:00,544.502,single,True,False,2026-08-12T19:25:19.258Z,,-0.29,0.24,,-0.24,2026-08-13,3,00-04
btc-updown-5m-1786563000,2026-08-12 19:30:00+00:00,2026-08-12 19:25:12.330000+00:00,287.67,paired,True,True,2026-08-12T19:34:23.068Z,2026-08-12T19:32:21.763Z,0.42,0.25,0.25,0.5,2026-08-13,3,00-04
btc-updown-5m-1786563300,2026-08-12 19:35:00+00:00,2026-08-12 19:25:12.367000+00:00,587.633,none,False,False,,,0.0,,,0.0,2026-08-13,3,00-04
btc-updown-5m-1786563600,2026-08-12 19:40:00+00:00,2026-08-12 19:30:32.725000+00:00,567.275,paired,True,True,2026-08-12T19:44:35.839Z,2026-08-12T19:43:55.753Z,0.42,0.27,0.27,0.45999999999999996,2026-08-13,3,00-04
btc-updown-5m-1786563900,2026-08-12 19:45:00+00:00,2026-08-12 19:39:16.953000+00:00,343.047,single,True,False,2026-08-12T19:49:01.410Z,,-0.29,0.25,,-0.25,2026-08-13,3,00-04
btc-updown-5m-1786564200,2026-08-12 19:50:00+00:00,2026-08-12 19:42:43.610000+00:00,436.39,single,True,False,2026-08-12T19:50:39.762Z,,-0.29,0.26,,-0.26,2026-08-13,3,00-04
btc-updown-5m-1786564500,2026-08-12 19:55:00+00:00,2026-08-12 19:50:26.171000+00:00,273.829,single,False,True,,2026-08-12T19:58:03.827Z,-0.29,,0.13,-0.13,2026-08-13,3,00-04
btc-updown-5m-1786564800,2026-08-12 20:00:00+00:00,2026-08-12 19:50:26.465000+00:00,573.535,single,False,True,,2026-08-12T20:03:45.013Z,-0.29,,0.29,-0.29,2026-08-13,3,00-04
btc-updown-5m-1786565100,2026-08-12 20:05:00+00:00,2026-08-12 19:55:18.840000+00:00,581.16,single,True,False,2026-08-12T20:07:03.880Z,,-0.29,0.14,,-0.14,2026-08-13,4,04-08
btc-updown-5m-1786565400,2026-08-12 20:10:00+00:00,2026-08-12 20:04:20.694000+00:00,339.306,none,False,False,,,0.0,,,0.0,2026-08-13,4,04-08
btc-updown-5m-1786565700,2026-08-12 20:15:00+00:00,2026-08-12 20:05:12.586000+00:00,587.414,paired,True,True,2026-08-12T20:16:12.513Z,2026-08-12T20:19:22.597Z,0.42,0.17,0.25,0.58,2026-08-13,4,04-08
btc-updown-5m-1786566000,2026-08-12 20:20:00+00:00,2026-08-12 20:13:50.666000+00:00,369.334,none,False,False,,,0.0,,,0.0,2026-08-13,4,04-08
btc-updown-5m-1786566300,2026-08-12 20:25:00+00:00,2026-08-12 20:15:37.831000+00:00,562.169,single,False,True,,2026-08-12T20:26:51.336Z,-0.29,,0.24,-0.24,2026-08-13,4,04-08
btc-updown-5m-1786566600,2026-08-12 20:30:00+00:00,2026-08-12 20:25:06.905000+00:00,293.095,single,False,True,,2026-08-12T20:33:00.938Z,-0.29,,0.13,-0.13,2026-08-13,4,04-08
btc-updown-5m-1786566900,2026-08-12 20:35:00+00:00,2026-08-12 20:25:24.727000+00:00,575.273,none,False,False,,,0.0,,,0.0,2026-08-13,4,04-08
btc-updown-5m-1786567200,2026-08-12 20:40:00+00:00,2026-08-12 20:32:45.380000+00:00,434.62,paired,True,True,2026-08-12T20:40:32.814Z,2026-08-12T20:43:55.615Z,0.42,0.27,0.29,0.44,2026-08-13,4,04-08
btc-updown-5m-1786567500,2026-08-12 20:45:00+00:00,2026-08-12 20:40:23.612000+00:00,276.388,none,False,False,,,0.0,,,0.0,2026-08-13,4,04-08
btc-updown-5m-1786567800,2026-08-12 20:50:00+00:00,2026-08-12 20:40:23.846000+00:00,576.154,single,False,True,,2026-08-12T20:54:10.924Z,-0.29,,0.29,-0.29,2026-08-13,4,04-08
btc-updown-5m-1786568100,2026-08-12 20:55:00+00:00,2026-08-12 20:48:46.470000+00:00,373.53,single,False,True,,2026-08-12T20:56:34.625Z,-0.29,,0.24,-0.24,2026-08-13,4,04-08
btc-updown-5m-1786568400,2026-08-12 21:00:00+00:00,2026-08-12 20:50:11.372000+00:00,588.628,none,False,False,,,0.0,,,0.0,2026-08-13,4,04-08
btc-updown-5m-1786568700,2026-08-12 21:05:00+00:00,2026-08-12 20:55:20.305000+00:00,579.695,single,True,False,2026-08-12T21:07:26.107Z,,-0.29,0.28,,-0.28,2026-08-13,5,04-08
btc-updown-5m-1786569000,2026-08-12 21:10:00+00:00,2026-08-12 21:02:21.598000+00:00,458.402,single,False,True,,2026-08-12T21:14:33.764Z,-0.29,,0.29,-0.29,2026-08-13,5,04-08
btc-updown-5m-1786569300,2026-08-12 21:15:00+00:00,2026-08-12 21:05:20.899000+00:00,579.101,single,True,False,2026-08-12T21:18:42.410Z,,-0.29,0.07,,-0.07,2026-08-13,5,04-08
btc-updown-5m-1786569600,2026-08-12 21:20:00+00:00,2026-08-12 21:14:50.323000+00:00,309.677,none,False,False,,,0.0,,,0.0,2026-08-13,5,04-08
btc-updown-5m-1786569900,2026-08-12 21:25:00+00:00,2026-08-12 21:18:36.988000+00:00,383.012,single,True,False,2026-08-12T21:25:33.975Z,,-0.29,0.28,,-0.28,2026-08-13,5,04-08
btc-updown-5m-1786570200,2026-08-12 21:30:00+00:00,2026-08-12 21:25:04.363000+00:00,295.637,single,True,False,2026-08-12T21:34:04.964Z,,-0.29,0.29,,-0.29,2026-08-13,5,04-08
btc-updown-5m-1786570500,2026-08-12 21:35:00+00:00,2026-08-12 21:25:33.703000+00:00,566.297,paired,True,True,2026-08-12T21:39:20.283Z,2026-08-12T21:39:41.961Z,0.42,0.28,0.01,0.71,2026-08-13,5,04-08
btc-updown-5m-1786570800,2026-08-12 21:40:00+00:00,2026-08-12 21:35:21.374000+00:00,278.626,single,False,True,,2026-08-12T21:42:23.397Z,-0.29,,0.26,-0.26,2026-08-13,5,04-08
btc-updown-5m-1786571100,2026-08-12 21:45:00+00:00,2026-08-12 21:35:21.385000+00:00,578.615,none,False,False,,,0.0,,,0.0,2026-08-13,5,04-08
btc-updown-5m-1786571400,2026-08-12 21:50:00+00:00,2026-08-12 21:40:25.062000+00:00,574.938,single,False,True,,2026-08-12T21:53:36.730Z,-0.29,,0.06,-0.06,2026-08-13,5,04-08
btc-updown-5m-1786571700,2026-08-12 21:55:00+00:00,2026-08-12 21:48:47.207000+00:00,372.793,single,True,False,2026-08-12T21:55:57.920Z,,-0.29,0.19,,-0.19,2026-08-13,5,04-08
btc-updown-5m-1786572000,2026-08-12 22:00:00+00:00,2026-08-12 21:50:31.603000+00:00,568.397,single,True,False,2026-08-12T22:01:06.014Z,,-0.29,0.29,,-0.29,2026-08-13,5,04-08
btc-updown-5m-1786572300,2026-08-12 22:05:00+00:00,2026-08-12 21:55:57.588000+00:00,542.412,paired,True,True,2026-08-12T22:09:43.390Z,2026-08-12T22:07:12.240Z,0.42,0.28,0.11,0.61,2026-08-13,6,04-08
btc-updown-5m-1786572600,2026-08-12 22:10:00+00:00,2026-08-12 22:05:28.515000+00:00,271.485,none,False,False,,,0.0,,,0.0,2026-08-13,6,04-08
btc-updown-5m-1786572900,2026-08-12 22:15:00+00:00,2026-08-12 22:05:28.706000+00:00,571.294,single,False,True,,2026-08-12T22:17:17.528Z,-0.29,,0.15,-0.15,2026-08-13,6,04-08
btc-updown-5m-1786573200,2026-08-12 22:20:00+00:00,2026-08-12 22:15:07.131000+00:00,292.869,paired,True,True,2026-08-12T22:23:12.313Z,2026-08-12T22:24:54.195Z,0.42,0.15,0.01,0.84,2026-08-13,6,04-08
btc-updown-5m-1786573500,2026-08-12 22:25:00+00:00,2026-08-12 22:16:05.474000+00:00,534.526,single,True,False,2026-08-12T22:27:27.116Z,,-0.29,0.28,,-0.28,2026-08-13,6,04-08
btc-updown-5m-1786573800,2026-08-12 22:30:00+00:00,2026-08-12 22:22:58.786000+00:00,421.214,single,True,False,2026-08-12T22:34:43.559Z,,-0.29,0.01,,-0.01,2026-08-13,6,04-08
btc-updown-5m-1786574100,2026-08-12 22:35:00+00:00,2026-08-12 22:26:31.715000+00:00,508.285,single,True,False,2026-08-12T22:37:32.945Z,,-0.29,0.28,,-0.28,2026-08-13,6,04-08
btc-updown-5m-1786574400,2026-08-12 22:40:00+00:00,2026-08-12 22:34:35.423000+00:00,324.577,none,False,False,,,0.0,,,0.0,2026-08-13,6,04-08
btc-updown-5m-1786574700,2026-08-12 22:45:00+00:00,2026-08-12 22:35:41.956000+00:00,558.044,paired,True,True,2026-08-12T22:49:02.487Z,2026-08-12T22:49:50.787Z,0.42,0.29,0.01,0.7,2026-08-13,6,04-08
btc-updown-5m-1786575000,2026-08-12 22:50:00+00:00,2026-08-12 22:40:16.153000+00:00,583.847,single,False,True,,2026-08-12T22:53:11.982Z,-0.29,,0.29,-0.29,2026-08-13,6,04-08
btc-updown-5m-1786575300,2026-08-12 22:55:00+00:00,2026-08-12 22:45:20.461000+00:00,579.539,single,False,True,,2026-08-12T22:59:21.009Z,-0.29,,0.29,-0.29,2026-08-13,6,04-08
btc-updown-5m-1786575600,2026-08-12 23:00:00+00:00,2026-08-12 22:50:38.202000+00:00,561.798,single,True,False,2026-08-12T23:04:45.791Z,,-0.29,0.01,,-0.01,2026-08-13,6,04-08
btc-updown-5m-1786575900,2026-08-12 23:05:00+00:00,2026-08-12 22:57:44.670000+00:00,435.33,none,False,False,,,0.0,,,0.0,2026-08-13,7,04-08
btc-updown-5m-1786576200,2026-08-12 23:10:00+00:00,2026-08-12 23:03:54.492000+00:00,365.508,single,True,False,2026-08-12T23:13:12.147Z,,-0.29,0.29,,-0.29,2026-08-13,7,04-08
btc-updown-5m-1786576500,2026-08-12 23:15:00+00:00,2026-08-12 23:05:41.563000+00:00,558.437,none,False,False,,,0.0,,,0.0,2026-08-13,7,04-08
btc-updown-5m-1786576800,2026-08-12 23:20:00+00:00,2026-08-12 23:10:12.900000+00:00,587.1,single,True,False,2026-08-12T23:21:49.596Z,,-0.29,0.24,,-0.24,2026-08-13,7,04-08
btc-updown-5m-1786577100,2026-08-12 23:25:00+00:00,2026-08-12 23:20:16.878000+00:00,283.122,single,False,True,,2026-08-12T23:29:02.876Z,-0.29,,0.29,-0.29,2026-08-13,7,04-08
btc-updown-5m-1786577400,2026-08-12 23:30:00+00:00,2026-08-12 23:20:16.893000+00:00,583.107,single,False,True,,2026-08-12T23:34:02.371Z,-0.29,,0.01,-0.01,2026-08-13,7,04-08
btc-updown-5m-1786577700,2026-08-12 23:35:00+00:00,2026-08-12 23:28:25.522000+00:00,394.478,single,False,True,,2026-08-12T23:39:15.727Z,-0.29,,0.29,-0.29,2026-08-13,7,04-08
btc-updown-5m-1786578000,2026-08-12 23:40:00+00:00,2026-08-12 23:33:57.482000+00:00,362.518,none,False,False,,,0.0,,,0.0,2026-08-13,7,04-08
btc-updown-5m-1786578300,2026-08-12 23:45:00+00:00,2026-08-12 23:39:52.108000+00:00,307.892,single,False,True,,2026-08-12T23:46:23.514Z,-0.29,,0.29,-0.29,2026-08-13,7,04-08
btc-updown-5m-1786578600,2026-08-12 23:50:00+00:00,2026-08-12 23:45:15.255000+00:00,284.745,none,False,False,,,0.0,,,0.0,2026-08-13,7,04-08
btc-updown-5m-1786578900,2026-08-12 23:55:00+00:00,2026-08-12 23:45:30.708000+00:00,569.292,single,False,True,,2026-08-12T23:58:27.677Z,-0.29,,0.21,-0.21,2026-08-13,7,04-08
btc-updown-5m-1786579200,2026-08-13 00:00:00+00:00,2026-08-12 23:52:47.332000+00:00,432.668,none,False,False,,,0.0,,,0.0,2026-08-13,7,04-08
btc-updown-5m-1786579500,2026-08-13 00:05:00+00:00,2026-08-12 23:55:14.449000+00:00,585.551,single,False,True,,2026-08-13T00:05:39.623Z,-0.29,,0.12,-0.12,2026-08-13,8,08-12
btc-updown-5m-1786579800,2026-08-13 00:10:00+00:00,2026-08-13 00:05:24.291000+00:00,275.709,none,False,False,,,0.0,,,0.0,2026-08-13,8,08-12
btc-updown-5m-1786580100,2026-08-13 00:15:00+00:00,2026-08-13 00:05:24.527000+00:00,575.473,single,False,True,,2026-08-13T00:18:20.934Z,-0.29,,0.01,-0.01,2026-08-13,8,08-12
btc-updown-5m-1786580400,2026-08-13 00:20:00+00:00,2026-08-13 00:15:31.099000+00:00,268.901,single,True,False,2026-08-13T00:24:46.844Z,,-0.29,0.29,,-0.29,2026-08-13,8,08-12
btc-updown-5m-1786580700,2026-08-13 00:25:00+00:00,2026-08-13 00:16:12.199000+00:00,527.801,single,True,False,2026-08-13T00:26:06.549Z,,-0.29,0.28,,-0.28,2026-08-13,8,08-12
btc-updown-5m-1786581000,2026-08-13 00:30:00+00:00,2026-08-13 00:21:05.721000+00:00,534.279,none,False,False,,,0.0,,,0.0,2026-08-13,8,08-12
btc-updown-5m-1786581300,2026-08-13 00:35:00+00:00,2026-08-13 00:25:17.746000+00:00,582.254,single,True,False,2026-08-13T00:38:01.596Z,,-0.29,0.28,,-0.28,2026-08-13,8,08-12
btc-updown-5m-1786581600,2026-08-13 00:40:00+00:00,2026-08-13 00:35:19.998000+00:00,280.002,none,False,False,,,0.0,,,0.0,2026-08-13,8,08-12
btc-updown-5m-1786581900,2026-08-13 00:45:00+00:00,2026-08-13 00:35:20.266000+00:00,579.734,single,False,True,,2026-08-13T00:48:10.727Z,-0.29,,0.04,-0.04,2026-08-13,8,08-12
btc-updown-5m-1786582200,2026-08-13 00:50:00+00:00,2026-08-13 00:45:05.334000+00:00,294.666,single,False,True,,2026-08-13T00:51:12.195Z,-0.29,,0.18,-0.18,2026-08-13,8,08-12
btc-updown-5m-1786582500,2026-08-13 00:55:00+00:00,2026-08-13 00:47:16.296000+00:00,463.704,none,False,False,,,0.0,,,0.0,2026-08-13,8,08-12
btc-updown-5m-1786582800,2026-08-13 01:00:00+00:00,2026-08-13 00:51:03.470000+00:00,536.53,single,True,False,2026-08-13T01:01:22.798Z,,-0.29,0.11,,-0.11,2026-08-13,8,08-12
btc-updown-5m-1786583100,2026-08-13 01:05:00+00:00,2026-08-13 01:00:34.741000+00:00,265.259,paired,True,True,2026-08-13T01:07:03.536Z,2026-08-13T01:09:38.118Z,0.42,0.29,0.03,0.6799999999999999,2026-08-13,9,08-12
btc-updown-5m-1786583400,2026-08-13 01:10:00+00:00,2026-08-13 01:01:05.446000+00:00,534.554,single,False,True,,2026-08-13T01:10:57.576Z,-0.29,,0.22,-0.22,2026-08-13,9,08-12
btc-updown-5m-1786583700,2026-08-13 01:15:00+00:00,2026-08-13 01:06:40.768000+00:00,499.232,none,False,False,,,0.0,,,0.0,2026-08-13,9,08-12
btc-updown-5m-1786584000,2026-08-13 01:20:00+00:00,2026-08-13 01:10:24.126000+00:00,575.874,single,True,False,2026-08-13T01:22:43.053Z,,-0.29,0.14,,-0.14,2026-08-13,9,08-12
btc-updown-5m-1786584300,2026-08-13 01:25:00+00:00,2026-08-13 01:20:15.206000+00:00,284.794,none,False,False,,,0.0,,,0.0,2026-08-13,9,08-12
btc-updown-5m-1786584600,2026-08-13 01:30:00+00:00,2026-08-13 01:20:27.208000+00:00,572.792,single,False,True,,2026-08-13T01:32:53.548Z,-0.29,,0.13,-0.13,2026-08-13,9,08-12
btc-updown-5m-1786584900,2026-08-13 01:35:00+00:00,2026-08-13 01:30:02.151000+00:00,297.849,single,False,True,,2026-08-13T01:39:41.303Z,-0.29,,0.29,-0.29,2026-08-13,9,08-12
btc-updown-5m-1786585200,2026-08-13 01:40:00+00:00,2026-08-13 01:30:37.656000+00:00,562.344,single,True,False,2026-08-13T01:42:02.177Z,,-0.29,0.06,,-0.06,2026-08-13,9,08-12
btc-updown-5m-1786585500,2026-08-13 01:45:00+00:00,2026-08-13 01:40:02.403000+00:00,297.597,paired,True,True,2026-08-13T01:49:02.531Z,2026-08-13T01:49:37.348Z,0.42,0.29,0.03,0.6799999999999999,2026-08-13,9,08-12
btc-updown-5m-1786585800,2026-08-13 01:50:00+00:00,2026-08-13 01:40:14.698000+00:00,585.302,single,False,True,,2026-08-13T01:51:54.483Z,-0.29,,0.29,-0.29,2026-08-13,9,08-12
btc-updown-5m-1786586100,2026-08-13 01:55:00+00:00,2026-08-13 01:49:31.888000+00:00,328.112,single,False,True,,2026-08-13T01:58:49.271Z,-0.29,,0.26,-0.26,2026-08-13,9,08-12
btc-updown-5m-1786586400,2026-08-13 02:00:00+00:00,2026-08-13 01:50:23.414000+00:00,576.586,single,False,True,,2026-08-13T02:01:09.424Z,-0.29,,0.28,-0.28,2026-08-13,9,08-12
btc-updown-5m-1786586700,2026-08-13 02:05:00+00:00,2026-08-13 02:00:24.940000+00:00,275.06,single,False,True,,2026-08-13T02:08:44.828Z,-0.29,,0.21,-0.21,2026-08-13,10,08-12
btc-updown-5m-1786587000,2026-08-13 02:10:00+00:00,2026-08-13 02:00:25.185000+00:00,574.815,single,True,False,2026-08-13T02:14:30.522Z,,-0.29,0.28,,-0.28,2026-08-13,10,08-12
btc-updown-5m-1786587300,2026-08-13 02:15:00+00:00,2026-08-13 02:05:14.843000+00:00,585.157,single,True,False,2026-08-13T02:17:17.519Z,,-0.29,0.26,,-0.26,2026-08-13,10,08-12
btc-updown-5m-1786587600,2026-08-13 02:20:00+00:00,2026-08-13 02:15:13.740000+00:00,286.26,none,False,False,,,0.0,,,0.0,2026-08-13,10,08-12
btc-updown-5m-1786587900,2026-08-13 02:25:00+00:00,2026-08-13 02:15:34.454000+00:00,565.546,single,False,True,,2026-08-13T02:25:19.239Z,-0.29,,0.29,-0.29,2026-08-13,10,08-12
btc-updown-5m-1786588200,2026-08-13 02:30:00+00:00,2026-08-13 02:25:01.497000+00:00,298.503,single,True,False,2026-08-13T02:34:08.122Z,,-0.29,0.29,,-0.29,2026-08-13,10,08-12
btc-updown-5m-1786588500,2026-08-13 02:35:00+00:00,2026-08-13 02:25:18.908000+00:00,581.092,single,False,True,,2026-08-13T02:35:56.500Z,-0.29,,0.23,-0.23,2026-08-13,10,08-12
btc-updown-5m-1786588800,2026-08-13 02:40:00+00:00,2026-08-13 02:35:13.482000+00:00,286.518,single,False,True,,2026-08-13T02:44:50.508Z,-0.29,,0.001,-0.001,2026-08-13,10,08-12
btc-updown-5m-1786589100,2026-08-13 02:45:00+00:00,2026-08-13 02:35:13.505000+00:00,586.495,single,True,False,2026-08-13T02:47:24.591Z,,-0.29,0.22,,-0.22,2026-08-13,10,08-12
btc-updown-5m-1786589400,2026-08-13 02:50:00+00:00,2026-08-13 02:44:23.776000+00:00,336.224,single,False,True,,2026-08-13T02:52:21.335Z,-0.29,,0.16,-0.16,2026-08-13,10,08-12
btc-updown-5m-1786589700,2026-08-13 02:55:00+00:00,2026-08-13 02:46:31.129000+00:00,508.871,single,False,True,,2026-08-13T02:57:46.963Z,-0.29,,0.29,-0.29,2026-08-13,10,08-12
btc-updown-5m-1786590000,2026-08-13 03:00:00+00:00,2026-08-13 02:50:08.374000+00:00,591.626,single,True,False,2026-08-13T03:04:50.759Z,,-0.29,0.29,,-0.29,2026-08-13,10,08-12
btc-updown-5m-1786590300,2026-08-13 03:05:00+00:00,2026-08-13 02:58:22.883000+00:00,397.117,paired,True,True,2026-08-13T03:09:58.775Z,2026-08-13T03:08:50.574Z,0.42,0.29,0.15,0.5599999999999999,2026-08-13,11,08-12
btc-updown-5m-1786590600,2026-08-13 03:10:00+00:00,2026-08-13 03:00:47.647000+00:00,552.353,single,False,True,,2026-08-13T03:14:39.547Z,-0.29,,0.01,-0.01,2026-08-13,11,08-12
btc-updown-5m-1786590900,2026-08-13 03:15:00+00:00,2026-08-13 03:05:20.495000+00:00,579.505,single,False,True,,2026-08-13T03:19:49.849Z,-0.29,,0.01,-0.01,2026-08-13,11,08-12
btc-updown-5m-1786591200,2026-08-13 03:20:00+00:00,2026-08-13 03:12:29.080000+00:00,450.92,single,False,True,,2026-08-13T03:23:53.686Z,-0.29,,0.28,-0.28,2026-08-13,11,08-12
btc-updown-5m-1786591500,2026-08-13 03:25:00+00:00,2026-08-13 03:19:32.381000+00:00,327.619,single,True,False,2026-08-13T03:25:57.108Z,,-0.29,0.23,,-0.23,2026-08-13,11,08-12
btc-updown-5m-1786591800,2026-08-13 03:30:00+00:00,2026-08-13 03:25:17.655000+00:00,282.345,none,False,False,,,0.0,,,0.0,2026-08-13,11,08-12
btc-updown-5m-1786592100,2026-08-13 03:35:00+00:00,2026-08-13 03:25:17.715000+00:00,582.285,paired,True,True,2026-08-13T03:39:59.921Z,2026-08-13T03:36:09.746Z,0.42,0.01,0.23,0.76,2026-08-13,11,08-12
btc-updown-5m-1786592400,2026-08-13 03:40:00+00:00,2026-08-13 03:34:34.085000+00:00,325.915,single,True,False,2026-08-13T03:43:31.549Z,,-0.29,0.12,,-0.12,2026-08-13,11,08-12
btc-updown-5m-1786592700,2026-08-13 03:45:00+00:00,2026-08-13 03:35:46.174000+00:00,553.826,single,False,True,,2026-08-13T03:47:26.543Z,-0.29,,0.15,-0.15,2026-08-13,11,08-12
btc-updown-5m-1786593000,2026-08-13 03:50:00+00:00,2026-08-13 03:43:31.264000+00:00,388.736,single,True,False,2026-08-13T03:52:12.983Z,,-0.29,0.29,,-0.29,2026-08-13,11,08-12
btc-updown-5m-1786593300,2026-08-13 03:55:00+00:00,2026-08-13 03:47:21.824000+00:00,458.176,single,True,False,2026-08-13T03:57:19.726Z,,-0.29,0.27,,-0.27,2026-08-13,11,08-12
btc-updown-5m-1786593600,2026-08-13 04:00:00+00:00,2026-08-13 03:55:15.670000+00:00,284.33,none,False,False,,,0.0,,,0.0,2026-08-13,11,08-12
btc-updown-5m-1786593900,2026-08-13 04:05:00+00:00,2026-08-13 03:57:15.344000+00:00,464.656,paired,True,True,2026-08-13T04:09:55.893Z,2026-08-13T04:08:51.173Z,0.42,0.01,0.28,0.71,2026-08-13,12,12-16
btc-updown-5m-1786594200,2026-08-13 04:10:00+00:00,2026-08-13 04:03:52.755000+00:00,367.245,paired,True,True,2026-08-13T04:12:12.824Z,2026-08-13T04:14:10.884Z,0.42,0.19,0.29,0.52,2026-08-13,12,12-16
btc-updown-5m-1786594500,2026-08-13 04:15:00+00:00,2026-08-13 04:05:24.511000+00:00,575.489,single,True,False,2026-08-13T04:16:09.403Z,,-0.29,0.1,,-0.1,2026-08-13,12,12-16
btc-updown-5m-1786594800,2026-08-13 04:20:00+00:00,2026-08-13 04:12:04.687000+00:00,475.313,none,False,False,,,0.0,,,0.0,2026-08-13,12,12-16
btc-updown-5m-1786595100,2026-08-13 04:25:00+00:00,2026-08-13 04:15:58.737000+00:00,541.263,single,False,True,,2026-08-13T04:29:18.698Z,-0.29,,0.29,-0.29,2026-08-13,12,12-16
btc-updown-5m-1786595400,2026-08-13 04:30:00+00:00,2026-08-13 04:24:01.737000+00:00,358.263,single,False,True,,2026-08-13T04:30:46.283Z,-0.29,,0.22,-0.22,2026-08-13,12,12-16
btc-updown-5m-1786595700,2026-08-13 04:35:00+00:00,2026-08-13 04:25:23.134000+00:00,576.866,none,False,False,,,0.0,,,0.0,2026-08-13,12,12-16
btc-updown-5m-1786596000,2026-08-13 04:40:00+00:00,2026-08-13 04:31:34.987000+00:00,505.013,single,False,True,,2026-08-13T04:44:42.348Z,-0.29,,0.1,-0.1,2026-08-13,12,12-16
btc-updown-5m-1786596300,2026-08-13 04:45:00+00:00,2026-08-13 04:35:29.310000+00:00,570.69,none,False,False,,,0.0,,,0.0,2026-08-13,12,12-16
btc-updown-5m-1786596600,2026-08-13 04:50:00+00:00,2026-08-13 04:40:20.302000+00:00,579.698,none,False,False,,,0.0,,,0.0,2026-08-13,12,12-16
btc-updown-5m-1786596900,2026-08-13 04:55:00+00:00,2026-08-13 04:50:17.266000+00:00,282.734,single,False,True,,2026-08-13T04:58:47.758Z,-0.29,,0.29,-0.29,2026-08-13,12,12-16
btc-updown-5m-1786597200,2026-08-13 05:00:00+00:00,2026-08-13 04:50:18.125000+00:00,581.875,paired,True,True,2026-08-13T05:01:51.988Z,2026-08-13T05:03:40.143Z,0.42,0.29,0.15,0.5599999999999999,2026-08-13,12,12-16
btc-updown-5m-1786597500,2026-08-13 05:05:00+00:00,2026-08-13 04:55:19.380000+00:00,580.62,single,True,False,2026-08-13T05:09:16.794Z,,-0.29,0.29,,-0.29,2026-08-13,13,12-16
btc-updown-5m-1786597800,2026-08-13 05:10:00+00:00,2026-08-13 05:00:14.890000+00:00,585.11,single,False,True,,2026-08-13T05:10:59.949Z,-0.29,,0.19,-0.19,2026-08-13,13,12-16
btc-updown-5m-1786598100,2026-08-13 05:15:00+00:00,2026-08-13 05:10:17.087000+00:00,282.913,single,False,True,,2026-08-13T05:18:51.403Z,-0.29,,0.29,-0.29,2026-08-13,13,12-16
btc-updown-5m-1786598400,2026-08-13 05:20:00+00:00,2026-08-13 05:10:17.257000+00:00,582.743,none,False,False,,,0.0,,,0.0,2026-08-13,13,12-16
btc-updown-5m-1786598700,2026-08-13 05:25:00+00:00,2026-08-13 05:19:52.137000+00:00,307.863,single,True,False,2026-08-13T05:27:09.936Z,,-0.29,0.18,,-0.18,2026-08-13,13,12-16
btc-updown-5m-1786599000,2026-08-13 05:30:00+00:00,2026-08-13 05:20:35.800000+00:00,564.2,none,False,False,,,0.0,,,0.0,2026-08-13,13,12-16
btc-updown-5m-1786599300,2026-08-13 05:35:00+00:00,2026-08-13 05:25:27.902000+00:00,572.098,none,False,False,,,0.0,,,0.0,2026-08-13,13,12-16
btc-updown-5m-1786599600,2026-08-13 05:40:00+00:00,2026-08-13 05:30:23.441000+00:00,576.559,none,False,False,,,0.0,,,0.0,2026-08-13,13,12-16
btc-updown-5m-1786599900,2026-08-13 05:45:00+00:00,2026-08-13 05:35:22.870000+00:00,577.13,none,False,False,,,0.0,,,0.0,2026-08-13,13,12-16
btc-updown-5m-1786600200,2026-08-13 05:50:00+00:00,2026-08-13 05:40:19.914000+00:00,580.086,none,False,False,,,0.0,,,0.0,2026-08-13,13,12-16
btc-updown-5m-1786600500,2026-08-13 05:55:00+00:00,2026-08-13 05:45:15.796000+00:00,584.204,none,False,False,,,0.0,,,0.0,2026-08-13,13,12-16
btc-updown-5m-1786600800,2026-08-13 06:00:00+00:00,2026-08-13 05:50:11.626000+00:00,588.374,none,False,False,,,0.0,,,0.0,2026-08-13,13,12-16
btc-updown-5m-1786601100,2026-08-13 06:05:00+00:00,2026-08-13 05:55:39.588000+00:00,560.412,single,True,False,2026-08-13T06:06:13.811Z,,-0.29,0.26,,-0.26,2026-08-13,14,12-16
btc-updown-5m-1786601400,2026-08-13 06:10:00+00:00,2026-08-13 06:00:30.728000+00:00,569.272,none,False,False,,,0.0,,,0.0,2026-08-13,14,12-16
btc-updown-5m-1786601700,2026-08-13 06:15:00+00:00,2026-08-13 06:06:28.371000+00:00,511.629,single,True,False,2026-08-13T06:19:20.259Z,,-0.29,0.01,,-0.01,2026-08-13,14,12-16
btc-updown-5m-1786602000,2026-08-13 06:20:00+00:00,2026-08-13 06:15:20.111000+00:00,279.889,none,False,False,,,0.0,,,0.0,2026-08-13,14,12-16
btc-updown-5m-1786602300,2026-08-13 06:25:00+00:00,2026-08-13 06:15:30.290000+00:00,569.71,single,True,False,2026-08-13T06:27:48.995Z,,-0.29,0.28,,-0.28,2026-08-13,14,12-16
btc-updown-5m-1786602600,2026-08-13 06:30:00+00:00,2026-08-13 06:24:06.463000+00:00,353.537,none,False,False,,,0.0,,,0.0,2026-08-13,14,12-16
btc-updown-5m-1786602900,2026-08-13 06:35:00+00:00,2026-08-13 06:26:11.111000+00:00,528.889,single,True,False,2026-08-13T06:39:54.879Z,,-0.29,0.29,,-0.29,2026-08-13,14,12-16
btc-updown-5m-1786603200,2026-08-13 06:40:00+00:00,2026-08-13 06:33:51.695000+00:00,368.305,single,True,False,2026-08-13T06:44:14.534Z,,-0.29,0.04,,-0.04,2026-08-13,14,12-16
btc-updown-5m-1786603500,2026-08-13 06:45:00+00:00,2026-08-13 06:35:25.357000+00:00,574.643,single,False,True,,2026-08-13T06:49:06.013Z,-0.29,,0.01,-0.01,2026-08-13,14,12-16
btc-updown-5m-1786603800,2026-08-13 06:50:00+00:00,2026-08-13 06:40:57.302000+00:00,542.698,single,False,True,,2026-08-13T06:52:07.728Z,-0.29,,0.07,-0.07,2026-08-13,14,12-16
btc-updown-5m-1786604100,2026-08-13 06:55:00+00:00,2026-08-13 06:48:47.809000+00:00,372.191,none,False,False,,,0.0,,,0.0,2026-08-13,14,12-16
btc-updown-5m-1786604400,2026-08-13 07:00:00+00:00,2026-08-13 06:52:06.919000+00:00,473.081,single,True,False,2026-08-13T07:02:13.641Z,,-0.29,0.09,,-0.09,2026-08-13,14,12-16
btc-updown-5m-1786604700,2026-08-13 07:05:00+00:00,2026-08-13 07:00:38.020000+00:00,261.98,none,False,False,,,0.0,,,0.0,2026-08-13,15,12-16
btc-updown-5m-1786605000,2026-08-13 07:10:00+00:00,2026-08-13 07:00:38.176000+00:00,561.824,paired,True,True,2026-08-13T07:14:09.950Z,2026-08-13T07:12:53.758Z,0.42,0.22,0.29,0.49000000000000005,2026-08-13,15,12-16
btc-updown-5m-1786605300,2026-08-13 07:15:00+00:00,2026-08-13 07:10:05.837000+00:00,294.163,paired,True,True,2026-08-13T07:19:45.080Z,2026-08-13T07:18:21.870Z,0.42,0.22,0.25,0.53,2026-08-13,15,12-16
btc-updown-5m-1786605600,2026-08-13 07:20:00+00:00,2026-08-13 07:10:35.391000+00:00,564.609,paired,True,True,2026-08-13T07:20:35.248Z,2026-08-13T07:24:19.538Z,0.42,0.29,0.29,0.42,2026-08-13,15,12-16
btc-updown-5m-1786605900,2026-08-13 07:25:00+00:00,2026-08-13 07:18:17.402000+00:00,402.598,single,True,False,2026-08-13T07:28:07.964Z,,-0.29,0.18,,-0.18,2026-08-13,15,12-16
btc-updown-5m-1786606200,2026-08-13 07:30:00+00:00,2026-08-13 07:20:34.957000+00:00,565.043,single,True,False,2026-08-13T07:33:26.278Z,,-0.29,0.29,,-0.29,2026-08-13,15,12-16
btc-updown-5m-1786606500,2026-08-13 07:35:00+00:00,2026-08-13 07:28:07.500000+00:00,412.5,none,False,False,,,0.0,,,0.0,2026-08-13,15,12-16
btc-updown-5m-1786606800,2026-08-13 07:40:00+00:00,2026-08-13 07:32:18.186000+00:00,461.814,paired,True,True,2026-08-13T07:43:48.821Z,2026-08-13T07:41:56.323Z,0.42,0.25,0.28,0.47,2026-08-13,15,12-16
btc-updown-5m-1786607100,2026-08-13 07:45:00+00:00,2026-08-13 07:36:01.774000+00:00,538.226,none,False,False,,,0.0,,,0.0,2026-08-13,15,12-16
btc-updown-5m-1786607400,2026-08-13 07:50:00+00:00,2026-08-13 07:40:16.408000+00:00,583.592,single,True,False,2026-08-13T07:54:57.126Z,,-0.29,0.29,,-0.29,2026-08-13,15,12-16
btc-updown-5m-1786607700,2026-08-13 07:55:00+00:00,2026-08-13 07:50:29.110000+00:00,270.89,none,False,False,,,0.0,,,0.0,2026-08-13,15,12-16
btc-updown-5m-1786608000,2026-08-13 08:00:00+00:00,2026-08-13 07:50:29.442000+00:00,570.558,single,False,True,,2026-08-13T08:01:22.938Z,-0.29,,0.12,-0.12,2026-08-13,15,12-16
btc-updown-5m-1786608300,2026-08-13 08:05:00+00:00,2026-08-13 07:58:01.223000+00:00,418.777,single,True,False,2026-08-13T08:07:49.291Z,,-0.29,0.29,,-0.29,2026-08-13,16,16-20
btc-updown-5m-1786608600,2026-08-13 08:10:00+00:00,2026-08-13 08:00:40.854000+00:00,559.146,single,True,False,2026-08-13T08:13:30.532Z,,-0.29,0.29,,-0.29,2026-08-13,16,16-20
btc-updown-5m-1786608900,2026-08-13 08:15:00+00:00,2026-08-13 08:10:05.355000+00:00,294.645,single,True,False,2026-08-13T08:19:36.045Z,,-0.29,0.29,,-0.29,2026-08-13,16,16-20
btc-updown-5m-1786609200,2026-08-13 08:20:00+00:00,2026-08-13 08:11:52.277000+00:00,487.723,paired,True,True,2026-08-13T08:24:01.539Z,2026-08-13T08:22:08.134Z,0.42,0.29,0.29,0.42,2026-08-13,16,16-20
btc-updown-5m-1786609500,2026-08-13 08:25:00+00:00,2026-08-13 08:20:21.823000+00:00,278.177,single,True,False,2026-08-13T08:29:50.827Z,,-0.29,0.01,,-0.01,2026-08-13,16,16-20
btc-updown-5m-1786609800,2026-08-13 08:30:00+00:00,2026-08-13 08:23:03.574000+00:00,416.426,single,True,False,2026-08-13T08:32:51.557Z,,-0.29,0.13,,-0.13,2026-08-13,16,16-20
btc-updown-5m-1786610100,2026-08-13 08:35:00+00:00,2026-08-13 08:29:10.435000+00:00,349.565,single,False,True,,2026-08-13T08:37:20.370Z,-0.29,,0.11,-0.11,2026-08-13,16,16-20
btc-updown-5m-1786610400,2026-08-13 08:40:00+00:00,2026-08-13 08:31:10.956000+00:00,529.044,none,False,False,,,0.0,,,0.0,2026-08-13,16,16-20
btc-updown-5m-1786610700,2026-08-13 08:45:00+00:00,2026-08-13 08:37:20.016000+00:00,459.984,single,True,False,2026-08-13T08:47:11.005Z,,-0.29,0.06,,-0.06,2026-08-13,16,16-20
btc-updown-5m-1786611000,2026-08-13 08:50:00+00:00,2026-08-13 08:45:56.772000+00:00,243.228,single,True,False,2026-08-13T08:52:43.943Z,,-0.29,0.29,,-0.29,2026-08-13,16,16-20
btc-updown-5m-1786611300,2026-08-13 08:55:00+00:00,2026-08-13 08:46:17.947000+00:00,522.053,single,False,True,,2026-08-13T08:56:18.555Z,-0.29,,0.17,-0.17,2026-08-13,16,16-20
btc-updown-5m-1786611600,2026-08-13 09:00:00+00:00,2026-08-13 08:55:28.176000+00:00,271.824,none,False,False,,,0.0,,,0.0,2026-08-13,16,16-20
btc-updown-5m-1786611900,2026-08-13 09:05:00+00:00,2026-08-13 08:55:28.717000+00:00,571.283,none,False,False,,,0.0,,,0.0,2026-08-13,17,16-20
btc-updown-5m-1786612200,2026-08-13 09:10:00+00:00,2026-08-13 09:05:08.279000+00:00,291.721,single,True,False,2026-08-13T09:11:47.193Z,,-0.29,0.29,,-0.29,2026-08-13,17,16-20
btc-updown-5m-1786612500,2026-08-13 09:15:00+00:00,2026-08-13 09:05:25.248000+00:00,574.752,none,False,False,,,0.0,,,0.0,2026-08-13,17,16-20
btc-updown-5m-1786612800,2026-08-13 09:20:00+00:00,2026-08-13 09:11:34.231000+00:00,505.769,single,False,True,,2026-08-13T09:22:20.512Z,-0.29,,0.14,-0.14,2026-08-13,17,16-20
btc-updown-5m-1786613100,2026-08-13 09:25:00+00:00,2026-08-13 09:20:46.926000+00:00,253.074,none,False,False,,,0.0,,,0.0,2026-08-13,17,16-20
btc-updown-5m-1786613400,2026-08-13 09:30:00+00:00,2026-08-13 09:21:01.543000+00:00,538.457,single,False,True,,2026-08-13T09:32:44.409Z,-0.29,,0.06,-0.06,2026-08-13,17,16-20
btc-updown-5m-1786613700,2026-08-13 09:35:00+00:00,2026-08-13 09:30:17.687000+00:00,282.313,single,True,False,2026-08-13T09:38:06.844Z,,-0.29,0.04,,-0.04,2026-08-13,17,16-20
btc-updown-5m-1786614000,2026-08-13 09:40:00+00:00,2026-08-13 09:32:40.785000+00:00,439.215,single,True,False,2026-08-13T09:44:26.156Z,,-0.29,0.29,,-0.29,2026-08-13,17,16-20
btc-updown-5m-1786614300,2026-08-13 09:45:00+00:00,2026-08-13 09:38:00.976000+00:00,419.024,single,False,True,,2026-08-13T09:47:45.426Z,-0.29,,0.09,-0.09,2026-08-13,17,16-20
btc-updown-5m-1786614600,2026-08-13 09:50:00+00:00,2026-08-13 09:45:57.030000+00:00,242.97,none,False,False,,,0.0,,,0.0,2026-08-13,17,16-20
btc-updown-5m-1786614900,2026-08-13 09:55:00+00:00,2026-08-13 09:46:46.406000+00:00,493.594,single,False,True,,2026-08-13T09:58:35.082Z,-0.29,,0.04,-0.04,2026-08-13,17,16-20
btc-updown-5m-1786615200,2026-08-13 10:00:00+00:00,2026-08-13 09:55:07.887000+00:00,292.113,single,False,True,,2026-08-13T10:03:19.139Z,-0.29,,0.29,-0.29,2026-08-13,17,16-20
btc-updown-5m-1786615500,2026-08-13 10:05:00+00:00,2026-08-13 09:55:20.914000+00:00,579.086,single,False,True,,2026-08-13T10:09:25.059Z,-0.29,,0.29,-0.29,2026-08-13,18,16-20
btc-updown-5m-1786615800,2026-08-13 10:10:00+00:00,2026-08-13 10:05:20.066000+00:00,279.934,single,False,True,,2026-08-13T10:11:16.922Z,-0.29,,0.23,-0.23,2026-08-13,18,16-20
btc-updown-5m-1786616100,2026-08-13 10:15:00+00:00,2026-08-13 10:05:38.293000+00:00,561.707,single,False,True,,2026-08-13T10:18:38.489Z,-0.29,,0.29,-0.29,2026-08-13,18,16-20
btc-updown-5m-1786616400,2026-08-13 10:20:00+00:00,2026-08-13 10:11:03.509000+00:00,536.491,none,False,False,,,0.0,,,0.0,2026-08-13,18,16-20
btc-updown-5m-1786616700,2026-08-13 10:25:00+00:00,2026-08-13 10:15:53.067000+00:00,546.933,single,False,True,,2026-08-13T10:26:59.629Z,-0.29,,0.21,-0.21,2026-08-13,18,16-20
btc-updown-5m-1786617000,2026-08-13 10:30:00+00:00,2026-08-13 10:25:10.740000+00:00,289.26,single,True,False,2026-08-13T10:33:42.378Z,,-0.29,0.29,,-0.29,2026-08-13,18,16-20
btc-updown-5m-1786617300,2026-08-13 10:35:00+00:00,2026-08-13 10:25:11.128000+00:00,588.872,single,False,True,,2026-08-13T10:36:11.253Z,-0.29,,0.25,-0.25,2026-08-13,18,16-20
btc-updown-5m-1786617600,2026-08-13 10:40:00+00:00,2026-08-13 10:35:21.589000+00:00,278.411,none,False,False,,,0.0,,,0.0,2026-08-13,18,16-20
btc-updown-5m-1786617900,2026-08-13 10:45:00+00:00,2026-08-13 10:35:21.642000+00:00,578.358,single,False,True,,2026-08-13T10:48:33.074Z,-0.29,,0.19,-0.19,2026-08-13,18,16-20
btc-updown-5m-1786618200,2026-08-13 10:50:00+00:00,2026-08-13 10:45:07.771000+00:00,292.229,none,False,False,,,0.0,,,0.0,2026-08-13,18,16-20
btc-updown-5m-1786618500,2026-08-13 10:55:00+00:00,2026-08-13 10:45:38.593000+00:00,561.407,single,False,True,,2026-08-13T10:58:41.374Z,-0.29,,0.21,-0.21,2026-08-13,18,16-20
btc-updown-5m-1786618800,2026-08-13 11:00:00+00:00,2026-08-13 10:52:50.160000+00:00,429.84,none,False,False,,,0.0,,,0.0,2026-08-13,18,16-20
btc-updown-5m-1786619100,2026-08-13 11:05:00+00:00,2026-08-13 10:55:21.195000+00:00,578.805,single,True,False,2026-08-13T11:06:38.523Z,,-0.29,0.15,,-0.15,2026-08-13,19,16-20
btc-updown-5m-1786619400,2026-08-13 11:10:00+00:00,2026-08-13 11:05:40.444000+00:00,259.556,single,False,True,,2026-08-13T11:14:48.754Z,-0.29,,0.01,-0.01,2026-08-13,19,16-20
btc-updown-5m-1786619700,2026-08-13 11:15:00+00:00,2026-08-13 11:05:50.512000+00:00,549.488,single,True,False,2026-08-13T11:19:17.518Z,,-0.29,0.18,,-0.18,2026-08-13,19,16-20
btc-updown-5m-1786620000,2026-08-13 11:20:00+00:00,2026-08-13 11:14:43.427000+00:00,316.573,single,True,False,2026-08-13T11:21:47.989Z,,-0.29,0.03,,-0.03,2026-08-13,19,16-20
btc-updown-5m-1786620300,2026-08-13 11:25:00+00:00,2026-08-13 11:16:19.726000+00:00,520.274,none,False,False,,,0.0,,,0.0,2026-08-13,19,16-20
btc-updown-5m-1786620600,2026-08-13 11:30:00+00:00,2026-08-13 11:21:47.506000+00:00,492.494,single,True,False,2026-08-13T11:33:39.284Z,,-0.29,0.01,,-0.01,2026-08-13,19,16-20
btc-updown-5m-1786620900,2026-08-13 11:35:00+00:00,2026-08-13 11:30:40.742000+00:00,259.258,none,False,False,,,0.0,,,0.0,2026-08-13,19,16-20
btc-updown-5m-1786621200,2026-08-13 11:40:00+00:00,2026-08-13 11:30:41.506000+00:00,558.494,single,True,False,2026-08-13T11:42:38.735Z,,-0.29,0.1,,-0.1,2026-08-13,19,16-20
btc-updown-5m-1786621500,2026-08-13 11:45:00+00:00,2026-08-13 11:40:35.482000+00:00,264.518,single,False,True,,2026-08-13T11:49:23.056Z,-0.29,,0.29,-0.29,2026-08-13,19,16-20
btc-updown-5m-1786621800,2026-08-13 11:50:00+00:00,2026-08-13 11:40:35.589000+00:00,564.411,single,True,False,2026-08-13T11:51:46.687Z,,-0.29,0.24,,-0.24,2026-08-13,19,16-20
btc-updown-5m-1786622100,2026-08-13 11:55:00+00:00,2026-08-13 11:50:11.124000+00:00,288.876,none,False,False,,,0.0,,,0.0,2026-08-13,19,16-20
btc-updown-5m-1786622400,2026-08-13 12:00:00+00:00,2026-08-13 11:50:20.843000+00:00,579.157,single,True,False,2026-08-13T12:03:40.218Z,,-0.29,0.1,,-0.1,2026-08-13,19,16-20
btc-updown-5m-1786622700,2026-08-13 12:05:00+00:00,2026-08-13 11:58:46.585000+00:00,373.415,none,False,False,,,0.0,,,0.0,2026-08-13,20,20-24
btc-updown-5m-1786623000,2026-08-13 12:10:00+00:00,2026-08-13 12:00:51.038000+00:00,548.962,paired,True,True,2026-08-13T12:12:36.998Z,2026-08-13T12:13:45.503Z,0.42,0.29,0.14,0.57,2026-08-13,20,20-24
btc-updown-5m-1786623300,2026-08-13 12:15:00+00:00,2026-08-13 12:10:11.133000+00:00,288.867,single,True,False,2026-08-13T12:18:37.419Z,,-0.29,0.18,,-0.18,2026-08-13,20,20-24
btc-updown-5m-1786623600,2026-08-13 12:20:00+00:00,2026-08-13 12:10:23.246000+00:00,576.754,single,False,True,,2026-08-13T12:24:14.899Z,-0.29,,0.04,-0.04,2026-08-13,20,20-24
btc-updown-5m-1786623900,2026-08-13 12:25:00+00:00,2026-08-13 12:17:26.606000+00:00,453.394,single,False,True,,2026-08-13T12:26:39.433Z,-0.29,,0.14,-0.14,2026-08-13,20,20-24
btc-updown-5m-1786624200,2026-08-13 12:30:00+00:00,2026-08-13 12:24:09.751000+00:00,350.249,single,False,True,,2026-08-13T12:33:33.005Z,-0.29,,0.29,-0.29,2026-08-13,20,20-24
btc-updown-5m-1786624500,2026-08-13 12:35:00+00:00,2026-08-13 12:26:33.866000+00:00,506.134,paired,True,True,2026-08-13T12:39:16.809Z,2026-08-13T12:36:29.898Z,0.42,0.05,0.29,0.6599999999999999,2026-08-13,20,20-24
btc-updown-5m-1786624800,2026-08-13 12:40:00+00:00,2026-08-13 12:35:22.035000+00:00,277.965,single,True,False,2026-08-13T12:42:28.534Z,,-0.29,0.29,,-0.29,2026-08-13,20,20-24
btc-updown-5m-1786625100,2026-08-13 12:45:00+00:00,2026-08-13 12:35:22.049000+00:00,577.951,single,False,True,,2026-08-13T12:49:37.617Z,-0.29,,0.03,-0.03,2026-08-13,20,20-24
btc-updown-5m-1786625400,2026-08-13 12:50:00+00:00,2026-08-13 12:43:25.485000+00:00,394.515,single,False,True,,2026-08-13T12:50:40.284Z,-0.29,,0.23,-0.23,2026-08-13,20,20-24
btc-updown-5m-1786625700,2026-08-13 12:55:00+00:00,2026-08-13 12:49:25.347000+00:00,334.653,none,False,False,,,0.0,,,0.0,2026-08-13,20,20-24
btc-updown-5m-1786626000,2026-08-13 13:00:00+00:00,2026-08-13 12:50:39.955000+00:00,560.045,single,False,True,,2026-08-13T13:02:17.501Z,-0.29,,0.06,-0.06,2026-08-13,20,20-24
btc-updown-5m-1786626300,2026-08-13 13:05:00+00:00,2026-08-13 13:00:58.709000+00:00,241.291,single,False,True,,2026-08-13T13:08:39.369Z,-0.29,,0.01,-0.01,2026-08-13,21,20-24
btc-updown-5m-1786626600,2026-08-13 13:10:00+00:00,2026-08-13 13:01:35.350000+00:00,504.65,single,True,False,2026-08-13T13:13:28.584Z,,-0.29,0.19,,-0.19,2026-08-13,21,20-24
btc-updown-5m-1786626900,2026-08-13 13:15:00+00:00,2026-08-13 13:06:28.701000+00:00,511.299,single,True,False,2026-08-13T13:19:13.639Z,,-0.29,0.29,,-0.29,2026-08-13,21,20-24
btc-updown-5m-1786627200,2026-08-13 13:20:00+00:00,2026-08-13 13:13:14.038000+00:00,405.962,single,True,False,2026-08-13T13:22:45.740Z,,-0.29,0.14,,-0.14,2026-08-13,21,20-24
btc-updown-5m-1786627500,2026-08-13 13:25:00+00:00,2026-08-13 13:20:37.055000+00:00,262.945,single,True,False,2026-08-13T13:28:57.055Z,,-0.29,0.29,,-0.29,2026-08-13,21,20-24
btc-updown-5m-1786627800,2026-08-13 13:30:00+00:00,2026-08-13 13:20:50.014000+00:00,549.986,single,False,True,,2026-08-13T13:34:35.931Z,-0.29,,0.01,-0.01,2026-08-13,21,20-24
btc-updown-5m-1786628100,2026-08-13 13:35:00+00:00,2026-08-13 13:25:10.955000+00:00,589.045,single,False,True,,2026-08-13T13:39:25.489Z,-0.29,,0.01,-0.01,2026-08-13,21,20-24
btc-updown-5m-1786628400,2026-08-13 13:40:00+00:00,2026-08-13 13:30:34.710000+00:00,565.29,single,False,True,,2026-08-13T13:42:34.640Z,-0.29,,0.1,-0.1,2026-08-13,21,20-24
btc-updown-5m-1786628700,2026-08-13 13:45:00+00:00,2026-08-13 13:39:12.648000+00:00,347.352,none,False,False,,,0.0,,,0.0,2026-08-13,21,20-24
btc-updown-5m-1786629000,2026-08-13 13:50:00+00:00,2026-08-13 13:42:20.330000+00:00,459.67,single,True,False,2026-08-13T13:51:29.843Z,,-0.29,0.14,,-0.14,2026-08-13,21,20-24
btc-updown-5m-1786629300,2026-08-13 13:55:00+00:00,2026-08-13 13:46:16.835000+00:00,523.165,none,False,False,,,0.0,,,0.0,2026-08-13,21,20-24
btc-updown-5m-1786629600,2026-08-13 14:00:00+00:00,2026-08-13 13:50:26.398000+00:00,573.602,single,False,True,,2026-08-13T14:01:53.140Z,-0.29,,0.29,-0.29,2026-08-13,21,20-24
btc-updown-5m-1786629900,2026-08-13 14:05:00+00:00,2026-08-13 14:00:10.721000+00:00,289.279,single,False,True,,2026-08-13T14:09:37.341Z,-0.29,,0.11,-0.11,2026-08-13,22,20-24
btc-updown-5m-1786630200,2026-08-13 14:10:00+00:00,2026-08-13 14:00:11.501000+00:00,588.499,single,False,True,,2026-08-13T14:11:41.701Z,-0.29,,0.1,-0.1,2026-08-13,22,20-24
btc-updown-5m-1786630500,2026-08-13 14:15:00+00:00,2026-08-13 14:05:25.318000+00:00,574.682,none,False,False,,,0.0,,,0.0,2026-08-13,22,20-24
btc-updown-5m-1786630800,2026-08-13 14:20:00+00:00,2026-08-13 14:10:27.201000+00:00,572.799,paired,True,True,2026-08-13T14:20:35.363Z,2026-08-13T14:22:36.369Z,0.42,0.23,0.28,0.49,2026-08-13,22,20-24
btc-updown-5m-1786631100,2026-08-13 14:25:00+00:00,2026-08-13 14:20:13.600000+00:00,286.4,none,False,False,,,0.0,,,0.0,2026-08-13,22,20-24
btc-updown-5m-1786631400,2026-08-13 14:30:00+00:00,2026-08-13 14:21:39.670000+00:00,500.33,single,False,True,,2026-08-13T14:33:18.712Z,-0.29,,0.01,-0.01,2026-08-13,22,20-24
btc-updown-5m-1786631700,2026-08-13 14:35:00+00:00,2026-08-13 14:30:54.951000+00:00,245.049,single,False,True,,2026-08-13T14:37:59.630Z,-0.29,,0.13,-0.13,2026-08-13,22,20-24
btc-updown-5m-1786632000,2026-08-13 14:40:00+00:00,2026-08-13 14:31:38.297000+00:00,501.703,single,True,False,2026-08-13T14:44:52.067Z,,-0.29,0.29,,-0.29,2026-08-13,22,20-24
btc-updown-5m-1786632300,2026-08-13 14:45:00+00:00,2026-08-13 14:36:37.994000+00:00,502.006,single,True,False,2026-08-13T14:48:14.596Z,,-0.29,0.15,,-0.15,2026-08-13,22,20-24
btc-updown-5m-1786632600,2026-08-13 14:50:00+00:00,2026-08-13 14:43:09.533000+00:00,410.467,single,True,False,2026-08-13T14:53:01.687Z,,-0.29,0.15,,-0.15,2026-08-13,22,20-24
btc-updown-5m-1786632900,2026-08-13 14:55:00+00:00,2026-08-13 14:45:19.115000+00:00,580.885,none,False,False,,,0.0,,,0.0,2026-08-13,22,20-24
btc-updown-5m-1786633200,2026-08-13 15:00:00+00:00,2026-08-13 14:51:31.146000+00:00,508.854,single,False,True,,2026-08-13T15:03:40.981Z,-0.29,,0.03,-0.03,2026-08-13,22,20-24
btc-updown-5m-1786633500,2026-08-13 15:05:00+00:00,2026-08-13 15:00:01.191000+00:00,298.809,none,False,False,,,0.0,,,0.0,2026-08-13,23,20-24
btc-updown-5m-1786633800,2026-08-13 15:10:00+00:00,2026-08-13 15:00:58.019000+00:00,541.981,single,False,True,,2026-08-13T15:12:03.412Z,-0.29,,0.07,-0.07,2026-08-13,23,20-24
btc-updown-5m-1786634100,2026-08-13 15:15:00+00:00,2026-08-13 15:10:05.935000+00:00,294.065,none,False,False,,,0.0,,,0.0,2026-08-13,23,20-24
btc-updown-5m-1786634400,2026-08-13 15:20:00+00:00,2026-08-13 15:10:24.466000+00:00,575.534,paired,True,True,2026-08-13T15:23:58.418Z,2026-08-13T15:22:27.084Z,0.42,0.07,0.2,0.73,2026-08-13,23,20-24
btc-updown-5m-1786634700,2026-08-13 15:25:00+00:00,2026-08-13 15:20:20.420000+00:00,279.58,single,True,False,2026-08-13T15:29:02.940Z,,-0.29,0.29,,-0.29,2026-08-13,23,20-24
btc-updown-5m-1786635000,2026-08-13 15:30:00+00:00,2026-08-13 15:20:20.641000+00:00,579.359,none,False,False,,,0.0,,,0.0,2026-08-13,23,20-24
btc-updown-5m-1786635300,2026-08-13 15:35:00+00:00,2026-08-13 15:29:56.592000+00:00,303.408,single,False,True,,2026-08-13T15:39:12.363Z,-0.29,,0.06,-0.06,2026-08-13,23,20-24
btc-updown-5m-1786635600,2026-08-13 15:40:00+00:00,2026-08-13 15:34:50.355000+00:00,309.645,single,False,True,,2026-08-13T15:44:23.816Z,-0.29,,0.29,-0.29,2026-08-13,23,20-24
btc-updown-5m-1786635900,2026-08-13 15:45:00+00:00,2026-08-13 15:35:22.210000+00:00,577.79,single,True,False,2026-08-13T15:48:15.071Z,,-0.29,0.01,,-0.01,2026-08-13,23,20-24
btc-updown-5m-1786636200,2026-08-13 15:50:00+00:00,2026-08-13 15:45:40.975000+00:00,259.025,none,False,False,,,0.0,,,0.0,2026-08-13,23,20-24
btc-updown-5m-1786636500,2026-08-13 15:55:00+00:00,2026-08-13 15:46:30.818000+00:00,509.182,single,True,False,2026-08-13T15:58:48.373Z,,-0.29,0.01,,-0.01,2026-08-13,23,20-24
btc-updown-5m-1786636800,2026-08-13 16:00:00+00:00,2026-08-13 15:55:08.692000+00:00,291.308,single,False,True,,2026-08-13T16:03:54.510Z,-0.29,,0.07,-0.07,2026-08-13,23,20-24
btc-updown-5m-1786637100,2026-08-13 16:05:00+00:00,2026-08-13 15:58:28.408000+00:00,391.592,single,False,True,,2026-08-13T16:09:16.470Z,-0.29,,0.13,-0.13,2026-08-14,0,00-04
btc-updown-5m-1786637400,2026-08-13 16:10:00+00:00,2026-08-13 16:03:44.251000+00:00,375.749,single,True,False,2026-08-13T16:11:42.296Z,,-0.29,0.29,,-0.29,2026-08-14,0,00-04
btc-updown-5m-1786637700,2026-08-13 16:15:00+00:00,2026-08-13 16:05:32.947000+00:00,567.053,single,False,True,,2026-08-13T16:18:35.639Z,-0.29,,0.14,-0.14,2026-08-14,0,00-04
btc-updown-5m-1786638000,2026-08-13 16:20:00+00:00,2026-08-13 16:12:04.882000+00:00,475.118,single,False,True,,2026-08-13T16:24:14.392Z,-0.29,,0.01,-0.01,2026-08-14,0,00-04
btc-updown-5m-1786638300,2026-08-13 16:25:00+00:00,2026-08-13 16:16:26.020000+00:00,513.98,single,True,False,2026-08-13T16:29:38.554Z,,-0.29,0.01,,-0.01,2026-08-14,0,00-04
btc-updown-5m-1786638600,2026-08-13 16:30:00+00:00,2026-08-13 16:23:47.544000+00:00,372.456,single,False,True,,2026-08-13T16:32:27.698Z,-0.29,,0.19,-0.19,2026-08-14,0,00-04
btc-updown-5m-1786638900,2026-08-13 16:35:00+00:00,2026-08-13 16:29:23.374000+00:00,336.626,none,False,False,,,0.0,,,0.0,2026-08-14,0,00-04
btc-updown-5m-1786639200,2026-08-13 16:40:00+00:00,2026-08-13 16:32:10.406000+00:00,469.594,single,True,False,2026-08-13T16:41:59.680Z,,-0.29,0.09,,-0.09,2026-08-14,0,00-04
btc-updown-5m-1786639500,2026-08-13 16:45:00+00:00,2026-08-13 16:40:20.547000+00:00,279.453,none,False,False,,,0.0,,,0.0,2026-08-14,0,00-04
btc-updown-5m-1786639800,2026-08-13 16:50:00+00:00,2026-08-13 16:40:20.564000+00:00,579.436,paired,True,True,2026-08-13T16:54:20.573Z,2026-08-13T16:50:54.891Z,0.42,0.01,0.23,0.76,2026-08-14,0,00-04
btc-updown-5m-1786640100,2026-08-13 16:55:00+00:00,2026-08-13 16:46:26.075000+00:00,513.925,single,False,True,,2026-08-13T16:58:51.641Z,-0.29,,0.15,-0.15,2026-08-14,0,00-04
btc-updown-5m-1786640400,2026-08-13 17:00:00+00:00,2026-08-13 16:50:34.553000+00:00,565.447,single,True,False,2026-08-13T17:04:53.420Z,,-0.29,0.29,,-0.29,2026-08-14,0,00-04
btc-updown-5m-1786640700,2026-08-13 17:05:00+00:00,2026-08-13 16:58:47.251000+00:00,372.749,none,False,False,,,0.0,,,0.0,2026-08-14,1,00-04
btc-updown-5m-1786641000,2026-08-13 17:10:00+00:00,2026-08-13 17:05:02.477000+00:00,297.523,single,False,True,,2026-08-13T17:13:17.253Z,-0.29,,0.26,-0.26,2026-08-14,1,00-04
btc-updown-5m-1786641300,2026-08-13 17:15:00+00:00,2026-08-13 17:10:17.918000+00:00,282.082,none,False,False,,,0.0,,,0.0,2026-08-14,1,00-04
btc-updown-5m-1786641600,2026-08-13 17:20:00+00:00,2026-08-13 17:10:27.734000+00:00,572.266,single,False,True,,2026-08-13T17:21:42.670Z,-0.29,,0.05,-0.05,2026-08-14,1,00-04
btc-updown-5m-1786641900,2026-08-13 17:25:00+00:00,2026-08-13 17:16:19.975000+00:00,520.025,none,False,False,,,0.0,,,0.0,2026-08-14,1,00-04
btc-updown-5m-1786642200,2026-08-13 17:30:00+00:00,2026-08-13 17:20:18.047000+00:00,581.953,single,False,True,,2026-08-13T17:33:05.064Z,-0.29,,0.03,-0.03,2026-08-14,1,00-04
btc-updown-5m-1786642500,2026-08-13 17:35:00+00:00,2026-08-13 17:30:34.730000+00:00,265.27,single,True,False,2026-08-13T17:38:22.317Z,,-0.29,0.29,,-0.29,2026-08-14,1,00-04
btc-updown-5m-1786642800,2026-08-13 17:40:00+00:00,2026-08-13 17:31:56.136000+00:00,483.864,single,False,True,,2026-08-13T17:42:22.340Z,-0.29,,0.17,-0.17,2026-08-14,1,00-04
btc-updown-5m-1786643100,2026-08-13 17:45:00+00:00,2026-08-13 17:40:04.794000+00:00,295.206,single,False,True,,2026-08-13T17:46:54.116Z,-0.29,,0.11,-0.11,2026-08-14,1,00-04
btc-updown-5m-1786643400,2026-08-13 17:50:00+00:00,2026-08-13 17:40:33.498000+00:00,566.502,single,True,False,2026-08-13T17:52:05.162Z,,-0.29,0.24,,-0.24,2026-08-14,1,00-04
btc-updown-5m-1786643700,2026-08-13 17:55:00+00:00,2026-08-13 17:46:17.662000+00:00,522.338,none,False,False,,,0.0,,,0.0,2026-08-14,1,00-04
btc-updown-5m-1786644000,2026-08-13 18:00:00+00:00,2026-08-13 17:52:05.079000+00:00,474.921,paired,True,True,2026-08-13T18:01:04.683Z,2026-08-13T18:02:59.607Z,0.42,0.28,0.03,0.69,2026-08-14,1,00-04
btc-updown-5m-1786644300,2026-08-13 18:05:00+00:00,2026-08-13 18:00:07.755000+00:00,292.245,none,False,False,,,0.0,,,0.0,2026-08-14,2,00-04
btc-updown-5m-1786644600,2026-08-13 18:10:00+00:00,2026-08-13 18:00:52.880000+00:00,547.12,single,True,False,2026-08-13T18:12:06.523Z,,-0.29,0.23,,-0.23,2026-08-14,2,00-04
btc-updown-5m-1786644900,2026-08-13 18:15:00+00:00,2026-08-13 18:10:08.344000+00:00,291.656,single,False,True,,2026-08-13T18:17:21.417Z,-0.29,,0.23,-0.23,2026-08-14,2,00-04
btc-updown-5m-1786645200,2026-08-13 18:20:00+00:00,2026-08-13 18:10:17.298000+00:00,582.702,none,False,False,,,0.0,,,0.0,2026-08-14,2,00-04
btc-updown-5m-1786645500,2026-08-13 18:25:00+00:00,2026-08-13 18:17:06.196000+00:00,473.804,single,True,False,2026-08-13T18:28:42.978Z,,-0.29,0.01,,-0.01,2026-08-14,2,00-04
btc-updown-5m-1786645800,2026-08-13 18:30:00+00:00,2026-08-13 18:25:22.899000+00:00,277.101,single,False,True,,2026-08-13T18:32:51.553Z,-0.29,,0.1,-0.1,2026-08-14,2,00-04
btc-updown-5m-1786646100,2026-08-13 18:35:00+00:00,2026-08-13 18:26:04.855000+00:00,535.145,none,False,False,,,0.0,,,0.0,2026-08-14,2,00-04
btc-updown-5m-1786646400,2026-08-13 18:40:00+00:00,2026-08-13 18:30:41.017000+00:00,558.983,none,False,False,,,0.0,,,0.0,2026-08-14,2,00-04
btc-updown-5m-1786646700,2026-08-13 18:45:00+00:00,2026-08-13 18:35:19.211000+00:00,580.789,none,False,False,,,0.0,,,0.0,2026-08-14,2,00-04
btc-updown-5m-1786647000,2026-08-13 18:50:00+00:00,2026-08-13 18:40:27.502000+00:00,572.498,single,False,True,,2026-08-13T18:51:17.908Z,-0.29,,0.27,-0.27,2026-08-14,2,00-04
btc-updown-5m-1786647300,2026-08-13 18:55:00+00:00,2026-08-13 18:45:45.326000+00:00,554.674,none,False,False,,,0.0,,,0.0,2026-08-14,2,00-04
btc-updown-5m-1786647600,2026-08-13 19:00:00+00:00,2026-08-13 18:50:17.243000+00:00,582.757,single,False,True,,2026-08-13T19:03:14.793Z,-0.29,,0.19,-0.19,2026-08-14,2,00-04
btc-updown-5m-1786647900,2026-08-13 19:05:00+00:00,2026-08-13 18:59:39.960000+00:00,320.04,single,False,True,,2026-08-13T19:09:13.394Z,-0.29,,0.29,-0.29,2026-08-14,3,00-04
btc-updown-5m-1786648200,2026-08-13 19:10:00+00:00,2026-08-13 19:00:48.738000+00:00,551.262,single,True,False,2026-08-13T19:14:01.035Z,,-0.29,0.01,,-0.01,2026-08-14,3,00-04
btc-updown-5m-1786648500,2026-08-13 19:15:00+00:00,2026-08-13 19:05:13.515000+00:00,586.485,none,False,False,,,0.0,,,0.0,2026-08-14,3,00-04
btc-updown-5m-1786648800,2026-08-13 19:20:00+00:00,2026-08-13 19:10:24.757000+00:00,575.243,none,False,False,,,0.0,,,0.0,2026-08-14,3,00-04
btc-updown-5m-1786649100,2026-08-13 19:25:00+00:00,2026-08-13 19:20:37.339000+00:00,262.661,single,False,True,,2026-08-13T19:29:43.779Z,-0.29,,0.29,-0.29,2026-08-14,3,00-04
btc-updown-5m-1786649400,2026-08-13 19:30:00+00:00,2026-08-13 19:20:57.390000+00:00,542.61,none,False,False,,,0.0,,,0.0,2026-08-14,3,00-04
btc-updown-5m-1786649700,2026-08-13 19:35:00+00:00,2026-08-13 19:26:30.091000+00:00,509.909,paired,True,True,2026-08-13T19:36:03.408Z,2026-08-13T19:38:25.775Z,0.42,0.23,0.15,0.62,2026-08-14,3,00-04
btc-updown-5m-1786650000,2026-08-13 19:40:00+00:00,2026-08-13 19:35:19.006000+00:00,280.994,none,False,False,,,0.0,,,0.0,2026-08-14,3,00-04
btc-updown-5m-1786650300,2026-08-13 19:45:00+00:00,2026-08-13 19:35:19.151000+00:00,580.849,none,False,False,,,0.0,,,0.0,2026-08-14,3,00-04
btc-updown-5m-1786650600,2026-08-13 19:50:00+00:00,2026-08-13 19:45:37.877000+00:00,262.123,single,True,False,2026-08-13T19:53:00.309Z,,-0.29,0.24,,-0.24,2026-08-14,3,00-04
btc-updown-5m-1786650900,2026-08-13 19:55:00+00:00,2026-08-13 19:46:05.149000+00:00,534.851,none,False,False,,,0.0,,,0.0,2026-08-14,3,00-04
btc-updown-5m-1786651200,2026-08-13 20:00:00+00:00,2026-08-13 19:50:16.908000+00:00,583.092,paired,True,True,2026-08-13T20:02:48.192Z,2026-08-13T20:04:55.051Z,0.42,0.27,0.2,0.53,2026-08-14,3,00-04
btc-updown-5m-1786651500,2026-08-13 20:05:00+00:00,2026-08-13 20:00:42.847000+00:00,257.153,single,False,True,,2026-08-13T20:06:11.729Z,-0.29,,0.28,-0.28,2026-08-14,4,04-08
btc-updown-5m-1786651800,2026-08-13 20:10:00+00:00,2026-08-13 20:01:25.958000+00:00,514.042,single,True,False,2026-08-13T20:14:06.360Z,,-0.29,0.01,,-0.01,2026-08-14,4,04-08
btc-updown-5m-1786652100,2026-08-13 20:15:00+00:00,2026-08-13 20:05:26.530000+00:00,573.47,none,False,False,,,0.0,,,0.0,2026-08-14,4,04-08
btc-updown-5m-1786652400,2026-08-13 20:20:00+00:00,2026-08-13 20:13:39.546000+00:00,380.454,none,False,False,,,0.0,,,0.0,2026-08-14,4,04-08
btc-updown-5m-1786652700,2026-08-13 20:25:00+00:00,2026-08-13 20:18:59.421000+00:00,360.579,none,False,False,,,0.0,,,0.0,2026-08-14,4,04-08
btc-updown-5m-1786653000,2026-08-13 20:30:00+00:00,2026-08-13 20:23:31.974000+00:00,388.026,single,False,True,,2026-08-13T20:31:33.624Z,-0.29,,0.27,-0.27,2026-08-14,4,04-08
btc-updown-5m-1786653300,2026-08-13 20:35:00+00:00,2026-08-13 20:25:34.774000+00:00,565.226,none,False,False,,,0.0,,,0.0,2026-08-14,4,04-08
btc-updown-5m-1786653600,2026-08-13 20:40:00+00:00,2026-08-13 20:31:23.473000+00:00,516.527,single,True,False,2026-08-13T20:41:46.307Z,,-0.29,0.16,,-0.16,2026-08-14,4,04-08
btc-updown-5m-1786653900,2026-08-13 20:45:00+00:00,2026-08-13 20:40:28.640000+00:00,271.36,none,False,False,,,0.0,,,0.0,2026-08-14,4,04-08
btc-updown-5m-1786654200,2026-08-13 20:50:00+00:00,2026-08-13 20:40:33.219000+00:00,566.781,none,False,False,,,0.0,,,0.0,2026-08-14,4,04-08
btc-updown-5m-1786654500,2026-08-13 20:55:00+00:00,2026-08-13 20:50:22.757000+00:00,277.243,single,False,True,,2026-08-13T20:56:42.113Z,-0.29,,0.26,-0.26,2026-08-14,4,04-08
btc-updown-5m-1786654800,2026-08-13 21:00:00+00:00,2026-08-13 20:50:36.947000+00:00,563.053,single,True,False,2026-08-13T21:03:26.618Z,,-0.29,0.29,,-0.29,2026-08-14,4,04-08
btc-updown-5m-1786655100,2026-08-13 21:05:00+00:00,2026-08-13 20:56:30.862000+00:00,509.138,paired,True,True,2026-08-13T21:08:55.886Z,2026-08-13T21:07:27.682Z,0.42,0.24,0.19,0.5700000000000001,2026-08-14,5,04-08
btc-updown-5m-1786655400,2026-08-13 21:10:00+00:00,2026-08-13 21:05:28.931000+00:00,271.069,single,True,False,2026-08-13T21:13:32.549Z,,-0.29,0.23,,-0.23,2026-08-14,5,04-08
btc-updown-5m-1786655700,2026-08-13 21:15:00+00:00,2026-08-13 21:05:39.681000+00:00,560.319,none,False,False,,,0.0,,,0.0,2026-08-14,5,04-08
btc-updown-5m-1786656000,2026-08-13 21:20:00+00:00,2026-08-13 21:10:13.238000+00:00,586.762,single,True,False,2026-08-13T21:24:35.012Z,,-0.29,0.05,,-0.05,2026-08-14,5,04-08
btc-updown-5m-1786656300,2026-08-13 21:25:00+00:00,2026-08-13 21:20:19.133000+00:00,280.867,single,True,False,2026-08-13T21:26:46.107Z,,-0.29,0.29,,-0.29,2026-08-14,5,04-08
btc-updown-5m-1786656600,2026-08-13 21:30:00+00:00,2026-08-13 21:20:19.352000+00:00,580.648,none,False,False,,,0.0,,,0.0,2026-08-14,5,04-08
btc-updown-5m-1786656900,2026-08-13 21:35:00+00:00,2026-08-13 21:25:29.552000+00:00,570.448,single,True,False,2026-08-13T21:36:27.618Z,,-0.29,0.24,,-0.24,2026-08-14,5,04-08
btc-updown-5m-1786657200,2026-08-13 21:40:00+00:00,2026-08-13 21:35:30.142000+00:00,269.858,single,True,False,2026-08-13T21:40:46.972Z,,-0.29,0.27,,-0.27,2026-08-14,5,04-08
btc-updown-5m-1786657500,2026-08-13 21:45:00+00:00,2026-08-13 21:35:30.193000+00:00,569.807,none,False,False,,,0.0,,,0.0,2026-08-14,5,04-08
btc-updown-5m-1786657800,2026-08-13 21:50:00+00:00,2026-08-13 21:40:29.077000+00:00,570.923,single,False,True,,2026-08-13T21:54:30.438Z,-0.29,,0.01,-0.01,2026-08-14,5,04-08
btc-updown-5m-1786658100,2026-08-13 21:55:00+00:00,2026-08-13 21:50:19.416000+00:00,280.584,none,False,False,,,0.0,,,0.0,2026-08-14,5,04-08
btc-updown-5m-1786658400,2026-08-13 22:00:00+00:00,2026-08-13 21:50:19.649000+00:00,580.351,single,False,True,,2026-08-13T22:02:48.874Z,-0.29,,0.01,-0.01,2026-08-14,5,04-08
btc-updown-5m-1786658700,2026-08-13 22:05:00+00:00,2026-08-13 22:00:42.299000+00:00,257.701,none,False,False,,,0.0,,,0.0,2026-08-14,6,04-08
btc-updown-5m-1786659000,2026-08-13 22:10:00+00:00,2026-08-13 22:00:53.004000+00:00,546.996,single,False,True,,2026-08-13T22:14:26.999Z,-0.29,,0.01,-0.01,2026-08-14,6,04-08
btc-updown-5m-1786659300,2026-08-13 22:15:00+00:00,2026-08-13 22:10:41.266000+00:00,258.734,single,True,False,2026-08-13T22:19:11.585Z,,-0.29,0.07,,-0.07,2026-08-14,6,04-08
btc-updown-5m-1786659600,2026-08-13 22:20:00+00:00,2026-08-13 22:10:54.418000+00:00,545.582,none,False,False,,,0.0,,,0.0,2026-08-14,6,04-08
btc-updown-5m-1786659900,2026-08-13 22:25:00+00:00,2026-08-13 22:17:38.346000+00:00,441.654,single,False,True,,2026-08-13T22:29:55.989Z,-0.29,,0.01,-0.01,2026-08-14,6,04-08
btc-updown-5m-1786660200,2026-08-13 22:30:00+00:00,2026-08-13 22:25:21.387000+00:00,278.613,single,True,False,2026-08-13T22:33:50.490Z,,-0.29,0.01,,-0.01,2026-08-14,6,04-08
btc-updown-5m-1786660500,2026-08-13 22:35:00+00:00,2026-08-13 22:25:21.555000+00:00,578.445,single,True,False,2026-08-13T22:39:04.968Z,,-0.29,0.28,,-0.28,2026-08-14,6,04-08
btc-updown-5m-1786660800,2026-08-13 22:40:00+00:00,2026-08-13 22:33:45.326000+00:00,374.674,none,False,False,,,0.0,,,0.0,2026-08-14,6,04-08
btc-updown-5m-1786661100,2026-08-13 22:45:00+00:00,2026-08-13 22:36:48.328000+00:00,491.672,single,True,False,2026-08-13T22:48:12.369Z,,-0.29,0.07,,-0.07,2026-08-14,6,04-08
btc-updown-5m-1786661400,2026-08-13 22:50:00+00:00,2026-08-13 22:45:36.832000+00:00,263.168,single,False,True,,2026-08-13T22:54:34.346Z,-0.29,,0.29,-0.29,2026-08-14,6,04-08
btc-updown-5m-1786661700,2026-08-13 22:55:00+00:00,2026-08-13 22:46:41.334000+00:00,498.666,single,True,False,2026-08-13T22:59:24.668Z,,-0.29,0.09,,-0.09,2026-08-14,6,04-08
btc-updown-5m-1786662000,2026-08-13 23:00:00+00:00,2026-08-13 22:52:31.478000+00:00,448.522,single,True,False,2026-08-13T23:04:45.484Z,,-0.29,0.01,,-0.01,2026-08-14,6,04-08
btc-updown-5m-1786662300,2026-08-13 23:05:00+00:00,2026-08-13 22:55:15.639000+00:00,584.361,none,False,False,,,0.0,,,0.0,2026-08-14,7,04-08
btc-updown-5m-1786662600,2026-08-13 23:10:00+00:00,2026-08-13 23:00:24.770000+00:00,575.23,single,False,True,,2026-08-13T23:10:35.555Z,-0.29,,0.2,-0.2,2026-08-14,7,04-08
btc-updown-5m-1786662900,2026-08-13 23:15:00+00:00,2026-08-13 23:09:16.938000+00:00,343.062,none,False,False,,,0.0,,,0.0,2026-08-14,7,04-08
btc-updown-5m-1786663200,2026-08-13 23:20:00+00:00,2026-08-13 23:10:25.113000+00:00,574.887,paired,True,True,2026-08-13T23:24:42.784Z,2026-08-13T23:22:00.788Z,0.42,0.01,0.26,0.73,2026-08-14,7,04-08
btc-updown-5m-1786663500,2026-08-13 23:25:00+00:00,2026-08-13 23:20:16.297000+00:00,283.703,none,False,False,,,0.0,,,0.0,2026-08-14,7,04-08
btc-updown-5m-1786663800,2026-08-13 23:30:00+00:00,2026-08-13 23:20:36.326000+00:00,563.674,single,False,True,,2026-08-13T23:33:04.999Z,-0.29,,0.29,-0.29,2026-08-14,7,04-08
btc-updown-5m-1786664100,2026-08-13 23:35:00+00:00,2026-08-13 23:30:30.625000+00:00,269.375,none,False,False,,,0.0,,,0.0,2026-08-14,7,04-08
btc-updown-5m-1786664400,2026-08-13 23:40:00+00:00,2026-08-13 23:30:52.458000+00:00,547.542,single,True,False,2026-08-13T23:43:45.462Z,,-0.29,0.06,,-0.06,2026-08-14,7,04-08
btc-updown-5m-1786664700,2026-08-13 23:45:00+00:00,2026-08-13 23:40:08.079000+00:00,291.921,single,True,False,2026-08-13T23:46:36.474Z,,-0.29,0.27,,-0.27,2026-08-14,7,04-08
btc-updown-5m-1786665000,2026-08-13 23:50:00+00:00,2026-08-13 23:40:41.506000+00:00,558.494,none,False,False,,,0.0,,,0.0,2026-08-14,7,04-08
btc-updown-5m-1786665300,2026-08-13 23:55:00+00:00,2026-08-13 23:46:31.586000+00:00,508.414,single,False,True,,2026-08-13T23:57:23.070Z,-0.29,,0.01,-0.01,2026-08-14,7,04-08
btc-updown-5m-1786665600,2026-08-14 00:00:00+00:00,2026-08-13 23:55:28.622000+00:00,271.378,none,False,False,,,0.0,,,0.0,2026-08-14,7,04-08
btc-updown-5m-1786665900,2026-08-14 00:05:00+00:00,2026-08-13 23:55:47.088000+00:00,552.912,single,False,True,,2026-08-14T00:05:49.311Z,-0.29,,0.17,-0.17,2026-08-14,8,08-12
btc-updown-5m-1786666200,2026-08-14 00:10:00+00:00,2026-08-14 00:05:22.418000+00:00,277.582,none,False,False,,,0.0,,,0.0,2026-08-14,8,08-12
btc-updown-5m-1786666500,2026-08-14 00:15:00+00:00,2026-08-14 00:05:22.434000+00:00,577.566,single,True,False,2026-08-14T00:19:27.213Z,,-0.29,0.1,,-0.1,2026-08-14,8,08-12
btc-updown-5m-1786666800,2026-08-14 00:20:00+00:00,2026-08-14 00:10:20.129000+00:00,579.871,none,False,False,,,0.0,,,0.0,2026-08-14,8,08-12
btc-updown-5m-1786667100,2026-08-14 00:25:00+00:00,2026-08-14 00:15:50.774000+00:00,549.226,single,True,False,2026-08-14T00:25:20.726Z,,-0.29,0.18,,-0.18,2026-08-14,8,08-12
btc-updown-5m-1786667400,2026-08-14 00:30:00+00:00,2026-08-14 00:21:52.744000+00:00,487.256,none,False,False,,,0.0,,,0.0,2026-08-14,8,08-12
btc-updown-5m-1786667700,2026-08-14 00:35:00+00:00,2026-08-14 00:25:20.182000+00:00,579.818,single,False,True,,2026-08-14T00:35:57.285Z,-0.29,,0.23,-0.23,2026-08-14,8,08-12
btc-updown-5m-1786668000,2026-08-14 00:40:00+00:00,2026-08-14 00:35:15.387000+00:00,284.613,none,False,False,,,0.0,,,0.0,2026-08-14,8,08-12
btc-updown-5m-1786668300,2026-08-14 00:45:00+00:00,2026-08-14 00:35:38.054000+00:00,561.946,single,True,False,2026-08-14T00:46:45.950Z,,-0.29,0.06,,-0.06,2026-08-14,8,08-12
btc-updown-5m-1786668600,2026-08-14 00:50:00+00:00,2026-08-14 00:45:07.726000+00:00,292.274,none,False,False,,,0.0,,,0.0,2026-08-14,8,08-12
btc-updown-5m-1786668900,2026-08-14 00:55:00+00:00,2026-08-14 00:45:40.785000+00:00,559.215,single,True,False,2026-08-14T00:57:48.314Z,,-0.29,0.29,,-0.29,2026-08-14,8,08-12
btc-updown-5m-1786669200,2026-08-14 01:00:00+00:00,2026-08-14 00:55:29.755000+00:00,270.245,none,False,False,,,0.0,,,0.0,2026-08-14,8,08-12
btc-updown-5m-1786669500,2026-08-14 01:05:00+00:00,2026-08-14 00:55:29.803000+00:00,570.197,none,False,False,,,0.0,,,0.0,2026-08-14,9,08-12
btc-updown-5m-1786669800,2026-08-14 01:10:00+00:00,2026-08-14 01:05:21.873000+00:00,278.127,paired,True,True,2026-08-14T01:11:42.987Z,2026-08-14T01:14:43.294Z,0.42,0.29,0.29,0.42,2026-08-14,9,08-12
btc-updown-5m-1786670100,2026-08-14 01:15:00+00:00,2026-08-14 01:05:21.934000+00:00,578.066,none,False,False,,,0.0,,,0.0,2026-08-14,9,08-12
btc-updown-5m-1786670400,2026-08-14 01:20:00+00:00,2026-08-14 01:10:16.836000+00:00,583.164,single,False,True,,2026-08-14T01:21:54.283Z,-0.29,,0.11,-0.11,2026-08-14,9,08-12
btc-updown-5m-1786670700,2026-08-14 01:25:00+00:00,2026-08-14 01:15:46.541000+00:00,553.459,single,True,False,2026-08-14T01:28:43.174Z,,-0.29,0.01,,-0.01,2026-08-14,9,08-12
btc-updown-5m-1786671000,2026-08-14 01:30:00+00:00,2026-08-14 01:20:24.456000+00:00,575.544,none,False,False,,,0.0,,,0.0,2026-08-14,9,08-12
btc-updown-5m-1786671300,2026-08-14 01:35:00+00:00,2026-08-14 01:28:32.810000+00:00,387.19,single,False,True,,2026-08-14T01:38:34.121Z,-0.29,,0.29,-0.29,2026-08-14,9,08-12
btc-updown-5m-1786671600,2026-08-14 01:40:00+00:00,2026-08-14 01:35:19.060000+00:00,280.94,none,False,False,,,0.0,,,0.0,2026-08-14,9,08-12
btc-updown-5m-1786671900,2026-08-14 01:45:00+00:00,2026-08-14 01:36:48.308000+00:00,491.692,single,True,False,2026-08-14T01:48:46.682Z,,-0.29,0.1,,-0.1,2026-08-14,9,08-12
btc-updown-5m-1786672200,2026-08-14 01:50:00+00:00,2026-08-14 01:45:53.142000+00:00,246.858,none,False,False,,,0.0,,,0.0,2026-08-14,9,08-12
btc-updown-5m-1786672500,2026-08-14 01:55:00+00:00,2026-08-14 01:46:36.851000+00:00,503.149,paired,True,True,2026-08-14T01:57:36.278Z,2026-08-14T01:58:56.406Z,0.42,0.29,0.01,0.7,2026-08-14,9,08-12
btc-updown-5m-1786672800,2026-08-14 02:00:00+00:00,2026-08-14 01:55:13.193000+00:00,286.807,paired,True,True,2026-08-14T02:01:18.982Z,2026-08-14T02:04:31.628Z,0.42,0.26,0.29,0.45,2026-08-14,9,08-12
btc-updown-5m-1786673100,2026-08-14 02:05:00+00:00,2026-08-14 01:55:13.295000+00:00,586.705,paired,True,True,2026-08-14T02:06:01.717Z,2026-08-14T02:07:52.018Z,0.42,0.24,0.05,0.71,2026-08-14,10,08-12
btc-updown-5m-1786673400,2026-08-14 02:10:00+00:00,2026-08-14 02:00:40.810000+00:00,559.19,none,False,False,,,0.0,,,0.0,2026-08-14,10,08-12
btc-updown-5m-1786673700,2026-08-14 02:15:00+00:00,2026-08-14 02:05:34.608000+00:00,565.392,none,False,False,,,0.0,,,0.0,2026-08-14,10,08-12
btc-updown-5m-1786674000,2026-08-14 02:20:00+00:00,2026-08-14 02:15:31.686000+00:00,268.314,single,False,True,,2026-08-14T02:22:34.007Z,-0.29,,0.29,-0.29,2026-08-14,10,08-12
btc-updown-5m-1786674300,2026-08-14 02:25:00+00:00,2026-08-14 02:16:52.794000+00:00,487.206,single,True,False,2026-08-14T02:25:31.516Z,,-0.29,0.26,,-0.26,2026-08-14,10,08-12
btc-updown-5m-1786674600,2026-08-14 02:30:00+00:00,2026-08-14 02:20:50.434000+00:00,549.566,none,False,False,,,0.0,,,0.0,2026-08-14,10,08-12
btc-updown-5m-1786674900,2026-08-14 02:35:00+00:00,2026-08-14 02:25:17.786000+00:00,582.214,single,True,False,2026-08-14T02:39:56.859Z,,-0.29,0.01,,-0.01,2026-08-14,10,08-12
btc-updown-5m-1786675200,2026-08-14 02:40:00+00:00,2026-08-14 02:35:28+00:00,272.0,single,True,False,2026-08-14T02:44:20.275Z,,-0.29,0.26,,-0.26,2026-08-14,10,08-12
btc-updown-5m-1786675500,2026-08-14 02:45:00+00:00,2026-08-14 02:35:28.023000+00:00,571.977,single,False,True,,2026-08-14T02:46:23.643Z,-0.29,,0.17,-0.17,2026-08-14,10,08-12
btc-updown-5m-1786675800,2026-08-14 02:50:00+00:00,2026-08-14 02:45:14.282000+00:00,285.718,single,False,True,,2026-08-14T02:54:07.802Z,-0.29,,0.01,-0.01,2026-08-14,10,08-12
btc-updown-5m-1786676100,2026-08-14 02:55:00+00:00,2026-08-14 02:45:23.456000+00:00,576.544,single,True,False,2026-08-14T02:58:05.970Z,,-0.29,0.01,,-0.01,2026-08-14,10,08-12
btc-updown-5m-1786676400,2026-08-14 03:00:00+00:00,2026-08-14 02:53:41.501000+00:00,378.499,none,False,False,,,0.0,,,0.0,2026-08-14,10,08-12
btc-updown-5m-1786676700,2026-08-14 03:05:00+00:00,2026-08-14 02:55:23.823000+00:00,576.177,single,False,True,,2026-08-14T03:05:26.318Z,-0.29,,0.28,-0.28,2026-08-14,11,08-12
btc-updown-5m-1786677000,2026-08-14 03:10:00+00:00,2026-08-14 03:05:06.149000+00:00,293.851,single,False,True,,2026-08-14T03:14:29.482Z,-0.29,,0.01,-0.01,2026-08-14,11,08-12
btc-updown-5m-1786677300,2026-08-14 03:15:00+00:00,2026-08-14 03:06:25.591000+00:00,514.409,single,False,True,,2026-08-14T03:17:29.026Z,-0.29,,0.04,-0.04,2026-08-14,11,08-12
btc-updown-5m-1786677600,2026-08-14 03:20:00+00:00,2026-08-14 03:14:18.990000+00:00,341.01,none,False,False,,,0.0,,,0.0,2026-08-14,11,08-12
btc-updown-5m-1786677900,2026-08-14 03:25:00+00:00,2026-08-14 03:15:37.281000+00:00,562.719,none,False,False,,,0.0,,,0.0,2026-08-14,11,08-12
btc-updown-5m-1786678200,2026-08-14 03:30:00+00:00,2026-08-14 03:24:51.106000+00:00,308.894,single,True,False,2026-08-14T03:32:30.009Z,,-0.29,0.05,,-0.05,2026-08-14,11,08-12
btc-updown-5m-1786678500,2026-08-14 03:35:00+00:00,2026-08-14 03:30:36.879000+00:00,263.121,none,False,False,,,0.0,,,0.0,2026-08-14,11,08-12
btc-updown-5m-1786678800,2026-08-14 03:40:00+00:00,2026-08-14 03:31:09.746000+00:00,530.254,single,False,True,,2026-08-14T03:40:52.975Z,-0.29,,0.24,-0.24,2026-08-14,11,08-12
btc-updown-5m-1786679100,2026-08-14 03:45:00+00:00,2026-08-14 03:40:26.414000+00:00,273.586,single,True,False,2026-08-14T03:49:04.824Z,,-0.29,0.01,,-0.01,2026-08-14,11,08-12
btc-updown-5m-1786679400,2026-08-14 03:50:00+00:00,2026-08-14 03:40:35.446000+00:00,564.554,none,False,False,,,0.0,,,0.0,2026-08-14,11,08-12
btc-updown-5m-1786679700,2026-08-14 03:55:00+00:00,2026-08-14 03:46:54.098000+00:00,485.902,paired,True,True,2026-08-14T03:58:54.496Z,2026-08-14T03:56:19.896Z,0.42,0.23,0.15,0.62,2026-08-14,11,08-12
btc-updown-5m-1786680000,2026-08-14 04:00:00+00:00,2026-08-14 03:54:47.523000+00:00,312.477,single,False,True,,2026-08-14T04:04:24.492Z,-0.29,,0.01,-0.01,2026-08-14,11,08-12
btc-updown-5m-1786680300,2026-08-14 04:05:00+00:00,2026-08-14 03:55:25.619000+00:00,574.381,single,False,True,,2026-08-14T04:07:48.389Z,-0.29,,0.12,-0.12,2026-08-14,12,12-16
btc-updown-5m-1786680600,2026-08-14 04:10:00+00:00,2026-08-14 04:03:52.594000+00:00,367.406,none,False,False,,,0.0,,,0.0,2026-08-14,12,12-16
btc-updown-5m-1786680900,2026-08-14 04:15:00+00:00,2026-08-14 04:07:47.998000+00:00,432.002,single,False,True,,2026-08-14T04:17:14.352Z,-0.29,,0.04,-0.04,2026-08-14,12,12-16
btc-updown-5m-1786681200,2026-08-14 04:20:00+00:00,2026-08-14 04:14:34.157000+00:00,325.843,none,False,False,,,0.0,,,0.0,2026-08-14,12,12-16
btc-updown-5m-1786681500,2026-08-14 04:25:00+00:00,2026-08-14 04:15:59.155000+00:00,540.845,paired,True,True,2026-08-14T04:25:59.725Z,2026-08-14T04:27:13.507Z,0.42,0.27,0.15,0.58,2026-08-14,12,12-16
btc-updown-5m-1786681800,2026-08-14 04:30:00+00:00,2026-08-14 04:25:50.804000+00:00,249.196,single,True,False,2026-08-14T04:32:24.898Z,,-0.29,0.29,,-0.29,2026-08-14,12,12-16
btc-updown-5m-1786682100,2026-08-14 04:35:00+00:00,2026-08-14 04:25:33.190000+00:00,566.81,none,False,False,,,0.0,,,0.0,2026-08-14,12,12-16
btc-updown-5m-1786682400,2026-08-14 04:40:00+00:00,2026-08-14 04:30:20.133000+00:00,579.867,single,True,False,2026-08-14T04:44:10.676Z,,-0.29,0.18,,-0.18,2026-08-14,12,12-16
btc-updown-5m-1786682700,2026-08-14 04:45:00+00:00,2026-08-14 04:39:40.740000+00:00,319.26,none,False,False,,,0.0,,,0.0,2026-08-14,12,12-16
btc-updown-5m-1786683000,2026-08-14 04:50:00+00:00,2026-08-14 04:40:36.222000+00:00,563.778,single,True,False,2026-08-14T04:51:36.334Z,,-0.29,0.26,,-0.26,2026-08-14,12,12-16
btc-updown-5m-1786683300,2026-08-14 04:55:00+00:00,2026-08-14 04:46:11.479000+00:00,528.521,none,False,False,,,0.0,,,0.0,2026-08-14,12,12-16
btc-updown-5m-1786683600,2026-08-14 05:00:00+00:00,2026-08-14 04:50:34.129000+00:00,565.871,single,False,True,,2026-08-14T05:02:16.887Z,-0.29,,0.07,-0.07,2026-08-14,12,12-16
btc-updown-5m-1786683900,2026-08-14 05:05:00+00:00,2026-08-14 05:00:23.803000+00:00,276.197,none,False,False,,,0.0,,,0.0,2026-08-14,13,12-16
btc-updown-5m-1786684200,2026-08-14 05:10:00+00:00,2026-08-14 05:00:23.826000+00:00,576.174,single,True,False,2026-08-14T05:12:16.618Z,,-0.29,0.16,,-0.16,2026-08-14,13,12-16
btc-updown-5m-1786684500,2026-08-14 05:15:00+00:00,2026-08-14 05:10:19.727000+00:00,280.273,none,False,False,,,0.0,,,0.0,2026-08-14,13,12-16
btc-updown-5m-1786684800,2026-08-14 05:20:00+00:00,2026-08-14 05:10:38.129000+00:00,561.871,paired,True,True,2026-08-14T05:24:08.474Z,2026-08-14T05:22:33.315Z,0.42,0.01,0.18,0.81,2026-08-14,13,12-16
btc-updown-5m-1786685100,2026-08-14 05:25:00+00:00,2026-08-14 05:16:00.015000+00:00,539.985,single,False,True,,2026-08-14T05:25:29.642Z,-0.29,,0.15,-0.15,2026-08-14,13,12-16
btc-updown-5m-1786685400,2026-08-14 05:30:00+00:00,2026-08-14 05:20:24.477000+00:00,575.523,none,False,False,,,0.0,,,0.0,2026-08-14,13,12-16
btc-updown-5m-1786685700,2026-08-14 05:35:00+00:00,2026-08-14 05:25:29.562000+00:00,570.438,none,False,False,,,0.0,,,0.0,2026-08-14,13,12-16
btc-updown-5m-1786686000,2026-08-14 05:40:00+00:00,2026-08-14 05:35:17.705000+00:00,282.295,single,False,True,,2026-08-14T05:42:00.450Z,-0.29,,0.21,-0.21,2026-08-14,13,12-16
btc-updown-5m-1786686300,2026-08-14 05:45:00+00:00,2026-08-14 05:35:17.889000+00:00,582.111,single,False,True,,2026-08-14T05:48:13.524Z,-0.29,,0.17,-0.17,2026-08-14,13,12-16
btc-updown-5m-1786686600,2026-08-14 05:50:00+00:00,2026-08-14 05:40:17.370000+00:00,582.63,single,True,False,2026-08-14T05:53:28.778Z,,-0.29,0.29,,-0.29,2026-08-14,13,12-16
btc-updown-5m-1786686900,2026-08-14 05:55:00+00:00,2026-08-14 05:45:41.728000+00:00,558.272,single,False,True,,2026-08-14T05:56:15.736Z,-0.29,,0.29,-0.29,2026-08-14,13,12-16
btc-updown-5m-1786687200,2026-08-14 06:00:00+00:00,2026-08-14 05:55:00.920000+00:00,299.08,none,False,False,,,0.0,,,0.0,2026-08-14,13,12-16
btc-updown-5m-1786687500,2026-08-14 06:05:00+00:00,2026-08-14 05:55:29.598000+00:00,570.402,single,True,False,2026-08-14T06:08:04.354Z,,-0.29,0.12,,-0.12,2026-08-14,14,12-16
btc-updown-5m-1786687800,2026-08-14 06:10:00+00:00,2026-08-14 06:05:34.569000+00:00,265.431,single,True,False,2026-08-14T06:10:28.380Z,,-0.29,0.12,,-0.12,2026-08-14,14,12-16
btc-updown-5m-1786688100,2026-08-14 06:15:00+00:00,2026-08-14 06:05:34.941000+00:00,565.059,none,False,False,,,0.0,,,0.0,2026-08-14,14,12-16
btc-updown-5m-1786688400,2026-08-14 06:20:00+00:00,2026-08-14 06:10:28.043000+00:00,571.957,paired,True,True,2026-08-14T06:22:13.417Z,2026-08-14T06:24:50.031Z,0.42,0.29,0.01,0.7,2026-08-14,14,12-16
btc-updown-5m-1786688700,2026-08-14 06:25:00+00:00,2026-08-14 06:20:08.466000+00:00,291.534,single,True,False,2026-08-14T06:26:31.762Z,,-0.29,0.23,,-0.23,2026-08-14,14,12-16
btc-updown-5m-1786689000,2026-08-14 06:30:00+00:00,2026-08-14 06:20:26.640000+00:00,573.36,single,False,True,,2026-08-14T06:34:28.203Z,-0.29,,0.29,-0.29,2026-08-14,14,12-16
btc-updown-5m-1786689300,2026-08-14 06:35:00+00:00,2026-08-14 06:26:26.858000+00:00,513.142,single,True,False,2026-08-14T06:37:59.249Z,,-0.29,0.08,,-0.08,2026-08-14,14,12-16
btc-updown-5m-1786689600,2026-08-14 06:40:00+00:00,2026-08-14 06:35:30.785000+00:00,269.215,single,False,True,,2026-08-14T06:42:17.410Z,-0.29,,0.29,-0.29,2026-08-14,14,12-16
btc-updown-5m-1786689900,2026-08-14 06:45:00+00:00,2026-08-14 06:35:35.668000+00:00,564.332,single,True,False,2026-08-14T06:48:59.987Z,,-0.29,0.29,,-0.29,2026-08-14,14,12-16
btc-updown-5m-1786690200,2026-08-14 06:50:00+00:00,2026-08-14 06:45:28.676000+00:00,271.324,paired,True,True,2026-08-14T06:54:04.672Z,2026-08-14T06:51:00.530Z,0.42,0.27,0.11,0.62,2026-08-14,14,12-16
btc-updown-5m-1786690500,2026-08-14 06:55:00+00:00,2026-08-14 06:45:28.699000+00:00,571.301,paired,True,True,2026-08-14T06:58:24.088Z,2026-08-14T06:56:49.157Z,0.42,0.05,0.17,0.7799999999999999,2026-08-14,14,12-16
btc-updown-5m-1786690800,2026-08-14 07:00:00+00:00,2026-08-14 06:51:00.182000+00:00,539.818,single,False,True,,2026-08-14T07:04:56.397Z,-0.29,,0.01,-0.01,2026-08-14,14,12-16
btc-updown-5m-1786691100,2026-08-14 07:05:00+00:00,2026-08-14 06:55:38.235000+00:00,561.765,single,False,True,,2026-08-14T07:07:43.120Z,-0.29,,0.13,-0.13,2026-08-14,15,12-16
btc-updown-5m-1786691400,2026-08-14 07:10:00+00:00,2026-08-14 07:04:21.246000+00:00,338.754,none,False,False,,,0.0,,,0.0,2026-08-14,15,12-16
btc-updown-5m-1786691700,2026-08-14 07:15:00+00:00,2026-08-14 07:07:08.854000+00:00,471.146,single,False,True,,2026-08-14T07:17:22.536Z,-0.29,,0.19,-0.19,2026-08-14,15,12-16
btc-updown-5m-1786692000,2026-08-14 07:20:00+00:00,2026-08-14 07:14:46.584000+00:00,313.416,none,False,False,,,0.0,,,0.0,2026-08-14,15,12-16
btc-updown-5m-1786692300,2026-08-14 07:25:00+00:00,2026-08-14 07:15:38.129000+00:00,561.871,single,True,False,2026-08-14T07:28:18.228Z,,-0.29,0.23,,-0.23,2026-08-14,15,12-16
btc-updown-5m-1786692600,2026-08-14 07:30:00+00:00,2026-08-14 07:25:15.958000+00:00,284.042,single,True,False,2026-08-14T07:32:32.078Z,,-0.29,0.02,,-0.02,2026-08-14,15,12-16
btc-updown-5m-1786692900,2026-08-14 07:35:00+00:00,2026-08-14 07:25:25.718000+00:00,574.282,none,False,False,,,0.0,,,0.0,2026-08-14,15,12-16
btc-updown-5m-1786693200,2026-08-14 07:40:00+00:00,2026-08-14 07:31:57.995000+00:00,482.005,single,False,True,,2026-08-14T07:41:12.632Z,-0.29,,0.19,-0.19,2026-08-14,15,12-16
btc-updown-5m-1786693500,2026-08-14 07:45:00+00:00,2026-08-14 07:40:19.051000+00:00,280.949,none,False,False,,,0.0,,,0.0,2026-08-14,15,12-16
btc-updown-5m-1786693800,2026-08-14 07:50:00+00:00,2026-08-14 07:40:32.717000+00:00,567.283,single,True,False,2026-08-14T07:51:01.589Z,,-0.29,0.29,,-0.29,2026-08-14,15,12-16
btc-updown-5m-1786694100,2026-08-14 07:55:00+00:00,2026-08-14 07:50:55.720000+00:00,244.28,single,True,False,2026-08-14T07:56:54.727Z,,-0.29,0.15,,-0.15,2026-08-14,15,12-16
btc-updown-5m-1786694400,2026-08-14 08:00:00+00:00,2026-08-14 07:50:56.782000+00:00,543.218,none,False,False,,,0.0,,,0.0,2026-08-14,15,12-16
btc-updown-5m-1786694700,2026-08-14 08:05:00+00:00,2026-08-14 07:56:49.563000+00:00,490.437,none,False,False,,,0.0,,,0.0,2026-08-14,16,16-20
btc-updown-5m-1786695000,2026-08-14 08:10:00+00:00,2026-08-14 08:05:15.284000+00:00,284.716,none,False,False,,,0.0,,,0.0,2026-08-14,16,16-20
btc-updown-5m-1786695300,2026-08-14 08:15:00+00:00,2026-08-14 08:05:30.798000+00:00,569.202,paired,True,True,2026-08-14T08:19:26.751Z,2026-08-14T08:16:50.355Z,0.42,0.02,0.04,0.94,2026-08-14,16,16-20
btc-updown-5m-1786695600,2026-08-14 08:20:00+00:00,2026-08-14 08:10:13.503000+00:00,586.497,single,True,False,2026-08-14T08:21:33.424Z,,-0.29,0.29,,-0.29,2026-08-14,16,16-20
btc-updown-5m-1786695900,2026-08-14 08:25:00+00:00,2026-08-14 08:16:10.949000+00:00,529.051,single,True,False,2026-08-14T08:28:04.346Z,,-0.29,0.29,,-0.29,2026-08-14,16,16-20
btc-updown-5m-1786696200,2026-08-14 08:30:00+00:00,2026-08-14 08:20:47.578000+00:00,552.422,single,True,False,2026-08-14T08:32:10.940Z,,-0.29,0.09,,-0.09,2026-08-14,16,16-20
btc-updown-5m-1786696500,2026-08-14 08:35:00+00:00,2026-08-14 08:30:37.032000+00:00,262.968,single,False,True,,2026-08-14T08:36:06.167Z,-0.29,,0.12,-0.12,2026-08-14,16,16-20
btc-updown-5m-1786696800,2026-08-14 08:40:00+00:00,2026-08-14 08:31:12.132000+00:00,527.868,none,False,False,,,0.0,,,0.0,2026-08-14,16,16-20
btc-updown-5m-1786697100,2026-08-14 08:45:00+00:00,2026-08-14 08:35:51.390000+00:00,548.61,single,False,True,,2026-08-14T08:48:04.670Z,-0.29,,0.03,-0.03,2026-08-14,16,16-20
btc-updown-5m-1786697400,2026-08-14 08:50:00+00:00,2026-08-14 08:45:52.374000+00:00,247.626,single,False,True,,2026-08-14T08:52:45.768Z,-0.29,,0.14,-0.14,2026-08-14,16,16-20
btc-updown-5m-1786697700,2026-08-14 08:55:00+00:00,2026-08-14 08:46:10.660000+00:00,529.34,none,False,False,,,0.0,,,0.0,2026-08-14,16,16-20
btc-updown-5m-1786698000,2026-08-14 09:00:00+00:00,2026-08-14 08:50:20.674000+00:00,579.326,single,True,False,2026-08-14T09:03:24.029Z,,-0.29,0.02,,-0.02,2026-08-14,16,16-20
btc-updown-5m-1786698300,2026-08-14 09:05:00+00:00,2026-08-14 08:59:27.647000+00:00,332.353,none,False,False,,,0.0,,,0.0,2026-08-14,17,16-20
btc-updown-5m-1786698600,2026-08-14 09:10:00+00:00,2026-08-14 09:01:16.165000+00:00,523.835,single,True,False,2026-08-14T09:10:26.241Z,,-0.29,0.27,,-0.27,2026-08-14,17,16-20
btc-updown-5m-1786698900,2026-08-14 09:15:00+00:00,2026-08-14 09:10:16.425000+00:00,283.575,single,False,True,,2026-08-14T09:19:17.267Z,-0.29,,0.29,-0.29,2026-08-14,17,16-20
btc-updown-5m-1786699200,2026-08-14 09:20:00+00:00,2026-08-14 09:10:16.443000+00:00,583.557,single,False,True,,2026-08-14T09:22:31.484Z,-0.29,,0.13,-0.13,2026-08-14,17,16-20
btc-updown-5m-1786699500,2026-08-14 09:25:00+00:00,2026-08-14 09:15:42.370000+00:00,557.63,none,False,False,,,0.0,,,0.0,2026-08-14,17,16-20
btc-updown-5m-1786699800,2026-08-14 09:30:00+00:00,2026-08-14 09:20:18.130000+00:00,581.87,single,True,False,2026-08-14T09:31:39.570Z,,-0.29,0.1,,-0.1,2026-08-14,17,16-20
btc-updown-5m-1786700100,2026-08-14 09:35:00+00:00,2026-08-14 09:30:47.020000+00:00,252.98,paired,True,True,2026-08-14T09:39:08.072Z,2026-08-14T09:35:33.909Z,0.42,0.29,0.26,0.44999999999999996,2026-08-14,17,16-20
btc-updown-5m-1786700400,2026-08-14 09:40:00+00:00,2026-08-14 09:31:39.563000+00:00,500.437,none,False,False,,,0.0,,,0.0,2026-08-14,17,16-20
btc-updown-5m-1786700700,2026-08-14 09:45:00+00:00,2026-08-14 09:35:33.846000+00:00,566.154,single,False,True,,2026-08-14T09:47:53.043Z,-0.29,,0.08,-0.08,2026-08-14,17,16-20
btc-updown-5m-1786701000,2026-08-14 09:50:00+00:00,2026-08-14 09:46:05.083000+00:00,234.917,none,False,False,,,0.0,,,0.0,2026-08-14,17,16-20
btc-updown-5m-1786701300,2026-08-14 09:55:00+00:00,2026-08-14 09:46:52.887000+00:00,487.113,single,True,False,2026-08-14T09:58:43.532Z,,-0.29,0.19,,-0.19,2026-08-14,17,16-20
btc-updown-5m-1786701600,2026-08-14 10:00:00+00:00,2026-08-14 09:55:22.881000+00:00,277.119,single,True,False,2026-08-14T10:04:57.626Z,,-0.29,0.29,,-0.29,2026-08-14,17,16-20
btc-updown-5m-1786701900,2026-08-14 10:05:00+00:00,2026-08-14 09:55:23.060000+00:00,576.94,paired,True,True,2026-08-14T10:09:18.671Z,2026-08-14T10:05:46.730Z,0.42,0.29,0.25,0.45999999999999996,2026-08-14,18,16-20
btc-updown-5m-1786702200,2026-08-14 10:10:00+00:00,2026-08-14 10:05:27.681000+00:00,272.319,none,False,False,,,0.0,,,0.0,2026-08-14,18,16-20
btc-updown-5m-1786702500,2026-08-14 10:15:00+00:00,2026-08-14 10:05:27.735000+00:00,572.265,single,False,True,,2026-08-14T10:18:32.315Z,-0.29,,0.02,-0.02,2026-08-14,18,16-20
btc-updown-5m-1786702800,2026-08-14 10:20:00+00:00,2026-08-14 10:15:43.009000+00:00,256.991,none,False,False,,,0.0,,,0.0,2026-08-14,18,16-20
btc-updown-5m-1786703100,2026-08-14 10:25:00+00:00,2026-08-14 10:17:01.712000+00:00,478.288,single,True,False,2026-08-14T10:26:48.055Z,,-0.29,0.28,,-0.28,2026-08-14,18,16-20
btc-updown-5m-1786703400,2026-08-14 10:30:00+00:00,2026-08-14 10:25:23.806000+00:00,276.194,none,False,False,,,0.0,,,0.0,2026-08-14,18,16-20
btc-updown-5m-1786703700,2026-08-14 10:35:00+00:00,2026-08-14 10:25:23.830000+00:00,576.17,paired,True,True,2026-08-14T10:39:08.644Z,2026-08-14T10:36:25.775Z,0.42,0.12,0.18,0.7,2026-08-14,18,16-20
btc-updown-5m-1786704000,2026-08-14 10:40:00+00:00,2026-08-14 10:31:17.930000+00:00,522.07,none,False,False,,,0.0,,,0.0,2026-08-14,18,16-20
btc-updown-5m-1786704300,2026-08-14 10:45:00+00:00,2026-08-14 10:35:35.070000+00:00,564.93,single,True,False,2026-08-14T10:48:24.505Z,,-0.29,0.01,,-0.01,2026-08-14,18,16-20
btc-updown-5m-1786704600,2026-08-14 10:50:00+00:00,2026-08-14 10:43:25.681000+00:00,394.319,none,False,False,,,0.0,,,0.0,2026-08-14,18,16-20
btc-updown-5m-1786704900,2026-08-14 10:55:00+00:00,2026-08-14 10:46:46.696000+00:00,493.304,none,False,False,,,0.0,,,0.0,2026-08-14,18,16-20
btc-updown-5m-1786705200,2026-08-14 11:00:00+00:00,2026-08-14 10:55:15.510000+00:00,284.49,single,False,True,,2026-08-14T11:01:36.620Z,-0.29,,0.15,-0.15,2026-08-14,18,16-20
btc-updown-5m-1786705500,2026-08-14 11:05:00+00:00,2026-08-14 10:55:15.542000+00:00,584.458,none,False,False,,,0.0,,,0.0,2026-08-14,19,16-20
btc-updown-5m-1786705800,2026-08-14 11:10:00+00:00,2026-08-14 11:00:19.558000+00:00,580.442,single,True,False,2026-08-14T11:11:53.401Z,,-0.29,0.26,,-0.26,2026-08-14,19,16-20
btc-updown-5m-1786706100,2026-08-14 11:15:00+00:00,2026-08-14 11:10:23.768000+00:00,276.232,single,False,True,,2026-08-14T11:17:44.696Z,-0.29,,0.11,-0.11,2026-08-14,19,16-20
btc-updown-5m-1786706400,2026-08-14 11:20:00+00:00,2026-08-14 11:10:28.793000+00:00,571.207,none,False,False,,,0.0,,,0.0,2026-08-14,19,16-20
btc-updown-5m-1786706700,2026-08-14 11:25:00+00:00,2026-08-14 11:15:56.978000+00:00,543.022,single,False,True,,2026-08-14T11:26:08.396Z,-0.29,,0.28,-0.28,2026-08-14,19,16-20
btc-updown-5m-1786707000,2026-08-14 11:30:00+00:00,2026-08-14 11:25:13.137000+00:00,286.863,none,False,False,,,0.0,,,0.0,2026-08-14,19,16-20
btc-updown-5m-1786707300,2026-08-14 11:35:00+00:00,2026-08-14 11:25:32.495000+00:00,567.505,single,False,True,,2026-08-14T11:37:24.572Z,-0.29,,0.22,-0.22,2026-08-14,19,16-20
btc-updown-5m-1786707600,2026-08-14 11:40:00+00:00,2026-08-14 11:30:33.823000+00:00,566.177,single,True,False,2026-08-14T11:40:41.515Z,,-0.29,0.11,,-0.11,2026-08-14,19,16-20
btc-updown-5m-1786707900,2026-08-14 11:45:00+00:00,2026-08-14 11:35:59.110000+00:00,540.89,none,False,False,,,0.0,,,0.0,2026-08-14,19,16-20
btc-updown-5m-1786708200,2026-08-14 11:50:00+00:00,2026-08-14 11:40:20.314000+00:00,579.686,single,False,True,,2026-08-14T11:50:26.302Z,-0.29,,0.23,-0.23,2026-08-14,19,16-20
btc-updown-5m-1786708500,2026-08-14 11:55:00+00:00,2026-08-14 11:50:17.183000+00:00,282.817,single,False,True,,2026-08-14T11:57:34.059Z,-0.29,,0.29,-0.29,2026-08-14,19,16-20
btc-updown-5m-1786708800,2026-08-14 12:00:00+00:00,2026-08-14 11:50:17.347000+00:00,582.653,none,False,False,,,0.0,,,0.0,2026-08-14,19,16-20
btc-updown-5m-1786709100,2026-08-14 12:05:00+00:00,2026-08-14 12:00:54.933000+00:00,245.067,single,True,False,2026-08-14T12:06:37.333Z,,-0.29,0.09,,-0.09,2026-08-14,20,20-24
btc-updown-5m-1786709400,2026-08-14 12:10:00+00:00,2026-08-14 12:01:23.210000+00:00,516.79,none,False,False,,,0.0,,,0.0,2026-08-14,20,20-24
btc-updown-5m-1786709700,2026-08-14 12:15:00+00:00,2026-08-14 12:05:21.372000+00:00,578.628,single,False,True,,2026-08-14T12:16:53.178Z,-0.29,,0.05,-0.05,2026-08-14,20,20-24
btc-updown-5m-1786710000,2026-08-14 12:20:00+00:00,2026-08-14 12:13:56.932000+00:00,363.068,none,False,False,,,0.0,,,0.0,2026-08-14,20,20-24
btc-updown-5m-1786710300,2026-08-14 12:25:00+00:00,2026-08-14 12:15:28.963000+00:00,571.037,none,False,False,,,0.0,,,0.0,2026-08-14,20,20-24
btc-updown-5m-1786710600,2026-08-14 12:30:00+00:00,2026-08-14 12:20:26.484000+00:00,573.516,none,False,False,,,0.0,,,0.0,2026-08-14,20,20-24
btc-updown-5m-1786710900,2026-08-14 12:35:00+00:00,2026-08-14 12:25:30.107000+00:00,569.893,single,True,False,2026-08-14T12:36:57.040Z,,-0.29,0.29,,-0.29,2026-08-14,20,20-24
btc-updown-5m-1786711200,2026-08-14 12:40:00+00:00,2026-08-14 12:31:09.854000+00:00,530.146,single,True,False,2026-08-14T12:42:06.463Z,,-0.29,0.29,,-0.29,2026-08-14,20,20-24
btc-updown-5m-1786711500,2026-08-14 12:45:00+00:00,2026-08-14 12:35:28.399000+00:00,571.601,single,True,False,2026-08-14T12:49:18.800Z,,-0.29,0.09,,-0.09,2026-08-14,20,20-24
btc-updown-5m-1786711800,2026-08-14 12:50:00+00:00,2026-08-14 12:40:53.684000+00:00,546.316,paired,True,True,2026-08-14T12:53:02.279Z,2026-08-14T12:51:26.316Z,0.42,0.17,0.17,0.6599999999999999,2026-08-14,20,20-24
btc-updown-5m-1786712100,2026-08-14 12:55:00+00:00,2026-08-14 12:46:17.524000+00:00,522.476,single,False,True,,2026-08-14T12:58:32.453Z,-0.29,,0.29,-0.29,2026-08-14,20,20-24
btc-updown-5m-1786712400,2026-08-14 13:00:00+00:00,2026-08-14 12:51:12.348000+00:00,527.652,single,True,False,2026-08-14T13:02:34.605Z,,-0.29,0.14,,-0.14,2026-08-14,20,20-24
btc-updown-5m-1786712700,2026-08-14 13:05:00+00:00,2026-08-14 13:00:51.082000+00:00,248.918,paired,True,True,2026-08-14T13:07:39.021Z,2026-08-14T13:06:54.911Z,0.42,0.07,0.29,0.6399999999999999,2026-08-14,21,20-24
btc-updown-5m-1786713000,2026-08-14 13:10:00+00:00,2026-08-14 13:01:53.847000+00:00,486.153,none,False,False,,,0.0,,,0.0,2026-08-14,21,20-24
btc-updown-5m-1786713300,2026-08-14 13:15:00+00:00,2026-08-14 13:07:23.874000+00:00,456.126,single,True,False,2026-08-14T13:17:23.229Z,,-0.29,0.2,,-0.2,2026-08-14,21,20-24
btc-updown-5m-1786713600,2026-08-14 13:20:00+00:00,2026-08-14 13:15:35.455000+00:00,264.545,none,False,False,,,0.0,,,0.0,2026-08-14,21,20-24
btc-updown-5m-1786713900,2026-08-14 13:25:00+00:00,2026-08-14 13:15:44.337000+00:00,555.663,single,False,True,,2026-08-14T13:27:33.271Z,-0.29,,0.05,-0.05,2026-08-14,21,20-24
btc-updown-5m-1786714200,2026-08-14 13:30:00+00:00,2026-08-14 13:25:15.201000+00:00,284.799,none,False,False,,,0.0,,,0.0,2026-08-14,21,20-24
btc-updown-5m-1786714500,2026-08-14 13:35:00+00:00,2026-08-14 13:25:15.231000+00:00,584.769,none,False,False,,,0.0,,,0.0,2026-08-14,21,20-24
btc-updown-5m-1786714800,2026-08-14 13:40:00+00:00,2026-08-14 13:33:58.837000+00:00,361.163,none,False,False,,,0.0,,,0.0,2026-08-14,21,20-24
btc-updown-5m-1786715100,2026-08-14 13:45:00+00:00,2026-08-14 13:35:15.558000+00:00,584.442,single,False,True,,2026-08-14T13:49:11.986Z,-0.29,,0.29,-0.29,2026-08-14,21,20-24
btc-updown-5m-1786715400,2026-08-14 13:50:00+00:00,2026-08-14 13:40:20.772000+00:00,579.228,single,True,False,2026-08-14T13:54:58.414Z,,-0.29,0.01,,-0.01,2026-08-14,21,20-24
btc-updown-5m-1786715700,2026-08-14 13:55:00+00:00,2026-08-14 13:49:47.124000+00:00,312.876,none,False,False,,,0.0,,,0.0,2026-08-14,21,20-24
btc-updown-5m-1786716000,2026-08-14 14:00:00+00:00,2026-08-14 13:53:18.860000+00:00,401.14,none,False,False,,,0.0,,,0.0,2026-08-14,21,20-24
btc-updown-5m-1786716300,2026-08-14 14:05:00+00:00,2026-08-14 14:01:01.320000+00:00,238.68,paired,True,True,2026-08-14T14:09:28.178Z,2026-08-14T14:08:51.812Z,0.42,0.01,0.28,0.71,2026-08-14,22,20-24
btc-updown-5m-1786716600,2026-08-14 14:10:00+00:00,2026-08-14 14:02:51.254000+00:00,428.746,none,False,False,,,0.0,,,0.0,2026-08-14,22,20-24
btc-updown-5m-1786716900,2026-08-14 14:15:00+00:00,2026-08-14 14:07:32.413000+00:00,447.587,single,True,False,2026-08-14T14:19:43.031Z,,-0.29,0.01,,-0.01,2026-08-14,22,20-24
btc-updown-5m-1786717200,2026-08-14 14:20:00+00:00,2026-08-14 14:16:22.941000+00:00,217.059,single,False,True,,2026-08-14T14:22:55.673Z,-0.29,,0.17,-0.17,2026-08-14,22,20-24
btc-updown-5m-1786717500,2026-08-14 14:25:00+00:00,2026-08-14 14:17:22.054000+00:00,457.946,single,False,True,,2026-08-14T14:27:02.429Z,-0.29,,0.15,-0.15,2026-08-14,22,20-24
btc-updown-5m-1786717800,2026-08-14 14:30:00+00:00,2026-08-14 14:20:38.282000+00:00,561.718,none,False,False,,,0.0,,,0.0,2026-08-14,22,20-24
btc-updown-5m-1786718100,2026-08-14 14:35:00+00:00,2026-08-14 14:26:45+00:00,495.0,single,False,True,,2026-08-14T14:37:32.180Z,-0.29,,0.1,-0.1,2026-08-14,22,20-24
btc-updown-5m-1786718400,2026-08-14 14:40:00+00:00,2026-08-14 14:35:21.695000+00:00,278.305,single,True,False,2026-08-14T14:42:34.681Z,,-0.29,0.13,,-0.13,2026-08-14,22,20-24
btc-updown-5m-1786718700,2026-08-14 14:45:00+00:00,2026-08-14 14:35:31.617000+00:00,568.383,none,False,False,,,0.0,,,0.0,2026-08-14,22,20-24
btc-updown-5m-1786719000,2026-08-14 14:50:00+00:00,2026-08-14 14:42:34.286000+00:00,445.714,single,True,False,2026-08-14T14:52:36.161Z,,-0.29,0.01,,-0.01,2026-08-14,22,20-24
btc-updown-5m-1786719300,2026-08-14 14:55:00+00:00,2026-08-14 14:50:16.790000+00:00,283.21,single,True,False,2026-08-14T14:58:10.698Z,,-0.29,0.19,,-0.19,2026-08-14,22,20-24
btc-updown-5m-1786719600,2026-08-14 15:00:00+00:00,2026-08-14 14:50:16.809000+00:00,583.191,none,False,False,,,0.0,,,0.0,2026-08-14,22,20-24
btc-updown-5m-1786719900,2026-08-14 15:05:00+00:00,2026-08-14 14:57:58.917000+00:00,421.083,single,False,True,,2026-08-14T15:07:03.029Z,-0.29,,0.14,-0.14,2026-08-14,23,20-24
btc-updown-5m-1786720200,2026-08-14 15:10:00+00:00,2026-08-14 15:05:16.982000+00:00,283.018,single,False,True,,2026-08-14T15:14:09.362Z,-0.29,,0.29,-0.29,2026-08-14,23,20-24
btc-updown-5m-1786720500,2026-08-14 15:15:00+00:00,2026-08-14 15:06:33.881000+00:00,506.119,single,False,True,,2026-08-14T15:18:49.263Z,-0.29,,0.16,-0.16,2026-08-14,23,20-24
btc-updown-5m-1786720800,2026-08-14 15:20:00+00:00,2026-08-14 15:15:59.680000+00:00,240.32,single,False,True,,2026-08-14T15:21:38.834Z,-0.29,,0.2,-0.2,2026-08-14,23,20-24
btc-updown-5m-1786721100,2026-08-14 15:25:00+00:00,2026-08-14 15:16:41.228000+00:00,498.772,none,False,False,,,0.0,,,0.0,2026-08-14,23,20-24
btc-updown-5m-1786721400,2026-08-14 15:30:00+00:00,2026-08-14 15:21:04.322000+00:00,535.678,single,False,True,,2026-08-14T15:33:47.934Z,-0.29,,0.06,-0.06,2026-08-14,23,20-24
btc-updown-5m-1786721700,2026-08-14 15:35:00+00:00,2026-08-14 15:31:09.325000+00:00,230.675,single,False,True,,2026-08-14T15:39:02.526Z,-0.29,,0.001,-0.001,2026-08-14,23,20-24
btc-updown-5m-1786722000,2026-08-14 15:40:00+00:00,2026-08-14 15:31:09.263000+00:00,530.737,single,True,False,2026-08-14T15:42:19.819Z,,-0.29,0.12,,-0.12,2026-08-14,23,20-24
btc-updown-5m-1786722300,2026-08-14 15:45:00+00:00,2026-08-14 15:39:02.116000+00:00,357.884,none,False,False,,,0.0,,,0.0,2026-08-14,23,20-24
btc-updown-5m-1786722600,2026-08-14 15:50:00+00:00,2026-08-14 15:41:30.482000+00:00,509.518,single,False,True,,2026-08-14T15:53:42.337Z,-0.29,,0.06,-0.06,2026-08-14,23,20-24
btc-updown-5m-1786722900,2026-08-14 15:55:00+00:00,2026-08-14 15:50:33.656000+00:00,266.344,single,False,True,,2026-08-14T15:55:46.892Z,-0.29,,0.2,-0.2,2026-08-14,23,20-24
btc-updown-5m-1786723200,2026-08-14 16:00:00+00:00,2026-08-14 15:50:52.170000+00:00,547.83,single,False,True,,2026-08-14T16:03:54.626Z,-0.29,,0.09,-0.09,2026-08-14,23,20-24
btc-updown-5m-1786723500,2026-08-14 16:05:00+00:00,2026-08-14 15:55:34.082000+00:00,565.918,single,True,False,2026-08-14T16:07:09.149Z,,-0.29,0.18,,-0.18,2026-08-15,0,00-04
btc-updown-5m-1786723800,2026-08-14 16:10:00+00:00,2026-08-14 16:00:23.784000+00:00,576.216,none,False,False,,,0.0,,,0.0,2026-08-15,0,00-04
btc-updown-5m-1786724100,2026-08-14 16:15:00+00:00,2026-08-14 16:06:58.087000+00:00,481.913,single,False,True,,2026-08-14T16:19:30.549Z,-0.29,,0.01,-0.01,2026-08-15,0,00-04
btc-updown-5m-1786724400,2026-08-14 16:20:00+00:00,2026-08-14 16:15:50.294000+00:00,249.706,none,False,False,,,0.0,,,0.0,2026-08-15,0,00-04
btc-updown-5m-1786724700,2026-08-14 16:25:00+00:00,2026-08-14 16:17:07.842000+00:00,472.158,single,False,True,,2026-08-14T16:27:43.292Z,-0.29,,0.29,-0.29,2026-08-15,0,00-04
btc-updown-5m-1786725000,2026-08-14 16:30:00+00:00,2026-08-14 16:20:54.967000+00:00,545.033,none,False,False,,,0.0,,,0.0,2026-08-15,0,00-04
btc-updown-5m-1786725300,2026-08-14 16:35:00+00:00,2026-08-14 16:25:27.133000+00:00,572.867,single,False,True,,2026-08-14T16:37:24.729Z,-0.29,,0.19,-0.19,2026-08-15,0,00-04
btc-updown-5m-1786725600,2026-08-14 16:40:00+00:00,2026-08-14 16:35:42.722000+00:00,257.278,single,False,True,,2026-08-14T16:43:49.793Z,-0.29,,0.19,-0.19,2026-08-15,0,00-04
btc-updown-5m-1786725900,2026-08-14 16:45:00+00:00,2026-08-14 16:35:43.071000+00:00,556.929,none,False,False,,,0.0,,,0.0,2026-08-15,0,00-04
btc-updown-5m-1786726200,2026-08-14 16:50:00+00:00,2026-08-14 16:42:44.933000+00:00,435.067,single,True,False,2026-08-14T16:50:24.262Z,,-0.29,0.25,,-0.25,2026-08-15,0,00-04
btc-updown-5m-1786726500,2026-08-14 16:55:00+00:00,2026-08-14 16:50:18.172000+00:00,281.828,none,False,False,,,0.0,,,0.0,2026-08-15,0,00-04
btc-updown-5m-1786726800,2026-08-14 17:00:00+00:00,2026-08-14 16:51:44.851000+00:00,495.149,single,False,True,,2026-08-14T17:02:44.582Z,-0.29,,0.14,-0.14,2026-08-15,0,00-04
btc-updown-5m-1786727100,2026-08-14 17:05:00+00:00,2026-08-14 17:01:29.495000+00:00,210.505,single,True,False,2026-08-14T17:09:49.883Z,,-0.29,0.01,,-0.01,2026-08-15,1,00-04
btc-updown-5m-1786727400,2026-08-14 17:10:00+00:00,2026-08-14 17:01:36.129000+00:00,503.871,single,False,True,,2026-08-14T17:14:31.175Z,-0.29,,0.29,-0.29,2026-08-15,1,00-04
btc-updown-5m-1786727700,2026-08-14 17:15:00+00:00,2026-08-14 17:05:34.044000+00:00,565.956,single,False,True,,2026-08-14T17:19:01.363Z,-0.29,,0.01,-0.01,2026-08-15,1,00-04
btc-updown-5m-1786728000,2026-08-14 17:20:00+00:00,2026-08-14 17:10:30.226000+00:00,569.774,single,False,True,,2026-08-14T17:22:09.838Z,-0.29,,0.29,-0.29,2026-08-15,1,00-04
btc-updown-5m-1786728300,2026-08-14 17:25:00+00:00,2026-08-14 17:18:57.371000+00:00,362.629,single,True,False,2026-08-14T17:27:04.745Z,,-0.29,0.14,,-0.14,2026-08-15,1,00-04
btc-updown-5m-1786728600,2026-08-14 17:30:00+00:00,2026-08-14 17:20:24.837000+00:00,575.163,none,False,False,,,0.0,,,0.0,2026-08-15,1,00-04
btc-updown-5m-1786728900,2026-08-14 17:35:00+00:00,2026-08-14 17:25:20.112000+00:00,579.888,single,True,False,2026-08-14T17:36:53.849Z,,-0.29,0.09,,-0.09,2026-08-15,1,00-04
btc-updown-5m-1786729200,2026-08-14 17:40:00+00:00,2026-08-14 17:35:24.682000+00:00,275.318,none,False,False,,,0.0,,,0.0,2026-08-15,1,00-04
btc-updown-5m-1786729500,2026-08-14 17:45:00+00:00,2026-08-14 17:35:47.784000+00:00,552.216,single,False,True,,2026-08-14T17:45:57.631Z,-0.29,,0.18,-0.18,2026-08-15,1,00-04
btc-updown-5m-1786729800,2026-08-14 17:50:00+00:00,2026-08-14 17:45:29.029000+00:00,270.971,single,True,False,2026-08-14T17:50:57.190Z,,-0.29,0.21,,-0.21,2026-08-15,1,00-04
btc-updown-5m-1786730100,2026-08-14 17:55:00+00:00,2026-08-14 17:45:33.266000+00:00,566.734,single,True,False,2026-08-14T17:57:47.575Z,,-0.29,0.02,,-0.02,2026-08-15,1,00-04
btc-updown-5m-1786730400,2026-08-14 18:00:00+00:00,2026-08-14 17:51:37.428000+00:00,502.572,none,False,False,,,0.0,,,0.0,2026-08-15,1,00-04
btc-updown-5m-1786730700,2026-08-14 18:05:00+00:00,2026-08-14 17:57:31.723000+00:00,448.277,single,False,True,,2026-08-14T18:06:52.917Z,-0.29,,0.29,-0.29,2026-08-15,2,00-04
btc-updown-5m-1786731000,2026-08-14 18:10:00+00:00,2026-08-14 18:05:35.242000+00:00,264.758,single,False,True,,2026-08-14T18:11:12.446Z,-0.29,,0.18,-0.18,2026-08-15,2,00-04
btc-updown-5m-1786731300,2026-08-14 18:15:00+00:00,2026-08-14 18:05:35.258000+00:00,564.742,single,False,True,,2026-08-14T18:18:25.511Z,-0.29,,0.23,-0.23,2026-08-15,2,00-04
btc-updown-5m-1786731600,2026-08-14 18:20:00+00:00,2026-08-14 18:10:28.055000+00:00,571.945,single,False,True,,2026-08-14T18:23:06.722Z,-0.29,,0.29,-0.29,2026-08-15,2,00-04
btc-updown-5m-1786731900,2026-08-14 18:25:00+00:00,2026-08-14 18:16:43.960000+00:00,496.04,none,False,False,,,0.0,,,0.0,2026-08-15,2,00-04
btc-updown-5m-1786732200,2026-08-14 18:30:00+00:00,2026-08-14 18:20:27.218000+00:00,572.782,single,True,False,2026-08-14T18:34:22.606Z,,-0.29,0.29,,-0.29,2026-08-15,2,00-04
btc-updown-5m-1786732500,2026-08-14 18:35:00+00:00,2026-08-14 18:27:55.224000+00:00,424.776,single,False,True,,2026-08-14T18:36:52.100Z,-0.29,,0.29,-0.29,2026-08-15,2,00-04
btc-updown-5m-1786732800,2026-08-14 18:40:00+00:00,2026-08-14 18:30:38.274000+00:00,561.726,none,False,False,,,0.0,,,0.0,2026-08-15,2,00-04
btc-updown-5m-1786733100,2026-08-14 18:45:00+00:00,2026-08-14 18:36:35.802000+00:00,504.198,single,True,False,2026-08-14T18:46:50.454Z,,-0.29,0.19,,-0.19,2026-08-15,2,00-04
btc-updown-5m-1786733400,2026-08-14 18:50:00+00:00,2026-08-14 18:46:01.910000+00:00,238.09,none,False,False,,,0.0,,,0.0,2026-08-15,2,00-04
btc-updown-5m-1786733700,2026-08-14 18:55:00+00:00,2026-08-14 18:47:36.780000+00:00,443.22,none,False,False,,,0.0,,,0.0,2026-08-15,2,00-04
btc-updown-5m-1786734000,2026-08-14 19:00:00+00:00,2026-08-14 18:55:27.036000+00:00,272.964,single,True,False,2026-08-14T19:00:50.295Z,,-0.29,0.19,,-0.19,2026-08-15,2,00-04
btc-updown-5m-1786734300,2026-08-14 19:05:00+00:00,2026-08-14 18:55:27.222000+00:00,572.778,none,False,False,,,0.0,,,0.0,2026-08-15,3,00-04
btc-updown-5m-1786734600,2026-08-14 19:10:00+00:00,2026-08-14 19:01:44.524000+00:00,495.476,single,True,False,2026-08-14T19:11:00.801Z,,-0.29,0.28,,-0.28,2026-08-15,3,00-04
btc-updown-5m-1786734900,2026-08-14 19:15:00+00:00,2026-08-14 19:10:36.277000+00:00,263.723,none,False,False,,,0.0,,,0.0,2026-08-15,3,00-04
btc-updown-5m-1786735200,2026-08-14 19:20:00+00:00,2026-08-14 19:10:36.311000+00:00,563.689,single,False,True,,2026-08-14T19:22:11.322Z,-0.29,,0.25,-0.25,2026-08-15,3,00-04
btc-updown-5m-1786735500,2026-08-14 19:25:00+00:00,2026-08-14 19:20:17.541000+00:00,282.459,single,False,True,,2026-08-14T19:29:07.659Z,-0.29,,0.01,-0.01,2026-08-15,3,00-04
btc-updown-5m-1786735800,2026-08-14 19:30:00+00:00,2026-08-14 19:20:17.558000+00:00,582.442,none,False,False,,,0.0,,,0.0,2026-08-15,3,00-04
btc-updown-5m-1786736100,2026-08-14 19:35:00+00:00,2026-08-14 19:28:11.150000+00:00,408.85,single,False,True,,2026-08-14T19:35:54.909Z,-0.29,,0.28,-0.28,2026-08-15,3,00-04
btc-updown-5m-1786736400,2026-08-14 19:40:00+00:00,2026-08-14 19:35:00.789000+00:00,299.211,none,False,False,,,0.0,,,0.0,2026-08-15,3,00-04
btc-updown-5m-1786736700,2026-08-14 19:45:00+00:00,2026-08-14 19:35:39.264000+00:00,560.736,single,True,False,2026-08-14T19:49:41.415Z,,-0.29,0.01,,-0.01,2026-08-15,3,00-04
btc-updown-5m-1786737000,2026-08-14 19:50:00+00:00,2026-08-14 19:45:54.478000+00:00,245.522,none,False,False,,,0.0,,,0.0,2026-08-15,3,00-04
btc-updown-5m-1786737300,2026-08-14 19:55:00+00:00,2026-08-14 19:46:22.299000+00:00,517.701,none,False,False,,,0.0,,,0.0,2026-08-15,3,00-04
btc-updown-5m-1786737600,2026-08-14 20:00:00+00:00,2026-08-14 19:50:32.630000+00:00,567.37,single,False,True,,2026-08-14T20:02:54.892Z,-0.29,,0.03,-0.03,2026-08-15,3,00-04
btc-updown-5m-1786737900,2026-08-14 20:05:00+00:00,2026-08-14 19:55:15.423000+00:00,584.577,none,False,False,,,0.0,,,0.0,2026-08-15,4,04-08
btc-updown-5m-1786738200,2026-08-14 20:10:00+00:00,2026-08-14 20:00:27.306000+00:00,572.694,single,True,False,2026-08-14T20:12:57.696Z,,-0.29,0.22,,-0.22,2026-08-15,4,04-08
btc-updown-5m-1786738500,2026-08-14 20:15:00+00:00,2026-08-14 20:09:54.765000+00:00,305.235,none,False,False,,,0.0,,,0.0,2026-08-15,4,04-08
btc-updown-5m-1786738800,2026-08-14 20:20:00+00:00,2026-08-14 20:11:31.435000+00:00,508.565,single,False,True,,2026-08-14T20:23:51.067Z,-0.29,,0.01,-0.01,2026-08-15,4,04-08
btc-updown-5m-1786739100,2026-08-14 20:25:00+00:00,2026-08-14 20:20:26.379000+00:00,273.621,single,True,False,2026-08-14T20:28:20.259Z,,-0.29,0.04,,-0.04,2026-08-15,4,04-08
btc-updown-5m-1786739400,2026-08-14 20:30:00+00:00,2026-08-14 20:20:26.396000+00:00,573.604,none,False,False,,,0.0,,,0.0,2026-08-15,4,04-08
btc-updown-5m-1786739700,2026-08-14 20:35:00+00:00,2026-08-14 20:28:19.838000+00:00,400.162,single,True,False,2026-08-14T20:36:30.460Z,,-0.29,0.2,,-0.2,2026-08-15,4,04-08
btc-updown-5m-1786740000,2026-08-14 20:40:00+00:00,2026-08-14 20:35:35.426000+00:00,264.574,single,True,False,2026-08-14T20:43:55.857Z,,-0.29,0.15,,-0.15,2026-08-15,4,04-08
btc-updown-5m-1786740300,2026-08-14 20:45:00+00:00,2026-08-14 20:36:20.475000+00:00,519.525,single,False,True,,2026-08-14T20:48:20.289Z,-0.29,,0.29,-0.29,2026-08-15,4,04-08
btc-updown-5m-1786740600,2026-08-14 20:50:00+00:00,2026-08-14 20:42:03.682000+00:00,476.318,paired,True,True,2026-08-14T20:54:57.285Z,2026-08-14T20:50:37.156Z,0.42,0.29,0.23,0.48,2026-08-15,4,04-08
btc-updown-5m-1786740900,2026-08-14 20:55:00+00:00,2026-08-14 20:48:54.504000+00:00,365.496,single,True,False,2026-08-14T20:56:44.858Z,,-0.29,0.21,,-0.21,2026-08-15,4,04-08
btc-updown-5m-1786741200,2026-08-14 21:00:00+00:00,2026-08-14 20:50:32.907000+00:00,567.093,single,False,True,,2026-08-14T21:02:24.304Z,-0.29,,0.27,-0.27,2026-08-15,4,04-08
btc-updown-5m-1786741500,2026-08-14 21:05:00+00:00,2026-08-14 20:55:18.362000+00:00,581.638,none,False,False,,,0.0,,,0.0,2026-08-15,5,04-08
btc-updown-5m-1786741800,2026-08-14 21:10:00+00:00,2026-08-14 21:02:12.796000+00:00,467.204,single,False,True,,2026-08-14T21:12:34.623Z,-0.29,,0.14,-0.14,2026-08-15,5,04-08
btc-updown-5m-1786742100,2026-08-14 21:15:00+00:00,2026-08-14 21:05:15.516000+00:00,584.484,single,True,False,2026-08-14T21:19:38.473Z,,-0.29,0.03,,-0.03,2026-08-15,5,04-08
btc-updown-5m-1786742400,2026-08-14 21:20:00+00:00,2026-08-14 21:10:35.254000+00:00,564.746,single,True,False,2026-08-14T21:21:18.181Z,,-0.29,0.27,,-0.27,2026-08-15,5,04-08
btc-updown-5m-1786742700,2026-08-14 21:25:00+00:00,2026-08-14 21:18:59.491000+00:00,360.509,none,False,False,,,0.0,,,0.0,2026-08-15,5,04-08
btc-updown-5m-1786743000,2026-08-14 21:30:00+00:00,2026-08-14 21:21:12.651000+00:00,527.349,single,True,False,2026-08-14T21:32:52.321Z,,-0.29,0.26,,-0.26,2026-08-15,5,04-08
btc-updown-5m-1786743300,2026-08-14 21:35:00+00:00,2026-08-14 21:30:47.829000+00:00,252.171,single,False,True,,2026-08-14T21:39:17.240Z,-0.29,,0.04,-0.04,2026-08-15,5,04-08
btc-updown-5m-1786743600,2026-08-14 21:40:00+00:00,2026-08-14 21:31:29.458000+00:00,510.542,none,False,False,,,0.0,,,0.0,2026-08-15,5,04-08
btc-updown-5m-1786743900,2026-08-14 21:45:00+00:00,2026-08-14 21:36:42.351000+00:00,497.649,single,False,True,,2026-08-14T21:49:01.207Z,-0.29,,0.12,-0.12,2026-08-15,5,04-08
btc-updown-5m-1786744200,2026-08-14 21:50:00+00:00,2026-08-14 21:45:58.473000+00:00,241.527,single,True,False,2026-08-14T21:53:38.747Z,,-0.29,0.05,,-0.05,2026-08-15,5,04-08
btc-updown-5m-1786744500,2026-08-14 21:55:00+00:00,2026-08-14 21:47:05.868000+00:00,474.132,none,False,False,,,0.0,,,0.0,2026-08-15,5,04-08
btc-updown-5m-1786744800,2026-08-14 22:00:00+00:00,2026-08-14 21:51:28.683000+00:00,511.317,single,False,True,,2026-08-14T22:03:42.766Z,-0.29,,0.05,-0.05,2026-08-15,5,04-08
btc-updown-5m-1786745100,2026-08-14 22:05:00+00:00,2026-08-14 21:58:21.426000+00:00,398.574,single,True,False,2026-08-14T22:07:22.031Z,,-0.29,0.1,,-0.1,2026-08-15,6,04-08
btc-updown-5m-1786745400,2026-08-14 22:10:00+00:00,2026-08-14 22:03:36.663000+00:00,383.337,single,True,False,2026-08-14T22:14:21.190Z,,-0.29,0.01,,-0.01,2026-08-15,6,04-08
btc-updown-5m-1786745700,2026-08-14 22:15:00+00:00,2026-08-14 22:07:21.961000+00:00,458.039,single,True,False,2026-08-14T22:18:41.514Z,,-0.29,0.04,,-0.04,2026-08-15,6,04-08
btc-updown-5m-1786746000,2026-08-14 22:20:00+00:00,2026-08-14 22:12:43.940000+00:00,436.06,single,False,True,,2026-08-14T22:23:44.226Z,-0.29,,0.17,-0.17,2026-08-15,6,04-08
btc-updown-5m-1786746300,2026-08-14 22:25:00+00:00,2026-08-14 22:18:31.635000+00:00,388.365,single,True,False,2026-08-14T22:28:56.105Z,,-0.29,0.25,,-0.25,2026-08-15,6,04-08
btc-updown-5m-1786746600,2026-08-14 22:30:00+00:00,2026-08-14 22:23:39.121000+00:00,380.879,none,False,False,,,0.0,,,0.0,2026-08-15,6,04-08
btc-updown-5m-1786746900,2026-08-14 22:35:00+00:00,2026-08-14 22:25:24.914000+00:00,575.086,single,False,True,,2026-08-14T22:36:48.552Z,-0.29,,0.27,-0.27,2026-08-15,6,04-08
btc-updown-5m-1786747200,2026-08-14 22:40:00+00:00,2026-08-14 22:35:33.603000+00:00,266.397,single,False,True,,2026-08-14T22:43:34.181Z,-0.29,,0.14,-0.14,2026-08-15,6,04-08
btc-updown-5m-1786747500,2026-08-14 22:45:00+00:00,2026-08-14 22:35:43.243000+00:00,556.757,none,False,False,,,0.0,,,0.0,2026-08-15,6,04-08
btc-updown-5m-1786747800,2026-08-14 22:50:00+00:00,2026-08-14 22:43:28.823000+00:00,391.177,single,False,True,,2026-08-14T22:54:44.580Z,-0.29,,0.28,-0.28,2026-08-15,6,04-08
btc-updown-5m-1786748100,2026-08-14 22:55:00+00:00,2026-08-14 22:50:20.454000+00:00,279.546,paired,True,True,2026-08-14T22:56:06.915Z,2026-08-14T22:59:32.237Z,0.42,0.19,0.02,0.79,2026-08-15,6,04-08
btc-updown-5m-1786748400,2026-08-14 23:00:00+00:00,2026-08-14 22:50:20.691000+00:00,579.309,single,True,False,2026-08-14T23:03:56.494Z,,-0.29,0.1,,-0.1,2026-08-15,6,04-08
btc-updown-5m-1786748700,2026-08-14 23:05:00+00:00,2026-08-14 22:55:36.649000+00:00,563.351,single,False,True,,2026-08-14T23:08:04.618Z,-0.29,,0.2,-0.2,2026-08-15,7,04-08
btc-updown-5m-1786749000,2026-08-14 23:10:00+00:00,2026-08-14 23:01:32.452000+00:00,507.548,single,False,True,,2026-08-14T23:14:46.128Z,-0.29,,0.001,-0.001,2026-08-15,7,04-08
btc-updown-5m-1786749300,2026-08-14 23:15:00+00:00,2026-08-14 23:06:34.884000+00:00,505.116,single,True,False,2026-08-14T23:17:48.618Z,,-0.29,0.11,,-0.11,2026-08-15,7,04-08
btc-updown-5m-1786749600,2026-08-14 23:20:00+00:00,2026-08-14 23:14:45.624000+00:00,314.376,single,True,False,2026-08-14T23:24:36.139Z,,-0.29,0.29,,-0.29,2026-08-15,7,04-08
btc-updown-5m-1786749900,2026-08-14 23:25:00+00:00,2026-08-14 23:17:00.490000+00:00,479.51,single,True,False,2026-08-14T23:26:15.366Z,,-0.29,0.13,,-0.13,2026-08-15,7,04-08
btc-updown-5m-1786750200,2026-08-14 23:30:00+00:00,2026-08-14 23:25:17.967000+00:00,282.033,single,False,True,,2026-08-14T23:34:23.880Z,-0.29,,0.02,-0.02,2026-08-15,7,04-08
btc-updown-5m-1786750500,2026-08-14 23:35:00+00:00,2026-08-14 23:25:17.982000+00:00,582.018,paired,True,True,2026-08-14T23:36:09.214Z,2026-08-14T23:39:01.952Z,0.42,0.13,0.01,0.86,2026-08-15,7,04-08
btc-updown-5m-1786750800,2026-08-14 23:40:00+00:00,2026-08-14 23:30:36.419000+00:00,563.581,single,False,True,,2026-08-14T23:44:54.933Z,-0.29,,0.01,-0.01,2026-08-15,7,04-08
btc-updown-5m-1786751100,2026-08-14 23:45:00+00:00,2026-08-14 23:35:53.582000+00:00,546.418,single,False,True,,2026-08-14T23:48:08.665Z,-0.29,,0.29,-0.29,2026-08-15,7,04-08
btc-updown-5m-1786751400,2026-08-14 23:50:00+00:00,2026-08-14 23:44:40.953000+00:00,319.047,none,False,False,,,0.0,,,0.0,2026-08-15,7,04-08
btc-updown-5m-1786751700,2026-08-14 23:55:00+00:00,2026-08-14 23:46:47.347000+00:00,492.653,single,True,False,2026-08-14T23:59:27.615Z,,-0.29,0.03,,-0.03,2026-08-15,7,04-08
btc-updown-5m-1786752000,2026-08-15 00:00:00+00:00,2026-08-14 23:51:35.042000+00:00,504.958,none,False,False,,,0.0,,,0.0,2026-08-15,7,04-08
btc-updown-5m-1786752300,2026-08-15 00:05:00+00:00,2026-08-14 23:55:21.816000+00:00,578.184,single,True,False,2026-08-15T00:06:22.485Z,,-0.29,0.12,,-0.12,2026-08-15,8,08-12
btc-updown-5m-1786752600,2026-08-15 00:10:00+00:00,2026-08-15 00:05:13.895000+00:00,286.105,none,False,False,,,0.0,,,0.0,2026-08-15,8,08-12
btc-updown-5m-1786752900,2026-08-15 00:15:00+00:00,2026-08-15 00:05:13.907000+00:00,586.093,single,False,True,,2026-08-15T00:19:10.254Z,-0.29,,0.02,-0.02,2026-08-15,8,08-12
btc-updown-5m-1786753200,2026-08-15 00:20:00+00:00,2026-08-15 00:10:57.456000+00:00,542.544,none,False,False,,,0.0,,,0.0,2026-08-15,8,08-12
btc-updown-5m-1786753500,2026-08-15 00:25:00+00:00,2026-08-15 00:16:35.510000+00:00,504.49,single,False,True,,2026-08-15T00:28:47.906Z,-0.29,,0.13,-0.13,2026-08-15,8,08-12
btc-updown-5m-1786753800,2026-08-15 00:30:00+00:00,2026-08-15 00:25:33.378000+00:00,266.622,single,False,True,,2026-08-15T00:31:30.263Z,-0.29,,0.26,-0.26,2026-08-15,8,08-12
btc-updown-5m-1786754100,2026-08-15 00:35:00+00:00,2026-08-15 00:25:33.386000+00:00,566.614,none,False,False,,,0.0,,,0.0,2026-08-15,8,08-12
btc-updown-5m-1786754400,2026-08-15 00:40:00+00:00,2026-08-15 00:30:25.666000+00:00,574.334,single,False,True,,2026-08-15T00:43:18.578Z,-0.29,,0.14,-0.14,2026-08-15,8,08-12
btc-updown-5m-1786754700,2026-08-15 00:45:00+00:00,2026-08-15 00:40:32.894000+00:00,267.106,single,False,True,,2026-08-15T00:48:04.361Z,-0.29,,0.1,-0.1,2026-08-15,8,08-12
btc-updown-5m-1786755000,2026-08-15 00:50:00+00:00,2026-08-15 00:40:32.922000+00:00,567.078,single,True,False,2026-08-15T00:53:08.642Z,,-0.29,0.29,,-0.29,2026-08-15,8,08-12
btc-updown-5m-1786755300,2026-08-15 00:55:00+00:00,2026-08-15 00:46:05.653000+00:00,534.347,single,False,True,,2026-08-15T00:57:24.039Z,-0.29,,0.24,-0.24,2026-08-15,8,08-12
btc-updown-5m-1786755600,2026-08-15 01:00:00+00:00,2026-08-15 00:51:29.746000+00:00,510.254,none,False,False,,,0.0,,,0.0,2026-08-15,8,08-12
btc-updown-5m-1786755900,2026-08-15 01:05:00+00:00,2026-08-15 00:55:21.415000+00:00,578.585,paired,True,True,2026-08-15T01:06:17.228Z,2026-08-15T01:09:41.469Z,0.42,0.17,0.29,0.54,2026-08-15,9,08-12
btc-updown-5m-1786756200,2026-08-15 01:10:00+00:00,2026-08-15 01:01:05.810000+00:00,534.19,none,False,False,,,0.0,,,0.0,2026-08-15,9,08-12
btc-updown-5m-1786756500,2026-08-15 01:15:00+00:00,2026-08-15 01:06:06.797000+00:00,533.203,single,True,False,2026-08-15T01:18:36.557Z,,-0.29,0.23,,-0.23,2026-08-15,9,08-12
btc-updown-5m-1786756800,2026-08-15 01:20:00+00:00,2026-08-15 01:10:38.646000+00:00,561.354,single,False,True,,2026-08-15T01:24:00.679Z,-0.29,,0.05,-0.05,2026-08-15,9,08-12
btc-updown-5m-1786757100,2026-08-15 01:25:00+00:00,2026-08-15 01:16:09.899000+00:00,530.101,single,False,True,,2026-08-15T01:28:49.282Z,-0.29,,0.29,-0.29,2026-08-15,9,08-12
btc-updown-5m-1786757400,2026-08-15 01:30:00+00:00,2026-08-15 01:21:09.063000+00:00,530.937,none,False,False,,,0.0,,,0.0,2026-08-15,9,08-12
btc-updown-5m-1786757700,2026-08-15 01:35:00+00:00,2026-08-15 01:26:07.307000+00:00,532.693,single,False,True,,2026-08-15T01:37:03.773Z,-0.29,,0.2,-0.2,2026-08-15,9,08-12
btc-updown-5m-1786758000,2026-08-15 01:40:00+00:00,2026-08-15 01:31:20.827000+00:00,519.173,none,False,False,,,0.0,,,0.0,2026-08-15,9,08-12
btc-updown-5m-1786758300,2026-08-15 01:45:00+00:00,2026-08-15 01:36:52.153000+00:00,487.847,single,True,False,2026-08-15T01:47:56.876Z,,-0.29,0.28,,-0.28,2026-08-15,9,08-12
btc-updown-5m-1786758600,2026-08-15 01:50:00+00:00,2026-08-15 01:46:01.430000+00:00,238.57,none,False,False,,,0.0,,,0.0,2026-08-15,9,08-12
btc-updown-5m-1786758900,2026-08-15 01:55:00+00:00,2026-08-15 01:46:11.224000+00:00,528.776,none,False,False,,,0.0,,,0.0,2026-08-15,9,08-12
btc-updown-5m-1786759200,2026-08-15 02:00:00+00:00,2026-08-15 01:55:36.166000+00:00,263.834,none,False,False,,,0.0,,,0.0,2026-08-15,9,08-12
btc-updown-5m-1786759500,2026-08-15 02:05:00+00:00,2026-08-15 01:55:36.238000+00:00,563.762,paired,True,True,2026-08-15T02:09:49.841Z,2026-08-15T02:06:35.513Z,0.42,0.26,0.23,0.51,2026-08-15,10,08-12
btc-updown-5m-1786759800,2026-08-15 02:10:00+00:00,2026-08-15 02:01:02.340000+00:00,537.66,paired,True,True,2026-08-15T02:13:37.594Z,2026-08-15T02:14:43.944Z,0.42,0.28,0.02,0.7,2026-08-15,10,08-12
btc-updown-5m-1786760100,2026-08-15 02:15:00+00:00,2026-08-15 02:05:33.591000+00:00,566.409,none,False,False,,,0.0,,,0.0,2026-08-15,10,08-12
btc-updown-5m-1786760400,2026-08-15 02:20:00+00:00,2026-08-15 02:10:54.582000+00:00,545.418,single,False,True,,2026-08-15T02:22:50.560Z,-0.29,,0.06,-0.06,2026-08-15,10,08-12
btc-updown-5m-1786760700,2026-08-15 02:25:00+00:00,2026-08-15 02:20:27.798000+00:00,272.202,single,False,True,,2026-08-15T02:25:17.445Z,-0.29,,0.26,-0.26,2026-08-15,10,08-12
btc-updown-5m-1786761000,2026-08-15 02:30:00+00:00,2026-08-15 02:20:28.002000+00:00,571.998,none,False,False,,,0.0,,,0.0,2026-08-15,10,08-12
btc-updown-5m-1786761300,2026-08-15 02:35:00+00:00,2026-08-15 02:26:31.370000+00:00,508.63,single,True,False,2026-08-15T02:37:20.999Z,,-0.29,0.23,,-0.23,2026-08-15,10,08-12
btc-updown-5m-1786761600,2026-08-15 02:40:00+00:00,2026-08-15 02:35:11.575000+00:00,288.425,single,True,False,2026-08-15T02:42:52.897Z,,-0.29,0.14,,-0.14,2026-08-15,10,08-12
btc-updown-5m-1786761900,2026-08-15 02:45:00+00:00,2026-08-15 02:35:16.677000+00:00,583.323,none,False,False,,,0.0,,,0.0,2026-08-15,10,08-12
btc-updown-5m-1786762200,2026-08-15 02:50:00+00:00,2026-08-15 02:40:40.541000+00:00,559.459,single,True,False,2026-08-15T02:54:44.295Z,,-0.29,0.01,,-0.01,2026-08-15,10,08-12
btc-updown-5m-1786762500,2026-08-15 02:55:00+00:00,2026-08-15 02:45:34.540000+00:00,565.46,single,False,True,,2026-08-15T02:57:39.430Z,-0.29,,0.21,-0.21,2026-08-15,10,08-12
btc-updown-5m-1786762800,2026-08-15 03:00:00+00:00,2026-08-15 02:50:23.526000+00:00,576.474,none,False,False,,,0.0,,,0.0,2026-08-15,10,08-12
btc-updown-5m-1786763100,2026-08-15 03:05:00+00:00,2026-08-15 02:55:43.409000+00:00,556.591,single,False,True,,2026-08-15T03:09:29.549Z,-0.29,,0.29,-0.29,2026-08-15,11,08-12
btc-updown-5m-1786763400,2026-08-15 03:10:00+00:00,2026-08-15 03:05:54.963000+00:00,245.037,single,False,True,,2026-08-15T03:13:20.742Z,-0.29,,0.08,-0.08,2026-08-15,11,08-12
btc-updown-5m-1786763700,2026-08-15 03:15:00+00:00,2026-08-15 03:06:41.745000+00:00,498.255,single,False,True,,2026-08-15T03:16:25.546Z,-0.29,,0.22,-0.22,2026-08-15,11,08-12
btc-updown-5m-1786764000,2026-08-15 03:20:00+00:00,2026-08-15 03:11:56.212000+00:00,483.788,single,True,False,2026-08-15T03:22:32.499Z,,-0.29,0.02,,-0.02,2026-08-15,11,08-12
btc-updown-5m-1786764300,2026-08-15 03:25:00+00:00,2026-08-15 03:17:32.761000+00:00,447.239,single,True,False,2026-08-15T03:29:34.679Z,,-0.29,0.29,,-0.29,2026-08-15,11,08-12
btc-updown-5m-1786764600,2026-08-15 03:30:00+00:00,2026-08-15 03:21:27.297000+00:00,512.703,single,True,False,2026-08-15T03:34:52.782Z,,-0.29,0.01,,-0.01,2026-08-15,11,08-12
btc-updown-5m-1786764900,2026-08-15 03:35:00+00:00,2026-08-15 03:30:46.786000+00:00,253.214,single,True,False,2026-08-15T03:37:28.149Z,,-0.29,0.13,,-0.13,2026-08-15,11,08-12
btc-updown-5m-1786765200,2026-08-15 03:40:00+00:00,2026-08-15 03:31:07.879000+00:00,532.121,single,False,True,,2026-08-15T03:42:17.821Z,-0.29,,0.29,-0.29,2026-08-15,11,08-12
btc-updown-5m-1786765500,2026-08-15 03:45:00+00:00,2026-08-15 03:37:06.943000+00:00,473.057,none,False,False,,,0.0,,,0.0,2026-08-15,11,08-12
btc-updown-5m-1786765800,2026-08-15 03:50:00+00:00,2026-08-15 03:44:03.278000+00:00,356.722,paired,True,True,2026-08-15T03:50:53.938Z,2026-08-15T03:53:33.674Z,0.42,0.23,0.03,0.74,2026-08-15,11,08-12
btc-updown-5m-1786766100,2026-08-15 03:55:00+00:00,2026-08-15 03:46:03.777000+00:00,536.223,paired,True,True,2026-08-15T03:59:47.752Z,2026-08-15T03:58:51.179Z,0.42,0.01,0.29,0.7,2026-08-15,11,08-12
btc-updown-5m-1786766400,2026-08-15 04:00:00+00:00,2026-08-15 03:51:54.873000+00:00,485.127,single,False,True,,2026-08-15T04:01:30.245Z,-0.29,,0.14,-0.14,2026-08-15,11,08-12
btc-updown-5m-1786766700,2026-08-15 04:05:00+00:00,2026-08-15 03:56:28.327000+00:00,511.673,none,False,False,,,0.0,,,0.0,2026-08-15,12,12-16
btc-updown-5m-1786767000,2026-08-15 04:10:00+00:00,2026-08-15 04:02:12.358000+00:00,467.642,none,False,False,,,0.0,,,0.0,2026-08-15,12,12-16
btc-updown-5m-1786767300,2026-08-15 04:15:00+00:00,2026-08-15 04:10:19.156000+00:00,280.844,single,False,True,,2026-08-15T04:17:32.774Z,-0.29,,0.28,-0.28,2026-08-15,12,12-16
btc-updown-5m-1786767600,2026-08-15 04:20:00+00:00,2026-08-15 04:10:19.470000+00:00,580.53,single,False,True,,2026-08-15T04:22:45.472Z,-0.29,,0.29,-0.29,2026-08-15,12,12-16
btc-updown-5m-1786767900,2026-08-15 04:25:00+00:00,2026-08-15 04:16:13.476000+00:00,526.524,none,False,False,,,0.0,,,0.0,2026-08-15,12,12-16
btc-updown-5m-1786768200,2026-08-15 04:30:00+00:00,2026-08-15 04:20:12.560000+00:00,587.44,single,True,False,2026-08-15T04:34:49.966Z,,-0.29,0.01,,-0.01,2026-08-15,12,12-16
btc-updown-5m-1786768500,2026-08-15 04:35:00+00:00,2026-08-15 04:31:13.015000+00:00,226.985,single,False,True,,2026-08-15T04:37:29.669Z,-0.29,,0.19,-0.19,2026-08-15,12,12-16
btc-updown-5m-1786768800,2026-08-15 04:40:00+00:00,2026-08-15 04:32:21.546000+00:00,458.454,single,False,True,,2026-08-15T04:42:32.886Z,-0.29,,0.29,-0.29,2026-08-15,12,12-16
btc-updown-5m-1786769100,2026-08-15 04:45:00+00:00,2026-08-15 04:37:23.488000+00:00,456.512,single,True,False,2026-08-15T04:49:08.371Z,,-0.29,0.05,,-0.05,2026-08-15,12,12-16
btc-updown-5m-1786769400,2026-08-15 04:50:00+00:00,2026-08-15 04:40:21.451000+00:00,578.549,single,True,False,2026-08-15T04:53:02.838Z,,-0.29,0.02,,-0.02,2026-08-15,12,12-16
btc-updown-5m-1786769700,2026-08-15 04:55:00+00:00,2026-08-15 04:46:26.315000+00:00,513.685,single,True,False,2026-08-15T04:59:13.047Z,,-0.29,0.11,,-0.11,2026-08-15,12,12-16
btc-updown-5m-1786770000,2026-08-15 05:00:00+00:00,2026-08-15 04:51:28.290000+00:00,511.71,none,False,False,,,0.0,,,0.0,2026-08-15,12,12-16
btc-updown-5m-1786770300,2026-08-15 05:05:00+00:00,2026-08-15 04:56:09.750000+00:00,530.25,single,False,True,,2026-08-15T05:06:36.460Z,-0.29,,0.23,-0.23,2026-08-15,13,12-16
btc-updown-5m-1786770600,2026-08-15 05:10:00+00:00,2026-08-15 05:05:42.829000+00:00,257.171,none,False,False,,,0.0,,,0.0,2026-08-15,13,12-16
btc-updown-5m-1786770900,2026-08-15 05:15:00+00:00,2026-08-15 05:05:43.226000+00:00,556.774,single,False,True,,2026-08-15T05:17:11.919Z,-0.29,,0.13,-0.13,2026-08-15,13,12-16
btc-updown-5m-1786771200,2026-08-15 05:20:00+00:00,2026-08-15 05:14:13.039000+00:00,346.961,single,True,False,2026-08-15T05:22:11.130Z,,-0.29,0.07,,-0.07,2026-08-15,13,12-16
btc-updown-5m-1786771500,2026-08-15 05:25:00+00:00,2026-08-15 05:17:05.870000+00:00,474.13,none,False,False,,,0.0,,,0.0,2026-08-15,13,12-16
btc-updown-5m-1786771800,2026-08-15 05:30:00+00:00,2026-08-15 05:22:11.042000+00:00,468.958,none,False,False,,,0.0,,,0.0,2026-08-15,13,12-16
btc-updown-5m-1786772100,2026-08-15 05:35:00+00:00,2026-08-15 05:31:01.773000+00:00,238.227,single,True,False,2026-08-15T05:35:48.248Z,,-0.29,0.29,,-0.29,2026-08-15,13,12-16
btc-updown-5m-1786772400,2026-08-15 05:40:00+00:00,2026-08-15 05:32:27.950000+00:00,452.05,single,True,False,2026-08-15T05:43:53.980Z,,-0.29,0.29,,-0.29,2026-08-15,13,12-16
btc-updown-5m-1786772700,2026-08-15 05:45:00+00:00,2026-08-15 05:36:18.182000+00:00,521.818,single,False,True,,2026-08-15T05:48:12.826Z,-0.29,,0.12,-0.12,2026-08-15,13,12-16
btc-updown-5m-1786773000,2026-08-15 05:50:00+00:00,2026-08-15 05:46:10.213000+00:00,229.787,paired,True,True,2026-08-15T05:50:44.167Z,2026-08-15T05:54:38.861Z,0.42,0.16,0.07,0.77,2026-08-15,13,12-16
btc-updown-5m-1786773300,2026-08-15 05:55:00+00:00,2026-08-15 05:47:10.256000+00:00,469.744,none,False,False,,,0.0,,,0.0,2026-08-15,13,12-16
btc-updown-5m-1786773600,2026-08-15 06:00:00+00:00,2026-08-15 05:50:38.542000+00:00,561.458,none,False,False,,,0.0,,,0.0,2026-08-15,13,12-16
btc-updown-5m-1786773900,2026-08-15 06:05:00+00:00,2026-08-15 06:00:15.552000+00:00,284.448,single,False,True,,2026-08-15T06:08:09.739Z,-0.29,,0.28,-0.28,2026-08-15,14,12-16
btc-updown-5m-1786774200,2026-08-15 06:10:00+00:00,2026-08-15 06:01:26.859000+00:00,513.141,single,True,False,2026-08-15T06:13:03.054Z,,-0.29,0.04,,-0.04,2026-08-15,14,12-16
btc-updown-5m-1786774500,2026-08-15 06:15:00+00:00,2026-08-15 06:06:59.659000+00:00,480.341,none,False,False,,,0.0,,,0.0,2026-08-15,14,12-16
btc-updown-5m-1786774800,2026-08-15 06:20:00+00:00,2026-08-15 06:12:57.687000+00:00,422.313,single,False,True,,2026-08-15T06:23:58.181Z,-0.29,,0.27,-0.27,2026-08-15,14,12-16
btc-updown-5m-1786775100,2026-08-15 06:25:00+00:00,2026-08-15 06:20:14.519000+00:00,285.481,single,True,False,2026-08-15T06:28:31.922Z,,-0.29,0.02,,-0.02,2026-08-15,14,12-16
btc-updown-5m-1786775400,2026-08-15 06:30:00+00:00,2026-08-15 06:20:44.952000+00:00,555.048,single,False,True,,2026-08-15T06:31:23.020Z,-0.29,,0.14,-0.14,2026-08-15,14,12-16
btc-updown-5m-1786775700,2026-08-15 06:35:00+00:00,2026-08-15 06:26:48.379000+00:00,491.621,none,False,False,,,0.0,,,0.0,2026-08-15,14,12-16
btc-updown-5m-1786776000,2026-08-15 06:40:00+00:00,2026-08-15 06:32:18.490000+00:00,461.51,single,False,True,,2026-08-15T06:42:50.497Z,-0.29,,0.13,-0.13,2026-08-15,14,12-16
btc-updown-5m-1786776300,2026-08-15 06:45:00+00:00,2026-08-15 06:40:37.938000+00:00,262.062,none,False,False,,,0.0,,,0.0,2026-08-15,14,12-16
btc-updown-5m-1786776600,2026-08-15 06:50:00+00:00,2026-08-15 06:40:38.360000+00:00,561.64,single,False,True,,2026-08-15T06:52:50.628Z,-0.29,,0.01,-0.01,2026-08-15,14,12-16
btc-updown-5m-1786776900,2026-08-15 06:55:00+00:00,2026-08-15 06:51:05.273000+00:00,234.727,paired,True,True,2026-08-15T06:59:59.563Z,2026-08-15T06:58:07.241Z,0.42,0.01,0.29,0.7,2026-08-15,14,12-16
btc-updown-5m-1786777200,2026-08-15 07:00:00+00:00,2026-08-15 06:51:10.291000+00:00,529.709,single,True,False,2026-08-15T07:04:45.945Z,,-0.29,0.02,,-0.02,2026-08-15,14,12-16
btc-updown-5m-1786777500,2026-08-15 07:05:00+00:00,2026-08-15 06:59:33.885000+00:00,326.115,none,False,False,,,0.0,,,0.0,2026-08-15,15,12-16
btc-updown-5m-1786777800,2026-08-15 07:10:00+00:00,2026-08-15 07:04:40.410000+00:00,319.59,single,False,True,,2026-08-15T07:12:14.890Z,-0.29,,0.17,-0.17,2026-08-15,15,12-16
btc-updown-5m-1786778100,2026-08-15 07:15:00+00:00,2026-08-15 07:09:33.744000+00:00,326.256,single,True,False,2026-08-15T07:18:59.705Z,,-0.29,0.01,,-0.01,2026-08-15,15,12-16
btc-updown-5m-1786778400,2026-08-15 07:20:00+00:00,2026-08-15 07:10:32.556000+00:00,567.444,single,True,False,2026-08-15T07:23:32.703Z,,-0.29,0.01,,-0.01,2026-08-15,15,12-16
btc-updown-5m-1786778700,2026-08-15 07:25:00+00:00,2026-08-15 07:17:24.656000+00:00,455.344,single,True,False,2026-08-15T07:27:08.218Z,,-0.29,0.16,,-0.16,2026-08-15,15,12-16
btc-updown-5m-1786779000,2026-08-15 07:30:00+00:00,2026-08-15 07:23:22.052000+00:00,397.948,single,True,False,2026-08-15T07:34:27.946Z,,-0.29,0.29,,-0.29,2026-08-15,15,12-16
btc-updown-5m-1786779300,2026-08-15 07:35:00+00:00,2026-08-15 07:25:15.766000+00:00,584.234,single,False,True,,2026-08-15T07:36:49.751Z,-0.29,,0.14,-0.14,2026-08-15,15,12-16
btc-updown-5m-1786779600,2026-08-15 07:40:00+00:00,2026-08-15 07:31:23.143000+00:00,516.857,none,False,False,,,0.0,,,0.0,2026-08-15,15,12-16
btc-updown-5m-1786779900,2026-08-15 07:45:00+00:00,2026-08-15 07:36:12.640000+00:00,527.36,single,True,False,2026-08-15T07:48:15.211Z,,-0.29,0.15,,-0.15,2026-08-15,15,12-16
btc-updown-5m-1786780200,2026-08-15 07:50:00+00:00,2026-08-15 07:45:59.670000+00:00,240.33,single,True,False,2026-08-15T07:54:32.159Z,,-0.29,0.16,,-0.16,2026-08-15,15,12-16
btc-updown-5m-1786780500,2026-08-15 07:55:00+00:00,2026-08-15 07:47:18.754000+00:00,461.246,paired,True,True,2026-08-15T07:59:47.086Z,2026-08-15T07:55:32.158Z,0.42,0.01,0.2,0.79,2026-08-15,15,12-16
btc-updown-5m-1786780800,2026-08-15 08:00:00+00:00,2026-08-15 07:51:40.182000+00:00,499.818,single,True,False,2026-08-15T08:03:42.938Z,,-0.29,0.29,,-0.29,2026-08-15,15,12-16
btc-updown-5m-1786781100,2026-08-15 08:05:00+00:00,2026-08-15 07:55:31.802000+00:00,568.198,none,False,False,,,0.0,,,0.0,2026-08-15,16,16-20
btc-updown-5m-1786781400,2026-08-15 08:10:00+00:00,2026-08-15 08:03:17.099000+00:00,402.901,single,True,False,2026-08-15T08:14:14.186Z,,-0.29,0.01,,-0.01,2026-08-15,16,16-20
btc-updown-5m-1786781700,2026-08-15 08:15:00+00:00,2026-08-15 08:10:35.603000+00:00,264.397,single,True,False,2026-08-15T08:17:51.626Z,,-0.29,0.24,,-0.24,2026-08-15,16,16-20
btc-updown-5m-1786782000,2026-08-15 08:20:00+00:00,2026-08-15 08:10:50.874000+00:00,549.126,single,True,False,2026-08-15T08:21:33.665Z,,-0.29,0.19,,-0.19,2026-08-15,16,16-20
btc-updown-5m-1786782300,2026-08-15 08:25:00+00:00,2026-08-15 08:15:26.165000+00:00,573.835,single,True,False,2026-08-15T08:27:05.427Z,,-0.29,0.16,,-0.16,2026-08-15,16,16-20
btc-updown-5m-1786782600,2026-08-15 08:30:00+00:00,2026-08-15 08:20:29.966000+00:00,570.034,none,False,False,,,0.0,,,0.0,2026-08-15,16,16-20
btc-updown-5m-1786782900,2026-08-15 08:35:00+00:00,2026-08-15 08:25:31.019000+00:00,568.981,single,True,False,2026-08-15T08:36:50.754Z,,-0.29,0.12,,-0.12,2026-08-15,16,16-20
btc-updown-5m-1786783200,2026-08-15 08:40:00+00:00,2026-08-15 08:31:05.703000+00:00,534.297,none,False,False,,,0.0,,,0.0,2026-08-15,16,16-20
btc-updown-5m-1786783500,2026-08-15 08:45:00+00:00,2026-08-15 08:35:40.737000+00:00,559.263,single,False,True,,2026-08-15T08:49:02.572Z,-0.29,,0.01,-0.01,2026-08-15,16,16-20
btc-updown-5m-1786783800,2026-08-15 08:50:00+00:00,2026-08-15 08:46:15.978000+00:00,224.022,single,True,False,2026-08-15T08:51:30.958Z,,-0.29,0.14,,-0.14,2026-08-15,16,16-20
btc-updown-5m-1786784100,2026-08-15 08:55:00+00:00,2026-08-15 08:47:21.591000+00:00,458.409,none,False,False,,,0.0,,,0.0,2026-08-15,16,16-20
btc-updown-5m-1786784400,2026-08-15 09:00:00+00:00,2026-08-15 08:50:59.995000+00:00,540.005,single,True,False,2026-08-15T09:02:27.935Z,,-0.29,0.16,,-0.16,2026-08-15,16,16-20
btc-updown-5m-1786784700,2026-08-15 09:05:00+00:00,2026-08-15 08:59:56.274000+00:00,303.726,none,False,False,,,0.0,,,0.0,2026-08-15,17,16-20
btc-updown-5m-1786785000,2026-08-15 09:10:00+00:00,2026-08-15 09:00:39.116000+00:00,560.884,single,False,True,,2026-08-15T09:12:26.364Z,-0.29,,0.23,-0.23,2026-08-15,17,16-20
btc-updown-5m-1786785300,2026-08-15 09:15:00+00:00,2026-08-15 09:10:43.635000+00:00,256.365,single,False,True,,2026-08-15T09:18:41.697Z,-0.29,,0.04,-0.04,2026-08-15,17,16-20
btc-updown-5m-1786785600,2026-08-15 09:20:00+00:00,2026-08-15 09:10:43.770000+00:00,556.23,single,True,False,2026-08-15T09:22:23.917Z,,-0.29,0.29,,-0.29,2026-08-15,17,16-20
btc-updown-5m-1786785900,2026-08-15 09:25:00+00:00,2026-08-15 09:17:31.712000+00:00,448.288,single,False,True,,2026-08-15T09:25:41.040Z,-0.29,,0.29,-0.29,2026-08-15,17,16-20
btc-updown-5m-1786786200,2026-08-15 09:30:00+00:00,2026-08-15 09:23:01.270000+00:00,418.73,single,False,True,,2026-08-15T09:33:34.106Z,-0.29,,0.06,-0.06,2026-08-15,17,16-20
btc-updown-5m-1786786500,2026-08-15 09:35:00+00:00,2026-08-15 09:28:01.983000+00:00,418.017,single,False,True,,2026-08-15T09:36:50.865Z,-0.29,,0.17,-0.17,2026-08-15,17,16-20
btc-updown-5m-1786786800,2026-08-15 09:40:00+00:00,2026-08-15 09:31:22.741000+00:00,517.259,none,False,False,,,0.0,,,0.0,2026-08-15,17,16-20
btc-updown-5m-1786787100,2026-08-15 09:45:00+00:00,2026-08-15 09:36:40.202000+00:00,499.798,single,False,True,,2026-08-15T09:47:36.971Z,-0.29,,0.29,-0.29,2026-08-15,17,16-20
btc-updown-5m-1786787400,2026-08-15 09:50:00+00:00,2026-08-15 09:41:05.459000+00:00,534.541,none,False,False,,,0.0,,,0.0,2026-08-15,17,16-20
btc-updown-5m-1786787700,2026-08-15 09:55:00+00:00,2026-08-15 09:46:14.418000+00:00,525.582,paired,True,True,2026-08-15T09:59:49.442Z,2026-08-15T09:55:57.570Z,0.42,0.01,0.27,0.72,2026-08-15,17,16-20
btc-updown-5m-1786788000,2026-08-15 10:00:00+00:00,2026-08-15 09:55:35.888000+00:00,264.112,single,True,False,2026-08-15T10:03:19.147Z,,-0.29,0.02,,-0.02,2026-08-15,17,16-20
btc-updown-5m-1786788300,2026-08-15 10:05:00+00:00,2026-08-15 09:55:35.957000+00:00,564.043,single,False,True,,2026-08-15T10:08:03.926Z,-0.29,,0.17,-0.17,2026-08-15,18,16-20
btc-updown-5m-1786788600,2026-08-15 10:10:00+00:00,2026-08-15 10:01:39.845000+00:00,500.155,none,False,False,,,0.0,,,0.0,2026-08-15,18,16-20
btc-updown-5m-1786788900,2026-08-15 10:15:00+00:00,2026-08-15 10:07:13.911000+00:00,466.089,single,False,True,,2026-08-15T10:18:43.477Z,-0.29,,0.19,-0.19,2026-08-15,18,16-20
btc-updown-5m-1786789200,2026-08-15 10:20:00+00:00,2026-08-15 10:16:02.412000+00:00,237.588,none,False,False,,,0.0,,,0.0,2026-08-15,18,16-20
btc-updown-5m-1786789500,2026-08-15 10:25:00+00:00,2026-08-15 10:17:12.327000+00:00,467.673,single,True,False,2026-08-15T10:29:08.585Z,,-0.29,0.04,,-0.04,2026-08-15,18,16-20
btc-updown-5m-1786789800,2026-08-15 10:30:00+00:00,2026-08-15 10:22:52.075000+00:00,427.925,single,False,True,,2026-08-15T10:32:59.977Z,-0.29,,0.29,-0.29,2026-08-15,18,16-20
btc-updown-5m-1786790100,2026-08-15 10:35:00+00:00,2026-08-15 10:26:21.448000+00:00,518.552,none,False,False,,,0.0,,,0.0,2026-08-15,18,16-20
btc-updown-5m-1786790400,2026-08-15 10:40:00+00:00,2026-08-15 10:31:19.066000+00:00,520.934,none,False,False,,,0.0,,,0.0,2026-08-15,18,16-20
btc-updown-5m-1786790700,2026-08-15 10:45:00+00:00,2026-08-15 10:40:28.222000+00:00,271.778,single,False,True,,2026-08-15T10:48:41.382Z,-0.29,,0.03,-0.03,2026-08-15,18,16-20
btc-updown-5m-1786791000,2026-08-15 10:50:00+00:00,2026-08-15 10:40:53.984000+00:00,546.016,none,False,False,,,0.0,,,0.0,2026-08-15,18,16-20
btc-updown-5m-1786791300,2026-08-15 10:55:00+00:00,2026-08-15 10:47:53.763000+00:00,426.237,single,True,False,2026-08-15T10:57:00.952Z,,-0.29,0.18,,-0.18,2026-08-15,18,16-20
btc-updown-5m-1786791600,2026-08-15 11:00:00+00:00,2026-08-15 10:53:56.913000+00:00,363.087,single,True,False,2026-08-15T11:00:48.636Z,,-0.29,0.29,,-0.29,2026-08-15,18,16-20
btc-updown-5m-1786791900,2026-08-15 11:05:00+00:00,2026-08-15 10:56:07.199000+00:00,532.801,none,False,False,,,0.0,,,0.0,2026-08-15,19,16-20
btc-updown-5m-1786792200,2026-08-15 11:10:00+00:00,2026-08-15 11:03:23.457000+00:00,396.543,single,True,False,2026-08-15T11:11:12.829Z,,-0.29,0.29,,-0.29,2026-08-15,19,16-20
btc-updown-5m-1786792500,2026-08-15 11:15:00+00:00,2026-08-15 11:06:33.776000+00:00,506.224,single,False,True,,2026-08-15T11:17:58.040Z,-0.29,,0.04,-0.04,2026-08-15,19,16-20
btc-updown-5m-1786792800,2026-08-15 11:20:00+00:00,2026-08-15 11:11:02.032000+00:00,537.968,single,True,False,2026-08-15T11:21:57.589Z,,-0.29,0.22,,-0.22,2026-08-15,19,16-20
btc-updown-5m-1786793100,2026-08-15 11:25:00+00:00,2026-08-15 11:17:57.760000+00:00,422.24,single,False,True,,2026-08-15T11:28:54.022Z,-0.29,,0.23,-0.23,2026-08-15,19,16-20
btc-updown-5m-1786793400,2026-08-15 11:30:00+00:00,2026-08-15 11:21:57.570000+00:00,482.43,paired,True,True,2026-08-15T11:34:05.338Z,2026-08-15T11:31:22.702Z,0.42,0.29,0.28,0.42999999999999994,2026-08-15,19,16-20
btc-updown-5m-1786793700,2026-08-15 11:35:00+00:00,2026-08-15 11:26:06.811000+00:00,533.189,single,False,True,,2026-08-15T11:39:53.504Z,-0.29,,0.01,-0.01,2026-08-15,19,16-20
btc-updown-5m-1786794000,2026-08-15 11:40:00+00:00,2026-08-15 11:32:12.885000+00:00,467.115,single,False,True,,2026-08-15T11:44:19.151Z,-0.29,,0.01,-0.01,2026-08-15,19,16-20
btc-updown-5m-1786794300,2026-08-15 11:45:00+00:00,2026-08-15 11:36:28.940000+00:00,511.06,single,True,False,2026-08-15T11:48:10.266Z,,-0.29,0.01,,-0.01,2026-08-15,19,16-20
btc-updown-5m-1786794600,2026-08-15 11:50:00+00:00,2026-08-15 11:41:39.597000+00:00,500.403,none,False,False,,,0.0,,,0.0,2026-08-15,19,16-20
btc-updown-5m-1786794900,2026-08-15 11:55:00+00:00,2026-08-15 11:46:50.114000+00:00,489.886,single,False,True,,2026-08-15T11:59:08.557Z,-0.29,,0.04,-0.04,2026-08-15,19,16-20
btc-updown-5m-1786795200,2026-08-15 12:00:00+00:00,2026-08-15 11:55:41.902000+00:00,258.098,single,True,False,2026-08-15T12:01:44.391Z,,-0.29,0.13,,-0.13,2026-08-15,19,16-20
btc-updown-5m-1786795500,2026-08-15 12:05:00+00:00,2026-08-15 11:56:14.453000+00:00,525.547,none,False,False,,,0.0,,,0.0,2026-08-15,20,20-24
btc-updown-5m-1786795800,2026-08-15 12:10:00+00:00,2026-08-15 12:01:12.035000+00:00,527.965,single,True,False,2026-08-15T12:13:11.356Z,,-0.29,0.16,,-0.16,2026-08-15,20,20-24
btc-updown-5m-1786796100,2026-08-15 12:15:00+00:00,2026-08-15 12:10:47.246000+00:00,252.754,single,True,False,2026-08-15T12:17:34.606Z,,-0.29,0.29,,-0.29,2026-08-15,20,20-24
btc-updown-5m-1786796400,2026-08-15 12:20:00+00:00,2026-08-15 12:10:47.278000+00:00,552.722,single,True,False,2026-08-15T12:24:55.447Z,,-0.29,0.01,,-0.01,2026-08-15,20,20-24
btc-updown-5m-1786796700,2026-08-15 12:25:00+00:00,2026-08-15 12:20:42.446000+00:00,257.554,single,True,False,2026-08-15T12:29:23.810Z,,-0.29,0.25,,-0.25,2026-08-15,20,20-24
btc-updown-5m-1786797000,2026-08-15 12:30:00+00:00,2026-08-15 12:20:54.268000+00:00,545.732,none,False,False,,,0.0,,,0.0,2026-08-15,20,20-24
btc-updown-5m-1786797300,2026-08-15 12:35:00+00:00,2026-08-15 12:29:12.176000+00:00,347.824,single,False,True,,2026-08-15T12:37:58.328Z,-0.29,,0.27,-0.27,2026-08-15,20,20-24
btc-updown-5m-1786797600,2026-08-15 12:40:00+00:00,2026-08-15 12:31:27.978000+00:00,512.022,single,True,False,2026-08-15T12:43:45.030Z,,-0.29,0.29,,-0.29,2026-08-15,20,20-24
btc-updown-5m-1786797900,2026-08-15 12:45:00+00:00,2026-08-15 12:35:24.894000+00:00,575.106,single,True,False,2026-08-15T12:48:23.562Z,,-0.29,0.07,,-0.07,2026-08-15,20,20-24
btc-updown-5m-1786798200,2026-08-15 12:50:00+00:00,2026-08-15 12:44:28.347000+00:00,331.653,single,False,True,,2026-08-15T12:54:16.245Z,-0.29,,0.03,-0.03,2026-08-15,20,20-24
btc-updown-5m-1786798500,2026-08-15 12:55:00+00:00,2026-08-15 12:47:16.990000+00:00,463.01,single,False,True,,2026-08-15T12:56:19.829Z,-0.29,,0.09,-0.09,2026-08-15,20,20-24
btc-updown-5m-1786798800,2026-08-15 13:00:00+00:00,2026-08-15 12:50:19.734000+00:00,580.266,none,False,False,,,0.0,,,0.0,2026-08-15,20,20-24
btc-updown-5m-1786799100,2026-08-15 13:05:00+00:00,2026-08-15 12:56:57.597000+00:00,482.403,single,False,True,,2026-08-15T13:08:59.592Z,-0.29,,0.24,-0.24,2026-08-15,21,20-24
btc-updown-5m-1786799400,2026-08-15 13:10:00+00:00,2026-08-15 13:06:03.989000+00:00,236.011,single,True,False,2026-08-15T13:10:51.583Z,,-0.29,0.23,,-0.23,2026-08-15,21,20-24
btc-updown-5m-1786799700,2026-08-15 13:15:00+00:00,2026-08-15 13:06:19.995000+00:00,520.005,single,False,True,,2026-08-15T13:15:29.085Z,-0.29,,0.28,-0.28,2026-08-15,21,20-24
btc-updown-5m-1786800000,2026-08-15 13:20:00+00:00,2026-08-15 13:10:40.073000+00:00,559.927,paired,True,True,2026-08-15T13:22:09.236Z,2026-08-15T13:20:54.579Z,0.42,0.21,0.29,0.5,2026-08-15,21,20-24
btc-updown-5m-1786800300,2026-08-15 13:25:00+00:00,2026-08-15 13:18:07.504000+00:00,412.496,none,False,False,,,0.0,,,0.0,2026-08-15,21,20-24
btc-updown-5m-1786800600,2026-08-15 13:30:00+00:00,2026-08-15 13:20:26.378000+00:00,573.622,none,False,False,,,0.0,,,0.0,2026-08-15,21,20-24
btc-updown-5m-1786800900,2026-08-15 13:35:00+00:00,2026-08-15 13:28:26.079000+00:00,393.921,single,True,False,2026-08-15T13:39:39.494Z,,-0.29,0.29,,-0.29,2026-08-15,21,20-24
btc-updown-5m-1786801200,2026-08-15 13:40:00+00:00,2026-08-15 13:32:02.660000+00:00,477.34,single,True,False,2026-08-15T13:43:24.313Z,,-0.29,0.13,,-0.13,2026-08-15,21,20-24
btc-updown-5m-1786801500,2026-08-15 13:45:00+00:00,2026-08-15 13:36:55.210000+00:00,484.79,single,False,True,,2026-08-15T13:47:41.062Z,-0.29,,0.28,-0.28,2026-08-15,21,20-24
btc-updown-5m-1786801800,2026-08-15 13:50:00+00:00,2026-08-15 13:41:46.257000+00:00,493.743,single,False,True,,2026-08-15T13:54:55.198Z,-0.29,,0.01,-0.01,2026-08-15,21,20-24
btc-updown-5m-1786802100,2026-08-15 13:55:00+00:00,2026-08-15 13:45:57.117000+00:00,542.883,single,False,True,,2026-08-15T13:57:36.633Z,-0.29,,0.07,-0.07,2026-08-15,21,20-24
btc-updown-5m-1786802400,2026-08-15 14:00:00+00:00,2026-08-15 13:51:44.213000+00:00,495.787,single,True,False,2026-08-15T14:03:16.237Z,,-0.29,0.15,,-0.15,2026-08-15,21,20-24
btc-updown-5m-1786802700,2026-08-15 14:05:00+00:00,2026-08-15 13:56:29.100000+00:00,510.9,single,False,True,,2026-08-15T14:09:15.560Z,-0.29,,0.02,-0.02,2026-08-15,22,20-24
btc-updown-5m-1786803000,2026-08-15 14:10:00+00:00,2026-08-15 14:01:29.456000+00:00,510.544,single,True,False,2026-08-15T14:14:24.910Z,,-0.29,0.06,,-0.06,2026-08-15,22,20-24
btc-updown-5m-1786803300,2026-08-15 14:15:00+00:00,2026-08-15 14:05:37.216000+00:00,562.784,single,True,False,2026-08-15T14:17:52.146Z,,-0.29,0.29,,-0.29,2026-08-15,22,20-24
btc-updown-5m-1786803600,2026-08-15 14:20:00+00:00,2026-08-15 14:12:13.179000+00:00,466.821,single,True,False,2026-08-15T14:23:10.191Z,,-0.29,0.29,,-0.29,2026-08-15,22,20-24
btc-updown-5m-1786803900,2026-08-15 14:25:00+00:00,2026-08-15 14:18:18.386000+00:00,401.614,single,False,True,,2026-08-15T14:26:58.363Z,-0.29,,0.29,-0.29,2026-08-15,22,20-24
btc-updown-5m-1786804200,2026-08-15 14:30:00+00:00,2026-08-15 14:20:19.042000+00:00,580.958,single,True,False,2026-08-15T14:33:10.477Z,,-0.29,0.23,,-0.23,2026-08-15,22,20-24
btc-updown-5m-1786804500,2026-08-15 14:35:00+00:00,2026-08-15 14:31:21.953000+00:00,218.047,single,False,True,,2026-08-15T14:35:19.992Z,-0.29,,0.28,-0.28,2026-08-15,22,20-24
btc-updown-5m-1786804800,2026-08-15 14:40:00+00:00,2026-08-15 14:32:38.242000+00:00,441.758,single,False,True,,2026-08-15T14:40:27.210Z,-0.29,,0.21,-0.21,2026-08-15,22,20-24
btc-updown-5m-1786805100,2026-08-15 14:45:00+00:00,2026-08-15 14:37:31.778000+00:00,448.222,single,False,True,,2026-08-15T14:48:10.130Z,-0.29,,0.09,-0.09,2026-08-15,22,20-24
btc-updown-5m-1786805400,2026-08-15 14:50:00+00:00,2026-08-15 14:43:27.986000+00:00,392.014,none,False,False,,,0.0,,,0.0,2026-08-15,22,20-24
btc-updown-5m-1786805700,2026-08-15 14:55:00+00:00,2026-08-15 14:46:17.325000+00:00,522.675,single,True,False,2026-08-15T14:59:36.915Z,,-0.29,0.29,,-0.29,2026-08-15,22,20-24
btc-updown-5m-1786806000,2026-08-15 15:00:00+00:00,2026-08-15 14:50:55.478000+00:00,544.522,single,True,False,2026-08-15T15:00:59.485Z,,-0.29,0.2,,-0.2,2026-08-15,22,20-24
btc-updown-5m-1786806300,2026-08-15 15:05:00+00:00,2026-08-15 14:58:17.446000+00:00,402.554,none,False,False,,,0.0,,,0.0,2026-08-15,23,20-24
btc-updown-5m-1786806600,2026-08-15 15:10:00+00:00,2026-08-15 15:03:36.719000+00:00,383.281,single,False,True,,2026-08-15T15:13:16.308Z,-0.29,,0.29,-0.29,2026-08-15,23,20-24
btc-updown-5m-1786806900,2026-08-15 15:15:00+00:00,2026-08-15 15:09:42.188000+00:00,317.812,single,False,True,,2026-08-15T15:17:17.535Z,-0.29,,0.06,-0.06,2026-08-15,23,20-24
btc-updown-5m-1786807200,2026-08-15 15:20:00+00:00,2026-08-15 15:12:02.687000+00:00,477.313,single,True,False,2026-08-15T15:22:37.322Z,,-0.29,0.17,,-0.17,2026-08-15,23,20-24
btc-updown-5m-1786807500,2026-08-15 15:25:00+00:00,2026-08-15 15:16:48.586000+00:00,491.414,none,False,False,,,0.0,,,0.0,2026-08-15,23,20-24
btc-updown-5m-1786807800,2026-08-15 15:30:00+00:00,2026-08-15 15:20:31.354000+00:00,568.646,single,False,True,,2026-08-15T15:33:31.526Z,-0.29,,0.06,-0.06,2026-08-15,23,20-24
btc-updown-5m-1786808100,2026-08-15 15:35:00+00:00,2026-08-15 15:31:00.417000+00:00,239.583,single,False,True,,2026-08-15T15:39:15.027Z,-0.29,,0.01,-0.01,2026-08-15,23,20-24
btc-updown-5m-1786808400,2026-08-15 15:40:00+00:00,2026-08-15 15:33:18.314000+00:00,401.686,single,True,False,2026-08-15T15:44:38.069Z,,-0.29,0.01,,-0.01,2026-08-15,23,20-24
btc-updown-5m-1786808700,2026-08-15 15:45:00+00:00,2026-08-15 15:38:52.072000+00:00,367.928,none,False,False,,,0.0,,,0.0,2026-08-15,23,20-24
btc-updown-5m-1786809000,2026-08-15 15:50:00+00:00,2026-08-15 15:41:48.511000+00:00,491.489,single,True,False,2026-08-15T15:54:31.203Z,,-0.29,0.01,,-0.01,2026-08-15,23,20-24
btc-updown-5m-1786809300,2026-08-15 15:55:00+00:00,2026-08-15 15:51:55.658000+00:00,184.342,single,True,False,2026-08-15T15:56:55.723Z,,-0.29,0.29,,-0.29,2026-08-15,23,20-24
btc-updown-5m-1786809600,2026-08-15 16:00:00+00:00,2026-08-15 15:51:49.070000+00:00,490.93,single,True,False,2026-08-15T16:01:43.399Z,,-0.29,0.26,,-0.26,2026-08-15,23,20-24
btc-updown-5m-1786809900,2026-08-15 16:05:00+00:00,2026-08-15 15:56:50.808000+00:00,489.192,single,True,False,2026-08-15T16:07:27.999Z,,-0.29,0.11,,-0.11,2026-08-16,0,00-04
btc-updown-5m-1786810200,2026-08-15 16:10:00+00:00,2026-08-15 16:01:29.159000+00:00,510.841,single,False,True,,2026-08-15T16:10:22.866Z,-0.29,,0.28,-0.28,2026-08-16,0,00-04
btc-updown-5m-1786810500,2026-08-15 16:15:00+00:00,2026-08-15 16:06:41.576000+00:00,498.424,single,True,False,2026-08-15T16:17:59.212Z,,-0.29,0.03,,-0.03,2026-08-16,0,00-04
btc-updown-5m-1786810800,2026-08-15 16:20:00+00:00,2026-08-15 16:11:50.767000+00:00,489.233,single,False,True,,2026-08-15T16:24:09.218Z,-0.29,,0.29,-0.29,2026-08-16,0,00-04
btc-updown-5m-1786811100,2026-08-15 16:25:00+00:00,2026-08-15 16:17:28.626000+00:00,451.374,single,False,True,,2026-08-15T16:25:55.604Z,-0.29,,0.29,-0.29,2026-08-16,0,00-04
btc-updown-5m-1786811400,2026-08-15 16:30:00+00:00,2026-08-15 16:21:21.190000+00:00,518.81,single,True,False,2026-08-15T16:34:47.490Z,,-0.29,0.001,,-0.001,2026-08-16,0,00-04
btc-updown-5m-1786811700,2026-08-15 16:35:00+00:00,2026-08-15 16:25:49.590000+00:00,550.41,none,False,False,,,0.0,,,0.0,2026-08-16,0,00-04
btc-updown-5m-1786812000,2026-08-15 16:40:00+00:00,2026-08-15 16:34:41.810000+00:00,318.19,none,False,False,,,0.0,,,0.0,2026-08-16,0,00-04
btc-updown-5m-1786812300,2026-08-15 16:45:00+00:00,2026-08-15 16:36:59.938000+00:00,480.062,single,False,True,,2026-08-15T16:47:58.588Z,-0.29,,0.29,-0.29,2026-08-16,0,00-04
btc-updown-5m-1786812600,2026-08-15 16:50:00+00:00,2026-08-15 16:40:30.741000+00:00,569.259,single,True,False,2026-08-15T16:54:18.520Z,,-0.29,0.05,,-0.05,2026-08-16,0,00-04
btc-updown-5m-1786812900,2026-08-15 16:55:00+00:00,2026-08-15 16:46:13.170000+00:00,526.83,single,True,False,2026-08-15T16:59:35.752Z,,-0.29,0.26,,-0.26,2026-08-16,0,00-04
btc-updown-5m-1786813200,2026-08-15 17:00:00+00:00,2026-08-15 16:54:12.342000+00:00,347.658,none,False,False,,,0.0,,,0.0,2026-08-16,0,00-04
btc-updown-5m-1786813500,2026-08-15 17:05:00+00:00,2026-08-15 16:55:49.743000+00:00,550.257,none,False,False,,,0.0,,,0.0,2026-08-16,1,00-04
btc-updown-5m-1786813800,2026-08-15 17:10:00+00:00,2026-08-15 17:01:15.229000+00:00,524.771,single,False,True,,2026-08-15T17:13:57.302Z,-0.29,,0.18,-0.18,2026-08-16,1,00-04
btc-updown-5m-1786814100,2026-08-15 17:15:00+00:00,2026-08-15 17:05:48.396000+00:00,551.604,single,False,True,,2026-08-15T17:19:15.247Z,-0.29,,0.03,-0.03,2026-08-16,1,00-04
btc-updown-5m-1786814400,2026-08-15 17:20:00+00:00,2026-08-15 17:10:55.856000+00:00,544.144,single,True,False,2026-08-15T17:21:14.712Z,,-0.29,0.23,,-0.23,2026-08-16,1,00-04
btc-updown-5m-1786814700,2026-08-15 17:25:00+00:00,2026-08-15 17:16:36.904000+00:00,503.096,single,False,True,,2026-08-15T17:25:29.055Z,-0.29,,0.22,-0.22,2026-08-16,1,00-04
btc-updown-5m-1786815000,2026-08-15 17:30:00+00:00,2026-08-15 17:21:01.739000+00:00,538.261,none,False,False,,,0.0,,,0.0,2026-08-16,1,00-04
btc-updown-5m-1786815300,2026-08-15 17:35:00+00:00,2026-08-15 17:26:13.450000+00:00,526.55,single,False,True,,2026-08-15T17:38:52.724Z,-0.29,,0.29,-0.29,2026-08-16,1,00-04
btc-updown-5m-1786815600,2026-08-15 17:40:00+00:00,2026-08-15 17:32:43.185000+00:00,436.815,none,False,False,,,0.0,,,0.0,2026-08-16,1,00-04
btc-updown-5m-1786815900,2026-08-15 17:45:00+00:00,2026-08-15 17:36:16.261000+00:00,523.739,none,False,False,,,0.0,,,0.0,2026-08-16,1,00-04
btc-updown-5m-1786816200,2026-08-15 17:50:00+00:00,2026-08-15 17:41:05.980000+00:00,534.02,none,False,False,,,0.0,,,0.0,2026-08-16,1,00-04
btc-updown-5m-1786816500,2026-08-15 17:55:00+00:00,2026-08-15 17:47:48.765000+00:00,431.235,single,False,True,,2026-08-15T17:58:12.943Z,-0.29,,0.15,-0.15,2026-08-16,1,00-04
btc-updown-5m-1786816800,2026-08-15 18:00:00+00:00,2026-08-15 17:52:21.387000+00:00,458.613,none,False,False,,,0.0,,,0.0,2026-08-16,1,00-04
btc-updown-5m-1786817100,2026-08-15 18:05:00+00:00,2026-08-15 17:56:52.950000+00:00,487.05,single,False,True,,2026-08-15T18:07:58.470Z,-0.29,,0.06,-0.06,2026-08-16,2,00-04
btc-updown-5m-1786817400,2026-08-15 18:10:00+00:00,2026-08-15 18:02:37.215000+00:00,442.785,single,False,True,,2026-08-15T18:10:31.054Z,-0.29,,0.17,-0.17,2026-08-16,2,00-04
btc-updown-5m-1786817700,2026-08-15 18:15:00+00:00,2026-08-15 18:05:33.695000+00:00,566.305,single,True,False,2026-08-15T18:16:37.440Z,,-0.29,0.07,,-0.07,2026-08-16,2,00-04
btc-updown-5m-1786818000,2026-08-15 18:20:00+00:00,2026-08-15 18:12:03.611000+00:00,476.389,single,False,True,,2026-08-15T18:24:47.051Z,-0.29,,0.01,-0.01,2026-08-16,2,00-04
btc-updown-5m-1786818300,2026-08-15 18:25:00+00:00,2026-08-15 18:16:31.333000+00:00,508.667,single,True,False,2026-08-15T18:28:58.898Z,,-0.29,0.01,,-0.01,2026-08-16,2,00-04
btc-updown-5m-1786818600,2026-08-15 18:30:00+00:00,2026-08-15 18:24:41.275000+00:00,318.725,none,False,False,,,0.0,,,0.0,2026-08-16,2,00-04
btc-updown-5m-1786818900,2026-08-15 18:35:00+00:00,2026-08-15 18:26:19.825000+00:00,520.175,single,True,False,2026-08-15T18:37:50.134Z,,-0.29,0.24,,-0.24,2026-08-16,2,00-04
btc-updown-5m-1786819200,2026-08-15 18:40:00+00:00,2026-08-15 18:35:46.330000+00:00,253.67,none,False,False,,,0.0,,,0.0,2026-08-16,2,00-04
btc-updown-5m-1786819500,2026-08-15 18:45:00+00:00,2026-08-15 18:35:46.378000+00:00,553.622,none,False,False,,,0.0,,,0.0,2026-08-16,2,00-04
btc-updown-5m-1786819800,2026-08-15 18:50:00+00:00,2026-08-15 18:45:26.769000+00:00,273.231,single,False,True,,2026-08-15T18:53:06.730Z,-0.29,,0.29,-0.29,2026-08-16,2,00-04
btc-updown-5m-1786820100,2026-08-15 18:55:00+00:00,2026-08-15 18:47:27.450000+00:00,452.55,none,False,False,,,0.0,,,0.0,2026-08-16,2,00-04
btc-updown-5m-1786820400,2026-08-15 19:00:00+00:00,2026-08-15 18:51:57.864000+00:00,482.136,none,False,False,,,0.0,,,0.0,2026-08-16,2,00-04
btc-updown-5m-1786820700,2026-08-15 19:05:00+00:00,2026-08-15 18:55:17.414000+00:00,582.586,single,False,True,,2026-08-15T19:07:50.270Z,-0.29,,0.29,-0.29,2026-08-16,3,00-04
btc-updown-5m-1786821000,2026-08-15 19:10:00+00:00,2026-08-15 19:01:38.279000+00:00,501.721,single,False,True,,2026-08-15T19:12:40.684Z,-0.29,,0.29,-0.29,2026-08-16,3,00-04
btc-updown-5m-1786821300,2026-08-15 19:15:00+00:00,2026-08-15 19:06:57.630000+00:00,482.37,single,False,True,,2026-08-15T19:15:59.716Z,-0.29,,0.22,-0.22,2026-08-16,3,00-04
btc-updown-5m-1786821600,2026-08-15 19:20:00+00:00,2026-08-15 19:11:05.517000+00:00,534.483,none,False,False,,,0.0,,,0.0,2026-08-16,3,00-04
btc-updown-5m-1786821900,2026-08-15 19:25:00+00:00,2026-08-15 19:15:31.331000+00:00,568.669,single,True,False,2026-08-15T19:27:06.912Z,,-0.29,0.13,,-0.13,2026-08-16,3,00-04
btc-updown-5m-1786822200,2026-08-15 19:30:00+00:00,2026-08-15 19:25:14.013000+00:00,285.987,none,False,False,,,0.0,,,0.0,2026-08-16,3,00-04
btc-updown-5m-1786822500,2026-08-15 19:35:00+00:00,2026-08-15 19:26:21.648000+00:00,518.352,single,False,True,,2026-08-15T19:37:04.854Z,-0.29,,0.24,-0.24,2026-08-16,3,00-04
btc-updown-5m-1786822800,2026-08-15 19:40:00+00:00,2026-08-15 19:35:15.297000+00:00,284.703,none,False,False,,,0.0,,,0.0,2026-08-16,3,00-04
btc-updown-5m-1786823100,2026-08-15 19:45:00+00:00,2026-08-15 19:35:49.463000+00:00,550.537,single,False,True,,2026-08-15T19:48:17.106Z,-0.29,,0.09,-0.09,2026-08-16,3,00-04
btc-updown-5m-1786823400,2026-08-15 19:50:00+00:00,2026-08-15 19:44:15.554000+00:00,344.446,single,False,True,,2026-08-15T19:54:29.497Z,-0.29,,0.02,-0.02,2026-08-16,3,00-04
btc-updown-5m-1786823700,2026-08-15 19:55:00+00:00,2026-08-15 19:46:03.387000+00:00,536.613,single,False,True,,2026-08-15T19:56:53.706Z,-0.29,,0.27,-0.27,2026-08-16,3,00-04
btc-updown-5m-1786824000,2026-08-15 20:00:00+00:00,2026-08-15 19:50:33.982000+00:00,566.018,none,False,False,,,0.0,,,0.0,2026-08-16,3,00-04
btc-updown-5m-1786824300,2026-08-15 20:05:00+00:00,2026-08-15 19:55:41.242000+00:00,558.758,single,True,False,2026-08-15T20:08:29.058Z,,-0.29,0.01,,-0.01,2026-08-16,4,04-08
btc-updown-5m-1786824600,2026-08-15 20:10:00+00:00,2026-08-15 20:06:13.394000+00:00,226.606,single,True,False,2026-08-15T20:10:48.406Z,,-0.29,0.25,,-0.25,2026-08-16,4,04-08
btc-updown-5m-1786824900,2026-08-15 20:15:00+00:00,2026-08-15 20:06:24.539000+00:00,515.461,single,True,False,2026-08-15T20:19:26.600Z,,-0.29,0.08,,-0.08,2026-08-16,4,04-08
btc-updown-5m-1786825200,2026-08-15 20:20:00+00:00,2026-08-15 20:12:09.889000+00:00,470.111,single,True,False,2026-08-15T20:24:22.374Z,,-0.29,0.07,,-0.07,2026-08-16,4,04-08
btc-updown-5m-1786825500,2026-08-15 20:25:00+00:00,2026-08-15 20:18:11.929000+00:00,408.071,single,False,True,,2026-08-15T20:29:07.170Z,-0.29,,0.13,-0.13,2026-08-16,4,04-08
btc-updown-5m-1786825800,2026-08-15 20:30:00+00:00,2026-08-15 20:20:44.201000+00:00,555.799,none,False,False,,,0.0,,,0.0,2026-08-16,4,04-08
btc-updown-5m-1786826100,2026-08-15 20:35:00+00:00,2026-08-15 20:25:33.330000+00:00,566.67,single,False,True,,2026-08-15T20:39:08.070Z,-0.29,,0.07,-0.07,2026-08-16,4,04-08
btc-updown-5m-1786826400,2026-08-15 20:40:00+00:00,2026-08-15 20:32:10.198000+00:00,469.802,none,False,False,,,0.0,,,0.0,2026-08-16,4,04-08
btc-updown-5m-1786826700,2026-08-15 20:45:00+00:00,2026-08-15 20:37:54.898000+00:00,425.102,single,False,True,,2026-08-15T20:46:16.870Z,-0.29,,0.16,-0.16,2026-08-16,4,04-08
btc-updown-5m-1786827000,2026-08-15 20:50:00+00:00,2026-08-15 20:40:55.154000+00:00,544.846,single,False,True,,2026-08-15T20:50:58.383Z,-0.29,,0.24,-0.24,2026-08-16,4,04-08
btc-updown-5m-1786827300,2026-08-15 20:55:00+00:00,2026-08-15 20:47:19.102000+00:00,460.898,none,False,False,,,0.0,,,0.0,2026-08-16,4,04-08
btc-updown-5m-1786827600,2026-08-15 21:00:00+00:00,2026-08-15 20:50:46.846000+00:00,553.154,single,True,False,2026-08-15T21:03:09.343Z,,-0.29,0.19,,-0.19,2026-08-16,4,04-08
btc-updown-5m-1786827900,2026-08-15 21:05:00+00:00,2026-08-15 21:01:15.747000+00:00,224.253,none,False,False,,,0.0,,,0.0,2026-08-16,5,04-08
btc-updown-5m-1786828200,2026-08-15 21:10:00+00:00,2026-08-15 21:02:21.851000+00:00,458.149,none,False,False,,,0.0,,,0.0,2026-08-16,5,04-08
btc-updown-5m-1786828500,2026-08-15 21:15:00+00:00,2026-08-15 21:05:22.350000+00:00,577.65,single,False,True,,2026-08-15T21:19:03.058Z,-0.29,,0.21,-0.21,2026-08-16,5,04-08
btc-updown-5m-1786828800,2026-08-15 21:20:00+00:00,2026-08-15 21:10:30.783000+00:00,569.217,single,False,True,,2026-08-15T21:24:32.067Z,-0.29,,0.01,-0.01,2026-08-16,5,04-08
btc-updown-5m-1786829100,2026-08-15 21:25:00+00:00,2026-08-15 21:17:28.196000+00:00,451.804,single,False,True,,2026-08-15T21:26:36.987Z,-0.29,,0.02,-0.02,2026-08-16,5,04-08
btc-updown-5m-1786829400,2026-08-15 21:30:00+00:00,2026-08-15 21:21:11.942000+00:00,528.058,none,False,False,,,0.0,,,0.0,2026-08-16,5,04-08
btc-updown-5m-1786829700,2026-08-15 21:35:00+00:00,2026-08-15 21:26:31.728000+00:00,508.272,single,False,True,,2026-08-15T21:39:51.610Z,-0.29,,0.01,-0.01,2026-08-16,5,04-08
btc-updown-5m-1786830000,2026-08-15 21:40:00+00:00,2026-08-15 21:35:49.291000+00:00,250.709,single,False,True,,2026-08-15T21:42:11.925Z,-0.29,,0.04,-0.04,2026-08-16,5,04-08
btc-updown-5m-1786830300,2026-08-15 21:45:00+00:00,2026-08-15 21:36:12.561000+00:00,527.439,single,True,False,2026-08-15T21:49:30.801Z,,-0.29,0.04,,-0.04,2026-08-16,5,04-08
btc-updown-5m-1786830600,2026-08-15 21:50:00+00:00,2026-08-15 21:40:45.378000+00:00,554.622,single,True,False,2026-08-15T21:54:11.029Z,,-0.29,0.11,,-0.11,2026-08-16,5,04-08
btc-updown-5m-1786830900,2026-08-15 21:55:00+00:00,2026-08-15 21:46:10.498000+00:00,529.502,paired,True,True,2026-08-15T21:59:33.166Z,2026-08-15T21:57:01.737Z,0.42,0.07,0.09,0.84,2026-08-16,5,04-08
btc-updown-5m-1786831200,2026-08-15 22:00:00+00:00,2026-08-15 21:51:18.608000+00:00,521.392,single,True,False,2026-08-15T22:04:13.728Z,,-0.29,0.28,,-0.28,2026-08-16,5,04-08
btc-updown-5m-1786831500,2026-08-15 22:05:00+00:00,2026-08-15 21:56:51.042000+00:00,488.958,none,False,False,,,0.0,,,0.0,2026-08-16,6,04-08
btc-updown-5m-1786831800,2026-08-15 22:10:00+00:00,2026-08-15 22:03:42.513000+00:00,377.487,single,True,False,2026-08-15T22:13:49.375Z,,-0.29,0.04,,-0.04,2026-08-16,6,04-08
btc-updown-5m-1786832100,2026-08-15 22:15:00+00:00,2026-08-15 22:06:21.994000+00:00,518.006,single,True,False,2026-08-15T22:15:37.298Z,,-0.29,0.27,,-0.27,2026-08-16,6,04-08
btc-updown-5m-1786832400,2026-08-15 22:20:00+00:00,2026-08-15 22:10:37.418000+00:00,562.582,none,False,False,,,0.0,,,0.0,2026-08-16,6,04-08
btc-updown-5m-1786832700,2026-08-15 22:25:00+00:00,2026-08-15 22:18:25.839000+00:00,394.161,single,False,True,,2026-08-15T22:29:59.295Z,-0.29,,0.01,-0.01,2026-08-16,6,04-08
btc-updown-5m-1786833000,2026-08-15 22:30:00+00:00,2026-08-15 22:25:56.117000+00:00,243.883,single,False,True,,2026-08-15T22:34:28.969Z,-0.29,,0.02,-0.02,2026-08-16,6,04-08
btc-updown-5m-1786833300,2026-08-15 22:35:00+00:00,2026-08-15 22:26:27.858000+00:00,512.142,none,False,False,,,0.0,,,0.0,2026-08-16,6,04-08
btc-updown-5m-1786833600,2026-08-15 22:40:00+00:00,2026-08-15 22:33:49.730000+00:00,370.27,single,False,True,,2026-08-15T22:42:48.746Z,-0.29,,0.19,-0.19,2026-08-16,6,04-08
btc-updown-5m-1786833900,2026-08-15 22:45:00+00:00,2026-08-15 22:36:14.814000+00:00,525.186,single,False,True,,2026-08-15T22:49:39.060Z,-0.29,,0.01,-0.01,2026-08-16,6,04-08
btc-updown-5m-1786834200,2026-08-15 22:50:00+00:00,2026-08-15 22:40:28.011000+00:00,571.989,single,True,False,2026-08-15T22:54:42.042Z,,-0.29,0.001,,-0.001,2026-08-16,6,04-08
btc-updown-5m-1786834500,2026-08-15 22:55:00+00:00,2026-08-15 22:46:28.148000+00:00,511.852,single,True,False,2026-08-15T22:58:53.780Z,,-0.29,0.29,,-0.29,2026-08-16,6,04-08
btc-updown-5m-1786834800,2026-08-15 23:00:00+00:00,2026-08-15 22:54:35.774000+00:00,324.226,single,False,True,,2026-08-15T23:03:52.486Z,-0.29,,0.17,-0.17,2026-08-16,6,04-08
btc-updown-5m-1786835100,2026-08-15 23:05:00+00:00,2026-08-15 22:58:00.024000+00:00,419.976,single,False,True,,2026-08-15T23:05:43.443Z,-0.29,,0.29,-0.29,2026-08-16,7,04-08
btc-updown-5m-1786835400,2026-08-15 23:10:00+00:00,2026-08-15 23:01:25.152000+00:00,514.848,single,True,False,2026-08-15T23:14:29.421Z,,-0.29,0.26,,-0.26,2026-08-16,7,04-08
btc-updown-5m-1786835700,2026-08-15 23:15:00+00:00,2026-08-15 23:08:48.422000+00:00,371.578,single,True,False,2026-08-15T23:17:37.336Z,,-0.29,0.23,,-0.23,2026-08-16,7,04-08
btc-updown-5m-1786836000,2026-08-15 23:20:00+00:00,2026-08-15 23:10:15.326000+00:00,584.674,none,False,False,,,0.0,,,0.0,2026-08-16,7,04-08
btc-updown-5m-1786836300,2026-08-15 23:25:00+00:00,2026-08-15 23:16:38.554000+00:00,501.446,single,True,False,2026-08-15T23:27:13.520Z,,-0.29,0.09,,-0.09,2026-08-16,7,04-08
btc-updown-5m-1786836600,2026-08-15 23:30:00+00:00,2026-08-15 23:21:20.145000+00:00,519.855,single,True,False,2026-08-15T23:33:18.978Z,,-0.29,0.09,,-0.09,2026-08-16,7,04-08
btc-updown-5m-1786836900,2026-08-15 23:35:00+00:00,2026-08-15 23:26:55.510000+00:00,484.49,single,True,False,2026-08-15T23:37:48.001Z,,-0.29,0.17,,-0.17,2026-08-16,7,04-08
btc-updown-5m-1786837200,2026-08-15 23:40:00+00:00,2026-08-15 23:31:23.952000+00:00,516.048,single,False,True,,2026-08-15T23:42:17.759Z,-0.29,,0.26,-0.26,2026-08-16,7,04-08
btc-updown-5m-1786837500,2026-08-15 23:45:00+00:00,2026-08-15 23:37:16.481000+00:00,463.519,none,False,False,,,0.0,,,0.0,2026-08-16,7,04-08
btc-updown-5m-1786837800,2026-08-15 23:50:00+00:00,2026-08-15 23:40:56.670000+00:00,543.33,single,True,False,2026-08-15T23:53:44.514Z,,-0.29,0.02,,-0.02,2026-08-16,7,04-08
btc-updown-5m-1786838100,2026-08-15 23:55:00+00:00,2026-08-15 23:46:38.700000+00:00,501.3,single,True,False,2026-08-15T23:59:03.935Z,,-0.29,0.28,,-0.28,2026-08-16,7,04-08
btc-updown-5m-1786838400,2026-08-16 00:00:00+00:00,2026-08-15 23:53:37.725000+00:00,382.275,single,True,False,2026-08-16T00:01:28.602Z,,-0.29,0.22,,-0.22,2026-08-16,7,04-08
btc-updown-5m-1786838700,2026-08-16 00:05:00+00:00,2026-08-15 23:57:22.247000+00:00,457.753,none,False,False,,,0.0,,,0.0,2026-08-16,8,08-12
btc-updown-5m-1786839000,2026-08-16 00:10:00+00:00,2026-08-16 00:05:09.567000+00:00,290.433,paired,True,True,2026-08-16T00:14:46.982Z,2026-08-16T00:11:15.328Z,0.42,0.07,0.24,0.69,2026-08-16,8,08-12
btc-updown-5m-1786839300,2026-08-16 00:15:00+00:00,2026-08-16 00:05:37.177000+00:00,562.823,single,True,False,2026-08-16T00:18:49.079Z,,-0.29,0.28,,-0.28,2026-08-16,8,08-12
btc-updown-5m-1786839600,2026-08-16 00:20:00+00:00,2026-08-16 00:11:08.255000+00:00,531.745,single,True,False,2026-08-16T00:24:32.124Z,,-0.29,0.1,,-0.1,2026-08-16,8,08-12
btc-updown-5m-1786839900,2026-08-16 00:25:00+00:00,2026-08-16 00:18:00.562000+00:00,419.438,single,False,True,,2026-08-16T00:28:11.150Z,-0.29,,0.21,-0.21,2026-08-16,8,08-12
btc-updown-5m-1786840200,2026-08-16 00:30:00+00:00,2026-08-16 00:20:34.349000+00:00,565.651,single,True,False,2026-08-16T00:34:37.494Z,,-0.29,0.01,,-0.01,2026-08-16,8,08-12
btc-updown-5m-1786840500,2026-08-16 00:35:00+00:00,2026-08-16 00:28:05.535000+00:00,414.465,none,False,False,,,0.0,,,0.0,2026-08-16,8,08-12
btc-updown-5m-1786840800,2026-08-16 00:40:00+00:00,2026-08-16 00:33:57.312000+00:00,362.688,single,True,False,2026-08-16T00:41:05.090Z,,-0.29,0.22,,-0.22,2026-08-16,8,08-12
btc-updown-5m-1786841100,2026-08-16 00:45:00+00:00,2026-08-16 00:40:15.685000+00:00,284.315,single,False,True,,2026-08-16T00:47:15.280Z,-0.29,,0.1,-0.1,2026-08-16,8,08-12
btc-updown-5m-1786841400,2026-08-16 00:50:00+00:00,2026-08-16 00:40:32.386000+00:00,567.614,single,True,False,2026-08-16T00:51:40.922Z,,-0.29,0.27,,-0.27,2026-08-16,8,08-12
btc-updown-5m-1786841700,2026-08-16 00:55:00+00:00,2026-08-16 00:47:01.178000+00:00,478.822,single,False,True,,2026-08-16T00:59:24.620Z,-0.29,,0.006,-0.006,2026-08-16,8,08-12
btc-updown-5m-1786842000,2026-08-16 01:00:00+00:00,2026-08-16 00:52:07.766000+00:00,472.234,none,False,False,,,0.0,,,0.0,2026-08-16,8,08-12
btc-updown-5m-1786842300,2026-08-16 01:05:00+00:00,2026-08-16 00:56:07.088000+00:00,532.912,single,True,False,2026-08-16T01:09:20.116Z,,-0.29,0.03,,-0.03,2026-08-16,9,08-12
btc-updown-5m-1786842600,2026-08-16 01:10:00+00:00,2026-08-16 01:04:58.792000+00:00,301.208,single,True,False,2026-08-16T01:14:32.622Z,,-0.29,0.29,,-0.29,2026-08-16,9,08-12
btc-updown-5m-1786842900,2026-08-16 01:15:00+00:00,2026-08-16 01:05:47.563000+00:00,552.437,single,True,False,2026-08-16T01:17:00.212Z,,-0.29,0.24,,-0.24,2026-08-16,9,08-12
btc-updown-5m-1786843200,2026-08-16 01:20:00+00:00,2026-08-16 01:17:35.171000+00:00,144.829,paired,True,True,2026-08-16T01:20:25.268Z,2026-08-16T01:22:46.928Z,0.42,0.29,0.05,0.6599999999999999,2026-08-16,9,08-12
btc-updown-5m-1786843500,2026-08-16 01:25:00+00:00,2026-08-16 01:18:10.810000+00:00,409.19,single,True,False,2026-08-16T01:26:09.531Z,,-0.29,0.27,,-0.27,2026-08-16,9,08-12
btc-updown-5m-1786843800,2026-08-16 01:30:00+00:00,2026-08-16 01:21:58.312000+00:00,481.688,none,False,False,,,0.0,,,0.0,2026-08-16,9,08-12
btc-updown-5m-1786844100,2026-08-16 01:35:00+00:00,2026-08-16 01:25:51.656000+00:00,548.344,single,True,False,2026-08-16T01:37:21.498Z,,-0.29,0.28,,-0.28,2026-08-16,9,08-12
btc-updown-5m-1786844400,2026-08-16 01:40:00+00:00,2026-08-16 01:31:30.207000+00:00,509.793,paired,True,True,2026-08-16T01:41:48.205Z,2026-08-16T01:43:46.482Z,0.42,0.29,0.02,0.69,2026-08-16,9,08-12
btc-updown-5m-1786844700,2026-08-16 01:45:00+00:00,2026-08-16 01:36:58.497000+00:00,481.503,single,False,True,,2026-08-16T01:46:56.727Z,-0.29,,0.29,-0.29,2026-08-16,9,08-12
btc-updown-5m-1786845000,2026-08-16 01:50:00+00:00,2026-08-16 01:40:45.053000+00:00,554.947,none,False,False,,,0.0,,,0.0,2026-08-16,9,08-12
btc-updown-5m-1786845300,2026-08-16 01:55:00+00:00,2026-08-16 01:48:10.147000+00:00,409.853,single,True,False,2026-08-16T01:58:34.161Z,,-0.29,0.2,,-0.2,2026-08-16,9,08-12
btc-updown-5m-1786845600,2026-08-16 02:00:00+00:00,2026-08-16 01:55:28.852000+00:00,271.148,none,False,False,,,0.0,,,0.0,2026-08-16,9,08-12
btc-updown-5m-1786845900,2026-08-16 02:05:00+00:00,2026-08-16 01:55:28.914000+00:00,571.086,single,True,False,2026-08-16T02:08:18.334Z,,-0.29,0.25,,-0.25,2026-08-16,10,08-12
btc-updown-5m-1786846200,2026-08-16 02:10:00+00:00,2026-08-16 02:01:28.443000+00:00,511.557,single,True,False,2026-08-16T02:10:13.222Z,,-0.29,0.25,,-0.25,2026-08-16,10,08-12
btc-updown-5m-1786846500,2026-08-16 02:15:00+00:00,2026-08-16 02:05:36.206000+00:00,563.794,single,False,True,,2026-08-16T02:18:00.580Z,-0.29,,0.12,-0.12,2026-08-16,10,08-12
btc-updown-5m-1786846800,2026-08-16 02:20:00+00:00,2026-08-16 02:12:09.525000+00:00,470.475,single,False,True,,2026-08-16T02:22:28.450Z,-0.29,,0.01,-0.01,2026-08-16,10,08-12
btc-updown-5m-1786847100,2026-08-16 02:25:00+00:00,2026-08-16 02:17:47.828000+00:00,432.172,none,False,False,,,0.0,,,0.0,2026-08-16,10,08-12
btc-updown-5m-1786847400,2026-08-16 02:30:00+00:00,2026-08-16 02:22:17.938000+00:00,462.062,single,False,True,,2026-08-16T02:32:12.111Z,-0.29,,0.27,-0.27,2026-08-16,10,08-12
btc-updown-5m-1786847700,2026-08-16 02:35:00+00:00,2026-08-16 02:30:37.642000+00:00,262.358,none,False,False,,,0.0,,,0.0,2026-08-16,10,08-12
btc-updown-5m-1786848000,2026-08-16 02:40:00+00:00,2026-08-16 02:32:06.218000+00:00,473.782,single,False,True,,2026-08-16T02:43:53.618Z,-0.29,,0.01,-0.01,2026-08-16,10,08-12
btc-updown-5m-1786848300,2026-08-16 02:45:00+00:00,2026-08-16 02:36:11.029000+00:00,528.971,none,False,False,,,0.0,,,0.0,2026-08-16,10,08-12
btc-updown-5m-1786848600,2026-08-16 02:50:00+00:00,2026-08-16 02:40:52.204000+00:00,547.796,single,True,False,2026-08-16T02:52:41.407Z,,-0.29,0.02,,-0.02,2026-08-16,10,08-12
btc-updown-5m-1786848900,2026-08-16 02:55:00+00:00,2026-08-16 02:50:22.696000+00:00,277.304,single,False,True,,2026-08-16T02:56:12.405Z,-0.29,,0.29,-0.29,2026-08-16,10,08-12
btc-updown-5m-1786849200,2026-08-16 03:00:00+00:00,2026-08-16 02:50:22.939000+00:00,577.061,none,False,False,,,0.0,,,0.0,2026-08-16,10,08-12
btc-updown-5m-1786849500,2026-08-16 03:05:00+00:00,2026-08-16 03:01:25.151000+00:00,214.849,single,False,True,,2026-08-16T03:08:55.689Z,-0.29,,0.28,-0.28,2026-08-16,11,08-12
btc-updown-5m-1786849800,2026-08-16 03:10:00+00:00,2026-08-16 03:02:27.853000+00:00,452.147,none,False,False,,,0.0,,,0.0,2026-08-16,11,08-12
btc-updown-5m-1786850100,2026-08-16 03:15:00+00:00,2026-08-16 03:06:54.665000+00:00,485.335,none,False,False,,,0.0,,,0.0,2026-08-16,11,08-12
btc-updown-5m-1786850400,2026-08-16 03:20:00+00:00,2026-08-16 03:11:20.322000+00:00,519.678,none,False,False,,,0.0,,,0.0,2026-08-16,11,08-12
btc-updown-5m-1786850700,2026-08-16 03:25:00+00:00,2026-08-16 03:15:39.578000+00:00,560.422,single,False,True,,2026-08-16T03:28:53.342Z,-0.29,,0.28,-0.28,2026-08-16,11,08-12
btc-updown-5m-1786851000,2026-08-16 03:30:00+00:00,2026-08-16 03:21:34.471000+00:00,505.529,none,False,False,,,0.0,,,0.0,2026-08-16,11,08-12
btc-updown-5m-1786851300,2026-08-16 03:35:00+00:00,2026-08-16 03:26:03.214000+00:00,536.786,single,False,True,,2026-08-16T03:38:43.261Z,-0.29,,0.19,-0.19,2026-08-16,11,08-12
btc-updown-5m-1786851600,2026-08-16 03:40:00+00:00,2026-08-16 03:33:38.919000+00:00,381.081,single,True,False,2026-08-16T03:44:08.930Z,,-0.29,0.18,,-0.18,2026-08-16,11,08-12
btc-updown-5m-1786851900,2026-08-16 03:45:00+00:00,2026-08-16 03:36:01.500000+00:00,538.5,single,False,True,,2026-08-16T03:46:55.566Z,-0.29,,0.14,-0.14,2026-08-16,11,08-12
btc-updown-5m-1786852200,2026-08-16 03:50:00+00:00,2026-08-16 03:41:11.772000+00:00,528.228,none,False,False,,,0.0,,,0.0,2026-08-16,11,08-12
btc-updown-5m-1786852500,2026-08-16 03:55:00+00:00,2026-08-16 03:46:27.389000+00:00,512.611,single,True,False,2026-08-16T03:55:45.390Z,,-0.29,0.24,,-0.24,2026-08-16,11,08-12
btc-updown-5m-1786852800,2026-08-16 04:00:00+00:00,2026-08-16 03:52:54.511000+00:00,425.489,none,False,False,,,0.0,,,0.0,2026-08-16,11,08-12
btc-updown-5m-1786853100,2026-08-16 04:05:00+00:00,2026-08-16 03:57:21.792000+00:00,458.208,none,False,False,,,0.0,,,0.0,2026-08-16,12,12-16
btc-updown-5m-1786853400,2026-08-16 04:10:00+00:00,2026-08-16 04:01:25.876000+00:00,514.124,single,False,True,,2026-08-16T04:13:56.981Z,-0.29,,0.08,-0.08,2026-08-16,12,12-16
btc-updown-5m-1786853700,2026-08-16 04:15:00+00:00,2026-08-16 04:06:01.700000+00:00,538.3,single,False,True,,2026-08-16T04:17:56.198Z,-0.29,,0.26,-0.26,2026-08-16,12,12-16
btc-updown-5m-1786854000,2026-08-16 04:20:00+00:00,2026-08-16 04:13:45.472000+00:00,374.528,paired,True,True,2026-08-16T04:23:07.835Z,2026-08-16T04:22:31.339Z,0.42,0.27,0.27,0.45999999999999996,2026-08-16,12,12-16
btc-updown-5m-1786854300,2026-08-16 04:25:00+00:00,2026-08-16 04:18:02.179000+00:00,417.821,single,False,True,,2026-08-16T04:29:08.174Z,-0.29,,0.08,-0.08,2026-08-16,12,12-16
btc-updown-5m-1786854600,2026-08-16 04:30:00+00:00,2026-08-16 04:22:43.808000+00:00,436.192,single,True,False,2026-08-16T04:33:55.878Z,,-0.29,0.28,,-0.28,2026-08-16,12,12-16
btc-updown-5m-1786854900,2026-08-16 04:35:00+00:00,2026-08-16 04:27:12.419000+00:00,467.581,single,True,False,2026-08-16T04:38:48.094Z,,-0.29,0.29,,-0.29,2026-08-16,12,12-16
btc-updown-5m-1786855200,2026-08-16 04:40:00+00:00,2026-08-16 04:33:20.467000+00:00,399.533,none,False,False,,,0.0,,,0.0,2026-08-16,12,12-16
btc-updown-5m-1786855500,2026-08-16 04:45:00+00:00,2026-08-16 04:36:28.555000+00:00,511.445,single,False,True,,2026-08-16T04:46:37.193Z,-0.29,,0.26,-0.26,2026-08-16,12,12-16
btc-updown-5m-1786855800,2026-08-16 04:50:00+00:00,2026-08-16 04:43:42.074000+00:00,377.926,single,False,True,,2026-08-16T04:52:45.428Z,-0.29,,0.29,-0.29,2026-08-16,12,12-16
btc-updown-5m-1786856100,2026-08-16 04:55:00+00:00,2026-08-16 04:46:28.540000+00:00,511.46,single,True,False,2026-08-16T04:56:55.073Z,,-0.29,0.12,,-0.12,2026-08-16,12,12-16
btc-updown-5m-1786856400,2026-08-16 05:00:00+00:00,2026-08-16 04:55:00.261000+00:00,299.739,paired,True,True,2026-08-16T05:04:07.642Z,2026-08-16T05:04:36.796Z,0.42,0.03,0.05,0.9199999999999999,2026-08-16,12,12-16
btc-updown-5m-1786856700,2026-08-16 05:05:00+00:00,2026-08-16 04:55:11.898000+00:00,588.102,single,False,True,,2026-08-16T05:08:32.565Z,-0.29,,0.29,-0.29,2026-08-16,13,12-16
btc-updown-5m-1786857000,2026-08-16 05:10:00+00:00,2026-08-16 05:03:58.737000+00:00,361.263,single,False,True,,2026-08-16T05:10:38.354Z,-0.29,,0.29,-0.29,2026-08-16,13,12-16
btc-updown-5m-1786857300,2026-08-16 05:15:00+00:00,2026-08-16 05:06:29.870000+00:00,510.13,none,False,False,,,0.0,,,0.0,2026-08-16,13,12-16
btc-updown-5m-1786857600,2026-08-16 05:20:00+00:00,2026-08-16 05:11:49.515000+00:00,490.485,none,False,False,,,0.0,,,0.0,2026-08-16,13,12-16
btc-updown-5m-1786857900,2026-08-16 05:25:00+00:00,2026-08-16 05:15:29.661000+00:00,570.339,single,True,False,2026-08-16T05:28:01.316Z,,-0.29,0.29,,-0.29,2026-08-16,13,12-16
btc-updown-5m-1786858200,2026-08-16 05:30:00+00:00,2026-08-16 05:20:33.379000+00:00,566.621,single,True,False,2026-08-16T05:34:20.399Z,,-0.29,0.29,,-0.29,2026-08-16,13,12-16
btc-updown-5m-1786858500,2026-08-16 05:35:00+00:00,2026-08-16 05:26:37.367000+00:00,502.633,single,False,True,,2026-08-16T05:37:04.951Z,-0.29,,0.15,-0.15,2026-08-16,13,12-16
btc-updown-5m-1786858800,2026-08-16 05:40:00+00:00,2026-08-16 05:35:12.229000+00:00,287.771,single,True,False,2026-08-16T05:44:54.288Z,,-0.29,0.001,,-0.001,2026-08-16,13,12-16
btc-updown-5m-1786859100,2026-08-16 05:45:00+00:00,2026-08-16 05:35:12.479000+00:00,587.521,single,True,False,2026-08-16T05:49:41.099Z,,-0.29,0.01,,-0.01,2026-08-16,13,12-16
btc-updown-5m-1786859400,2026-08-16 05:50:00+00:00,2026-08-16 05:44:28.151000+00:00,331.849,single,False,True,,2026-08-16T05:54:22.785Z,-0.29,,0.29,-0.29,2026-08-16,13,12-16
btc-updown-5m-1786859700,2026-08-16 05:55:00+00:00,2026-08-16 05:46:30.247000+00:00,509.753,paired,True,True,2026-08-16T05:57:42.257Z,2026-08-16T05:59:39.559Z,0.42,0.29,0.26,0.44999999999999996,2026-08-16,13,12-16
btc-updown-5m-1786860000,2026-08-16 06:00:00+00:00,2026-08-16 05:52:49.597000+00:00,430.403,none,False,False,,,0.0,,,0.0,2026-08-16,13,12-16
btc-updown-5m-1786860300,2026-08-16 06:05:00+00:00,2026-08-16 05:57:57.434000+00:00,422.566,single,False,True,,2026-08-16T06:08:12.381Z,-0.29,,0.24,-0.24,2026-08-16,14,12-16
btc-updown-5m-1786860600,2026-08-16 06:10:00+00:00,2026-08-16 06:02:26.099000+00:00,453.901,none,False,False,,,0.0,,,0.0,2026-08-16,14,12-16
btc-updown-5m-1786860900,2026-08-16 06:15:00+00:00,2026-08-16 06:05:10.403000+00:00,589.597,single,True,False,2026-08-16T06:19:50.035Z,,-0.29,0.29,,-0.29,2026-08-16,14,12-16
btc-updown-5m-1786861200,2026-08-16 06:20:00+00:00,2026-08-16 06:13:09.958000+00:00,410.042,none,False,False,,,0.0,,,0.0,2026-08-16,14,12-16
btc-updown-5m-1786861500,2026-08-16 06:25:00+00:00,2026-08-16 06:15:16.404000+00:00,583.596,single,False,True,,2026-08-16T06:29:02.067Z,-0.29,,0.01,-0.01,2026-08-16,14,12-16
btc-updown-5m-1786861800,2026-08-16 06:30:00+00:00,2026-08-16 06:20:12.288000+00:00,587.712,single,True,False,2026-08-16T06:33:05.283Z,,-0.29,0.29,,-0.29,2026-08-16,14,12-16
btc-updown-5m-1786862100,2026-08-16 06:35:00+00:00,2026-08-16 06:25:17.290000+00:00,582.71,none,False,False,,,0.0,,,0.0,2026-08-16,14,12-16
btc-updown-5m-1786862400,2026-08-16 06:40:00+00:00,2026-08-16 06:34:18.290000+00:00,341.71,single,False,True,,2026-08-16T06:40:59.938Z,-0.29,,0.28,-0.28,2026-08-16,14,12-16
btc-updown-5m-1786862700,2026-08-16 06:45:00+00:00,2026-08-16 06:37:44.250000+00:00,435.75,single,False,True,,2026-08-16T06:46:14.817Z,-0.29,,0.28,-0.28,2026-08-16,14,12-16
btc-updown-5m-1786863000,2026-08-16 06:50:00+00:00,2026-08-16 06:41:05.905000+00:00,534.095,single,True,False,2026-08-16T06:52:29.942Z,,-0.29,0.29,,-0.29,2026-08-16,14,12-16
btc-updown-5m-1786863300,2026-08-16 06:55:00+00:00,2026-08-16 06:47:28.180000+00:00,451.82,single,True,False,2026-08-16T06:57:05.056Z,,-0.29,0.27,,-0.27,2026-08-16,14,12-16
btc-updown-5m-1786863600,2026-08-16 07:00:00+00:00,2026-08-16 06:52:09.628000+00:00,470.372,single,True,False,2026-08-16T07:04:30.147Z,,-0.29,0.008,,-0.008,2026-08-16,14,12-16
btc-updown-5m-1786863900,2026-08-16 07:05:00+00:00,2026-08-16 06:58:42.395000+00:00,377.605,single,True,False,2026-08-16T07:09:13.247Z,,-0.29,0.17,,-0.17,2026-08-16,15,12-16
btc-updown-5m-1786864200,2026-08-16 07:10:00+00:00,2026-08-16 07:04:50.546000+00:00,309.454,none,False,False,,,0.0,,,0.0,2026-08-16,15,12-16
btc-updown-5m-1786864500,2026-08-16 07:15:00+00:00,2026-08-16 07:09:08.895000+00:00,351.105,none,False,False,,,0.0,,,0.0,2026-08-16,15,12-16
btc-updown-5m-1786864800,2026-08-16 07:20:00+00:00,2026-08-16 07:13:54.028000+00:00,365.972,single,False,True,,2026-08-16T07:23:07.599Z,-0.29,,0.11,-0.11,2026-08-16,15,12-16
btc-updown-5m-1786865100,2026-08-16 07:25:00+00:00,2026-08-16 07:15:16.337000+00:00,583.663,none,False,False,,,0.0,,,0.0,2026-08-16,15,12-16
btc-updown-5m-1786865400,2026-08-16 07:30:00+00:00,2026-08-16 07:20:16.727000+00:00,583.273,none,False,False,,,0.0,,,0.0,2026-08-16,15,12-16
btc-updown-5m-1786865700,2026-08-16 07:35:00+00:00,2026-08-16 07:27:58.302000+00:00,421.698,paired,True,True,2026-08-16T07:38:27.757Z,2026-08-16T07:39:44.483Z,0.42,0.24,0.29,0.47000000000000003,2026-08-16,15,12-16
btc-updown-5m-1786866000,2026-08-16 07:40:00+00:00,2026-08-16 07:30:14.810000+00:00,585.19,single,True,False,2026-08-16T07:40:41.812Z,,-0.29,0.29,,-0.29,2026-08-16,15,12-16
btc-updown-5m-1786866300,2026-08-16 07:45:00+00:00,2026-08-16 07:35:17.895000+00:00,582.105,single,False,True,,2026-08-16T07:49:51.377Z,-0.29,,0.26,-0.26,2026-08-16,15,12-16
btc-updown-5m-1786866600,2026-08-16 07:50:00+00:00,2026-08-16 07:40:23.100000+00:00,576.9,single,False,True,,2026-08-16T07:52:42.234Z,-0.29,,0.29,-0.29,2026-08-16,15,12-16
btc-updown-5m-1786866900,2026-08-16 07:55:00+00:00,2026-08-16 07:46:30.301000+00:00,509.699,none,False,False,,,0.0,,,0.0,2026-08-16,15,12-16
btc-updown-5m-1786867200,2026-08-16 08:00:00+00:00,2026-08-16 07:51:18.552000+00:00,521.448,paired,True,True,2026-08-16T08:02:06.484Z,2026-08-16T08:03:15.455Z,0.42,0.29,0.29,0.42,2026-08-16,15,12-16
btc-updown-5m-1786867500,2026-08-16 08:05:00+00:00,2026-08-16 07:55:29.601000+00:00,570.399,single,True,False,2026-08-16T08:05:00.556Z,,-0.29,0.29,,-0.29,2026-08-16,16,16-20
btc-updown-5m-1786867800,2026-08-16 08:10:00+00:00,2026-08-16 08:00:34.329000+00:00,565.671,none,False,False,,,0.0,,,0.0,2026-08-16,16,16-20
btc-updown-5m-1786868100,2026-08-16 08:15:00+00:00,2026-08-16 08:08:08.245000+00:00,411.755,none,False,False,,,0.0,,,0.0,2026-08-16,16,16-20
btc-updown-5m-1786868400,2026-08-16 08:20:00+00:00,2026-08-16 08:13:09.577000+00:00,410.423,paired,True,True,2026-08-16T08:21:41.353Z,2026-08-16T08:24:27.673Z,0.42,0.15,0.29,0.56,2026-08-16,16,16-20
btc-updown-5m-1786868700,2026-08-16 08:25:00+00:00,2026-08-16 08:20:02.429000+00:00,297.571,single,True,False,2026-08-16T08:25:01.863Z,,-0.29,0.24,,-0.24,2026-08-16,16,16-20
btc-updown-5m-1786869000,2026-08-16 08:30:00+00:00,2026-08-16 08:21:36.692000+00:00,503.308,single,True,False,2026-08-16T08:33:14.308Z,,-0.29,0.24,,-0.24,2026-08-16,16,16-20
btc-updown-5m-1786869300,2026-08-16 08:35:00+00:00,2026-08-16 08:28:52.645000+00:00,367.355,single,False,True,,2026-08-16T08:39:59.086Z,-0.29,,0.29,-0.29,2026-08-16,16,16-20
btc-updown-5m-1786869600,2026-08-16 08:40:00+00:00,2026-08-16 08:33:23.963000+00:00,396.037,none,False,False,,,0.0,,,0.0,2026-08-16,16,16-20
btc-updown-5m-1786869900,2026-08-16 08:45:00+00:00,2026-08-16 08:35:10.491000+00:00,589.509,none,False,False,,,0.0,,,0.0,2026-08-16,16,16-20
btc-updown-5m-1786870200,2026-08-16 08:50:00+00:00,2026-08-16 08:40:12.013000+00:00,587.987,single,False,True,,2026-08-16T08:54:21.170Z,-0.29,,0.29,-0.29,2026-08-16,16,16-20
btc-updown-5m-1786870500,2026-08-16 08:55:00+00:00,2026-08-16 08:45:16.366000+00:00,583.634,none,False,False,,,0.0,,,0.0,2026-08-16,16,16-20
btc-updown-5m-1786870800,2026-08-16 09:00:00+00:00,2026-08-16 08:51:14.697000+00:00,525.303,none,False,False,,,0.0,,,0.0,2026-08-16,16,16-20
btc-updown-5m-1786871100,2026-08-16 09:05:00+00:00,2026-08-16 08:58:20.670000+00:00,399.33,single,True,False,2026-08-16T09:08:36.503Z,,-0.29,0.29,,-0.29,2026-08-16,17,16-20
btc-updown-5m-1786871400,2026-08-16 09:10:00+00:00,2026-08-16 09:00:23.133000+00:00,576.867,none,False,False,,,0.0,,,0.0,2026-08-16,17,16-20
btc-updown-5m-1786871700,2026-08-16 09:15:00+00:00,2026-08-16 09:07:21.534000+00:00,458.466,single,False,True,,2026-08-16T09:15:41.733Z,-0.29,,0.25,-0.25,2026-08-16,17,16-20
btc-updown-5m-1786872000,2026-08-16 09:20:00+00:00,2026-08-16 09:12:47.524000+00:00,432.476,single,False,True,,2026-08-16T09:20:00.018Z,-0.29,,0.26,-0.26,2026-08-16,17,16-20
btc-updown-5m-1786872300,2026-08-16 09:25:00+00:00,2026-08-16 09:15:23.071000+00:00,576.929,none,False,False,,,0.0,,,0.0,2026-08-16,17,16-20
btc-updown-5m-1786872600,2026-08-16 09:30:00+00:00,2026-08-16 09:22:06.618000+00:00,473.382,paired,True,True,2026-08-16T09:34:36.548Z,2026-08-16T09:30:11.224Z,0.42,0.27,0.18,0.55,2026-08-16,17,16-20
btc-updown-5m-1786872900,2026-08-16 09:35:00+00:00,2026-08-16 09:28:44.771000+00:00,375.229,single,False,True,,2026-08-16T09:35:16.792Z,-0.29,,0.29,-0.29,2026-08-16,17,16-20
btc-updown-5m-1786873200,2026-08-16 09:40:00+00:00,2026-08-16 09:30:52.046000+00:00,547.954,paired,True,True,2026-08-16T09:42:44.169Z,2026-08-16T09:40:39.943Z,0.42,0.09,0.23,0.68,2026-08-16,17,16-20
btc-updown-5m-1786873500,2026-08-16 09:45:00+00:00,2026-08-16 09:37:58.913000+00:00,421.087,single,False,True,,2026-08-16T09:48:55.987Z,-0.29,,0.29,-0.29,2026-08-16,17,16-20
btc-updown-5m-1786873800,2026-08-16 09:50:00+00:00,2026-08-16 09:40:34.558000+00:00,565.442,single,False,True,,2026-08-16T09:52:37.264Z,-0.29,,0.05,-0.05,2026-08-16,17,16-20
btc-updown-5m-1786874100,2026-08-16 09:55:00+00:00,2026-08-16 09:47:51.094000+00:00,428.906,none,False,False,,,0.0,,,0.0,2026-08-16,17,16-20
btc-updown-5m-1786874400,2026-08-16 10:00:00+00:00,2026-08-16 09:52:37.115000+00:00,442.885,none,False,False,,,0.0,,,0.0,2026-08-16,17,16-20
btc-updown-5m-1786874700,2026-08-16 10:05:00+00:00,2026-08-16 09:58:21.268000+00:00,398.732,none,False,False,,,0.0,,,0.0,2026-08-16,18,16-20
btc-updown-5m-1786875000,2026-08-16 10:10:00+00:00,2026-08-16 10:00:17.252000+00:00,582.748,none,False,False,,,0.0,,,0.0,2026-08-16,18,16-20
btc-updown-5m-1786875300,2026-08-16 10:15:00+00:00,2026-08-16 10:05:10.915000+00:00,589.085,single,False,True,,2026-08-16T10:18:09.010Z,-0.29,,0.25,-0.25,2026-08-16,18,16-20
btc-updown-5m-1786875600,2026-08-16 10:20:00+00:00,2026-08-16 10:10:15.934000+00:00,584.066,none,False,False,,,0.0,,,0.0,2026-08-16,18,16-20
btc-updown-5m-1786875900,2026-08-16 10:25:00+00:00,2026-08-16 10:15:23.386000+00:00,576.614,single,False,True,,2026-08-16T10:26:14.951Z,-0.29,,0.08,-0.08,2026-08-16,18,16-20
btc-updown-5m-1786876200,2026-08-16 10:30:00+00:00,2026-08-16 10:25:11.928000+00:00,288.072,none,False,False,,,0.0,,,0.0,2026-08-16,18,16-20
btc-updown-5m-1786876500,2026-08-16 10:35:00+00:00,2026-08-16 10:26:10.673000+00:00,529.327,single,False,True,,2026-08-16T10:36:38.643Z,-0.29,,0.27,-0.27,2026-08-16,18,16-20
btc-updown-5m-1786876800,2026-08-16 10:40:00+00:00,2026-08-16 10:35:12.383000+00:00,287.617,single,True,False,2026-08-16T10:44:36.188Z,,-0.29,0.11,,-0.11,2026-08-16,18,16-20
btc-updown-5m-1786877100,2026-08-16 10:45:00+00:00,2026-08-16 10:35:12.452000+00:00,587.548,single,False,True,,2026-08-16T10:49:34.010Z,-0.29,,0.03,-0.03,2026-08-16,18,16-20
btc-updown-5m-1786877400,2026-08-16 10:50:00+00:00,2026-08-16 10:42:44.298000+00:00,435.702,single,True,False,2026-08-16T10:54:22.127Z,,-0.29,0.26,,-0.26,2026-08-16,18,16-20
btc-updown-5m-1786877700,2026-08-16 10:55:00+00:00,2026-08-16 10:49:27.770000+00:00,332.23,single,True,False,2026-08-16T10:59:06.375Z,,-0.29,0.24,,-0.24,2026-08-16,18,16-20
btc-updown-5m-1786878000,2026-08-16 11:00:00+00:00,2026-08-16 10:52:19.685000+00:00,460.315,single,False,True,,2026-08-16T11:02:54.668Z,-0.29,,0.29,-0.29,2026-08-16,18,16-20
btc-updown-5m-1786878300,2026-08-16 11:05:00+00:00,2026-08-16 10:57:46.071000+00:00,433.929,single,True,False,2026-08-16T11:09:24.300Z,,-0.29,0.04,,-0.04,2026-08-16,19,16-20
btc-updown-5m-1786878600,2026-08-16 11:10:00+00:00,2026-08-16 11:03:42.478000+00:00,377.522,single,True,False,2026-08-16T11:11:19.193Z,,-0.29,0.25,,-0.25,2026-08-16,19,16-20
btc-updown-5m-1786878900,2026-08-16 11:15:00+00:00,2026-08-16 11:07:14.885000+00:00,465.115,single,False,True,,2026-08-16T11:18:51.447Z,-0.29,,0.17,-0.17,2026-08-16,19,16-20
btc-updown-5m-1786879200,2026-08-16 11:20:00+00:00,2026-08-16 11:11:12.778000+00:00,527.222,single,True,False,2026-08-16T11:23:44.746Z,,-0.29,0.02,,-0.02,2026-08-16,19,16-20
btc-updown-5m-1786879500,2026-08-16 11:25:00+00:00,2026-08-16 11:18:45.850000+00:00,374.15,single,True,False,2026-08-16T11:27:35.124Z,,-0.29,0.29,,-0.29,2026-08-16,19,16-20
btc-updown-5m-1786879800,2026-08-16 11:30:00+00:00,2026-08-16 11:23:39.591000+00:00,380.409,single,False,True,,2026-08-16T11:34:10.613Z,-0.29,,0.06,-0.06,2026-08-16,19,16-20
btc-updown-5m-1786880100,2026-08-16 11:35:00+00:00,2026-08-16 11:27:10.021000+00:00,469.979,none,False,False,,,0.0,,,0.0,2026-08-16,19,16-20
btc-updown-5m-1786880400,2026-08-16 11:40:00+00:00,2026-08-16 11:33:59.958000+00:00,360.042,single,False,True,,2026-08-16T11:40:55.490Z,-0.29,,0.22,-0.22,2026-08-16,19,16-20
btc-updown-5m-1786880700,2026-08-16 11:45:00+00:00,2026-08-16 11:37:11.261000+00:00,468.739,single,True,False,2026-08-16T11:48:43.068Z,,-0.29,0.28,,-0.28,2026-08-16,19,16-20
btc-updown-5m-1786881000,2026-08-16 11:50:00+00:00,2026-08-16 11:40:07.406000+00:00,592.594,single,False,True,,2026-08-16T11:54:37.996Z,-0.29,,0.01,-0.01,2026-08-16,19,16-20
btc-updown-5m-1786881300,2026-08-16 11:55:00+00:00,2026-08-16 11:47:13.362000+00:00,466.638,single,False,True,,2026-08-16T11:59:30.677Z,-0.29,,0.001,-0.001,2026-08-16,19,16-20
btc-updown-5m-1786881600,2026-08-16 12:00:00+00:00,2026-08-16 11:51:01.408000+00:00,538.592,single,False,True,,2026-08-16T12:02:39.686Z,-0.29,,0.27,-0.27,2026-08-16,19,16-20
btc-updown-5m-1786881900,2026-08-16 12:05:00+00:00,2026-08-16 11:58:39.177000+00:00,380.823,single,False,True,,2026-08-16T12:06:15.564Z,-0.29,,0.29,-0.29,2026-08-16,20,20-24
btc-updown-5m-1786882200,2026-08-16 12:10:00+00:00,2026-08-16 12:03:00.043000+00:00,419.957,single,False,True,,2026-08-16T12:10:32.227Z,-0.29,,0.29,-0.29,2026-08-16,20,20-24
btc-updown-5m-1786882500,2026-08-16 12:15:00+00:00,2026-08-16 12:07:02.795000+00:00,477.205,single,True,False,2026-08-16T12:16:08.579Z,,-0.29,0.29,,-0.29,2026-08-16,20,20-24
btc-updown-5m-1786882800,2026-08-16 12:20:00+00:00,2026-08-16 12:10:19.090000+00:00,580.91,single,False,True,,2026-08-16T12:20:03.803Z,-0.29,,0.28,-0.28,2026-08-16,20,20-24
btc-updown-5m-1786883100,2026-08-16 12:25:00+00:00,2026-08-16 12:15:53.120000+00:00,546.88,none,False,False,,,0.0,,,0.0,2026-08-16,20,20-24
btc-updown-5m-1786883400,2026-08-16 12:30:00+00:00,2026-08-16 12:22:04.435000+00:00,475.565,single,True,False,2026-08-16T12:32:05.545Z,,-0.29,0.06,,-0.06,2026-08-16,20,20-24
btc-updown-5m-1786883700,2026-08-16 12:35:00+00:00,2026-08-16 12:25:24.044000+00:00,575.956,paired,True,True,2026-08-16T12:39:59.392Z,2026-08-16T12:35:00.105Z,0.42,0.01,0.27,0.72,2026-08-16,20,20-24
btc-updown-5m-1786884000,2026-08-16 12:40:00+00:00,2026-08-16 12:30:55.014000+00:00,544.986,paired,True,True,2026-08-16T12:43:59.762Z,2026-08-16T12:40:09.459Z,0.42,0.28,0.27,0.44999999999999996,2026-08-16,20,20-24
btc-updown-5m-1786884300,2026-08-16 12:45:00+00:00,2026-08-16 12:36:16.827000+00:00,523.173,single,False,True,,2026-08-16T12:47:40.988Z,-0.29,,0.08,-0.08,2026-08-16,20,20-24
btc-updown-5m-1786884600,2026-08-16 12:50:00+00:00,2026-08-16 12:41:33.838000+00:00,506.162,single,False,True,,2026-08-16T12:52:14.510Z,-0.29,,0.29,-0.29,2026-08-16,20,20-24
btc-updown-5m-1786884900,2026-08-16 12:55:00+00:00,2026-08-16 12:47:22.114000+00:00,457.886,single,False,True,,2026-08-16T12:57:22.402Z,-0.29,,0.28,-0.28,2026-08-16,20,20-24
btc-updown-5m-1786885200,2026-08-16 13:00:00+00:00,2026-08-16 12:52:21.906000+00:00,458.094,none,False,False,,,0.0,,,0.0,2026-08-16,20,20-24
btc-updown-5m-1786885500,2026-08-16 13:05:00+00:00,2026-08-16 12:56:48.288000+00:00,491.712,single,False,True,,2026-08-16T13:05:44.235Z,-0.29,,0.18,-0.18,2026-08-16,21,20-24
btc-updown-5m-1786885800,2026-08-16 13:10:00+00:00,2026-08-16 13:00:09.922000+00:00,590.078,single,False,True,,2026-08-16T13:13:09.967Z,-0.29,,0.29,-0.29,2026-08-16,21,20-24
btc-updown-5m-1786886100,2026-08-16 13:15:00+00:00,2026-08-16 13:05:36.258000+00:00,563.742,single,False,True,,2026-08-16T13:17:05.196Z,-0.29,,0.29,-0.29,2026-08-16,21,20-24
btc-updown-5m-1786886400,2026-08-16 13:20:00+00:00,2026-08-16 13:14:08.167000+00:00,351.833,single,True,False,2026-08-16T13:24:42.539Z,,-0.29,0.04,,-0.04,2026-08-16,21,20-24
btc-updown-5m-1786886700,2026-08-16 13:25:00+00:00,2026-08-16 13:15:25.482000+00:00,574.518,single,True,False,2026-08-16T13:28:51.596Z,,-0.29,0.29,,-0.29,2026-08-16,21,20-24
btc-updown-5m-1786887000,2026-08-16 13:30:00+00:00,2026-08-16 13:22:51.288000+00:00,428.712,single,False,True,,2026-08-16T13:34:30.897Z,-0.29,,0.01,-0.01,2026-08-16,21,20-24
btc-updown-5m-1786887300,2026-08-16 13:35:00+00:00,2026-08-16 13:27:17.361000+00:00,462.639,single,True,False,2026-08-16T13:39:59.765Z,,-0.29,0.24,,-0.24,2026-08-16,21,20-24
btc-updown-5m-1786887600,2026-08-16 13:40:00+00:00,2026-08-16 13:33:45.464000+00:00,374.536,single,False,True,,2026-08-16T13:41:45.262Z,-0.29,,0.1,-0.1,2026-08-16,21,20-24
btc-updown-5m-1786887900,2026-08-16 13:45:00+00:00,2026-08-16 13:39:01.938000+00:00,358.062,none,False,False,,,0.0,,,0.0,2026-08-16,21,20-24
btc-updown-5m-1786888200,2026-08-16 13:50:00+00:00,2026-08-16 13:41:32.710000+00:00,507.29,single,False,True,,2026-08-16T13:53:38.192Z,-0.29,,0.11,-0.11,2026-08-16,21,20-24
btc-updown-5m-1786888500,2026-08-16 13:55:00+00:00,2026-08-16 13:45:17.695000+00:00,582.305,single,True,False,2026-08-16T13:58:19.236Z,,-0.29,0.05,,-0.05,2026-08-16,21,20-24
btc-updown-5m-1786888800,2026-08-16 14:00:00+00:00,2026-08-16 13:51:26.416000+00:00,513.584,single,False,True,,2026-08-16T14:03:37.978Z,-0.29,,0.11,-0.11,2026-08-16,21,20-24
btc-updown-5m-1786889100,2026-08-16 14:05:00+00:00,2026-08-16 13:58:03.270000+00:00,416.73,single,True,False,2026-08-16T14:06:28.042Z,,-0.29,0.29,,-0.29,2026-08-16,22,20-24
btc-updown-5m-1786889400,2026-08-16 14:10:00+00:00,2026-08-16 14:03:26.300000+00:00,393.7,none,False,False,,,0.0,,,0.0,2026-08-16,22,20-24
btc-updown-5m-1786889700,2026-08-16 14:15:00+00:00,2026-08-16 14:08:07.176000+00:00,412.824,single,False,True,,2026-08-16T14:17:44.270Z,-0.29,,0.25,-0.25,2026-08-16,22,20-24
btc-updown-5m-1786890000,2026-08-16 14:20:00+00:00,2026-08-16 14:10:49.935000+00:00,550.065,single,False,True,,2026-08-16T14:22:45.987Z,-0.29,,0.26,-0.26,2026-08-16,22,20-24
btc-updown-5m-1786890300,2026-08-16 14:25:00+00:00,2026-08-16 14:16:24.419000+00:00,515.581,single,True,False,2026-08-16T14:27:18.787Z,,-0.29,0.19,,-0.19,2026-08-16,22,20-24
btc-updown-5m-1786890600,2026-08-16 14:30:00+00:00,2026-08-16 14:24:18.272000+00:00,341.728,single,True,False,2026-08-16T14:30:45.097Z,,-0.29,0.29,,-0.29,2026-08-16,22,20-24
btc-updown-5m-1786890900,2026-08-16 14:35:00+00:00,2026-08-16 14:27:12.626000+00:00,467.374,paired,True,True,2026-08-16T14:39:31.196Z,2026-08-16T14:37:42.216Z,0.42,0.28,0.06,0.6599999999999999,2026-08-16,22,20-24
btc-updown-5m-1786891200,2026-08-16 14:40:00+00:00,2026-08-16 14:34:17.225000+00:00,342.775,single,False,True,,2026-08-16T14:41:09.722Z,-0.29,,0.2,-0.2,2026-08-16,22,20-24
btc-updown-5m-1786891500,2026-08-16 14:45:00+00:00,2026-08-16 14:35:53.313000+00:00,546.687,single,False,True,,2026-08-16T14:49:32.561Z,-0.29,,0.03,-0.03,2026-08-16,22,20-24
btc-updown-5m-1786891800,2026-08-16 14:50:00+00:00,2026-08-16 14:40:56.763000+00:00,543.237,single,False,True,,2026-08-16T14:54:44.959Z,-0.29,,0.03,-0.03,2026-08-16,22,20-24
btc-updown-5m-1786892100,2026-08-16 14:55:00+00:00,2026-08-16 14:49:19.963000+00:00,340.037,single,False,True,,2026-08-16T14:58:48.113Z,-0.29,,0.28,-0.28,2026-08-16,22,20-24
btc-updown-5m-1786892400,2026-08-16 15:00:00+00:00,2026-08-16 14:50:17.318000+00:00,582.682,single,False,True,,2026-08-16T15:00:54.892Z,-0.29,,0.29,-0.29,2026-08-16,22,20-24
btc-updown-5m-1786892700,2026-08-16 15:05:00+00:00,2026-08-16 14:56:23.110000+00:00,516.89,single,True,False,2026-08-16T15:08:39.054Z,,-0.29,0.28,,-0.28,2026-08-16,23,20-24
btc-updown-5m-1786893000,2026-08-16 15:10:00+00:00,2026-08-16 15:03:10.178000+00:00,409.822,single,False,True,,2026-08-16T15:13:18.785Z,-0.29,,0.29,-0.29,2026-08-16,23,20-24
btc-updown-5m-1786893300,2026-08-16 15:15:00+00:00,2026-08-16 15:06:03.827000+00:00,536.173,single,False,True,,2026-08-16T15:19:55.662Z,-0.29,,0.29,-0.29,2026-08-16,23,20-24
btc-updown-5m-1786893600,2026-08-16 15:20:00+00:00,2026-08-16 15:13:35.549000+00:00,384.451,paired,True,True,2026-08-16T15:24:11.864Z,2026-08-16T15:23:19.997Z,0.42,0.1,0.29,0.6100000000000001,2026-08-16,23,20-24
btc-updown-5m-1786893900,2026-08-16 15:25:00+00:00,2026-08-16 15:15:12.594000+00:00,587.406,single,False,True,,2026-08-16T15:28:33.480Z,-0.29,,0.04,-0.04,2026-08-16,23,20-24
btc-updown-5m-1786894200,2026-08-16 15:30:00+00:00,2026-08-16 15:20:31.402000+00:00,568.598,single,False,True,,2026-08-16T15:33:00.289Z,-0.29,,0.02,-0.02,2026-08-16,23,20-24
btc-updown-5m-1786894500,2026-08-16 15:35:00+00:00,2026-08-16 15:27:12.101000+00:00,467.899,paired,True,True,2026-08-16T15:36:24.261Z,2026-08-16T15:39:27.166Z,0.42,0.29,0.25,0.45999999999999996,2026-08-16,23,20-24
btc-updown-5m-1786894800,2026-08-16 15:40:00+00:00,2026-08-16 15:32:45.789000+00:00,434.211,single,True,False,2026-08-16T15:41:59.292Z,,-0.29,0.21,,-0.21,2026-08-16,23,20-24
btc-updown-5m-1786895100,2026-08-16 15:45:00+00:00,2026-08-16 15:37:06.278000+00:00,473.722,paired,True,True,2026-08-16T15:46:06.498Z,2026-08-16T15:49:17.221Z,0.42,0.29,0.02,0.69,2026-08-16,23,20-24
btc-updown-5m-1786895400,2026-08-16 15:50:00+00:00,2026-08-16 15:40:25.140000+00:00,574.86,single,False,True,,2026-08-16T15:52:57.407Z,-0.29,,0.29,-0.29,2026-08-16,23,20-24
btc-updown-5m-1786895700,2026-08-16 15:55:00+00:00,2026-08-16 15:47:52.321000+00:00,427.679,single,True,False,2026-08-16T15:56:15.863Z,,-0.29,0.28,,-0.28,2026-08-16,23,20-24
btc-updown-5m-1786896000,2026-08-16 16:00:00+00:00,2026-08-16 15:55:01.373000+00:00,298.627,single,False,True,,2026-08-16T16:01:30.323Z,-0.29,,0.29,-0.29,2026-08-16,23,20-24
btc-updown-5m-1786896300,2026-08-16 16:05:00+00:00,2026-08-16 15:55:11.718000+00:00,588.282,paired,True,True,2026-08-16T16:05:04.566Z,2026-08-16T16:09:43.783Z,0.42,0.28,0.29,0.43,2026-08-17,0,00-04
btc-updown-5m-1786896600,2026-08-16 16:10:00+00:00,2026-08-16 16:01:08.127000+00:00,531.873,single,False,True,,2026-08-16T16:11:43.574Z,-0.29,,0.14,-0.14,2026-08-17,0,00-04
btc-updown-5m-1786896900,2026-08-16 16:15:00+00:00,2026-08-16 16:06:12.179000+00:00,527.821,single,False,True,,2026-08-16T16:18:00.480Z,-0.29,,0.01,-0.01,2026-08-17,0,00-04
btc-updown-5m-1786897200,2026-08-16 16:20:00+00:00,2026-08-16 16:10:53.742000+00:00,546.258,single,True,False,2026-08-16T16:22:04.521Z,,-0.29,0.29,,-0.29,2026-08-17,0,00-04
btc-updown-5m-1786897500,2026-08-16 16:25:00+00:00,2026-08-16 16:17:46.288000+00:00,433.712,single,False,True,,2026-08-16T16:28:18.593Z,-0.29,,0.29,-0.29,2026-08-17,0,00-04
btc-updown-5m-1786897800,2026-08-16 16:30:00+00:00,2026-08-16 16:22:10.959000+00:00,469.041,single,False,True,,2026-08-16T16:30:22.998Z,-0.29,,0.24,-0.24,2026-08-17,0,00-04
btc-updown-5m-1786898100,2026-08-16 16:35:00+00:00,2026-08-16 16:27:24.865000+00:00,455.135,single,True,False,2026-08-16T16:37:28.172Z,,-0.29,0.1,,-0.1,2026-08-17,0,00-04
btc-updown-5m-1786898400,2026-08-16 16:40:00+00:00,2026-08-16 16:31:58.822000+00:00,481.178,single,True,False,2026-08-16T16:41:24.967Z,,-0.29,0.29,,-0.29,2026-08-17,0,00-04
btc-updown-5m-1786898700,2026-08-16 16:45:00+00:00,2026-08-16 16:36:40.662000+00:00,499.338,single,True,False,2026-08-16T16:47:53.487Z,,-0.29,0.15,,-0.15,2026-08-17,0,00-04
btc-updown-5m-1786899000,2026-08-16 16:50:00+00:00,2026-08-16 16:43:43.727000+00:00,376.273,paired,True,True,2026-08-16T16:54:54.681Z,2026-08-16T16:53:55.981Z,0.42,0.001,0.29,0.7090000000000001,2026-08-17,0,00-04
btc-updown-5m-1786899300,2026-08-16 16:55:00+00:00,2026-08-16 16:47:49.729000+00:00,430.271,single,False,True,,2026-08-16T16:58:45.410Z,-0.29,,0.29,-0.29,2026-08-17,0,00-04
btc-updown-5m-1786899600,2026-08-16 17:00:00+00:00,2026-08-16 16:54:28.256000+00:00,331.744,single,True,False,2026-08-16T17:02:29.930Z,,-0.29,0.12,,-0.12,2026-08-17,0,00-04
btc-updown-5m-1786899900,2026-08-16 17:05:00+00:00,2026-08-16 16:55:27.066000+00:00,572.934,single,False,True,,2026-08-16T17:05:28.954Z,-0.29,,0.29,-0.29,2026-08-17,1,00-04
btc-updown-5m-1786900200,2026-08-16 17:10:00+00:00,2026-08-16 17:00:17.906000+00:00,582.094,single,True,False,2026-08-16T17:11:30.760Z,,-0.29,0.26,,-0.26,2026-08-17,1,00-04
btc-updown-5m-1786900500,2026-08-16 17:15:00+00:00,2026-08-16 17:08:52.137000+00:00,367.863,single,False,True,,2026-08-16T17:19:19.565Z,-0.29,,0.2,-0.2,2026-08-17,1,00-04
btc-updown-5m-1786900800,2026-08-16 17:20:00+00:00,2026-08-16 17:12:46.073000+00:00,433.927,single,True,False,2026-08-16T17:21:08.788Z,,-0.29,0.27,,-0.27,2026-08-17,1,00-04
btc-updown-5m-1786901100,2026-08-16 17:25:00+00:00,2026-08-16 17:19:13.151000+00:00,346.849,single,True,False,2026-08-16T17:28:49.758Z,,-0.29,0.29,,-0.29,2026-08-17,1,00-04
btc-updown-5m-1786901400,2026-08-16 17:30:00+00:00,2026-08-16 17:21:08.603000+00:00,531.397,single,True,False,2026-08-16T17:33:49.851Z,,-0.29,0.01,,-0.01,2026-08-17,1,00-04
btc-updown-5m-1786901700,2026-08-16 17:35:00+00:00,2026-08-16 17:29:24.341000+00:00,335.659,single,False,True,,2026-08-16T17:37:13.448Z,-0.29,,0.02,-0.02,2026-08-17,1,00-04
btc-updown-5m-1786902000,2026-08-16 17:40:00+00:00,2026-08-16 17:30:23.503000+00:00,576.497,single,True,False,2026-08-16T17:42:48.386Z,,-0.29,0.03,,-0.03,2026-08-17,1,00-04
btc-updown-5m-1786902300,2026-08-16 17:45:00+00:00,2026-08-16 17:37:08.276000+00:00,471.724,paired,True,True,2026-08-16T17:45:19.326Z,2026-08-16T17:47:31.549Z,0.42,0.29,0.15,0.5599999999999999,2026-08-17,1,00-04
btc-updown-5m-1786902600,2026-08-16 17:50:00+00:00,2026-08-16 17:41:58.670000+00:00,481.33,single,False,True,,2026-08-16T17:54:26.145Z,-0.29,,0.28,-0.28,2026-08-17,1,00-04
btc-updown-5m-1786902900,2026-08-16 17:55:00+00:00,2026-08-16 17:46:26.788000+00:00,513.212,single,True,False,2026-08-16T17:57:13.246Z,,-0.29,0.1,,-0.1,2026-08-17,1,00-04
btc-updown-5m-1786903200,2026-08-16 18:00:00+00:00,2026-08-16 17:53:40.527000+00:00,379.473,none,False,False,,,0.0,,,0.0,2026-08-17,1,00-04
btc-updown-5m-1786903500,2026-08-16 18:05:00+00:00,2026-08-16 17:55:08.704000+00:00,591.296,single,False,True,,2026-08-16T18:07:31.412Z,-0.29,,0.29,-0.29,2026-08-17,2,00-04
btc-updown-5m-1786903800,2026-08-16 18:10:00+00:00,2026-08-16 18:03:47.473000+00:00,372.527,single,True,False,2026-08-16T18:14:49.049Z,,-0.29,0.01,,-0.01,2026-08-17,2,00-04
btc-updown-5m-1786904100,2026-08-16 18:15:00+00:00,2026-08-16 18:05:28.870000+00:00,571.13,single,False,True,,2026-08-16T18:19:17.994Z,-0.29,,0.01,-0.01,2026-08-17,2,00-04
btc-updown-5m-1786904400,2026-08-16 18:20:00+00:00,2026-08-16 18:11:52.517000+00:00,487.483,single,False,True,,2026-08-16T18:23:31.275Z,-0.29,,0.29,-0.29,2026-08-17,2,00-04
btc-updown-5m-1786904700,2026-08-16 18:25:00+00:00,2026-08-16 18:19:12.363000+00:00,347.637,single,True,False,2026-08-16T18:26:39.395Z,,-0.29,0.11,,-0.11,2026-08-17,2,00-04
btc-updown-5m-1786905000,2026-08-16 18:30:00+00:00,2026-08-16 18:22:58.866000+00:00,421.134,single,True,False,2026-08-16T18:34:13.777Z,,-0.29,0.29,,-0.29,2026-08-17,2,00-04
btc-updown-5m-1786905300,2026-08-16 18:35:00+00:00,2026-08-16 18:25:26.552000+00:00,573.448,single,True,False,2026-08-16T18:37:23.628Z,,-0.29,0.08,,-0.08,2026-08-17,2,00-04
btc-updown-5m-1786905600,2026-08-16 18:40:00+00:00,2026-08-16 18:34:46.855000+00:00,313.145,single,True,False,2026-08-16T18:44:37.915Z,,-0.29,0.01,,-0.01,2026-08-17,2,00-04
btc-updown-5m-1786905900,2026-08-16 18:45:00+00:00,2026-08-16 18:36:01.316000+00:00,538.684,single,False,True,,2026-08-16T18:47:55.987Z,-0.29,,0.18,-0.18,2026-08-17,2,00-04
btc-updown-5m-1786906200,2026-08-16 18:50:00+00:00,2026-08-16 18:44:32.339000+00:00,327.661,none,False,False,,,0.0,,,0.0,2026-08-17,2,00-04
btc-updown-5m-1786906500,2026-08-16 18:55:00+00:00,2026-08-16 18:45:59.692000+00:00,540.308,none,False,False,,,0.0,,,0.0,2026-08-17,2,00-04
btc-updown-5m-1786906800,2026-08-16 19:00:00+00:00,2026-08-16 18:52:16.442000+00:00,463.558,single,False,True,,2026-08-16T19:02:56.568Z,-0.29,,0.1,-0.1,2026-08-17,2,00-04
btc-updown-5m-1786907100,2026-08-16 19:05:00+00:00,2026-08-16 18:55:19.553000+00:00,580.447,single,False,True,,2026-08-16T19:07:05.878Z,-0.29,,0.04,-0.04,2026-08-17,3,00-04
btc-updown-5m-1786907400,2026-08-16 19:10:00+00:00,2026-08-16 19:00:20.765000+00:00,579.235,single,False,True,,2026-08-16T19:13:25.680Z,-0.29,,0.29,-0.29,2026-08-17,3,00-04
btc-updown-5m-1786907700,2026-08-16 19:15:00+00:00,2026-08-16 19:06:53.076000+00:00,486.924,single,False,True,,2026-08-16T19:17:36.504Z,-0.29,,0.29,-0.29,2026-08-17,3,00-04
btc-updown-5m-1786908000,2026-08-16 19:20:00+00:00,2026-08-16 19:12:23.771000+00:00,456.229,paired,True,True,2026-08-16T19:24:00.858Z,2026-08-16T19:21:33.457Z,0.42,0.111,0.26,0.629,2026-08-17,3,00-04
btc-updown-5m-1786908300,2026-08-16 19:25:00+00:00,2026-08-16 19:15:18.623000+00:00,581.377,single,False,True,,2026-08-16T19:27:28.453Z,-0.29,,0.29,-0.29,2026-08-17,3,00-04
btc-updown-5m-1786908600,2026-08-16 19:30:00+00:00,2026-08-16 19:24:00.655000+00:00,359.345,single,True,False,2026-08-16T19:34:44.108Z,,-0.29,0.29,,-0.29,2026-08-17,3,00-04
btc-updown-5m-1786908900,2026-08-16 19:35:00+00:00,2026-08-16 19:29:16.434000+00:00,343.566,single,False,True,,2026-08-16T19:35:40.066Z,-0.29,,0.29,-0.29,2026-08-17,3,00-04
btc-updown-5m-1786909200,2026-08-16 19:40:00+00:00,2026-08-16 19:35:24.770000+00:00,275.23,paired,True,True,2026-08-16T19:40:58.072Z,2026-08-16T19:40:14.765Z,0.42,0.24,0.24,0.52,2026-08-17,3,00-04
btc-updown-5m-1786909500,2026-08-16 19:45:00+00:00,2026-08-16 19:35:28.765000+00:00,571.235,single,True,False,2026-08-16T19:48:19.113Z,,-0.29,0.29,,-0.29,2026-08-17,3,00-04
btc-updown-5m-1786909800,2026-08-16 19:50:00+00:00,2026-08-16 19:40:08.878000+00:00,591.122,single,True,False,2026-08-16T19:52:18.763Z,,-0.29,0.18,,-0.18,2026-08-17,3,00-04
btc-updown-5m-1786910100,2026-08-16 19:55:00+00:00,2026-08-16 19:47:57.724000+00:00,422.276,paired,True,True,2026-08-16T19:59:00.533Z,2026-08-16T19:56:28.599Z,0.42,0.02,0.29,0.69,2026-08-17,3,00-04
btc-updown-5m-1786910400,2026-08-16 20:00:00+00:00,2026-08-16 19:50:09.913000+00:00,590.087,none,False,False,,,0.0,,,0.0,2026-08-17,3,00-04
btc-updown-5m-1786910700,2026-08-16 20:05:00+00:00,2026-08-16 19:56:24.921000+00:00,515.079,none,False,False,,,0.0,,,0.0,2026-08-17,4,04-08
btc-updown-5m-1786911000,2026-08-16 20:10:00+00:00,2026-08-16 20:00:18.500000+00:00,581.5,single,False,True,,2026-08-16T20:10:47.897Z,-0.29,,0.2,-0.2,2026-08-17,4,04-08
btc-updown-5m-1786911300,2026-08-16 20:15:00+00:00,2026-08-16 20:05:21.608000+00:00,578.392,single,True,False,2026-08-16T20:19:31.950Z,,-0.29,0.01,,-0.01,2026-08-17,4,04-08
btc-updown-5m-1786911600,2026-08-16 20:20:00+00:00,2026-08-16 20:10:09.627000+00:00,590.373,paired,True,True,2026-08-16T20:24:56.977Z,2026-08-16T20:23:54.732Z,0.42,0.28,0.29,0.43,2026-08-17,4,04-08
btc-updown-5m-1786911900,2026-08-16 20:25:00+00:00,2026-08-16 20:17:32.963000+00:00,447.037,single,True,False,2026-08-16T20:26:59.410Z,,-0.29,0.29,,-0.29,2026-08-17,4,04-08
btc-updown-5m-1786912200,2026-08-16 20:30:00+00:00,2026-08-16 20:20:53.682000+00:00,546.318,none,False,False,,,0.0,,,0.0,2026-08-17,4,04-08
btc-updown-5m-1786912500,2026-08-16 20:35:00+00:00,2026-08-16 20:25:19.462000+00:00,580.538,none,False,False,,,0.0,,,0.0,2026-08-17,4,04-08
btc-updown-5m-1786912800,2026-08-16 20:40:00+00:00,2026-08-16 20:30:13.897000+00:00,586.103,none,False,False,,,0.0,,,0.0,2026-08-17,4,04-08
btc-updown-5m-1786913100,2026-08-16 20:45:00+00:00,2026-08-16 20:35:29.527000+00:00,570.473,single,True,False,2026-08-16T20:47:59.697Z,,-0.29,0.2,,-0.2,2026-08-17,4,04-08
btc-updown-5m-1786913400,2026-08-16 20:50:00+00:00,2026-08-16 20:40:20.385000+00:00,579.615,single,True,False,2026-08-16T20:51:57.676Z,,-0.29,0.29,,-0.29,2026-08-17,4,04-08
btc-updown-5m-1786913700,2026-08-16 20:55:00+00:00,2026-08-16 20:45:35.806000+00:00,564.194,paired,True,True,2026-08-16T20:58:28.081Z,2026-08-16T20:58:39.887Z,0.42,0.29,0.09,0.62,2026-08-17,4,04-08
btc-updown-5m-1786914000,2026-08-16 21:00:00+00:00,2026-08-16 20:50:48.671000+00:00,551.329,paired,True,True,2026-08-16T21:02:29.695Z,2026-08-16T21:04:08.783Z,0.42,0.27,0.29,0.44,2026-08-17,4,04-08
btc-updown-5m-1786914300,2026-08-16 21:05:00+00:00,2026-08-16 20:57:09.102000+00:00,470.898,single,True,False,2026-08-16T21:07:06.983Z,,-0.29,0.29,,-0.29,2026-08-17,5,04-08
btc-updown-5m-1786914600,2026-08-16 21:10:00+00:00,2026-08-16 21:02:58.880000+00:00,421.12,single,False,True,,2026-08-16T21:14:46.934Z,-0.29,,0.29,-0.29,2026-08-17,5,04-08
btc-updown-5m-1786914900,2026-08-16 21:15:00+00:00,2026-08-16 21:09:02.526000+00:00,357.474,single,False,True,,2026-08-16T21:17:11.336Z,-0.29,,0.15,-0.15,2026-08-17,5,04-08
btc-updown-5m-1786915200,2026-08-16 21:20:00+00:00,2026-08-16 21:13:46.757000+00:00,373.243,single,True,False,2026-08-16T21:23:56.111Z,,-0.29,0.29,,-0.29,2026-08-17,5,04-08
btc-updown-5m-1786915500,2026-08-16 21:25:00+00:00,2026-08-16 21:16:04.601000+00:00,535.399,single,True,False,2026-08-16T21:28:52.640Z,,-0.29,0.29,,-0.29,2026-08-17,5,04-08
btc-updown-5m-1786915800,2026-08-16 21:30:00+00:00,2026-08-16 21:24:43.628000+00:00,316.372,single,True,False,2026-08-16T21:33:38.854Z,,-0.29,0.29,,-0.29,2026-08-17,5,04-08
btc-updown-5m-1786916100,2026-08-16 21:35:00+00:00,2026-08-16 21:27:20.394000+00:00,459.606,paired,True,True,2026-08-16T21:38:03.022Z,2026-08-16T21:35:53.550Z,0.42,0.1,0.29,0.6100000000000001,2026-08-17,5,04-08
btc-updown-5m-1786916400,2026-08-16 21:40:00+00:00,2026-08-16 21:35:10.594000+00:00,289.406,single,True,False,2026-08-16T21:42:16.259Z,,-0.29,0.03,,-0.03,2026-08-17,5,04-08
btc-updown-5m-1786916700,2026-08-16 21:45:00+00:00,2026-08-16 21:36:12.952000+00:00,527.048,single,False,True,,2026-08-16T21:47:24.433Z,-0.29,,0.26,-0.26,2026-08-17,5,04-08
btc-updown-5m-1786917000,2026-08-16 21:50:00+00:00,2026-08-16 21:42:11.076000+00:00,468.924,single,False,True,,2026-08-16T21:54:02.604Z,-0.29,,0.29,-0.29,2026-08-17,5,04-08
btc-updown-5m-1786917300,2026-08-16 21:55:00+00:00,2026-08-16 21:47:17.105000+00:00,462.895,single,False,True,,2026-08-16T21:56:24.626Z,-0.29,,0.28,-0.28,2026-08-17,5,04-08
btc-updown-5m-1786917600,2026-08-16 22:00:00+00:00,2026-08-16 21:50:21.957000+00:00,578.043,single,True,False,2026-08-16T22:00:55.390Z,,-0.29,0.07,,-0.07,2026-08-17,5,04-08
btc-updown-5m-1786917900,2026-08-16 22:05:00+00:00,2026-08-16 21:55:33.714000+00:00,566.286,single,False,True,,2026-08-16T22:08:08.954Z,-0.29,,0.29,-0.29,2026-08-17,6,04-08
btc-updown-5m-1786918200,2026-08-16 22:10:00+00:00,2026-08-16 22:00:40.135000+00:00,559.865,single,False,True,,2026-08-16T22:14:28.702Z,-0.29,,0.02,-0.02,2026-08-17,6,04-08
btc-updown-5m-1786918500,2026-08-16 22:15:00+00:00,2026-08-16 22:09:17.502000+00:00,342.498,single,False,True,,2026-08-16T22:19:37.384Z,-0.29,,0.28,-0.28,2026-08-17,6,04-08
btc-updown-5m-1786918800,2026-08-16 22:20:00+00:00,2026-08-16 22:12:03.886000+00:00,476.114,single,True,False,2026-08-16T22:22:52.077Z,,-0.29,0.2,,-0.2,2026-08-17,6,04-08
btc-updown-5m-1786919100,2026-08-16 22:25:00+00:00,2026-08-16 22:20:04.237000+00:00,295.763,single,True,False,2026-08-16T22:25:51.890Z,,-0.29,0.29,,-0.29,2026-08-17,6,04-08
btc-updown-5m-1786919400,2026-08-16 22:30:00+00:00,2026-08-16 22:22:39.069000+00:00,440.931,none,False,False,,,0.0,,,0.0,2026-08-17,6,04-08
btc-updown-5m-1786919700,2026-08-16 22:35:00+00:00,2026-08-16 22:27:48.505000+00:00,431.495,single,True,False,2026-08-16T22:36:08.254Z,,-0.29,0.29,,-0.29,2026-08-17,6,04-08
btc-updown-5m-1786920000,2026-08-16 22:40:00+00:00,2026-08-16 22:35:11.181000+00:00,288.819,single,False,True,,2026-08-16T22:43:11.827Z,-0.29,,0.23,-0.23,2026-08-17,6,04-08
btc-updown-5m-1786920300,2026-08-16 22:45:00+00:00,2026-08-16 22:35:11.251000+00:00,588.749,none,False,False,,,0.0,,,0.0,2026-08-17,6,04-08
btc-updown-5m-1786920600,2026-08-16 22:50:00+00:00,2026-08-16 22:43:03.270000+00:00,416.73,single,False,True,,2026-08-16T22:52:43.993Z,-0.29,,0.13,-0.13,2026-08-17,6,04-08
btc-updown-5m-1786920900,2026-08-16 22:55:00+00:00,2026-08-16 22:49:20.976000+00:00,339.024,none,False,False,,,0.0,,,0.0,2026-08-17,6,04-08
btc-updown-5m-1786921200,2026-08-16 23:00:00+00:00,2026-08-16 22:50:13.862000+00:00,586.138,single,False,True,,2026-08-16T23:00:24.914Z,-0.29,,0.26,-0.26,2026-08-17,6,04-08
btc-updown-5m-1786921500,2026-08-16 23:05:00+00:00,2026-08-16 23:00:01.123000+00:00,298.877,none,False,False,,,0.0,,,0.0,2026-08-17,7,04-08
btc-updown-5m-1786921800,2026-08-16 23:10:00+00:00,2026-08-16 23:00:19.634000+00:00,580.366,single,True,False,2026-08-16T23:13:01.609Z,,-0.29,0.08,,-0.08,2026-08-17,7,04-08
btc-updown-5m-1786922100,2026-08-16 23:15:00+00:00,2026-08-16 23:07:35.627000+00:00,444.373,single,True,False,2026-08-16T23:15:03.638Z,,-0.29,0.27,,-0.27,2026-08-17,7,04-08
btc-updown-5m-1786922400,2026-08-16 23:20:00+00:00,2026-08-16 23:10:12.600000+00:00,587.4,none,False,False,,,0.0,,,0.0,2026-08-17,7,04-08
btc-updown-5m-1786922700,2026-08-16 23:25:00+00:00,2026-08-16 23:17:06.358000+00:00,473.642,single,True,False,2026-08-16T23:27:21.401Z,,-0.29,0.07,,-0.07,2026-08-17,7,04-08
btc-updown-5m-1786923000,2026-08-16 23:30:00+00:00,2026-08-16 23:23:49.655000+00:00,370.345,single,False,True,,2026-08-16T23:33:07.476Z,-0.29,,0.29,-0.29,2026-08-17,7,04-08
btc-updown-5m-1786923300,2026-08-16 23:35:00+00:00,2026-08-16 23:25:09.751000+00:00,590.249,single,False,True,,2026-08-16T23:35:55.533Z,-0.29,,0.13,-0.13,2026-08-17,7,04-08
btc-updown-5m-1786923600,2026-08-16 23:40:00+00:00,2026-08-16 23:34:42.277000+00:00,317.723,single,False,True,,2026-08-16T23:44:55.793Z,-0.29,,0.001,-0.001,2026-08-17,7,04-08
btc-updown-5m-1786923900,2026-08-16 23:45:00+00:00,2026-08-16 23:35:48.849000+00:00,551.151,single,False,True,,2026-08-16T23:48:35.836Z,-0.29,,0.05,-0.05,2026-08-17,7,04-08
btc-updown-5m-1786924200,2026-08-16 23:50:00+00:00,2026-08-16 23:44:54.925000+00:00,305.075,single,True,False,2026-08-16T23:53:45.013Z,,-0.29,0.05,,-0.05,2026-08-17,7,04-08
btc-updown-5m-1786924500,2026-08-16 23:55:00+00:00,2026-08-16 23:46:43.992000+00:00,496.008,single,False,True,,2026-08-16T23:58:37.054Z,-0.29,,0.29,-0.29,2026-08-17,7,04-08
btc-updown-5m-1786924800,2026-08-17 00:00:00+00:00,2026-08-16 23:53:44.838000+00:00,375.162,single,False,True,,2026-08-17T00:01:56.930Z,-0.29,,0.12,-0.12,2026-08-17,7,04-08
btc-updown-5m-1786925100,2026-08-17 00:05:00+00:00,2026-08-17 00:00:24.118000+00:00,275.882,single,True,False,2026-08-17T00:06:52.697Z,,-0.29,0.29,,-0.29,2026-08-17,8,08-12
btc-updown-5m-1786925400,2026-08-17 00:10:00+00:00,2026-08-17 00:00:24.339000+00:00,575.661,paired,True,True,2026-08-17T00:12:19.319Z,2026-08-17T00:14:47.767Z,0.42,0.17,0.28,0.5499999999999999,2026-08-17,8,08-12
btc-updown-5m-1786925700,2026-08-17 00:15:00+00:00,2026-08-17 00:09:21.288000+00:00,338.712,single,False,True,,2026-08-17T00:15:39.520Z,-0.29,,0.29,-0.29,2026-08-17,8,08-12
btc-updown-5m-1786926000,2026-08-17 00:20:00+00:00,2026-08-17 00:12:14.283000+00:00,465.717,single,False,True,,2026-08-17T00:20:50.694Z,-0.29,,0.25,-0.25,2026-08-17,8,08-12
btc-updown-5m-1786926300,2026-08-17 00:25:00+00:00,2026-08-17 00:19:31.876000+00:00,328.124,paired,True,True,2026-08-17T00:29:21.123Z,2026-08-17T00:29:39.493Z,0.42,0.29,0.01,0.7,2026-08-17,8,08-12
btc-updown-5m-1786926600,2026-08-17 00:30:00+00:00,2026-08-17 00:20:12.144000+00:00,587.856,single,True,False,2026-08-17T00:32:13.421Z,,-0.29,0.02,,-0.02,2026-08-17,8,08-12
btc-updown-5m-1786926900,2026-08-17 00:35:00+00:00,2026-08-17 00:26:42.130000+00:00,497.87,none,False,False,,,0.0,,,0.0,2026-08-17,8,08-12
btc-updown-5m-1786927200,2026-08-17 00:40:00+00:00,2026-08-17 00:30:18.386000+00:00,581.614,paired,True,True,2026-08-17T00:41:37.369Z,2026-08-17T00:44:51.849Z,0.42,0.28,0.29,0.43,2026-08-17,8,08-12
btc-updown-5m-1786927500,2026-08-17 00:45:00+00:00,2026-08-17 00:38:41.124000+00:00,378.876,single,True,False,2026-08-17T00:47:52.328Z,,-0.29,0.29,,-0.29,2026-08-17,8,08-12
btc-updown-5m-1786927800,2026-08-17 00:50:00+00:00,2026-08-17 00:40:07.365000+00:00,592.635,single,False,True,,2026-08-17T00:54:26.574Z,-0.29,,0.09,-0.09,2026-08-17,8,08-12
btc-updown-5m-1786928100,2026-08-17 00:55:00+00:00,2026-08-17 00:46:57.498000+00:00,482.502,none,False,False,,,0.0,,,0.0,2026-08-17,8,08-12
btc-updown-5m-1786928400,2026-08-17 01:00:00+00:00,2026-08-17 00:54:16.562000+00:00,343.438,none,False,False,,,0.0,,,0.0,2026-08-17,8,08-12
btc-updown-5m-1786928700,2026-08-17 01:05:00+00:00,2026-08-17 00:58:29.135000+00:00,390.865,single,True,False,2026-08-17T01:06:05.683Z,,-0.29,0.21,,-0.21,2026-08-17,9,08-12
btc-updown-5m-1786929000,2026-08-17 01:10:00+00:00,2026-08-17 01:00:36.781000+00:00,563.219,none,False,False,,,0.0,,,0.0,2026-08-17,9,08-12
btc-updown-5m-1786929300,2026-08-17 01:15:00+00:00,2026-08-17 01:05:23.844000+00:00,576.156,none,False,False,,,0.0,,,0.0,2026-08-17,9,08-12
btc-updown-5m-1786929600,2026-08-17 01:20:00+00:00,2026-08-17 01:14:08.491000+00:00,351.509,single,False,True,,2026-08-17T01:22:21.163Z,-0.29,,0.29,-0.29,2026-08-17,9,08-12
btc-updown-5m-1786929900,2026-08-17 01:25:00+00:00,2026-08-17 01:15:35.434000+00:00,564.566,paired,True,True,2026-08-17T01:28:49.553Z,2026-08-17T01:27:22.379Z,0.42,0.29,0.28,0.42999999999999994,2026-08-17,9,08-12
btc-updown-5m-1786930200,2026-08-17 01:30:00+00:00,2026-08-17 01:20:21.646000+00:00,578.354,single,False,True,,2026-08-17T01:33:13.092Z,-0.29,,0.29,-0.29,2026-08-17,9,08-12
btc-updown-5m-1786930500,2026-08-17 01:35:00+00:00,2026-08-17 01:25:18.742000+00:00,581.258,none,False,False,,,0.0,,,0.0,2026-08-17,9,08-12
btc-updown-5m-1786930800,2026-08-17 01:40:00+00:00,2026-08-17 01:34:41.742000+00:00,318.258,single,False,True,,2026-08-17T01:44:16.002Z,-0.29,,0.16,-0.16,2026-08-17,9,08-12
btc-updown-5m-1786931100,2026-08-17 01:45:00+00:00,2026-08-17 01:35:21.894000+00:00,578.106,single,False,True,,2026-08-17T01:49:33.235Z,-0.29,,0.01,-0.01,2026-08-17,9,08-12
btc-updown-5m-1786931400,2026-08-17 01:50:00+00:00,2026-08-17 01:42:34.336000+00:00,445.664,single,True,False,2026-08-17T01:50:20.806Z,,-0.29,0.24,,-0.24,2026-08-17,9,08-12
btc-updown-5m-1786931700,2026-08-17 01:55:00+00:00,2026-08-17 01:49:12.040000+00:00,347.96,single,True,False,2026-08-17T01:58:17.304Z,,-0.29,0.28,,-0.28,2026-08-17,9,08-12
btc-updown-5m-1786932000,2026-08-17 02:00:00+00:00,2026-08-17 01:50:20.621000+00:00,579.379,single,True,False,2026-08-17T02:04:53.058Z,,-0.29,0.001,,-0.001,2026-08-17,9,08-12
btc-updown-5m-1786932300,2026-08-17 02:05:00+00:00,2026-08-17 01:58:23.813000+00:00,396.187,paired,True,True,2026-08-17T02:07:25.465Z,2026-08-17T02:09:24.251Z,0.42,0.19,0.29,0.52,2026-08-17,10,08-12
btc-updown-5m-1786932600,2026-08-17 02:10:00+00:00,2026-08-17 02:04:52.845000+00:00,307.155,single,False,True,,2026-08-17T02:12:06.504Z,-0.29,,0.12,-0.12,2026-08-17,10,08-12
btc-updown-5m-1786932900,2026-08-17 02:15:00+00:00,2026-08-17 02:07:25.291000+00:00,454.709,single,True,False,2026-08-17T02:18:21.814Z,,-0.29,0.29,,-0.29,2026-08-17,10,08-12
btc-updown-5m-1786933200,2026-08-17 02:20:00+00:00,2026-08-17 02:12:01.850000+00:00,478.15,single,False,True,,2026-08-17T02:23:32.899Z,-0.29,,0.01,-0.01,2026-08-17,10,08-12
btc-updown-5m-1786933500,2026-08-17 02:25:00+00:00,2026-08-17 02:18:03.682000+00:00,416.318,single,False,True,,2026-08-17T02:28:10.242Z,-0.29,,0.01,-0.01,2026-08-17,10,08-12
btc-updown-5m-1786933800,2026-08-17 02:30:00+00:00,2026-08-17 02:23:27.161000+00:00,392.839,single,False,True,,2026-08-17T02:33:36.594Z,-0.29,,0.01,-0.01,2026-08-17,10,08-12
btc-updown-5m-1786934100,2026-08-17 02:35:00+00:00,2026-08-17 02:28:10.049000+00:00,409.951,none,False,False,,,0.0,,,0.0,2026-08-17,10,08-12
btc-updown-5m-1786934400,2026-08-17 02:40:00+00:00,2026-08-17 02:33:32.194000+00:00,387.806,none,False,False,,,0.0,,,0.0,2026-08-17,10,08-12
btc-updown-5m-1786934700,2026-08-17 02:45:00+00:00,2026-08-17 02:37:16.592000+00:00,463.408,none,False,False,,,0.0,,,0.0,2026-08-17,10,08-12
btc-updown-5m-1786935000,2026-08-17 02:50:00+00:00,2026-08-17 02:40:34.581000+00:00,565.419,single,False,True,,2026-08-17T02:51:15.408Z,-0.29,,0.18,-0.18,2026-08-17,10,08-12
btc-updown-5m-1786935300,2026-08-17 02:55:00+00:00,2026-08-17 02:45:39.249000+00:00,560.751,single,True,False,2026-08-17T02:56:47.853Z,,-0.29,0.29,,-0.29,2026-08-17,10,08-12
btc-updown-5m-1786935600,2026-08-17 03:00:00+00:00,2026-08-17 02:50:24.590000+00:00,575.41,paired,True,True,2026-08-17T03:04:55.268Z,2026-08-17T03:03:35.439Z,0.42,0.01,0.29,0.7,2026-08-17,10,08-12
btc-updown-5m-1786935900,2026-08-17 03:05:00+00:00,2026-08-17 02:59:12+00:00,348.0,single,True,False,2026-08-17T03:08:58.569Z,,-0.29,0.24,,-0.24,2026-08-17,11,08-12
btc-updown-5m-1786936200,2026-08-17 03:10:00+00:00,2026-08-17 03:04:50.644000+00:00,309.356,none,False,False,,,0.0,,,0.0,2026-08-17,11,08-12
btc-updown-5m-1786936500,2026-08-17 03:15:00+00:00,2026-08-17 03:06:54.589000+00:00,485.411,single,True,False,2026-08-17T03:18:21.281Z,,-0.29,0.18,,-0.18,2026-08-17,11,08-12
btc-updown-5m-1786936800,2026-08-17 03:20:00+00:00,2026-08-17 03:14:08.854000+00:00,351.146,none,False,False,,,0.0,,,0.0,2026-08-17,11,08-12
btc-updown-5m-1786937100,2026-08-17 03:25:00+00:00,2026-08-17 03:15:19.683000+00:00,580.317,single,True,False,2026-08-17T03:27:42.946Z,,-0.29,0.29,,-0.29,2026-08-17,11,08-12
btc-updown-5m-1786937400,2026-08-17 03:30:00+00:00,2026-08-17 03:25:01.127000+00:00,298.873,none,False,False,,,0.0,,,0.0,2026-08-17,11,08-12
btc-updown-5m-1786937700,2026-08-17 03:35:00+00:00,2026-08-17 03:25:13.290000+00:00,586.71,single,False,True,,2026-08-17T03:37:09.287Z,-0.29,,0.15,-0.15,2026-08-17,11,08-12
btc-updown-5m-1786938000,2026-08-17 03:40:00+00:00,2026-08-17 03:35:08.899000+00:00,291.101,single,True,False,2026-08-17T03:43:01.781Z,,-0.29,0.29,,-0.29,2026-08-17,11,08-12
btc-updown-5m-1786938300,2026-08-17 03:45:00+00:00,2026-08-17 03:35:09.066000+00:00,590.934,single,False,True,,2026-08-17T03:47:55.555Z,-0.29,,0.08,-0.08,2026-08-17,11,08-12
btc-updown-5m-1786938600,2026-08-17 03:50:00+00:00,2026-08-17 03:45:03.379000+00:00,296.621,single,False,True,,2026-08-17T03:52:46.670Z,-0.29,,0.29,-0.29,2026-08-17,11,08-12
btc-updown-5m-1786938900,2026-08-17 03:55:00+00:00,2026-08-17 03:45:18.686000+00:00,581.314,paired,True,True,2026-08-17T03:58:18.442Z,2026-08-17T03:55:41.473Z,0.42,0.29,0.25,0.45999999999999996,2026-08-17,11,08-12
btc-updown-5m-1786939200,2026-08-17 04:00:00+00:00,2026-08-17 03:53:08.560000+00:00,411.44,single,False,True,,2026-08-17T04:02:38.366Z,-0.29,,0.29,-0.29,2026-08-17,11,08-12
btc-updown-5m-1786939500,2026-08-17 04:05:00+00:00,2026-08-17 03:55:36.714000+00:00,563.286,none,False,False,,,0.0,,,0.0,2026-08-17,12,12-16
btc-updown-5m-1786939800,2026-08-17 04:10:00+00:00,2026-08-17 04:04:05.803000+00:00,354.197,single,True,False,2026-08-17T04:13:54.798Z,,-0.29,0.28,,-0.28,2026-08-17,12,12-16
btc-updown-5m-1786940100,2026-08-17 04:15:00+00:00,2026-08-17 04:08:11.715000+00:00,408.285,none,False,False,,,0.0,,,0.0,2026-08-17,12,12-16
btc-updown-5m-1786940400,2026-08-17 04:20:00+00:00,2026-08-17 04:11:28.278000+00:00,511.722,none,False,False,,,0.0,,,0.0,2026-08-17,12,12-16
btc-updown-5m-1786940700,2026-08-17 04:25:00+00:00,2026-08-17 04:19:51.840000+00:00,308.16,single,True,False,2026-08-17T04:29:55.010Z,,-0.29,0.29,,-0.29,2026-08-17,12,12-16
btc-updown-5m-1786941000,2026-08-17 04:30:00+00:00,2026-08-17 04:20:18.682000+00:00,581.318,single,True,False,2026-08-17T04:33:00.425Z,,-0.29,0.07,,-0.07,2026-08-17,12,12-16
btc-updown-5m-1786941300,2026-08-17 04:35:00+00:00,2026-08-17 04:25:10.682000+00:00,589.318,none,False,False,,,0.0,,,0.0,2026-08-17,12,12-16
btc-updown-5m-1786941600,2026-08-17 04:40:00+00:00,2026-08-17 04:30:26.023000+00:00,573.977,paired,True,True,2026-08-17T04:44:52.647Z,2026-08-17T04:41:38.472Z,0.42,0.29,0.28,0.42999999999999994,2026-08-17,12,12-16
btc-updown-5m-1786941900,2026-08-17 04:45:00+00:00,2026-08-17 04:40:06.137000+00:00,293.863,single,False,True,,2026-08-17T04:45:46.440Z,-0.29,,0.29,-0.29,2026-08-17,12,12-16
btc-updown-5m-1786942200,2026-08-17 04:50:00+00:00,2026-08-17 04:41:28.859000+00:00,511.141,none,False,False,,,0.0,,,0.0,2026-08-17,12,12-16
btc-updown-5m-1786942500,2026-08-17 04:55:00+00:00,2026-08-17 04:45:22.142000+00:00,577.858,single,False,True,,2026-08-17T04:55:19.253Z,-0.29,,0.28,-0.28,2026-08-17,12,12-16
btc-updown-5m-1786942800,2026-08-17 05:00:00+00:00,2026-08-17 04:52:45.720000+00:00,434.28,none,False,False,,,0.0,,,0.0,2026-08-17,12,12-16
btc-updown-5m-1786943100,2026-08-17 05:05:00+00:00,2026-08-17 04:55:53.864000+00:00,546.136,single,True,False,2026-08-17T05:05:21.662Z,,-0.29,0.25,,-0.25,2026-08-17,13,12-16
btc-updown-5m-1786943400,2026-08-17 05:10:00+00:00,2026-08-17 05:05:15.734000+00:00,284.266,single,False,True,,2026-08-17T05:11:47.974Z,-0.29,,0.29,-0.29,2026-08-17,13,12-16
btc-updown-5m-1786943700,2026-08-17 05:15:00+00:00,2026-08-17 05:05:16.190000+00:00,583.81,single,False,True,,2026-08-17T05:18:00.698Z,-0.29,,0.12,-0.12,2026-08-17,13,12-16
btc-updown-5m-1786944000,2026-08-17 05:20:00+00:00,2026-08-17 05:12:24.024000+00:00,455.976,none,False,False,,,0.0,,,0.0,2026-08-17,13,12-16
btc-updown-5m-1786944300,2026-08-17 05:25:00+00:00,2026-08-17 05:15:24.962000+00:00,575.038,single,True,False,2026-08-17T05:25:06.265Z,,-0.29,0.28,,-0.28,2026-08-17,13,12-16
btc-updown-5m-1786944600,2026-08-17 05:30:00+00:00,2026-08-17 05:23:17.518000+00:00,402.482,single,False,True,,2026-08-17T05:32:08.568Z,-0.29,,0.29,-0.29,2026-08-17,13,12-16
btc-updown-5m-1786944900,2026-08-17 05:35:00+00:00,2026-08-17 05:26:09.107000+00:00,530.893,single,True,False,2026-08-17T05:35:09.195Z,,-0.29,0.26,,-0.26,2026-08-17,13,12-16
btc-updown-5m-1786945200,2026-08-17 05:40:00+00:00,2026-08-17 05:34:55.949000+00:00,304.051,single,False,True,,2026-08-17T05:43:43.706Z,-0.29,,0.17,-0.17,2026-08-17,13,12-16
btc-updown-5m-1786945500,2026-08-17 05:45:00+00:00,2026-08-17 05:36:22.890000+00:00,517.11,none,False,False,,,0.0,,,0.0,2026-08-17,13,12-16
btc-updown-5m-1786945800,2026-08-17 05:50:00+00:00,2026-08-17 05:43:38.550000+00:00,381.45,single,False,True,,2026-08-17T05:50:12.902Z,-0.29,,0.18,-0.18,2026-08-17,13,12-16
btc-updown-5m-1786946100,2026-08-17 05:55:00+00:00,2026-08-17 05:49:09.953000+00:00,350.047,single,True,False,2026-08-17T05:59:06.843Z,,-0.29,0.03,,-0.03,2026-08-17,13,12-16
btc-updown-5m-1786946400,2026-08-17 06:00:00+00:00,2026-08-17 05:50:12.707000+00:00,587.293,none,False,False,,,0.0,,,0.0,2026-08-17,13,12-16
btc-updown-5m-1786946700,2026-08-17 06:05:00+00:00,2026-08-17 05:58:34.703000+00:00,385.297,single,False,True,,2026-08-17T06:07:40.398Z,-0.29,,0.27,-0.27,2026-08-17,14,12-16
btc-updown-5m-1786947000,2026-08-17 06:10:00+00:00,2026-08-17 06:05:05.703000+00:00,294.297,single,True,False,2026-08-17T06:13:44.756Z,,-0.29,0.23,0.28,0.49,2026-08-17,14,12-16
btc-updown-5m-1786947300,2026-08-17 06:15:00+00:00,2026-08-17 06:05:12.902000+00:00,587.098,single,False,True,,2026-08-17T06:18:35.620Z,-0.29,,0.07,-0.07,2026-08-17,14,12-16
btc-updown-5m-1786947600,2026-08-17 06:20:00+00:00,2026-08-17 06:13:33.230000+00:00,386.77,none,False,False,,,0.0,,,0.0,2026-08-17,14,12-16
btc-updown-5m-1786947900,2026-08-17 06:25:00+00:00,2026-08-17 06:18:29.192000+00:00,390.808,none,False,False,,,0.0,,,0.0,2026-08-17,14,12-16
btc-updown-5m-1786948200,2026-08-17 06:30:00+00:00,2026-08-17 06:24:56.784000+00:00,303.216,single,True,False,2026-08-17T06:33:57.120Z,,-0.29,0.02,,-0.02,2026-08-17,14,12-16
btc-updown-5m-1786948500,2026-08-17 06:35:00+00:00,2026-08-17 06:28:08.897000+00:00,411.103,single,False,True,,2026-08-17T06:37:17.871Z,-0.29,,0.29,-0.29,2026-08-17,14,12-16
btc-updown-5m-1786948800,2026-08-17 06:40:00+00:00,2026-08-17 06:32:13.319000+00:00,466.681,none,False,False,,,0.0,,,0.0,2026-08-17,14,12-16
