round_id,profile_id,entry_at,settled_at,beijing_day,beijing_hour,seconds_to_round_start,pnl,cost,both_fill,single_fill,yes_first_fill_at,no_first_fill_at,both_complete_at,both_complete_seconds_to_start,first_fill_seconds_to_start,yes_fill_quote_age_seconds,no_fill_quote_age_seconds,limit_price,regime,chop_score,center_cross,range_bps,drift_ratio,momentum_ratio,queue_ratio,check_time_gap_seconds
btc-updown-5m-1786852800,btc-5m,2026-08-16 03:55:06.456000+00:00,2026-08-16 04:10:14.195000+00:00,2026-08-16,11,293.5439999103546,-1.15,1.15,False,True,,2026-08-16T04:03:49.919Z,,,-229.919,,0.913,0.29,,,,,,,,
btc-updown-5m-1786852500,btc-5m,2026-08-16 03:50:08.278000+00:00,2026-08-16 04:07:18.325000+00:00,2026-08-16,11,291.72199988365173,2.25,2.75,True,False,2026-08-16T03:55:10.247Z,2026-08-16T03:58:44.626Z,2026-08-16T03:58:44.626Z,-224.626,-10.247,0.189,0.014,0.29,,,,,,,,
btc-updown-15m-1786851900,btc-15m,2026-08-16 03:30:08.352000+00:00,2026-08-16 04:03:28.733000+00:00,2026-08-16,11,891.6480000019073,-1.35,1.35,False,True,,2026-08-16T03:50:25.176Z,,,-325.176,,0.016,0.3,,,,,,,,
btc-updown-5m-1786852200,btc-5m,2026-08-16 03:45:08.736000+00:00,2026-08-16 04:00:44.923000+00:00,2026-08-16,11,291.26399993896484,-1.35,1.35,False,True,,2026-08-16T03:54:06.540Z,,,-246.54,,0.029,0.29,,,,,,,,
btc-updown-5m-1786851900,btc-5m,2026-08-16 03:40:07.850000+00:00,2026-08-16 03:55:08.385000+00:00,2026-08-16,11,292.15000009536743,-1.1,1.1,False,True,,2026-08-16T03:45:12.244Z,,,-12.244,,0.015,0.29,,,,,,,,
btc-updown-15m-1786851000,btc-15m,2026-08-16 03:15:08.489000+00:00,2026-08-16 03:52:08.934000+00:00,2026-08-16,11,891.510999917984,-1.45,1.45,False,True,,2026-08-16T03:38:35.443Z,,,-515.443,,1.217,0.29,,,,,,,,
btc-updown-5m-1786851600,btc-5m,2026-08-16 03:35:03.346000+00:00,2026-08-16 03:48:05.509000+00:00,2026-08-16,11,296.654000043869,-1.35,1.35,False,True,2026-08-16T03:42:30.671Z,,,,-150.671,0.006,,0.29,,,,,,,,
btc-updown-5m-1786851300,btc-5m,2026-08-16 03:30:06.037000+00:00,2026-08-16 03:44:48.369000+00:00,2026-08-16,11,293.9630000591278,-0.8,0.8,False,True,,2026-08-16T03:38:27.832Z,,,-207.832,,1.007,0.29,,,,,,,,
btc-updown-5m-1786851000,btc-5m,2026-08-16 03:25:05.880000+00:00,2026-08-16 03:38:00.906000+00:00,2026-08-16,11,294.1199998855591,2.85,2.15,True,False,2026-08-16T03:31:43.568Z,2026-08-16T03:34:00.690Z,2026-08-16T03:34:00.690Z,-240.69,-103.568,0.013,0.01,0.29,,,,,,,,
btc-updown-15m-1786850100,btc-15m,2026-08-16 03:00:07.810000+00:00,2026-08-16 03:35:10.078000+00:00,2026-08-16,11,892.1900000572205,-1.5,1.5,False,True,2026-08-16T03:17:23.625Z,,,,-143.625,0.013,,0.3,,,,,,,,
btc-updown-5m-1786850700,btc-5m,2026-08-16 03:20:07.642000+00:00,2026-08-16 03:34:43.685000+00:00,2026-08-16,11,292.3580000400543,-1.4,1.4,False,True,,2026-08-16T03:28:45.481Z,,,-225.481,,0.015,0.29,,,,,,,,
btc-updown-5m-1786850400,btc-5m,2026-08-16 03:15:06.359000+00:00,2026-08-16 03:33:48.160000+00:00,2026-08-16,11,293.6410000324249,-1.0,1.0,False,True,2026-08-16T03:22:23.181Z,,,,-143.181,0.003,,0.29,,,,,,,,
btc-updown-5m-1786850100,btc-5m,2026-08-16 03:10:04.071000+00:00,2026-08-16 03:26:01.828000+00:00,2026-08-16,11,295.92899990081787,-1.4,1.4,False,True,2026-08-16T03:16:03.697Z,,,,-63.697,0.042,,0.29,,,,,,,,
btc-updown-5m-1786849800,btc-5m,2026-08-16 03:05:07.453000+00:00,2026-08-16 03:22:51.838000+00:00,2026-08-16,11,292.54699993133545,-1.35,1.35,False,True,2026-08-16T03:11:38.896Z,,,,-98.896,0.028,,0.29,,,,,,,,
btc-updown-15m-1786849200,btc-15m,2026-08-16 02:45:06.837000+00:00,2026-08-16 03:20:17.781000+00:00,2026-08-16,10,893.1630001068115,-1.5,1.5,False,True,2026-08-16T03:11:45.121Z,,,,-705.121,0.003,,0.3,,,,,,,,
btc-updown-5m-1786849500,btc-5m,2026-08-16 03:00:10.058000+00:00,2026-08-16 03:16:41.503000+00:00,2026-08-16,11,289.94199991226196,-1.15,1.15,False,True,,2026-08-16T03:07:02.413Z,,,-122.413,,0.014,0.29,,,,,,,,
btc-updown-5m-1786849200,btc-5m,2026-08-16 02:55:06.436000+00:00,2026-08-16 03:09:02.726000+00:00,2026-08-16,10,293.5639998912811,-0.75,0.75,False,True,2026-08-16T03:01:54.304Z,,,,-114.304,0.004,,0.29,,,,,,,,
btc-updown-15m-1786848300,btc-15m,2026-08-16 02:30:04.165000+00:00,2026-08-16 03:06:40.925000+00:00,2026-08-16,10,895.835000038147,-1.4,1.4,False,True,2026-08-16T02:45:24.135Z,,,,-24.135,0.02,,0.3,,,,,,,,
btc-updown-5m-1786848600,btc-5m,2026-08-16 02:45:08.934000+00:00,2026-08-16 03:04:02.889000+00:00,2026-08-16,10,291.0659999847412,-1.3,1.3,False,True,2026-08-16T02:50:49.483Z,,,,-49.483,0.026,,0.29,,,,,,,,
btc-updown-5m-1786848900,btc-5m,2026-08-16 02:50:07.432000+00:00,2026-08-16 03:04:02.486000+00:00,2026-08-16,10,292.5680000782013,2.15,2.85,True,False,2026-08-16T02:58:25.415Z,2026-08-16T02:55:10.114Z,2026-08-16T02:58:25.415Z,-205.415,-10.114,0.03,0.008,0.29,,,,,,,,
btc-updown-5m-1786848300,btc-5m,2026-08-16 02:40:05.773000+00:00,2026-08-16 02:56:34.222000+00:00,2026-08-16,10,294.22699999809265,-0.85,0.85,False,True,2026-08-16T02:45:17.819Z,,,,-17.819,0.005,,0.29,,,,,,,,
btc-updown-5m-1786848000,btc-5m,2026-08-16 02:35:03.550000+00:00,2026-08-16 02:52:08.579000+00:00,2026-08-16,10,296.4500000476837,-1.35,1.35,False,True,,2026-08-16T02:40:13.325Z,,,-13.325,,0.01,0.29,,,,,,,,
btc-updown-15m-1786847400,btc-15m,2026-08-16 02:15:08.093000+00:00,2026-08-16 02:48:40.838000+00:00,2026-08-16,10,891.9070000648499,-1.45,1.45,False,True,,2026-08-16T02:35:48.036Z,,,-348.036,,0.03,0.3,,,,,,,,
btc-updown-5m-1786847700,btc-5m,2026-08-16 02:30:06.212000+00:00,2026-08-16 02:44:24.527000+00:00,2026-08-16,10,293.7880001068115,2.35,2.65,True,False,2026-08-16T02:36:14.293Z,2026-08-16T02:35:50.311Z,2026-08-16T02:36:14.293Z,-74.293,-50.311,0.02,0.008,0.29,,,,,,,,
btc-updown-5m-1786847400,btc-5m,2026-08-16 02:25:04.959000+00:00,2026-08-16 02:39:23.718000+00:00,2026-08-16,10,295.0409998893738,-1.4,1.4,False,True,,2026-08-16T02:31:05.422Z,,,-65.422,,0.004,0.29,,,,,,,,
btc-updown-15m-1786846500,btc-15m,2026-08-16 02:00:05.272000+00:00,2026-08-16 02:34:24.783000+00:00,2026-08-16,10,894.7279999256134,-1.0,1.0,False,True,,2026-08-16T02:19:48.624Z,,,-288.624,,0.027,0.3,,,,,,,,
btc-updown-5m-1786847100,btc-5m,2026-08-16 02:20:05.481000+00:00,2026-08-16 02:34:12.501000+00:00,2026-08-16,10,294.51900005340576,2.45,2.55,True,False,2026-08-16T02:28:14.418Z,2026-08-16T02:25:56.282Z,2026-08-16T02:28:14.418Z,-194.418,-56.282,1.158,0.007,0.29,,,,,,,,
btc-updown-5m-1786846800,btc-5m,2026-08-16 02:15:10.101000+00:00,2026-08-16 02:30:08.538000+00:00,2026-08-16,10,289.8989999294281,-0.95,0.95,False,True,,2026-08-16T02:20:02.980Z,,,-2.98,,0.835,0.29,,,,,,,,
btc-updown-5m-1786846500,btc-5m,2026-08-16 02:10:03.720000+00:00,2026-08-16 02:25:43.524000+00:00,2026-08-16,10,296.27999997138977,-1.45,1.45,False,True,,2026-08-16T02:15:47.814Z,,,-47.814,,0.008,0.29,,,,,,,,
btc-updown-5m-1786846200,btc-5m,2026-08-16 02:05:06.816000+00:00,2026-08-16 02:21:57.635000+00:00,2026-08-16,10,293.1840000152588,-1.2,1.2,False,True,2026-08-16T02:10:07.521Z,,,,-7.521,0.036,,0.29,,,,,,,,
btc-updown-15m-1786845600,btc-15m,2026-08-16 01:45:03.166000+00:00,2026-08-16 02:18:27.152000+00:00,2026-08-16,9,896.8340001106262,-1.45,1.45,False,True,2026-08-16T02:02:36.277Z,,,,-156.277,0.019,,0.3,,,,,,,,
btc-updown-5m-1786845900,btc-5m,2026-08-16 02:00:07.525000+00:00,2026-08-16 02:16:44.671000+00:00,2026-08-16,10,292.47499990463257,-1.45,1.45,False,True,2026-08-16T02:07:02.830Z,,,,-122.83,0.012,,0.29,,,,,,,,
btc-updown-5m-1786845600,btc-5m,2026-08-16 01:55:05.913000+00:00,2026-08-16 02:11:52.078000+00:00,2026-08-16,9,294.0869998931885,2.3,2.7,True,False,2026-08-16T02:02:42.257Z,2026-08-16T02:01:22.901Z,2026-08-16T02:02:42.257Z,-162.257,-82.901,0.003,0.023,0.29,,,,,,,,
btc-updown-5m-1786845300,btc-5m,2026-08-16 01:50:05.186000+00:00,2026-08-16 02:07:11.700000+00:00,2026-08-16,9,294.8139998912811,3.15,1.85,True,False,2026-08-16T01:57:31.856Z,2026-08-16T01:59:07.078Z,2026-08-16T01:59:07.078Z,-247.078,-151.856,0.019,0.017,0.29,,,,,,,,
btc-updown-15m-1786844700,btc-15m,2026-08-16 01:30:07.341000+00:00,2026-08-16 02:05:54.810000+00:00,2026-08-16,9,892.6589999198914,3.45,1.55,True,False,2026-08-16T01:52:35.962Z,2026-08-16T01:59:12.377Z,2026-08-16T01:59:12.377Z,-852.377,-455.962,0.019,0.004,0.3,,,,,,,,
btc-updown-5m-1786845000,btc-5m,2026-08-16 01:45:05.469000+00:00,2026-08-16 02:01:11.389000+00:00,2026-08-16,9,294.5309998989105,-0.75,0.75,False,True,2026-08-16T01:52:26.396Z,,,,-146.396,0.025,,0.29,,,,,,,,
btc-updown-5m-1786844700,btc-5m,2026-08-16 01:40:08.248000+00:00,2026-08-16 01:58:12.835000+00:00,2026-08-16,9,291.7520000934601,-1.35,1.35,False,True,,2026-08-16T01:45:28.244Z,,,-28.244,,0.007,0.29,,,,,,,,
btc-updown-15m-1786843800,btc-15m,2026-08-16 01:15:08.531000+00:00,2026-08-16 01:49:49.285000+00:00,2026-08-16,9,891.4690001010895,2.25,2.75,True,False,2026-08-16T01:38:51.005Z,2026-08-16T01:34:26.111Z,2026-08-16T01:38:51.005Z,-531.005,-266.111,0.003,0.02,0.3,,,,,,,,
btc-updown-5m-1786844400,btc-5m,2026-08-16 01:35:04.594000+00:00,2026-08-16 01:47:19.647000+00:00,2026-08-16,9,295.4059998989105,2.75,2.25,True,False,2026-08-16T01:40:04.933Z,2026-08-16T01:43:17.819Z,2026-08-16T01:43:17.819Z,-197.819,-4.933,0.743,0.017,0.29,,,,,,,,
btc-updown-5m-1786844100,btc-5m,2026-08-16 01:30:09.250000+00:00,2026-08-16 01:45:31.659000+00:00,2026-08-16,9,290.75,-1.45,1.45,False,True,2026-08-16T01:36:13.516Z,,,,-73.516,0.019,,0.29,,,,,,,,
btc-updown-5m-1786843500,btc-5m,2026-08-16 01:20:04.506000+00:00,2026-08-16 01:37:21.819000+00:00,2026-08-16,9,295.49399995803833,-1.35,1.35,False,True,2026-08-16T01:25:44.985Z,,,,-44.985,0.004,,0.29,,,,,,,,
btc-updown-5m-1786843800,btc-5m,2026-08-16 01:25:06.259000+00:00,2026-08-16 01:37:17.108000+00:00,2026-08-16,9,293.7409999370575,-0.85,0.85,False,True,,2026-08-16T01:31:32.341Z,,,-92.341,,0.023,0.29,,,,,,,,
btc-updown-15m-1786842900,btc-15m,2026-08-16 01:00:07.461000+00:00,2026-08-16 01:36:48.101000+00:00,2026-08-16,9,892.5390000343323,-1.35,1.35,False,True,,2026-08-16T01:21:46.336Z,,,-406.336,,0.016,0.3,,,,,,,,
btc-updown-5m-1786843200,btc-5m,2026-08-16 01:15:10.887000+00:00,2026-08-16 01:32:19.299000+00:00,2026-08-16,9,289.11299991607666,2.7,2.3,True,False,2026-08-16T01:20:16.852Z,2026-08-16T01:22:04.434Z,2026-08-16T01:22:04.434Z,-124.434,-16.852,0.007,0.005,0.29,,,,,,,,
btc-updown-5m-1786842900,btc-5m,2026-08-16 01:10:08.518000+00:00,2026-08-16 01:24:36.704000+00:00,2026-08-16,9,291.48200011253357,3.25,1.75,True,False,2026-08-16T01:16:38.395Z,2026-08-16T01:18:53.617Z,2026-08-16T01:18:53.617Z,-233.617,-98.395,1.147,0.016,0.29,,,,,,,,
btc-updown-5m-1786842600,btc-5m,2026-08-16 01:05:04.966000+00:00,2026-08-16 01:21:08.777000+00:00,2026-08-16,9,295.03399991989136,-1.3,1.3,False,True,2026-08-16T01:10:07.059Z,,,,-7.059,0.68,,0.29,,,,,,,,
btc-updown-15m-1786842000,btc-15m,2026-08-16 00:45:04.544000+00:00,2026-08-16 01:21:06.952000+00:00,2026-08-16,8,895.4560000896454,-1.5,1.5,False,True,2026-08-16T01:00:48.287Z,,,,-48.287,0.009,,0.3,,,,,,,,
btc-updown-5m-1786842300,btc-5m,2026-08-16 01:00:09.438000+00:00,2026-08-16 01:18:18.869000+00:00,2026-08-16,9,290.5620000362396,-0.45,0.45,False,True,2026-08-16T01:09:01.820Z,,,,-241.82,0.015,,0.29,,,,,,,,
btc-updown-5m-1786842000,btc-5m,2026-08-16 00:55:07.637000+00:00,2026-08-16 01:12:49.371000+00:00,2026-08-16,8,292.36299991607666,-1.05,1.05,False,True,2026-08-16T01:00:40.940Z,,,,-40.94,0.013,,0.29,,,,,,,,
btc-updown-5m-1786841700,btc-5m,2026-08-16 00:50:08.276000+00:00,2026-08-16 01:06:49.313000+00:00,2026-08-16,8,291.7239999771118,-1.25,1.25,False,True,,2026-08-16T00:57:14.278Z,,,-134.278,,0.016,0.29,,,,,,,,
btc-updown-15m-1786841100,btc-15m,2026-08-16 00:30:08.290000+00:00,2026-08-16 01:06:32.475000+00:00,2026-08-16,8,891.710000038147,-1.15,1.15,False,True,,2026-08-16T00:46:05.798Z,,,-65.798,,0.012,0.29,,,,,,,,
btc-updown-5m-1786841400,btc-5m,2026-08-16 00:45:06.668000+00:00,2026-08-16 01:01:42.307000+00:00,2026-08-16,8,293.33200001716614,-1.45,1.45,False,True,2026-08-16T00:50:13.640Z,,,,-13.64,1.19,,0.29,,,,,,,,
btc-updown-5m-1786841100,btc-5m,2026-08-16 00:40:04.687000+00:00,2026-08-16 00:56:42.384000+00:00,2026-08-16,8,295.3129999637604,-0.55,0.55,False,True,,2026-08-16T00:46:06.710Z,,,-66.71,,0.013,0.29,,,,,,,,
btc-updown-15m-1786840200,btc-15m,2026-08-16 00:15:06.244000+00:00,2026-08-16 00:50:33.254000+00:00,2026-08-16,8,893.7560000419617,2.45,2.55,True,False,2026-08-16T00:31:33.441Z,2026-08-16T00:42:20.298Z,2026-08-16T00:42:20.298Z,-740.298,-93.441,0.025,0.019,0.3,,,,,,,,
btc-updown-5m-1786840800,btc-5m,2026-08-16 00:35:04.368000+00:00,2026-08-16 00:49:50.341000+00:00,2026-08-16,8,295.6319999694824,-1.3,1.3,False,True,2026-08-16T00:40:08.841Z,,,,-8.841,0.004,,0.29,,,,,,,,
btc-updown-5m-1786840500,btc-5m,2026-08-16 00:30:06.122000+00:00,2026-08-16 00:44:35.886000+00:00,2026-08-16,8,293.87800002098083,-0.45,0.45,False,True,,2026-08-16T00:37:16.674Z,,,-136.674,,0.022,0.29,,,,,,,,
btc-updown-5m-1786840200,btc-5m,2026-08-16 00:25:06.485000+00:00,2026-08-16 00:40:50.885000+00:00,2026-08-16,8,293.5150001049042,-0.95,0.95,False,True,2026-08-16T00:31:29.570Z,,,,-89.57,0.01,,0.29,,,,,,,,
btc-updown-5m-1786839900,btc-5m,2026-08-16 00:20:05.997000+00:00,2026-08-16 00:35:53.315000+00:00,2026-08-16,8,294.00300002098083,-1.25,1.25,False,True,,2026-08-16T00:27:10.529Z,,,-130.529,,0.008,0.29,,,,,,,,
btc-updown-15m-1786839300,btc-15m,2026-08-16 00:00:09.407000+00:00,2026-08-16 00:35:25.823000+00:00,2026-08-16,8,890.5929999351501,2.2,2.8,True,False,2026-08-16T00:29:00.580Z,2026-08-16T00:20:14.276Z,2026-08-16T00:29:00.580Z,-840.58,-314.276,0.026,0.006,0.3,,,,,,,,
btc-updown-5m-1786839600,btc-5m,2026-08-16 00:15:08.545000+00:00,2026-08-16 00:30:52.857000+00:00,2026-08-16,8,291.45499992370605,-1.05,1.05,False,True,2026-08-16T00:24:09.598Z,,,,-249.598,0.023,,0.29,,,,,,,,
btc-updown-5m-1786839300,btc-5m,2026-08-16 00:10:03.766000+00:00,2026-08-16 00:25:52.570000+00:00,2026-08-16,8,296.2339999675751,-1.45,1.45,False,True,2026-08-16T00:17:36.504Z,,,,-156.504,0.011,,0.29,,,,,,,,
btc-updown-15m-1786838400,btc-15m,2026-08-15 23:45:07.728000+00:00,2026-08-16 00:20:51.830000+00:00,2026-08-16,7,892.2720000743866,-1.45,1.45,False,True,2026-08-16T00:01:39.893Z,,,,-99.893,0.009,,0.3,,,,,,,,
btc-updown-5m-1786839000,btc-5m,2026-08-16 00:05:04.217000+00:00,2026-08-16 00:20:43.653000+00:00,2026-08-16,8,295.7829999923706,3.15,1.85,True,False,2026-08-16T00:14:15.031Z,2026-08-16T00:10:32.585Z,2026-08-16T00:14:15.031Z,-255.031,-32.585,0.012,0.012,0.29,,,,,,,,
btc-updown-5m-1786838700,btc-5m,2026-08-16 00:00:06.807000+00:00,2026-08-16 00:16:50.693000+00:00,2026-08-16,8,293.1930000782013,-1.2,1.2,False,True,,2026-08-16T00:08:29.669Z,,,-209.669,,0.008,0.29,,,,,,,,
btc-updown-5m-1786838400,btc-5m,2026-08-15 23:55:04.358000+00:00,2026-08-16 00:09:21.963000+00:00,2026-08-16,7,295.6419999599457,-1.2,1.2,False,True,2026-08-16T00:00:56.913Z,,,,-56.913,0.023,,0.29,,,,,,,,
btc-updown-15m-1786837500,btc-15m,2026-08-15 23:30:09.316000+00:00,2026-08-16 00:06:45.233000+00:00,2026-08-16,7,890.6840000152588,-1.25,1.25,False,True,2026-08-15T23:51:02.232Z,,,,-362.232,0.993,,0.3,,,,,,,,
btc-updown-5m-1786838100,btc-5m,2026-08-15 23:50:05.626000+00:00,2026-08-16 00:06:41.639000+00:00,2026-08-16,7,294.37400007247925,2.35,2.65,True,False,2026-08-15T23:59:06.028Z,2026-08-15T23:59:20.455Z,2026-08-15T23:59:20.455Z,-260.455,-246.028,0.018,0.003,0.29,,,,,,,,
btc-updown-5m-1786837800,btc-5m,2026-08-15 23:45:09.792000+00:00,2026-08-16 00:01:52.502000+00:00,2026-08-16,7,290.2079999446869,-0.6,0.6,False,True,2026-08-15T23:51:01.277Z,,,,-61.277,0.031,,0.29,,,,,,,,
btc-updown-5m-1786837500,btc-5m,2026-08-15 23:40:06.129000+00:00,2026-08-15 23:55:50.162000+00:00,2026-08-16,7,293.8710000514984,2.45,2.55,True,False,2026-08-15T23:47:43.087Z,2026-08-15T23:49:25.899Z,2026-08-15T23:49:25.899Z,-265.899,-163.087,0.018,0.027,0.29,,,,,,,,
btc-updown-15m-1786836600,btc-15m,2026-08-15 23:15:04.266000+00:00,2026-08-15 23:51:45.543000+00:00,2026-08-16,7,895.7339999675751,-1.3,1.3,False,True,2026-08-15T23:35:09.393Z,,,,-309.393,1.279,,0.3,,,,,,,,
btc-updown-5m-1786837200,btc-5m,2026-08-15 23:35:04.161000+00:00,2026-08-15 23:50:49.995000+00:00,2026-08-16,7,295.83899998664856,-1.1,1.1,False,True,,2026-08-15T23:41:52.922Z,,,-112.922,,0.029,0.29,,,,,,,,
btc-updown-5m-1786836900,btc-5m,2026-08-15 23:30:07.109000+00:00,2026-08-15 23:45:47.542000+00:00,2026-08-16,7,292.8910000324249,-1.35,1.35,False,True,2026-08-15T23:35:14.641Z,,,,-14.641,0.007,,0.29,,,,,,,,
btc-updown-5m-1786836600,btc-5m,2026-08-15 23:25:05.737000+00:00,2026-08-15 23:40:32.845000+00:00,2026-08-16,7,294.2630000114441,-1.3,1.3,False,True,2026-08-15T23:32:03.229Z,,,,-123.229,0.007,,0.29,,,,,,,,
btc-updown-5m-1786836300,btc-5m,2026-08-15 23:20:05.944000+00:00,2026-08-15 23:35:43.787000+00:00,2026-08-16,7,294.05599999427795,-1.3,1.3,False,True,2026-08-15T23:25:25.161Z,,,,-25.161,0.026,,0.29,,,,,,,,
btc-updown-15m-1786835700,btc-15m,2026-08-15 23:00:07.729000+00:00,2026-08-15 23:34:41.893000+00:00,2026-08-16,7,892.2709999084473,-1.25,1.25,False,True,2026-08-15T23:23:50.914Z,,,,-530.914,0.004,,0.3,,,,,,,,
btc-updown-5m-1786836000,btc-5m,2026-08-15 23:15:06.628000+00:00,2026-08-15 23:30:11.052000+00:00,2026-08-16,7,293.37199997901917,-0.35,0.35,False,True,2026-08-15T23:23:54.869Z,,,,-234.869,0.019,,0.29,,,,,,,,
btc-updown-5m-1786835700,btc-5m,2026-08-15 23:10:05.932000+00:00,2026-08-15 23:26:12.472000+00:00,2026-08-16,7,294.0680000782013,-1.35,1.35,False,True,2026-08-15T23:17:15.216Z,,,,-135.216,0.015,,0.29,,,,,,,,
btc-updown-5m-1786835400,btc-5m,2026-08-15 23:05:05.481000+00:00,2026-08-15 23:22:17.123000+00:00,2026-08-16,7,294.51900005340576,-0.9,0.9,False,True,2026-08-15T23:11:32.917Z,,,,-92.917,0.022,,0.29,,,,,,,,
btc-updown-15m-1786834800,btc-15m,2026-08-15 22:45:08.163000+00:00,2026-08-15 23:22:01.173000+00:00,2026-08-16,6,891.8369998931885,2.95,2.05,True,False,2026-08-15T23:11:38.494Z,2026-08-15T23:04:47.629Z,2026-08-15T23:11:38.494Z,-698.494,-287.629,0.038,0.003,0.3,,,,,,,,
btc-updown-5m-1786835100,btc-5m,2026-08-15 23:00:10.521000+00:00,2026-08-15 23:16:08.071000+00:00,2026-08-16,7,289.47900009155273,-1.45,1.45,False,True,,2026-08-15T23:05:23.166Z,,,-23.166,,0.018,0.29,,,,,,,,
btc-updown-5m-1786834800,btc-5m,2026-08-15 22:55:04.892000+00:00,2026-08-15 23:11:08.967000+00:00,2026-08-16,6,295.1080000400543,2.65,2.35,True,False,2026-08-15T23:02:23.666Z,2026-08-15T23:03:37.345Z,2026-08-15T23:03:37.345Z,-217.345,-143.666,0.012,0.024,0.29,,,,,,,,
btc-updown-15m-1786833900,btc-15m,2026-08-15 22:30:04.158000+00:00,2026-08-15 23:07:52.722000+00:00,2026-08-16,6,895.8420000076294,2.9,2.1,True,False,2026-08-15T22:51:51.865Z,2026-08-15T22:48:02.547Z,2026-08-15T22:51:51.865Z,-411.865,-182.547,0.013,0.867,0.3,,,,,,,,
btc-updown-5m-1786834500,btc-5m,2026-08-15 22:50:03.845000+00:00,2026-08-15 23:06:42.912000+00:00,2026-08-16,6,296.15499997138977,-1.45,1.45,False,True,2026-08-15T22:57:11.455Z,,,,-131.455,0.056,,0.29,,,,,,,,
btc-updown-5m-1786834200,btc-5m,2026-08-15 22:45:10.736000+00:00,2026-08-15 23:02:12.400000+00:00,2026-08-16,6,289.26399993896484,-0.9,0.9,False,True,2026-08-15T22:50:38.267Z,,,,-38.267,0.009,,0.29,,,,,,,,
btc-updown-5m-1786833900,btc-5m,2026-08-15 22:40:02.922000+00:00,2026-08-15 22:56:24.204000+00:00,2026-08-16,6,297.07800006866455,-0.15,0.15,False,True,,2026-08-15T22:48:01.707Z,,,-181.707,,0.032,0.29,,,,,,,,
btc-updown-5m-1786833600,btc-5m,2026-08-15 22:35:06.646000+00:00,2026-08-15 22:51:35.924000+00:00,2026-08-16,6,293.35400009155273,-1.05,1.05,False,True,,2026-08-15T22:42:14.905Z,,,-134.905,,0.016,0.29,,,,,,,,
btc-updown-15m-1786833000,btc-15m,2026-08-15 22:15:09.347000+00:00,2026-08-15 22:50:56.116000+00:00,2026-08-16,6,890.6530001163483,-1.45,1.45,False,True,,2026-08-15T22:35:14.502Z,,,-314.502,,0.016,0.3,,,,,,,,
btc-updown-5m-1786833300,btc-5m,2026-08-15 22:30:06.500000+00:00,2026-08-15 22:46:38.365000+00:00,2026-08-16,6,293.5,-1.3,1.3,False,True,2026-08-15T22:37:39.565Z,,,,-159.565,0.005,,0.29,,,,,,,,
btc-updown-5m-1786833000,btc-5m,2026-08-15 22:25:04.399000+00:00,2026-08-15 22:41:30.852000+00:00,2026-08-16,6,295.6010000705719,-1.45,1.45,False,True,,2026-08-15T22:30:16.374Z,,,-16.374,,0.015,0.29,,,,,,,,
btc-updown-5m-1786832700,btc-5m,2026-08-15 22:20:06.301000+00:00,2026-08-15 22:36:29.057000+00:00,2026-08-16,6,293.6989998817444,3.05,1.95,True,False,2026-08-15T22:28:30.839Z,2026-08-15T22:29:36.495Z,2026-08-15T22:29:36.495Z,-276.495,-210.839,0.004,0.009,0.29,,,,,,,,
btc-updown-15m-1786832100,btc-15m,2026-08-15 22:00:03.685000+00:00,2026-08-15 22:35:47.862000+00:00,2026-08-16,6,896.3150000572205,-1.5,1.5,False,True,2026-08-15T22:18:03.798Z,,,,-183.798,0.02,,0.3,,,,,,,,
btc-updown-5m-1786832400,btc-5m,2026-08-15 22:15:07.292000+00:00,2026-08-15 22:31:29.780000+00:00,2026-08-16,6,292.7079999446869,-1.35,1.35,False,True,,2026-08-15T22:20:53.197Z,,,-53.197,,0.023,0.29,,,,,,,,
btc-updown-5m-1786832100,btc-5m,2026-08-15 22:10:04.093000+00:00,2026-08-15 22:26:21.946000+00:00,2026-08-16,6,295.90700006484985,-1.25,1.25,False,True,2026-08-15T22:15:19.260Z,,,,-19.26,1.171,,0.29,,,,,,,,
btc-updown-15m-1786831200,btc-15m,2026-08-15 21:45:09.815000+00:00,2026-08-15 22:23:23.673000+00:00,2026-08-16,5,890.1849999427795,2.3,2.7,True,False,2026-08-15T22:11:31.093Z,2026-08-15T22:02:31.873Z,2026-08-15T22:11:31.093Z,-691.093,-151.873,0.019,0.035,0.3,,,,,,,,
btc-updown-5m-1786831800,btc-5m,2026-08-15 22:05:03.980000+00:00,2026-08-15 22:21:08.287000+00:00,2026-08-16,6,296.0199999809265,-1.25,1.25,False,True,2026-08-15T22:11:46.150Z,,,,-106.15,0.025,,0.29,,,,,,,,
btc-updown-5m-1786831500,btc-5m,2026-08-15 22:00:05.806000+00:00,2026-08-15 22:15:40.850000+00:00,2026-08-16,6,294.19400000572205,-1.45,1.45,False,True,2026-08-15T22:08:31.733Z,,,,-211.733,0.011,,0.29,,,,,,,,
btc-updown-5m-1786831200,btc-5m,2026-08-15 21:55:03.295000+00:00,2026-08-15 22:12:28.055000+00:00,2026-08-16,5,296.70499992370605,2.4,2.6,True,False,2026-08-15T22:04:04.456Z,2026-08-15T22:01:20.551Z,2026-08-15T22:04:04.456Z,-244.456,-80.551,0.021,0.023,0.29,,,,,,,,
btc-updown-5m-1786830900,btc-5m,2026-08-15 21:50:05.306000+00:00,2026-08-15 22:06:05.402000+00:00,2026-08-16,5,294.69400000572205,3.5,1.5,True,False,2026-08-15T21:59:16.588Z,2026-08-15T21:56:07.142Z,2026-08-15T21:59:16.588Z,-256.588,-67.142,0.017,0.006,0.29,,,,,,,,
btc-updown-15m-1786830300,btc-15m,2026-08-15 21:30:07.354000+00:00,2026-08-15 22:05:41.779000+00:00,2026-08-16,5,892.6459999084473,2.45,2.55,True,False,2026-08-15T21:52:23.339Z,2026-08-15T21:56:34.928Z,2026-08-15T21:56:34.928Z,-694.928,-443.339,0.013,0.004,0.3,,,,,,,,
btc-updown-5m-1786830600,btc-5m,2026-08-15 21:45:07.729000+00:00,2026-08-15 22:01:04.119000+00:00,2026-08-16,5,292.27099990844727,-1.0,1.0,False,True,2026-08-15T21:52:27.660Z,,,,-147.66,0.019,,0.29,,,,,,,,
btc-updown-5m-1786830300,btc-5m,2026-08-15 21:40:06.379000+00:00,2026-08-15 21:55:50.725000+00:00,2026-08-16,5,293.6210000514984,-1.4,1.4,False,True,2026-08-15T21:45:38.341Z,,,,-38.341,1.253,,0.29,,,,,,,,
btc-updown-15m-1786829400,btc-15m,2026-08-15 21:15:07.232000+00:00,2026-08-15 21:50:30.039000+00:00,2026-08-16,5,892.7679998874664,-1.35,1.35,False,True,,2026-08-15T21:39:20.371Z,,,-560.371,,0.003,0.3,,,,,,,,
btc-updown-5m-1786830000,btc-5m,2026-08-15 21:35:04.968000+00:00,2026-08-15 21:49:20.121000+00:00,2026-08-16,5,295.03200006484985,-0.8,0.8,False,True,,2026-08-15T21:40:28.223Z,,,-28.223,,0.013,0.29,,,,,,,,
btc-updown-5m-1786829700,btc-5m,2026-08-15 21:30:09.835000+00:00,2026-08-15 21:45:31.230000+00:00,2026-08-16,5,290.164999961853,-1.05,1.05,False,True,,2026-08-15T21:38:09.698Z,,,-189.698,,0.011,0.29,,,,,,,,
btc-updown-5m-1786829400,btc-5m,2026-08-15 21:25:06.322000+00:00,2026-08-15 21:39:16.111000+00:00,2026-08-16,5,293.6779999732971,-1.35,1.35,False,True,2026-08-15T21:30:20.386Z,,,,-20.386,0.006,,0.29,,,,,,,,
btc-updown-5m-1786829100,btc-5m,2026-08-15 21:20:05.269000+00:00,2026-08-15 21:35:57.662000+00:00,2026-08-16,5,294.73099994659424,-1.4,1.4,False,True,,2026-08-15T21:25:15.368Z,,,-15.368,,0.004,0.29,,,,,,,,
btc-updown-15m-1786828500,btc-15m,2026-08-15 21:00:04.179000+00:00,2026-08-15 21:35:29.070000+00:00,2026-08-16,5,895.8210000991821,-1.4,1.4,False,True,,2026-08-15T21:22:19.180Z,,,-439.18,,0.019,0.3,,,,,,,,
btc-updown-5m-1786828800,btc-5m,2026-08-15 21:15:09.313000+00:00,2026-08-15 21:30:45.422000+00:00,2026-08-16,5,290.6870000362396,-0.3,0.3,False,True,,2026-08-15T21:22:25.181Z,,,-145.181,,0.006,0.29,,,,,,,,
btc-updown-5m-1786828500,btc-5m,2026-08-15 21:10:08.021000+00:00,2026-08-15 21:25:42.462000+00:00,2026-08-16,5,291.97900009155273,-1.15,1.15,False,True,,2026-08-15T21:18:50.002Z,,,-230.002,,0.012,0.29,,,,,,,,
btc-updown-15m-1786827600,btc-15m,2026-08-15 20:45:09.906000+00:00,2026-08-15 21:22:28.632000+00:00,2026-08-16,4,890.0940001010895,2.15,2.85,True,False,2026-08-15T21:06:55.324Z,2026-08-15T21:13:17.435Z,2026-08-15T21:13:17.435Z,-797.435,-415.324,0.031,0.033,0.3,,,,,,,,
btc-updown-5m-1786828200,btc-5m,2026-08-15 21:05:06.587000+00:00,2026-08-15 21:20:42.922000+00:00,2026-08-16,5,293.4130001068115,-1.35,1.35,False,True,,2026-08-15T21:13:09.106Z,,,-189.106,,0.017,0.29,,,,,,,,
btc-updown-5m-1786827900,btc-5m,2026-08-15 21:00:07.309000+00:00,2026-08-15 21:13:29.616000+00:00,2026-08-16,5,292.6909999847412,-1.4,1.4,False,True,2026-08-15T21:07:54.946Z,,,,-174.946,0.004,,0.29,,,,,,,,
btc-updown-5m-1786827600,btc-5m,2026-08-15 20:55:05.520000+00:00,2026-08-15 21:10:33.101000+00:00,2026-08-16,4,294.4800000190735,-1.45,1.45,False,True,2026-08-15T21:00:40.197Z,,,,-40.197,0.005,,0.29,,,,,,,,
btc-updown-15m-1786826700,btc-15m,2026-08-15 20:30:06.074000+00:00,2026-08-15 21:06:53.351000+00:00,2026-08-16,4,893.9260001182556,-1.45,1.45,False,True,,2026-08-15T20:46:16.065Z,,,-76.065,,0.003,0.3,,,,,,,,
btc-updown-5m-1786827300,btc-5m,2026-08-15 20:50:06.190000+00:00,2026-08-15 21:05:12.263000+00:00,2026-08-16,4,293.80999994277954,-1.1,1.1,False,True,,2026-08-15T20:57:20.177Z,,,-140.177,,0.007,0.29,,,,,,,,
btc-updown-5m-1786827000,btc-5m,2026-08-15 20:45:07.860000+00:00,2026-08-15 21:00:09.390000+00:00,2026-08-16,4,292.1400001049042,-1.4,1.4,False,True,,2026-08-15T20:50:20.597Z,,,-20.597,,0.015,0.29,,,,,,,,
btc-updown-5m-1786826700,btc-5m,2026-08-15 20:40:05.956000+00:00,2026-08-15 20:55:11.089000+00:00,2026-08-16,4,294.0439999103546,-1.4,1.4,False,True,,2026-08-15T20:45:28.352Z,,,-28.352,,0.006,0.29,,,,,,,,
btc-updown-15m-1786825800,btc-15m,2026-08-15 20:15:06.636000+00:00,2026-08-15 20:49:23.788000+00:00,2026-08-16,4,893.364000082016,2.85,2.15,True,False,2026-08-15T20:42:10.363Z,2026-08-15T20:43:52.236Z,2026-08-15T20:43:52.236Z,-832.236,-730.363,0.009,0.034,0.3,,,,,,,,
btc-updown-5m-1786826400,btc-5m,2026-08-15 20:35:07.305000+00:00,2026-08-15 20:48:24.532000+00:00,2026-08-16,4,292.6949999332428,-1.35,1.35,False,True,,2026-08-15T20:43:15.132Z,,,-195.132,,0.016,0.29,,,,,,,,
btc-updown-5m-1786826100,btc-5m,2026-08-15 20:30:03.887000+00:00,2026-08-15 20:43:50.239000+00:00,2026-08-16,4,296.11299991607666,-1.25,1.25,False,True,,2026-08-15T20:38:10.491Z,,,-190.491,,0.012,0.29,,,,,,,,
btc-updown-5m-1786825800,btc-5m,2026-08-15 20:25:04.560000+00:00,2026-08-15 20:39:55.647000+00:00,2026-08-16,4,295.44000005722046,-1.2,1.2,False,True,2026-08-15T20:33:30.737Z,,,,-210.737,0.012,,0.29,,,,,,,,
btc-updown-5m-1786825500,btc-5m,2026-08-15 20:20:05.737000+00:00,2026-08-15 20:34:55.697000+00:00,2026-08-16,4,294.2630000114441,2.8,2.2,True,False,2026-08-15T20:28:03.329Z,2026-08-15T20:28:41.192Z,2026-08-15T20:28:41.192Z,-221.192,-183.329,0.003,0.004,0.29,,,,,,,,
btc-updown-15m-1786824900,btc-15m,2026-08-15 20:00:06.536000+00:00,2026-08-15 20:34:23.248000+00:00,2026-08-16,4,893.4639999866486,-1.45,1.45,False,True,2026-08-15T20:23:03.472Z,,,,-483.472,1.077,,0.3,,,,,,,,
btc-updown-5m-1786825200,btc-5m,2026-08-15 20:15:08.889000+00:00,2026-08-15 20:31:09.622000+00:00,2026-08-16,4,291.11100006103516,-1.3,1.3,False,True,2026-08-15T20:23:02.412Z,,,,-182.412,0.038,,0.29,,,,,,,,
btc-updown-5m-1786824900,btc-5m,2026-08-15 20:10:05.654000+00:00,2026-08-15 20:25:49.097000+00:00,2026-08-16,4,294.345999956131,-1.15,1.15,False,True,2026-08-15T20:15:57.619Z,,,,-57.619,0.009,,0.29,,,,,,,,
btc-updown-5m-1786824600,btc-5m,2026-08-15 20:05:05.053000+00:00,2026-08-15 20:20:16.021000+00:00,2026-08-16,4,294.9470000267029,-1.4,1.4,False,True,2026-08-15T20:10:11.561Z,,,,-11.561,0.02,,0.29,,,,,,,,
btc-updown-15m-1786824000,btc-15m,2026-08-15 19:45:04.496000+00:00,2026-08-15 20:18:45.578000+00:00,2026-08-16,3,895.5039999485016,-1.5,1.5,False,True,2026-08-15T20:01:11.156Z,,,,-71.156,0.037,,0.3,,,,,,,,
btc-updown-5m-1786824300,btc-5m,2026-08-15 20:00:09.212000+00:00,2026-08-15 20:17:34.387000+00:00,2026-08-16,4,290.7880001068115,-1.35,1.35,False,True,2026-08-15T20:05:08.873Z,,,,-8.873,0.006,,0.29,,,,,,,,
btc-updown-5m-1786824000,btc-5m,2026-08-15 19:55:04.678000+00:00,2026-08-15 20:12:51.175000+00:00,2026-08-16,3,295.3220000267029,-0.9,0.9,False,True,2026-08-15T20:01:15.663Z,,,,-75.663,0.007,,0.29,,,,,,,,
btc-updown-5m-1786823700,btc-5m,2026-08-15 19:50:06.594000+00:00,2026-08-15 20:05:15.904000+00:00,2026-08-16,3,293.4059998989105,-1.45,1.45,False,True,,2026-08-15T19:56:05.385Z,,,-65.385,,0.01,0.29,,,,,,,,
btc-updown-15m-1786823100,btc-15m,2026-08-15 19:30:05.158000+00:00,2026-08-15 20:04:07.715000+00:00,2026-08-16,3,894.8420000076294,-1.45,1.45,False,True,,2026-08-15T19:49:25.994Z,,,-265.994,,0.016,0.3,,,,,,,,
btc-updown-5m-1786823400,btc-5m,2026-08-15 19:45:06.642000+00:00,2026-08-15 20:00:11.254000+00:00,2026-08-16,3,293.3580000400543,-1.35,1.35,False,True,,2026-08-15T19:53:16.424Z,,,-196.424,,1.067,0.29,,,,,,,,
btc-updown-5m-1786823100,btc-5m,2026-08-15 19:40:06.923000+00:00,2026-08-15 19:57:48.622000+00:00,2026-08-16,3,293.0769999027252,-1.45,1.45,False,True,,2026-08-15T19:46:52.681Z,,,-112.681,,1.236,0.29,,,,,,,,
btc-updown-15m-1786822200,btc-15m,2026-08-15 19:15:04.716000+00:00,2026-08-15 19:52:08.447000+00:00,2026-08-16,3,895.2839999198914,-1.4,1.4,False,True,,2026-08-15T19:36:52.987Z,,,-412.987,,0.03,0.3,,,,,,,,
btc-updown-5m-1786822800,btc-5m,2026-08-15 19:35:06.425000+00:00,2026-08-15 19:50:08.178000+00:00,2026-08-16,3,293.5750000476837,-1.35,1.35,False,True,2026-08-15T19:41:30.346Z,,,,-90.346,0.029,,0.29,,,,,,,,
btc-updown-5m-1786822500,btc-5m,2026-08-15 19:30:07.385000+00:00,2026-08-15 19:44:36.228000+00:00,2026-08-16,3,292.61500000953674,-1.25,1.25,False,True,,2026-08-15T19:36:55.532Z,,,-115.532,,0.013,0.29,,,,,,,,
btc-updown-5m-1786822200,btc-5m,2026-08-15 19:25:04.730000+00:00,2026-08-15 19:39:03.756000+00:00,2026-08-16,3,295.2699999809265,-1.05,1.05,False,True,2026-08-15T19:31:53.994Z,,,,-113.994,0.012,,0.29,,,,,,,,
btc-updown-5m-1786821900,btc-5m,2026-08-15 19:20:06.126000+00:00,2026-08-15 19:37:32.346000+00:00,2026-08-16,3,293.87400007247925,2.75,2.25,True,False,2026-08-15T19:26:50.393Z,2026-08-15T19:25:56.426Z,2026-08-15T19:26:50.393Z,-110.393,-56.426,0.004,0.006,0.29,,,,,,,,
btc-updown-15m-1786821300,btc-15m,2026-08-15 19:00:07.332000+00:00,2026-08-15 19:36:00.711000+00:00,2026-08-16,3,892.6679999828339,-1.05,1.05,False,True,,2026-08-15T19:18:10.113Z,,,-190.113,,0.003,0.3,,,,,,,,
btc-updown-5m-1786821600,btc-5m,2026-08-15 19:15:06.469000+00:00,2026-08-15 19:32:24.690000+00:00,2026-08-16,3,293.5309998989105,-1.4,1.4,False,True,,2026-08-15T19:22:18.002Z,,,-138.002,,0.022,0.29,,,,,,,,
btc-updown-5m-1786821300,btc-5m,2026-08-15 19:10:06.089000+00:00,2026-08-15 19:24:21.083000+00:00,2026-08-16,3,293.91100001335144,-1.25,1.25,False,True,,2026-08-15T19:13:57.570Z,,,62.43,,0.012,0.29,,,,,,,,
btc-updown-15m-1786820400,btc-15m,2026-08-15 18:45:07.514000+00:00,2026-08-15 19:21:56.188000+00:00,2026-08-16,2,892.4860000610352,-1.4,1.4,False,True,,2026-08-15T19:04:21.208Z,,,-261.208,,0.015,0.3,,,,,,,,
btc-updown-5m-1786821000,btc-5m,2026-08-15 19:05:05.729000+00:00,2026-08-15 19:19:22.967000+00:00,2026-08-16,3,294.27099990844727,-1.45,1.45,False,True,,2026-08-15T19:11:49.531Z,,,-109.531,,0.008,0.29,,,,,,,,
btc-updown-5m-1786820700,btc-5m,2026-08-15 19:00:09.619000+00:00,2026-08-15 19:13:34.610000+00:00,2026-08-16,3,290.38100004196167,-1.35,1.35,False,True,,2026-08-15T19:06:31.005Z,,,-91.005,,0.014,0.29,,,,,,,,
btc-updown-5m-1786820400,btc-5m,2026-08-15 18:55:04.866000+00:00,2026-08-15 19:09:09.598000+00:00,2026-08-16,2,295.1340000629425,-1.2,1.2,False,True,,2026-08-15T19:01:30.272Z,,,-90.272,,0.016,0.29,,,,,,,,
btc-updown-15m-1786819500,btc-15m,2026-08-15 18:30:06.402000+00:00,2026-08-15 19:06:24.873000+00:00,2026-08-16,2,893.5980000495911,-1.25,1.25,False,True,,2026-08-15T18:54:36.545Z,,,-576.545,,0.028,0.3,,,,,,,,
btc-updown-5m-1786820100,btc-5m,2026-08-15 18:50:06.583000+00:00,2026-08-15 19:04:07.047000+00:00,2026-08-16,2,293.4170000553131,-1.45,1.45,False,True,,2026-08-15T18:56:46.116Z,,,-106.116,,0.009,0.29,,,,,,,,
btc-updown-5m-1786819800,btc-5m,2026-08-15 18:45:09.676000+00:00,2026-08-15 18:59:03.184000+00:00,2026-08-16,2,290.3239998817444,-1.4,1.4,False,True,,2026-08-15T18:46:53.150Z,,,186.85,,0.023,0.29,,,,,,,,
btc-updown-5m-1786819500,btc-5m,2026-08-15 18:40:04.136000+00:00,2026-08-15 18:58:26.466000+00:00,2026-08-16,2,295.864000082016,2.6,2.4,True,False,2026-08-15T18:49:35.191Z,2026-08-15T18:44:03.617Z,2026-08-15T18:49:35.191Z,-275.191,56.383,0.017,0.005,0.29,,,,,,,,
btc-updown-5m-1786819200,btc-5m,2026-08-15 18:35:04.179000+00:00,2026-08-15 18:53:48.544000+00:00,2026-08-16,2,295.82100009918213,2.15,2.85,True,False,2026-08-15T18:44:03.617Z,2026-08-15T18:42:16.283Z,2026-08-15T18:44:03.617Z,-243.617,-136.283,0.003,0.019,0.29,,,,,,,,
btc-updown-15m-1786818600,btc-15m,2026-08-15 18:15:06.575000+00:00,2026-08-15 18:52:54.289000+00:00,2026-08-16,2,893.4249999523163,-1.45,1.45,False,True,,2026-08-15T18:40:57.679Z,,,-657.679,,0.018,0.3,,,,,,,,
btc-updown-5m-1786818900,btc-5m,2026-08-15 18:30:08.163000+00:00,2026-08-15 18:48:24.245000+00:00,2026-08-16,2,291.8369998931885,-0.9,0.9,False,True,2026-08-15T18:37:35.371Z,,,,-155.371,0.009,,0.29,,,,,,,,
btc-updown-5m-1786818600,btc-5m,2026-08-15 18:25:06.898000+00:00,2026-08-15 18:40:47.643000+00:00,2026-08-16,2,293.10199999809265,-1.05,1.05,False,True,,2026-08-15T18:33:58.396Z,,,-238.396,,0.008,0.29,,,,,,,,
btc-updown-15m-1786817700,btc-15m,2026-08-15 18:00:06.814000+00:00,2026-08-15 18:34:44.812000+00:00,2026-08-16,2,893.1860001087189,-1.4,1.4,False,True,2026-08-15T18:15:43.197Z,,,,-43.197,0.029,,0.3,,,,,,,,
btc-updown-5m-1786818300,btc-5m,2026-08-15 18:20:06.194000+00:00,2026-08-15 18:33:35.413000+00:00,2026-08-16,2,293.80599999427795,-1.45,1.45,False,True,2026-08-15T18:27:09.144Z,,,,-129.144,0.021,,0.29,,,,,,,,
btc-updown-5m-1786818000,btc-5m,2026-08-15 18:15:04.431000+00:00,2026-08-15 18:29:57.879000+00:00,2026-08-16,2,295.56900000572205,-1.45,1.45,False,True,,2026-08-15T18:23:19.607Z,,,-199.607,,0.019,0.29,,,,,,,,
btc-updown-5m-1786817700,btc-5m,2026-08-15 18:10:06.741000+00:00,2026-08-15 18:24:52.580000+00:00,2026-08-16,2,293.2590000629425,-1.35,1.35,False,True,2026-08-15T18:12:22.608Z,,,,157.392,0.02,,0.29,,,,,,,,
btc-updown-15m-1786816800,btc-15m,2026-08-15 17:45:06.512000+00:00,2026-08-15 18:20:12.587000+00:00,2026-08-16,1,893.4879999160767,2.45,2.55,True,False,2026-08-15T18:04:38.767Z,2026-08-15T18:07:49.103Z,2026-08-15T18:07:49.103Z,-469.103,-278.767,0.01,0.039,0.3,,,,,,,,
btc-updown-5m-1786817400,btc-5m,2026-08-15 18:05:07.262000+00:00,2026-08-15 18:18:13.033000+00:00,2026-08-16,2,292.73799991607666,-1.45,1.45,False,True,,2026-08-15T18:07:37.939Z,,,142.061,,0.018,0.29,,,,,,,,
btc-updown-5m-1786817100,btc-5m,2026-08-15 18:00:03.956000+00:00,2026-08-15 18:14:28.636000+00:00,2026-08-16,2,296.0439999103546,-1.45,1.45,False,True,,2026-08-15T18:03:47.371Z,,,72.629,,0.029,0.29,,,,,,,,
btc-updown-5m-1786816800,btc-5m,2026-08-15 17:55:07.461000+00:00,2026-08-15 18:13:18.272000+00:00,2026-08-16,1,292.5390000343323,-1.25,1.25,False,True,2026-08-15T18:03:33.977Z,,,,-213.977,0.005,,0.29,,,,,,,,
btc-updown-5m-1786816500,btc-5m,2026-08-15 17:50:03.493000+00:00,2026-08-15 18:07:47.068000+00:00,2026-08-16,1,296.5069999694824,-1.35,1.35,False,True,,2026-08-15T17:55:20.935Z,,,-20.935,,0.005,0.29,,,,,,,,
btc-updown-15m-1786815900,btc-15m,2026-08-15 17:30:10.661000+00:00,2026-08-15 18:05:38.863000+00:00,2026-08-16,1,889.3389999866486,2.75,2.25,True,False,2026-08-15T17:54:12.385Z,2026-08-15T17:58:28.919Z,2026-08-15T17:58:28.919Z,-808.919,-552.385,0.019,0.011,0.3,,,,,,,,
btc-updown-5m-1786816200,btc-5m,2026-08-15 17:45:04.300000+00:00,2026-08-15 18:02:40.226000+00:00,2026-08-16,1,295.7000000476837,-1.35,1.35,False,True,2026-08-15T17:54:04.789Z,,,,-244.789,0.009,,0.29,,,,,,,,
btc-updown-5m-1786815900,btc-5m,2026-08-15 17:40:05.767000+00:00,2026-08-15 17:55:08.640000+00:00,2026-08-16,1,294.2330000400543,-0.85,0.85,False,True,2026-08-15T17:49:07.054Z,,,,-247.054,0.02,,0.29,,,,,,,,
btc-updown-5m-1786815600,btc-5m,2026-08-15 17:35:02.880000+00:00,2026-08-15 17:52:36.151000+00:00,2026-08-16,1,297.1199998855591,3.1,1.9,True,False,2026-08-15T17:44:01.323Z,2026-08-15T17:44:10.441Z,2026-08-15T17:44:10.441Z,-250.441,-241.323,0.01,0.003,0.29,,,,,,,,
btc-updown-15m-1786815000,btc-15m,2026-08-15 17:15:10.176000+00:00,2026-08-15 17:49:33.751000+00:00,2026-08-16,1,889.8239998817444,-1.45,1.45,False,True,,2026-08-15T17:43:05.966Z,,,-785.966,,0.015,0.3,,,,,,,,
btc-updown-5m-1786815300,btc-5m,2026-08-15 17:30:08.340000+00:00,2026-08-15 17:47:24.754000+00:00,2026-08-16,1,291.6600000858307,2.2,2.8,True,False,2026-08-15T17:39:23.702Z,2026-08-15T17:36:08.686Z,2026-08-15T17:39:23.702Z,-263.702,-68.686,0.013,0.012,0.29,,,,,,,,
btc-updown-5m-1786815000,btc-5m,2026-08-15 17:25:06.858000+00:00,2026-08-15 17:38:59.743000+00:00,2026-08-16,1,293.1419999599457,-1.45,1.45,False,True,,2026-08-15T17:34:00.569Z,,,-240.569,,0.015,0.29,,,,,,,,
btc-updown-5m-1786814700,btc-5m,2026-08-15 17:20:03.701000+00:00,2026-08-15 17:37:38.851000+00:00,2026-08-16,1,296.29900002479553,-1.2,1.2,False,True,,2026-08-15T17:25:19.018Z,,,-19.018,,0.012,0.29,,,,,,,,
btc-updown-15m-1786814100,btc-15m,2026-08-15 17:00:09.904000+00:00,2026-08-15 17:37:00.957000+00:00,2026-08-16,1,890.095999956131,2.8,2.2,True,False,2026-08-15T17:21:26.232Z,2026-08-15T17:19:23.256Z,2026-08-15T17:21:26.232Z,-386.232,-263.256,0.022,0.053,0.3,,,,,,,,
btc-updown-5m-1786814400,btc-5m,2026-08-15 17:15:06.050000+00:00,2026-08-15 17:32:17.086000+00:00,2026-08-16,1,293.9500000476837,-1.3,1.3,False,True,2026-08-15T17:20:54.709Z,,,,-54.709,0.004,,0.29,,,,,,,,
btc-updown-5m-1786814100,btc-5m,2026-08-15 17:10:03.146000+00:00,2026-08-15 17:23:42.312000+00:00,2026-08-16,1,296.85400009155273,-1.0,1.0,False,True,,2026-08-15T17:16:55.299Z,,,-115.299,,0.008,0.29,,,,,,,,
btc-updown-5m-1786813800,btc-5m,2026-08-15 17:05:02.937000+00:00,2026-08-15 17:21:30.170000+00:00,2026-08-16,1,297.0629999637604,4.15,0.85,False,True,,2026-08-15T17:13:29.831Z,,,-209.831,,0.015,0.29,,,,,,,,
btc-updown-15m-1786813200,btc-15m,2026-08-15 16:45:06.421000+00:00,2026-08-15 17:19:57.524000+00:00,2026-08-16,0,893.5789999961853,-1.45,1.45,False,True,,2026-08-15T17:13:06.536Z,,,-786.536,,0.016,0.3,,,,,,,,
btc-updown-5m-1786813500,btc-5m,2026-08-15 17:00:07.522000+00:00,2026-08-15 17:15:54.970000+00:00,2026-08-16,1,292.4779999256134,-1.45,1.45,False,True,,2026-08-15T17:09:04.855Z,,,-244.855,,0.005,0.29,,,,,,,,
btc-updown-5m-1786813200,btc-5m,2026-08-15 16:55:04.355000+00:00,2026-08-15 17:12:24.429000+00:00,2026-08-16,0,295.6449999809265,-1.45,1.45,False,True,,2026-08-15T17:03:07.459Z,,,-187.459,,0.025,0.29,,,,,,,,
btc-updown-5m-1786812900,btc-5m,2026-08-15 16:50:08.573000+00:00,2026-08-15 17:08:49.507000+00:00,2026-08-16,0,291.42700004577637,-1.2,1.2,False,True,2026-08-15T16:59:21.322Z,,,,-261.322,0.018,,0.29,,,,,,,,
btc-updown-15m-1786812300,btc-15m,2026-08-15 16:30:07.134000+00:00,2026-08-15 17:06:47.106000+00:00,2026-08-16,0,892.8659999370575,-0.85,0.85,False,True,2026-08-15T16:59:16.683Z,,,,-856.683,0.029,,0.3,,,,,,,,
btc-updown-5m-1786812600,btc-5m,2026-08-15 16:45:08.825000+00:00,2026-08-15 16:59:28.247000+00:00,2026-08-16,0,291.1749999523163,-1.25,1.25,False,True,2026-08-15T16:51:41.356Z,,,,-101.356,0.006,,0.29,,,,,,,,
btc-updown-5m-1786812300,btc-5m,2026-08-15 16:40:06.780000+00:00,2026-08-15 16:56:30.375000+00:00,2026-08-16,0,293.22000002861023,-1.3,1.3,False,True,,2026-08-15T16:47:02.648Z,,,-122.648,,0.013,0.29,,,,,,,,
btc-updown-15m-1786811400,btc-15m,2026-08-15 16:15:08.165000+00:00,2026-08-15 16:50:46.664000+00:00,2026-08-16,0,891.835000038147,-1.45,1.45,False,True,2026-08-15T16:33:09.219Z,,,,-189.219,0.025,,0.3,,,,,,,,
btc-updown-5m-1786812000,btc-5m,2026-08-15 16:35:06.204000+00:00,2026-08-15 16:49:00.123000+00:00,2026-08-16,0,293.7960000038147,2.25,2.75,True,False,2026-08-15T16:40:15.721Z,2026-08-15T16:43:16.993Z,2026-08-15T16:43:16.993Z,-196.993,-15.721,0.568,0.022,0.29,,,,,,,,
btc-updown-5m-1786811700,btc-5m,2026-08-15 16:30:04.908000+00:00,2026-08-15 16:46:56.148000+00:00,2026-08-16,0,295.0920000076294,-1.45,1.45,False,True,,2026-08-15T16:35:47.176Z,,,-47.176,,0.008,0.29,,,,,,,,
btc-updown-5m-1786811400,btc-5m,2026-08-15 16:25:05.079000+00:00,2026-08-15 16:43:24.451000+00:00,2026-08-16,0,294.9210000038147,-1.4,1.4,False,True,2026-08-15T16:32:04.244Z,,,,-124.244,0.02,,0.29,,,,,,,,
btc-updown-5m-1786811100,btc-5m,2026-08-15 16:20:03.392000+00:00,2026-08-15 16:35:33.618000+00:00,2026-08-16,0,296.6080000400543,-1.4,1.4,False,True,,2026-08-15T16:25:37.001Z,,,-37.001,,0.019,0.29,,,,,,,,
btc-updown-15m-1786810500,btc-15m,2026-08-15 16:00:04.675000+00:00,2026-08-15 16:34:13.995000+00:00,2026-08-16,0,895.3250000476837,2.2,2.8,True,False,2026-08-15T16:16:02.497Z,2026-08-15T16:23:14.239Z,2026-08-15T16:23:14.239Z,-494.239,-62.497,1.228,0.003,0.3,,,,,,,,
btc-updown-5m-1786810800,btc-5m,2026-08-15 16:15:06.637000+00:00,2026-08-15 16:29:00.070000+00:00,2026-08-16,0,293.36299991607666,-1.4,1.4,False,True,,2026-08-15T16:22:08.250Z,,,-128.25,,1.066,0.29,,,,,,,,
btc-updown-5m-1786810500,btc-5m,2026-08-15 16:10:06.574000+00:00,2026-08-15 16:27:22.582000+00:00,2026-08-16,0,293.4260001182556,-0.9,0.9,False,True,2026-08-15T16:15:32.885Z,,,,-32.885,0.005,,0.29,,,,,,,,
btc-updown-5m-1786810200,btc-5m,2026-08-15 16:05:06.928000+00:00,2026-08-15 16:22:11.592000+00:00,2026-08-16,0,293.0720000267029,-0.85,0.85,False,True,,2026-08-15T16:10:11.297Z,,,-11.297,,0.01,0.29,,,,,,,,
btc-updown-15m-1786809600,btc-15m,2026-08-15 15:45:10.611000+00:00,2026-08-15 16:20:32.617000+00:00,2026-08-15,23,889.3889999389648,-1.45,1.45,False,True,2026-08-15T16:04:03.733Z,,,,-243.733,0.01,,0.3,,,,,,,,
btc-updown-5m-1786809900,btc-5m,2026-08-15 16:00:07.054000+00:00,2026-08-15 16:16:04.103000+00:00,2026-08-16,0,292.94600009918213,-1.05,1.05,False,True,2026-08-15T16:05:50.467Z,,,,-50.467,0.009,,0.29,,,,,,,,
btc-updown-5m-1786809600,btc-5m,2026-08-15 15:55:06.518000+00:00,2026-08-15 16:12:44.749000+00:00,2026-08-15,23,293.48200011253357,-1.3,1.3,False,True,2026-08-15T16:01:34.717Z,,,,-94.717,0.015,,0.29,,,,,,,,
btc-updown-5m-1786809300,btc-5m,2026-08-15 15:50:05.826000+00:00,2026-08-15 16:08:09.583000+00:00,2026-08-15,23,294.17400002479553,-1.45,1.45,False,True,2026-08-15T15:56:48.050Z,,,,-108.05,0.012,,0.29,,,,,,,,
btc-updown-15m-1786808700,btc-15m,2026-08-15 15:30:06.249000+00:00,2026-08-15 16:06:02.672000+00:00,2026-08-15,23,893.7509999275208,-0.9,0.9,False,True,2026-08-15T15:51:19.456Z,,,,-379.456,0.964,,0.3,,,,,,,,
btc-updown-5m-1786809000,btc-5m,2026-08-15 15:45:08.498000+00:00,2026-08-15 16:00:23.656000+00:00,2026-08-15,23,291.5020000934601,-0.55,0.55,False,True,2026-08-15T15:51:18.527Z,,,,-78.527,0.021,,0.29,,,,,,,,
btc-updown-5m-1786808700,btc-5m,2026-08-15 15:40:08.057000+00:00,2026-08-15 15:57:24.018000+00:00,2026-08-15,23,291.9430000782013,-1.4,1.4,False,True,2026-08-15T15:48:12.476Z,,,,-192.476,0.007,,0.29,,,,,,,,
btc-updown-5m-1786808400,btc-5m,2026-08-15 15:35:04.147000+00:00,2026-08-15 15:52:59.340000+00:00,2026-08-15,23,295.8529999256134,-0.85,0.85,False,True,2026-08-15T15:43:02.320Z,,,,-182.32,0.015,,0.29,,,,,,,,
btc-updown-15m-1786807800,btc-15m,2026-08-15 15:15:09.147000+00:00,2026-08-15 15:50:30.448000+00:00,2026-08-15,23,890.8529999256134,-1.35,1.35,False,True,,2026-08-15T15:33:37.426Z,,,-217.426,,0.037,0.3,,,,,,,,
btc-updown-5m-1786808100,btc-5m,2026-08-15 15:30:07.836000+00:00,2026-08-15 15:46:20.833000+00:00,2026-08-15,23,292.1640000343323,-1.1,1.1,False,True,,2026-08-15T15:35:39.144Z,,,-39.144,,0.018,0.29,,,,,,,,
btc-updown-5m-1786807800,btc-5m,2026-08-15 15:25:05.599000+00:00,2026-08-15 15:43:00.016000+00:00,2026-08-15,23,294.4010000228882,-1.0,1.0,False,True,,2026-08-15T15:32:55.390Z,,,-175.39,,0.004,0.29,,,,,,,,
btc-updown-5m-1786807500,btc-5m,2026-08-15 15:20:02.870000+00:00,2026-08-15 15:38:00.118000+00:00,2026-08-15,23,297.1300001144409,-1.1,1.1,False,True,,2026-08-15T15:26:14.144Z,,,-74.144,,0.014,0.29,,,,,,,,
btc-updown-15m-1786806900,btc-15m,2026-08-15 15:00:12.430000+00:00,2026-08-15 15:35:22.904000+00:00,2026-08-15,23,887.5699999332428,2.25,2.75,True,False,2026-08-15T15:15:43.176Z,2026-08-15T15:16:27.643Z,2026-08-15T15:16:27.643Z,-87.643,-43.176,0.789,0.877,0.3,,,,,,,,
btc-updown-5m-1786807200,btc-5m,2026-08-15 15:15:07.235000+00:00,2026-08-15 15:32:57.493000+00:00,2026-08-15,23,292.7650001049042,-1.45,1.45,False,True,2026-08-15T15:21:17.431Z,,,,-77.431,0.027,,0.29,,,,,,,,
btc-updown-5m-1786806900,btc-5m,2026-08-15 15:10:06.134000+00:00,2026-08-15 15:26:21.653000+00:00,2026-08-15,23,293.8659999370575,2.85,2.15,True,False,2026-08-15T15:15:42.401Z,2026-08-15T15:16:26.781Z,2026-08-15T15:16:26.781Z,-86.781,-42.401,0.02,0.015,0.29,,,,,,,,
btc-updown-15m-1786806000,btc-15m,2026-08-15 14:45:04.029000+00:00,2026-08-15 15:23:05.266000+00:00,2026-08-15,22,895.970999956131,-0.85,0.85,False,True,2026-08-15T15:07:09.744Z,,,,-429.744,0.847,,0.29,,,,,,,,
btc-updown-5m-1786806600,btc-5m,2026-08-15 15:05:04.962000+00:00,2026-08-15 15:20:43.532000+00:00,2026-08-15,23,295.0380001068115,-1.25,1.25,False,True,,2026-08-15T15:11:35.893Z,,,-95.893,,0.003,0.29,,,,,,,,
btc-updown-5m-1786806300,btc-5m,2026-08-15 15:00:10.473000+00:00,2026-08-15 15:15:11.634000+00:00,2026-08-15,23,289.52699995040894,-0.7,0.7,False,True,2026-08-15T15:07:08.927Z,,,,-128.927,0.013,,0.29,,,,,,,,
btc-updown-5m-1786806000,btc-5m,2026-08-15 14:55:05.880000+00:00,2026-08-15 15:10:07.662000+00:00,2026-08-15,22,294.1199998855591,2.45,2.55,True,False,2026-08-15T15:00:06.580Z,2026-08-15T15:03:25.811Z,2026-08-15T15:03:25.811Z,-205.811,-6.58,0.817,1.433,0.29,,,,,,,,
btc-updown-5m-1786805700,btc-5m,2026-08-15 14:50:06.966000+00:00,2026-08-15 15:07:26.574000+00:00,2026-08-15,22,293.03399991989136,2.45,2.55,True,False,2026-08-15T14:58:15.413Z,2026-08-15T14:59:07.980Z,2026-08-15T14:59:07.980Z,-247.98,-195.413,0.006,0.016,0.29,,,,,,,,
btc-updown-15m-1786805100,btc-15m,2026-08-15 14:30:04.283000+00:00,2026-08-15 15:04:43.219000+00:00,2026-08-15,22,895.7170000076294,-1.15,1.15,False,True,,2026-08-15T14:53:05.450Z,,,-485.45,,0.031,0.29,,,,,,,,
btc-updown-5m-1786805400,btc-5m,2026-08-15 14:45:06.595000+00:00,2026-08-15 15:02:11.230000+00:00,2026-08-15,22,293.40499997138977,2.85,2.15,True,False,2026-08-15T14:51:41.171Z,2026-08-15T14:53:24.730Z,2026-08-15T14:53:24.730Z,-204.73,-101.171,0.014,0.006,0.29,,,,,,,,
btc-updown-5m-1786805100,btc-5m,2026-08-15 14:40:03.988000+00:00,2026-08-15 14:54:52.022000+00:00,2026-08-15,22,296.01200008392334,-1.2,1.2,False,True,,2026-08-15T14:46:00.162Z,,,-60.162,,0.012,0.29,,,,,,,,
btc-updown-15m-1786804200,btc-15m,2026-08-15 14:15:07.816000+00:00,2026-08-15 14:52:54.017000+00:00,2026-08-15,22,892.1840000152588,-1.35,1.35,False,True,,2026-08-15T14:40:19.035Z,,,-619.035,,0.023,0.29,,,,,,,,
btc-updown-5m-1786804800,btc-5m,2026-08-15 14:35:05.289000+00:00,2026-08-15 14:51:56.772000+00:00,2026-08-15,22,294.7109999656677,-1.2,1.2,False,True,,2026-08-15T14:40:07.053Z,,,-7.053,,0.016,0.29,,,,,,,,
btc-updown-5m-1786804500,btc-5m,2026-08-15 14:30:07.526000+00:00,2026-08-15 14:46:54.939000+00:00,2026-08-15,22,292.4739999771118,2.1,2.9,True,False,2026-08-15T14:38:23.432Z,2026-08-15T14:36:17.056Z,2026-08-15T14:38:23.432Z,-203.432,-77.056,0.012,0.006,0.29,,,,,,,,
btc-updown-5m-1786804200,btc-5m,2026-08-15 14:25:04.329000+00:00,2026-08-15 14:39:58.723000+00:00,2026-08-15,22,295.6710000038147,-1.3,1.3,False,True,2026-08-15T14:30:31.774Z,,,,-31.774,0.02,,0.29,,,,,,,,
btc-updown-15m-1786803300,btc-15m,2026-08-15 14:00:06.965000+00:00,2026-08-15 14:37:35.858000+00:00,2026-08-15,22,893.0350000858307,-1.45,1.45,False,True,2026-08-15T14:18:38.832Z,,,,-218.832,0.013,,0.29,,,,,,,,
btc-updown-5m-1786803900,btc-5m,2026-08-15 14:20:04.374000+00:00,2026-08-15 14:36:51.162000+00:00,2026-08-15,22,295.62599992752075,-1.05,1.05,False,True,,2026-08-15T14:25:07.665Z,,,-7.665,,0.003,0.29,,,,,,,,
btc-updown-5m-1786803600,btc-5m,2026-08-15 14:15:10.234000+00:00,2026-08-15 14:31:44.331000+00:00,2026-08-15,22,289.7660000324249,-1.2,1.2,False,True,2026-08-15T14:22:13.097Z,,,,-133.097,0.007,,0.29,,,,,,,,
btc-updown-5m-1786803300,btc-5m,2026-08-15 14:10:05.620000+00:00,2026-08-15 14:26:39.706000+00:00,2026-08-15,22,294.3800001144409,-0.95,0.95,False,True,2026-08-15T14:15:43.831Z,,,,-43.831,0.02,,0.29,,,,,,,,
btc-updown-15m-1786802400,btc-15m,2026-08-15 13:45:06.311000+00:00,2026-08-15 14:22:28.524000+00:00,2026-08-15,21,893.6889998912811,-1.35,1.35,False,True,2026-08-15T14:03:31.412Z,,,,-211.412,0.017,,0.29,,,,,,,,
btc-updown-5m-1786803000,btc-5m,2026-08-15 14:05:06.703000+00:00,2026-08-15 14:19:50.014000+00:00,2026-08-15,22,293.29699993133545,-0.85,0.85,False,True,2026-08-15T14:13:14.589Z,,,,-194.589,0.02,,0.29,,,,,,,,
btc-updown-5m-1786802700,btc-5m,2026-08-15 14:00:10.705000+00:00,2026-08-15 14:16:21.945000+00:00,2026-08-15,22,289.29500007629395,-1.1,1.1,False,True,,2026-08-15T14:07:13.729Z,,,-133.729,,0.056,0.29,,,,,,,,
btc-updown-5m-1786802400,btc-5m,2026-08-15 13:55:03.691000+00:00,2026-08-15 14:11:35.177000+00:00,2026-08-15,21,296.3090000152588,-1.3,1.3,False,True,2026-08-15T14:00:14.584Z,,,,-14.584,0.007,,0.29,,,,,,,,
btc-updown-15m-1786801500,btc-15m,2026-08-15 13:30:09.633000+00:00,2026-08-15 14:06:41.554000+00:00,2026-08-15,21,890.3670001029968,-1.3,1.3,False,True,,2026-08-15T13:49:04.205Z,,,-244.205,,0.006,0.29,,,,,,,,
btc-updown-5m-1786802100,btc-5m,2026-08-15 13:50:04.685000+00:00,2026-08-15 14:04:34.326000+00:00,2026-08-15,21,295.31500005722046,-1.4,1.4,False,True,,2026-08-15T13:55:50.084Z,,,-50.084,,0.006,0.29,,,,,,,,
btc-updown-5m-1786801800,btc-5m,2026-08-15 13:45:04.741000+00:00,2026-08-15 14:01:12.717000+00:00,2026-08-15,21,295.2590000629425,-1.45,1.45,False,True,,2026-08-15T13:51:04.637Z,,,-64.637,,0.021,0.29,,,,,,,,
btc-updown-5m-1786801500,btc-5m,2026-08-15 13:40:05.633000+00:00,2026-08-15 13:56:11.963000+00:00,2026-08-15,21,294.3670001029968,-1.45,1.45,False,True,,2026-08-15T13:47:07.219Z,,,-127.219,,0.023,0.29,,,,,,,,
btc-updown-15m-1786800600,btc-15m,2026-08-15 13:15:06.109000+00:00,2026-08-15 13:51:16.831000+00:00,2026-08-15,21,893.8910000324249,2.3,2.7,True,False,2026-08-15T13:42:06.401Z,2026-08-15T13:38:50.244Z,2026-08-15T13:42:06.401Z,-726.401,-530.244,0.006,0.008,0.29,,,,,,,,
btc-updown-5m-1786801200,btc-5m,2026-08-15 13:35:04.890000+00:00,2026-08-15 13:50:29.572000+00:00,2026-08-15,21,295.1099998950958,-1.45,1.45,False,True,2026-08-15T13:42:32.250Z,,,,-152.25,0.021,,0.29,,,,,,,,
btc-updown-5m-1786800900,btc-5m,2026-08-15 13:30:07.138000+00:00,2026-08-15 13:46:24.459000+00:00,2026-08-15,21,292.8619999885559,3.0,2.0,True,False,2026-08-15T13:38:20.833Z,2026-08-15T13:38:48.334Z,2026-08-15T13:38:48.334Z,-228.334,-200.833,0.01,0.008,0.29,,,,,,,,
btc-updown-5m-1786800600,btc-5m,2026-08-15 13:25:06.217000+00:00,2026-08-15 13:40:45.056000+00:00,2026-08-15,21,293.7829999923706,2.55,2.45,True,False,2026-08-15T13:30:13.522Z,2026-08-15T13:34:10.728Z,2026-08-15T13:34:10.728Z,-250.728,-13.522,0.008,0.033,0.29,,,,,,,,
btc-updown-15m-1786799700,btc-15m,2026-08-15 13:00:03.997000+00:00,2026-08-15 13:36:11.547000+00:00,2026-08-15,21,896.0030000209808,-1.4,1.4,False,True,2026-08-15T13:18:39.207Z,,,,-219.207,0.056,,0.29,,,,,,,,
btc-updown-5m-1786800300,btc-5m,2026-08-15 13:20:04.374000+00:00,2026-08-15 13:34:14.933000+00:00,2026-08-15,21,295.62599992752075,3.1,1.9,True,False,2026-08-15T13:29:38.617Z,2026-08-15T13:28:01.830Z,2026-08-15T13:29:38.617Z,-278.617,-181.83,0.01,0.018,0.29,,,,,,,,
btc-updown-5m-1786800000,btc-5m,2026-08-15 13:15:08.173000+00:00,2026-08-15 13:29:07.674000+00:00,2026-08-15,21,291.8269999027252,2.35,2.65,True,False,2026-08-15T13:21:35.474Z,2026-08-15T13:20:25.772Z,2026-08-15T13:21:35.474Z,-95.474,-25.772,0.028,0.01,0.29,,,,,,,,
btc-updown-5m-1786799700,btc-5m,2026-08-15 13:10:03.410000+00:00,2026-08-15 13:23:58.756000+00:00,2026-08-15,21,296.5899999141693,2.25,2.75,True,False,2026-08-15T13:17:50.382Z,2026-08-15T13:15:04.043Z,2026-08-15T13:17:50.382Z,-170.382,-4.043,0.008,0.772,0.29,,,,,,,,
btc-updown-5m-1786799400,btc-5m,2026-08-15 13:05:06.456000+00:00,2026-08-15 13:20:49.335000+00:00,2026-08-15,21,293.5439999103546,2.45,2.55,True,False,2026-08-15T13:10:06.799Z,2026-08-15T13:11:46.326Z,2026-08-15T13:11:46.326Z,-106.326,-6.799,0.019,0.026,0.29,,,,,,,,
btc-updown-15m-1786798800,btc-15m,2026-08-15 12:45:05.817000+00:00,2026-08-15 13:20:19.532000+00:00,2026-08-15,20,894.183000087738,2.4,2.6,True,False,2026-08-15T13:01:40.705Z,2026-08-15T13:04:09.278Z,2026-08-15T13:04:09.278Z,-249.278,-100.705,0.016,0.019,0.29,,,,,,,,
btc-updown-5m-1786799100,btc-5m,2026-08-15 13:00:07.633000+00:00,2026-08-15 13:18:57.144000+00:00,2026-08-15,21,292.3670001029968,-1.25,1.25,False,True,,2026-08-15T13:05:46.639Z,,,-46.639,,0.005,0.29,,,,,,,,
btc-updown-5m-1786798800,btc-5m,2026-08-15 12:55:09.274000+00:00,2026-08-15 13:10:50.773000+00:00,2026-08-15,20,290.7260000705719,3.05,1.95,True,False,2026-08-15T13:00:26.333Z,2026-08-15T13:03:55.422Z,2026-08-15T13:03:55.422Z,-235.422,-26.333,0.019,0.025,0.29,,,,,,,,
btc-updown-15m-1786797900,btc-15m,2026-08-15 12:30:08.976000+00:00,2026-08-15 13:08:57.803000+00:00,2026-08-15,20,891.0239999294281,2.15,2.85,True,False,2026-08-15T12:46:39.244Z,2026-08-15T12:55:40.385Z,2026-08-15T12:55:40.385Z,-640.385,-99.244,0.018,0.011,0.29,,,,,,,,
btc-updown-5m-1786798500,btc-5m,2026-08-15 12:50:07.343000+00:00,2026-08-15 13:08:09.147000+00:00,2026-08-15,20,292.65700006484985,-1.3,1.3,False,True,,2026-08-15T12:55:07.606Z,,,-7.606,,0.669,0.29,,,,,,,,
btc-updown-5m-1786798200,btc-5m,2026-08-15 12:45:07.996000+00:00,2026-08-15 13:01:07.586000+00:00,2026-08-15,20,292.0039999485016,3.0,2.0,True,False,2026-08-15T12:53:09.285Z,2026-08-15T12:53:52.825Z,2026-08-15T12:53:52.825Z,-232.825,-189.285,0.325,0.028,0.29,,,,,,,,
btc-updown-5m-1786797900,btc-5m,2026-08-15 12:40:05.622000+00:00,2026-08-15 12:55:34.239000+00:00,2026-08-15,20,294.37800002098083,-1.4,1.4,False,True,2026-08-15T12:45:13.752Z,,,,-13.752,0.006,,0.29,,,,,,,,
btc-updown-15m-1786797000,btc-15m,2026-08-15 12:15:10.687000+00:00,2026-08-15 12:53:02.710000+00:00,2026-08-15,20,889.3129999637604,-1.3,1.3,False,True,2026-08-15T12:39:43.814Z,,,,-583.814,0.021,,0.29,,,,,,,,
btc-updown-5m-1786797600,btc-5m,2026-08-15 12:35:04.884000+00:00,2026-08-15 12:48:41.537000+00:00,2026-08-15,20,295.1159999370575,-1.45,1.45,False,True,2026-08-15T12:40:03.539Z,,,,-3.539,0.837,,0.29,,,,,,,,
btc-updown-5m-1786797300,btc-5m,2026-08-15 12:30:06.629000+00:00,2026-08-15 12:45:25.559000+00:00,2026-08-15,20,293.3710000514984,-1.3,1.3,False,True,,2026-08-15T12:37:56.292Z,,,-176.292,,0.01,0.29,,,,,,,,
btc-updown-5m-1786797000,btc-5m,2026-08-15 12:25:06.815000+00:00,2026-08-15 12:38:37.279000+00:00,2026-08-15,20,293.18499994277954,-1.0,1.0,False,True,2026-08-15T12:32:41.510Z,,,,-161.51,0.021,,0.29,,,,,,,,
btc-updown-15m-1786796100,btc-15m,2026-08-15 12:00:05.850000+00:00,2026-08-15 12:35:24.534000+00:00,2026-08-15,20,894.1500000953674,3.35,1.65,True,False,2026-08-15T12:29:05.777Z,2026-08-15T12:28:00.839Z,2026-08-15T12:29:05.777Z,-845.777,-780.839,0.018,0.013,0.29,,,,,,,,
btc-updown-5m-1786796700,btc-5m,2026-08-15 12:20:05.126000+00:00,2026-08-15 12:35:21.005000+00:00,2026-08-15,20,294.87400007247925,2.3,2.7,True,False,2026-08-15T12:29:10.375Z,2026-08-15T12:27:23.115Z,2026-08-15T12:29:10.375Z,-250.375,-143.115,0.01,0.015,0.29,,,,,,,,
btc-updown-5m-1786796400,btc-5m,2026-08-15 12:15:08.077000+00:00,2026-08-15 12:28:22.455000+00:00,2026-08-15,20,291.9230000972748,-0.8,0.8,False,True,2026-08-15T12:24:04.821Z,,,,-244.821,0.017,,0.29,,,,,,,,
btc-updown-5m-1786796100,btc-5m,2026-08-15 12:10:06.637000+00:00,2026-08-15 12:28:05.072000+00:00,2026-08-15,20,293.36299991607666,-1.45,1.45,False,True,2026-08-15T12:15:14.332Z,,,,-14.332,0.014,,0.29,,,,,,,,
btc-updown-5m-1786795800,btc-5m,2026-08-15 12:05:03.783000+00:00,2026-08-15 12:23:14.441000+00:00,2026-08-15,20,296.2170000076294,-0.95,0.95,False,True,2026-08-15T12:11:51.273Z,,,,-111.273,0.013,,0.29,,,,,,,,
btc-updown-15m-1786795200,btc-15m,2026-08-15 11:45:06.573000+00:00,2026-08-15 12:22:56.764000+00:00,2026-08-15,19,893.4270000457764,-1.45,1.45,False,True,2026-08-15T12:00:47.908Z,,,,-47.908,0.007,,0.29,,,,,,,,
btc-updown-5m-1786795500,btc-5m,2026-08-15 12:00:08.292000+00:00,2026-08-15 12:16:54.538000+00:00,2026-08-15,20,291.7079999446869,2.4,2.6,True,False,2026-08-15T12:05:44.438Z,2026-08-15T12:08:39.452Z,2026-08-15T12:08:39.452Z,-219.452,-44.438,0.028,0.015,0.29,,,,,,,,
btc-updown-5m-1786795200,btc-5m,2026-08-15 11:55:04.703000+00:00,2026-08-15 12:11:57.358000+00:00,2026-08-15,19,295.29699993133545,-1.4,1.4,False,True,2026-08-15T12:00:13.261Z,,,,-13.261,0.017,,0.29,,,,,,,,
btc-updown-5m-1786794900,btc-5m,2026-08-15 11:50:05.474000+00:00,2026-08-15 12:08:08.085000+00:00,2026-08-15,19,294.5260000228882,-1.45,1.45,False,True,,2026-08-15T11:57:48.615Z,,,-168.615,,0.009,0.29,,,,,,,,
btc-updown-15m-1786794300,btc-15m,2026-08-15 11:30:06.085000+00:00,2026-08-15 12:06:41.973000+00:00,2026-08-15,19,893.914999961853,-1.1,1.1,False,True,2026-08-15T11:46:27.438Z,,,,-87.438,0.354,,0.29,,,,,,,,
btc-updown-5m-1786794600,btc-5m,2026-08-15 11:45:04.446000+00:00,2026-08-15 12:01:04.554000+00:00,2026-08-15,19,295.55399990081787,2.25,2.75,True,False,2026-08-15T11:50:55.253Z,2026-08-15T11:52:44.531Z,2026-08-15T11:52:44.531Z,-164.531,-55.253,0.008,0.027,0.29,,,,,,,,
btc-updown-5m-1786794300,btc-5m,2026-08-15 11:40:03.416000+00:00,2026-08-15 11:54:04.695000+00:00,2026-08-15,19,296.5840001106262,3.3,1.7,True,False,2026-08-15T11:46:29.790Z,2026-08-15T11:45:19.747Z,2026-08-15T11:46:29.790Z,-89.79,-19.747,2.701,0.022,0.29,,,,,,,,
btc-updown-5m-1786794000,btc-5m,2026-08-15 11:35:05.612000+00:00,2026-08-15 11:52:17.839000+00:00,2026-08-15,19,294.3880000114441,-1.4,1.4,False,True,,2026-08-15T11:43:44.002Z,,,-224.002,,0.008,0.29,,,,,,,,
btc-updown-15m-1786793400,btc-15m,2026-08-15 11:15:07.136000+00:00,2026-08-15 11:51:38.147000+00:00,2026-08-15,19,892.864000082016,-1.45,1.45,False,True,,2026-08-15T11:39:39.292Z,,,-579.292,,0.033,0.29,,,,,,,,
btc-updown-5m-1786793700,btc-5m,2026-08-15 11:30:08.269000+00:00,2026-08-15 11:43:45.994000+00:00,2026-08-15,19,291.73099994659424,2.7,2.3,True,False,2026-08-15T11:37:28.642Z,2026-08-15T11:38:46.545Z,2026-08-15T11:38:46.545Z,-226.545,-148.642,1.194,0.016,0.29,,,,,,,,
btc-updown-5m-1786793400,btc-5m,2026-08-15 11:25:04.328000+00:00,2026-08-15 11:41:08.145000+00:00,2026-08-15,19,295.67199993133545,2.25,2.75,True,False,2026-08-15T11:33:35.087Z,2026-08-15T11:30:45.554Z,2026-08-15T11:33:35.087Z,-215.087,-45.554,0.01,0.014,0.29,,,,,,,,
btc-updown-15m-1786792500,btc-15m,2026-08-15 11:00:05.145000+00:00,2026-08-15 11:37:10.677000+00:00,2026-08-15,19,894.8550000190735,-1.15,1.15,False,True,,2026-08-15T11:17:01.456Z,,,-121.456,,0.025,0.29,,,,,,,,
btc-updown-5m-1786793100,btc-5m,2026-08-15 11:20:06.979000+00:00,2026-08-15 11:36:06.050000+00:00,2026-08-15,19,293.02099990844727,-0.7,0.7,False,True,,2026-08-15T11:28:08.258Z,,,-188.258,,1.356,0.29,,,,,,,,
btc-updown-5m-1786792800,btc-5m,2026-08-15 11:15:09.911000+00:00,2026-08-15 11:31:27.913000+00:00,2026-08-15,19,290.08899998664856,-1.4,1.4,False,True,2026-08-15T11:20:04.901Z,,,,-4.901,0.797,,0.29,,,,,,,,
btc-updown-5m-1786792500,btc-5m,2026-08-15 11:10:06.490000+00:00,2026-08-15 11:26:28.457000+00:00,2026-08-15,19,293.50999999046326,-1.25,1.25,False,True,,2026-08-15T11:15:28.286Z,,,-28.286,,0.015,0.29,,,,,,,,
btc-updown-15m-1786791600,btc-15m,2026-08-15 10:45:06.148000+00:00,2026-08-15 11:23:51.839000+00:00,2026-08-15,18,893.8519999980927,-1.45,1.45,False,True,2026-08-15T11:00:28.971Z,,,,-28.971,0.019,,0.29,,,,,,,,
btc-updown-5m-1786792200,btc-5m,2026-08-15 11:05:04.383000+00:00,2026-08-15 11:21:20.190000+00:00,2026-08-15,19,295.6170001029968,-1.15,1.15,False,True,2026-08-15T11:10:34.891Z,,,,-34.891,0.013,,0.29,,,,,,,,
btc-updown-5m-1786791900,btc-5m,2026-08-15 11:00:07.210000+00:00,2026-08-15 11:17:47.624000+00:00,2026-08-15,19,292.789999961853,-1.1,1.1,False,True,,2026-08-15T11:07:26.029Z,,,-146.029,,0.018,0.29,,,,,,,,
btc-updown-5m-1786791600,btc-5m,2026-08-15 10:55:04.750000+00:00,2026-08-15 11:11:18.004000+00:00,2026-08-15,18,295.25,-1.45,1.45,False,True,2026-08-15T11:00:20.842Z,,,,-20.842,0.024,,0.29,,,,,,,,
btc-updown-5m-1786791300,btc-5m,2026-08-15 10:50:05.830000+00:00,2026-08-15 11:07:39.402000+00:00,2026-08-15,18,294.17000007629395,3.3,1.7,True,False,2026-08-15T10:55:08.434Z,2026-08-15T10:59:11.823Z,2026-08-15T10:59:11.823Z,-251.823,-8.434,0.021,0.009,0.29,,,,,,,,
btc-updown-15m-1786790700,btc-15m,2026-08-15 10:30:07.611000+00:00,2026-08-15 11:04:33.815000+00:00,2026-08-15,18,892.3889999389648,2.95,2.05,True,False,2026-08-15T10:55:52.085Z,2026-08-15T10:45:59.808Z,2026-08-15T10:55:52.085Z,-652.085,-59.808,0.027,0.041,0.29,,,,,,,,
btc-updown-5m-1786791000,btc-5m,2026-08-15 10:45:03.909000+00:00,2026-08-15 11:01:12.055000+00:00,2026-08-15,18,296.09100008010864,-1.4,1.4,False,True,2026-08-15T10:53:04.733Z,,,,-184.733,0.003,,0.29,,,,,,,,
btc-updown-5m-1786790700,btc-5m,2026-08-15 10:40:03.422000+00:00,2026-08-15 10:55:36.244000+00:00,2026-08-15,18,296.57800006866455,-1.3,1.3,False,True,,2026-08-15T10:45:44.289Z,,,-44.289,,0.018,0.29,,,,,,,,
btc-updown-5m-1786790400,btc-5m,2026-08-15 10:35:02.608000+00:00,2026-08-15 10:51:07.451000+00:00,2026-08-15,18,297.3919999599457,2.5,2.5,True,False,2026-08-15T10:43:11.979Z,2026-08-15T10:44:05.612Z,2026-08-15T10:44:05.612Z,-245.612,-191.979,0.018,0.016,0.29,,,,,,,,
btc-updown-15m-1786789800,btc-15m,2026-08-15 10:15:09.311000+00:00,2026-08-15 10:49:45.518000+00:00,2026-08-15,18,890.6889998912811,-0.8,0.8,False,True,,2026-08-15T10:32:03.380Z,,,-123.38,,0.014,0.29,,,,,,,,
btc-updown-5m-1786790100,btc-5m,2026-08-15 10:30:05.265000+00:00,2026-08-15 10:46:47.353000+00:00,2026-08-15,18,294.7349998950958,2.55,2.45,True,False,2026-08-15T10:35:25.926Z,2026-08-15T10:39:10.753Z,2026-08-15T10:39:10.753Z,-250.753,-25.926,0.005,0.014,0.29,,,,,,,,
btc-updown-5m-1786789800,btc-5m,2026-08-15 10:25:06.597000+00:00,2026-08-15 10:40:05.044000+00:00,2026-08-15,18,293.40300011634827,3.5,1.5,True,False,2026-08-15T10:30:47.726Z,2026-08-15T10:32:07.109Z,2026-08-15T10:32:07.109Z,-127.109,-47.726,0.01,0.004,0.29,,,,,,,,
btc-updown-5m-1786789500,btc-5m,2026-08-15 10:20:06.001000+00:00,2026-08-15 10:36:42.590000+00:00,2026-08-15,18,293.99900007247925,-1.05,1.05,False,True,2026-08-15T10:28:41.778Z,,,,-221.778,0.021,,0.29,,,,,,,,
btc-updown-15m-1786788900,btc-15m,2026-08-15 10:00:03.938000+00:00,2026-08-15 10:36:38.175000+00:00,2026-08-15,18,896.0620000362396,2.15,2.85,True,False,2026-08-15T10:28:51.415Z,2026-08-15T10:26:57.608Z,2026-08-15T10:28:51.415Z,-831.415,-717.608,0.026,0.006,0.29,,,,,,,,
btc-updown-5m-1786789200,btc-5m,2026-08-15 10:15:07.093000+00:00,2026-08-15 10:31:51.271000+00:00,2026-08-15,18,292.90700006484985,-1.45,1.45,False,True,,2026-08-15T10:22:47.155Z,,,-167.155,,0.006,0.29,,,,,,,,
btc-updown-5m-1786788900,btc-5m,2026-08-15 10:10:06.314000+00:00,2026-08-15 10:26:47.789000+00:00,2026-08-15,18,293.6860001087189,-1.4,1.4,False,True,,2026-08-15T10:17:56.419Z,,,-176.419,,0.004,0.29,,,,,,,,
btc-updown-5m-1786788600,btc-5m,2026-08-15 10:05:04.657000+00:00,2026-08-15 10:21:35.575000+00:00,2026-08-15,18,295.34299993515015,-1.45,1.45,False,True,,2026-08-15T10:10:34.177Z,,,-34.177,,0.022,0.29,,,,,,,,
btc-updown-15m-1786788000,btc-15m,2026-08-15 09:45:06.626000+00:00,2026-08-15 10:19:13.783000+00:00,2026-08-15,17,893.3740000724792,-1.1,1.1,False,True,2026-08-15T10:02:02.222Z,,,,-122.222,0.009,,0.29,,,,,,,,
btc-updown-5m-1786788300,btc-5m,2026-08-15 10:00:06.562000+00:00,2026-08-15 10:16:29.242000+00:00,2026-08-15,18,293.4379999637604,-1.3,1.3,False,True,,2026-08-15T10:07:00.159Z,,,-120.159,,0.018,0.29,,,,,,,,
btc-updown-5m-1786788000,btc-5m,2026-08-15 09:55:05.123000+00:00,2026-08-15 10:11:26.551000+00:00,2026-08-15,17,294.8770000934601,-1.45,1.45,False,True,2026-08-15T10:01:52.755Z,,,,-112.755,0.022,,0.29,,,,,,,,
btc-updown-15m-1786787100,btc-15m,2026-08-15 09:30:09.500000+00:00,2026-08-15 10:08:13.368000+00:00,2026-08-15,17,890.5,-1.05,1.05,False,True,,2026-08-15T09:54:03.829Z,,,-543.829,,0.01,0.29,,,,,,,,
btc-updown-5m-1786787700,btc-5m,2026-08-15 09:50:04.018000+00:00,2026-08-15 10:05:33.681000+00:00,2026-08-15,17,295.98200011253357,2.3,2.7,True,False,2026-08-15T09:58:05.474Z,2026-08-15T09:55:57.696Z,2026-08-15T09:58:05.474Z,-185.474,-57.696,0.015,0.02,0.29,,,,,,,,
btc-updown-5m-1786787400,btc-5m,2026-08-15 09:45:09.054000+00:00,2026-08-15 10:00:38.434000+00:00,2026-08-15,17,290.94600009918213,-1.15,1.15,False,True,,2026-08-15T09:52:59.569Z,,,-179.569,,0.003,0.29,,,,,,,,
btc-updown-5m-1786787100,btc-5m,2026-08-15 09:40:08.358000+00:00,2026-08-15 09:56:32.094000+00:00,2026-08-15,17,291.6419999599457,-1.45,1.45,False,True,,2026-08-15T09:45:43.440Z,,,-43.44,,0.007,0.29,,,,,,,,
btc-updown-15m-1786786200,btc-15m,2026-08-15 09:15:10.892000+00:00,2026-08-15 09:53:05.655000+00:00,2026-08-15,17,889.1080000400543,-1.35,1.35,False,True,,2026-08-15T09:33:30.762Z,,,-210.762,,0.051,0.29,,,,,,,,
btc-updown-5m-1786786800,btc-5m,2026-08-15 09:35:04.045000+00:00,2026-08-15 09:51:22.131000+00:00,2026-08-15,17,295.95499992370605,-0.65,0.65,False,True,,2026-08-15T09:41:56.911Z,,,-116.911,,0.03,0.29,,,,,,,,
btc-updown-5m-1786786500,btc-5m,2026-08-15 09:30:07.346000+00:00,2026-08-15 09:46:42.179000+00:00,2026-08-15,17,292.654000043869,-1.05,1.05,False,True,,2026-08-15T09:35:36.499Z,,,-36.499,,0.009,0.29,,,,,,,,
btc-updown-15m-1786785300,btc-15m,2026-08-15 09:00:04.345000+00:00,2026-08-15 09:38:32.629000+00:00,2026-08-15,17,895.6549999713898,-1.35,1.35,False,True,,2026-08-15T09:19:36.180Z,,,-276.18,,0.005,0.29,,,,,,,,
btc-updown-5m-1786786200,btc-5m,2026-08-15 09:25:03.986000+00:00,2026-08-15 09:38:24.320000+00:00,2026-08-15,17,296.01399993896484,-1.2,1.2,False,True,,2026-08-15T09:30:32.203Z,,,-32.203,,0.004,0.29,,,,,,,,
btc-updown-5m-1786785900,btc-5m,2026-08-15 09:20:04.048000+00:00,2026-08-15 09:36:05.966000+00:00,2026-08-15,17,295.9519999027252,-1.4,1.4,False,True,,2026-08-15T09:25:28.894Z,,,-28.894,,0.049,0.29,,,,,,,,
btc-updown-5m-1786785600,btc-5m,2026-08-15 09:15:08.659000+00:00,2026-08-15 09:31:02.887000+00:00,2026-08-15,17,291.34100008010864,-1.4,1.4,False,True,2026-08-15T09:20:19.832Z,,,,-19.832,0.031,,0.29,,,,,,,,
btc-updown-5m-1786785300,btc-5m,2026-08-15 09:10:06.949000+00:00,2026-08-15 09:27:00.412000+00:00,2026-08-15,17,293.0510001182556,-1.2,1.2,False,True,,2026-08-15T09:17:19.771Z,,,-139.771,,0.013,0.29,,,,,,,,
btc-updown-5m-1786785000,btc-5m,2026-08-15 09:05:05.291000+00:00,2026-08-15 09:21:02.918000+00:00,2026-08-15,17,294.7090001106262,-1.4,1.4,False,True,,2026-08-15T09:10:10.469Z,,,-10.469,,0.008,0.29,,,,,,,,
btc-updown-15m-1786784400,btc-15m,2026-08-15 08:45:08.264000+00:00,2026-08-15 09:18:19.769000+00:00,2026-08-15,16,891.7360000610352,-1.4,1.4,False,True,,2026-08-15T09:10:03.179Z,,,-603.179,,0.014,0.29,,,,,,,,
btc-updown-5m-1786784700,btc-5m,2026-08-15 09:00:05.929000+00:00,2026-08-15 09:15:45.887000+00:00,2026-08-15,17,294.07100009918213,-1.3,1.3,False,True,,2026-08-15T09:07:12.161Z,,,-132.161,,0.023,0.29,,,,,,,,
btc-updown-5m-1786784400,btc-5m,2026-08-15 08:55:05.321000+00:00,2026-08-15 09:09:52.015000+00:00,2026-08-15,16,294.67899990081787,-1.35,1.35,False,True,2026-08-15T09:01:24.147Z,,,,-84.147,0.007,,0.29,,,,,,,,
btc-updown-5m-1786784100,btc-5m,2026-08-15 08:50:08.159000+00:00,2026-08-15 09:03:51.182000+00:00,2026-08-15,16,291.84100008010864,-1.35,1.35,False,True,2026-08-15T08:55:49.225Z,,,,-49.225,0.015,,0.29,,,,,,,,
btc-updown-15m-1786783500,btc-15m,2026-08-15 08:30:06.311000+00:00,2026-08-15 09:03:09.692000+00:00,2026-08-15,16,893.6889998912811,2.7,2.3,True,False,2026-08-15T08:54:09.594Z,2026-08-15T08:45:45.525Z,2026-08-15T08:54:09.594Z,-549.594,-45.525,0.012,0.004,0.29,,,,,,,,
btc-updown-5m-1786783800,btc-5m,2026-08-15 08:45:05.470000+00:00,2026-08-15 08:59:28.439000+00:00,2026-08-15,16,294.52999997138977,-1.45,1.45,False,True,2026-08-15T08:50:39.029Z,,,,-39.029,0.019,,0.29,,,,,,,,
btc-updown-5m-1786783500,btc-5m,2026-08-15 08:40:03.619000+00:00,2026-08-15 08:54:07.598000+00:00,2026-08-15,16,296.38100004196167,-1.05,1.05,False,True,,2026-08-15T08:45:12.044Z,,,-12.044,,0.023,0.29,,,,,,,,
btc-updown-15m-1786782600,btc-15m,2026-08-15 08:15:07.124000+00:00,2026-08-15 08:53:02.479000+00:00,2026-08-15,16,892.8759999275208,-1.15,1.15,False,True,2026-08-15T08:34:12.574Z,,,,-252.574,0.018,,0.29,,,,,,,,
btc-updown-5m-1786783200,btc-5m,2026-08-15 08:35:06.534000+00:00,2026-08-15 08:51:48.099000+00:00,2026-08-15,16,293.46600008010864,-1.4,1.4,False,True,2026-08-15T08:40:12.258Z,,,,-12.258,0.003,,0.29,,,,,,,,
btc-updown-5m-1786782900,btc-5m,2026-08-15 08:30:08.557000+00:00,2026-08-15 08:45:34.189000+00:00,2026-08-15,16,291.4430000782013,-1.4,1.4,False,True,2026-08-15T08:35:32.767Z,,,,-32.767,0.037,,0.29,,,,,,,,
btc-updown-5m-1786782600,btc-5m,2026-08-15 08:25:05.982000+00:00,2026-08-15 08:41:56.582000+00:00,2026-08-15,16,294.01799988746643,-0.2,0.2,False,True,2026-08-15T08:34:10.140Z,,,,-250.14,0.006,,0.29,,,,,,,,
btc-updown-15m-1786781700,btc-15m,2026-08-15 08:00:07.053000+00:00,2026-08-15 08:38:01.354000+00:00,2026-08-15,16,892.9470000267029,2.25,2.75,True,False,2026-08-15T08:26:23.660Z,2026-08-15T08:19:21.682Z,2026-08-15T08:26:23.660Z,-683.66,-261.682,0.041,0.024,0.29,,,,,,,,
btc-updown-5m-1786782300,btc-5m,2026-08-15 08:20:05.873000+00:00,2026-08-15 08:35:45.557000+00:00,2026-08-15,16,294.1270000934601,-0.8,0.8,False,True,2026-08-15T08:26:32.677Z,,,,-92.677,0.007,,0.29,,,,,,,,
btc-updown-5m-1786782000,btc-5m,2026-08-15 08:15:05.558000+00:00,2026-08-15 08:29:10.471000+00:00,2026-08-15,16,294.44199991226196,-1.3,1.3,False,True,2026-08-15T08:20:33.102Z,,,,-33.102,0.022,,0.29,,,,,,,,
btc-updown-5m-1786781700,btc-5m,2026-08-15 08:10:06.353000+00:00,2026-08-15 08:24:07.271000+00:00,2026-08-15,16,293.6470000743866,2.6,2.4,True,False,2026-08-15T08:17:21.077Z,2026-08-15T08:18:37.215Z,2026-08-15T08:18:37.215Z,-217.215,-141.077,1.263,0.013,0.29,,,,,,,,
btc-updown-15m-1786780800,btc-15m,2026-08-15 07:45:07.648000+00:00,2026-08-15 08:22:26.378000+00:00,2026-08-15,15,892.3519999980927,-1.45,1.45,False,True,2026-08-15T08:09:39.161Z,,,,-579.161,0.024,,0.29,,,,,,,,
btc-updown-5m-1786781400,btc-5m,2026-08-15 08:05:06.304000+00:00,2026-08-15 08:19:05.193000+00:00,2026-08-15,16,293.69600009918213,-1.25,1.25,False,True,2026-08-15T08:11:57.681Z,,,,-117.681,0.01,,0.29,,,,,,,,
btc-updown-5m-1786781100,btc-5m,2026-08-15 08:00:04.988000+00:00,2026-08-15 08:15:21.042000+00:00,2026-08-15,16,295.01200008392334,-1.3,1.3,False,True,2026-08-15T08:08:51.697Z,,,,-231.697,0.004,,0.29,,,,,,,,
btc-updown-5m-1786780800,btc-5m,2026-08-15 07:55:05.967000+00:00,2026-08-15 08:08:32.414000+00:00,2026-08-15,15,294.0329999923706,2.1,2.9,True,False,2026-08-15T08:02:15.230Z,2026-08-15T08:00:12.470Z,2026-08-15T08:02:15.230Z,-135.23,-12.47,0.028,0.016,0.29,,,,,,,,
btc-updown-15m-1786779900,btc-15m,2026-08-15 07:30:05.978000+00:00,2026-08-15 08:05:01.648000+00:00,2026-08-15,15,894.0220000743866,3.1,1.9,True,False,2026-08-15T07:55:54.228Z,2026-08-15T07:55:12.128Z,2026-08-15T07:55:54.228Z,-654.228,-612.128,0.008,0.003,0.29,,,,,,,,
btc-updown-5m-1786780500,btc-5m,2026-08-15 07:50:03.941000+00:00,2026-08-15 08:03:25.118000+00:00,2026-08-15,15,296.0590000152588,3.5,1.5,True,False,2026-08-15T07:56:00.156Z,2026-08-15T07:55:09.745Z,2026-08-15T07:56:00.156Z,-60.156,-9.745,0.003,0.012,0.29,,,,,,,,
btc-updown-5m-1786780200,btc-5m,2026-08-15 07:45:05.435000+00:00,2026-08-15 08:03:05.880000+00:00,2026-08-15,15,294.56500005722046,-1.4,1.4,False,True,2026-08-15T07:53:59.221Z,,,,-239.221,0.018,,0.29,,,,,,,,
btc-updown-5m-1786779900,btc-5m,2026-08-15 07:40:05.032000+00:00,2026-08-15 07:58:06.668000+00:00,2026-08-15,15,294.96799993515015,-1.3,1.3,False,True,2026-08-15T07:46:30.421Z,,,,-90.421,0.036,,0.29,,,,,,,,
btc-updown-15m-1786779000,btc-15m,2026-08-15 07:15:07.551000+00:00,2026-08-15 07:50:03.112000+00:00,2026-08-15,15,892.4489998817444,3.25,1.75,True,False,2026-08-15T07:44:09.064Z,2026-08-15T07:36:09.653Z,2026-08-15T07:44:09.064Z,-849.064,-369.653,0.45,0.011,0.29,,,,,,,,
btc-updown-5m-1786779600,btc-5m,2026-08-15 07:35:07.278000+00:00,2026-08-15 07:48:07.003000+00:00,2026-08-15,15,292.72199988365173,-1.4,1.4,False,True,2026-08-15T07:42:47.244Z,,,,-167.244,0.007,,0.29,,,,,,,,
btc-updown-5m-1786779300,btc-5m,2026-08-15 07:30:08.439000+00:00,2026-08-15 07:45:09.263000+00:00,2026-08-15,15,291.5610001087189,-1.0,1.0,False,True,,2026-08-15T07:35:49.688Z,,,-49.688,,0.011,0.29,,,,,,,,
btc-updown-5m-1786779000,btc-5m,2026-08-15 07:25:05.673000+00:00,2026-08-15 07:40:06.519000+00:00,2026-08-15,15,294.3269999027252,-1.3,1.3,False,True,2026-08-15T07:30:13.575Z,,,,-13.575,0.012,,0.29,,,,,,,,
btc-updown-5m-1786778700,btc-5m,2026-08-15 07:20:06.761000+00:00,2026-08-15 07:38:22.029000+00:00,2026-08-15,15,293.239000082016,2.6,2.4,True,False,2026-08-15T07:26:13.005Z,2026-08-15T07:25:43.030Z,2026-08-15T07:26:13.005Z,-73.005,-43.03,0.004,0.018,0.29,,,,,,,,
btc-updown-15m-1786778100,btc-15m,2026-08-15 07:00:08.600000+00:00,2026-08-15 07:38:01.418000+00:00,2026-08-15,15,891.4000000953674,-1.4,1.4,False,True,2026-08-15T07:17:59.899Z,,,,-179.899,0.003,,0.29,,,,,,,,
btc-updown-5m-1786778100,btc-5m,2026-08-15 07:10:06.629000+00:00,2026-08-15 07:29:07.089000+00:00,2026-08-15,15,293.3710000514984,-1.4,1.4,False,True,2026-08-15T07:17:10.957Z,,,,-130.957,1.255,,0.29,,,,,,,,
btc-updown-5m-1786778400,btc-5m,2026-08-15 07:15:09.921000+00:00,2026-08-15 07:28:21.742000+00:00,2026-08-15,15,290.0789999961853,-1.45,1.45,False,True,2026-08-15T07:21:48.729Z,,,,-108.729,0.004,,0.29,,,,,,,,
btc-updown-5m-1786777800,btc-5m,2026-08-15 07:05:03.707000+00:00,2026-08-15 07:20:42.447000+00:00,2026-08-15,15,296.29299998283386,-1.45,1.45,False,True,,2026-08-15T07:10:10.172Z,,,-10.172,,0.017,0.29,,,,,,,,
btc-updown-15m-1786777200,btc-15m,2026-08-15 06:45:06.489000+00:00,2026-08-15 07:20:21.873000+00:00,2026-08-15,14,893.510999917984,3.4,1.6,True,False,2026-08-15T07:07:19.586Z,2026-08-15T07:13:49.178Z,2026-08-15T07:13:49.178Z,-829.178,-439.586,0.928,0.004,0.29,,,,,,,,
btc-updown-5m-1786777500,btc-5m,2026-08-15 07:00:11.260000+00:00,2026-08-15 07:14:38.482000+00:00,2026-08-15,15,288.74000000953674,-0.35,0.35,False,True,2026-08-15T07:07:18.679Z,,,,-138.679,0.022,,0.29,,,,,,,,
btc-updown-5m-1786777200,btc-5m,2026-08-15 06:55:06.451000+00:00,2026-08-15 07:13:03.406000+00:00,2026-08-15,14,293.54900002479553,2.3,2.7,True,False,2026-08-15T07:03:40.699Z,2026-08-15T07:01:43.916Z,2026-08-15T07:03:40.699Z,-220.699,-103.916,0.018,0.018,0.29,,,,,,,,
btc-updown-15m-1786776300,btc-15m,2026-08-15 06:30:09.514000+00:00,2026-08-15 07:07:44.991000+00:00,2026-08-15,14,890.4860000610352,-1.35,1.35,False,True,,2026-08-15T06:50:23.603Z,,,-323.603,,0.003,0.29,,,,,,,,
btc-updown-5m-1786776900,btc-5m,2026-08-15 06:50:04.156000+00:00,2026-08-15 07:03:05.345000+00:00,2026-08-15,14,295.8440001010895,2.6,2.4,True,False,2026-08-15T06:57:20.844Z,2026-08-15T06:55:09.829Z,2026-08-15T06:57:20.844Z,-140.844,-9.829,0.004,0.027,0.29,,,,,,,,
btc-updown-5m-1786776600,btc-5m,2026-08-15 06:45:08.896000+00:00,2026-08-15 07:03:00.598000+00:00,2026-08-15,14,291.10400009155273,-1.4,1.4,False,True,,2026-08-15T06:50:07.944Z,,,-7.944,,0.021,0.29,,,,,,,,
btc-updown-5m-1786776300,btc-5m,2026-08-15 06:40:05.078000+00:00,2026-08-15 06:55:35.432000+00:00,2026-08-15,14,294.92199993133545,-1.4,1.4,False,True,,2026-08-15T06:48:09.331Z,,,-189.331,,0.005,0.29,,,,,,,,
btc-updown-15m-1786775400,btc-15m,2026-08-15 06:15:03.155000+00:00,2026-08-15 06:51:11.459000+00:00,2026-08-15,14,896.8450000286102,-1.35,1.35,False,True,,2026-08-15T06:30:26.144Z,,,-26.144,,4.862,0.29,,,,,,,,
btc-updown-5m-1786776000,btc-5m,2026-08-15 06:35:07.246000+00:00,2026-08-15 06:50:44.780000+00:00,2026-08-15,14,292.7539999485016,-1.05,1.05,False,True,,2026-08-15T06:41:51.649Z,,,-111.649,,0.01,0.29,,,,,,,,
btc-updown-5m-1786775700,btc-5m,2026-08-15 06:30:13.112000+00:00,2026-08-15 06:47:47.974000+00:00,2026-08-15,14,286.8880000114441,-1.4,1.4,False,True,2026-08-15T06:35:51.744Z,,,,-51.744,0.019,,0.29,,,,,,,,
btc-updown-5m-1786775400,btc-5m,2026-08-15 06:25:11.590000+00:00,2026-08-15 06:42:48.073000+00:00,2026-08-15,14,288.4100000858307,-0.85,0.85,False,True,,2026-08-15T06:30:21.289Z,,,-21.289,,0.007,0.29,,,,,,,,
btc-updown-5m-1786775100,btc-5m,2026-08-15 06:20:03.516000+00:00,2026-08-15 06:34:33.161000+00:00,2026-08-15,14,296.4839999675751,-1.45,1.45,False,True,2026-08-15T06:26:06.562Z,,,,-66.562,0.116,,0.29,,,,,,,,
btc-updown-15m-1786774500,btc-15m,2026-08-15 06:00:06.374000+00:00,2026-08-15 06:33:28.067000+00:00,2026-08-15,14,893.6259999275208,2.85,2.15,True,False,2026-08-15T06:27:28.251Z,2026-08-15T06:21:51.486Z,2026-08-15T06:27:28.251Z,-748.251,-411.486,0.316,0.011,0.29,,,,,,,,
btc-updown-5m-1786774800,btc-5m,2026-08-15 06:15:05.554000+00:00,2026-08-15 06:32:45.870000+00:00,2026-08-15,14,294.44600009918213,-1.25,1.25,False,True,,2026-08-15T06:21:41.982Z,,,-101.982,,0.012,0.29,,,,,,,,
btc-updown-5m-1786774500,btc-5m,2026-08-15 06:10:06.750000+00:00,2026-08-15 06:24:30.279000+00:00,2026-08-15,14,293.25,2.25,2.75,True,False,2026-08-15T06:15:59.017Z,2026-08-15T06:17:51.933Z,2026-08-15T06:17:51.933Z,-171.933,-59.017,0.003,0.029,0.29,,,,,,,,
btc-updown-5m-1786774200,btc-5m,2026-08-15 06:05:03.703000+00:00,2026-08-15 06:23:06.535000+00:00,2026-08-15,14,296.29699993133545,2.55,2.45,True,False,2026-08-15T06:11:31.543Z,2026-08-15T06:10:59.094Z,2026-08-15T06:11:31.543Z,-91.543,-59.094,0.005,0.024,0.29,,,,,,,,
btc-updown-15m-1786773600,btc-15m,2026-08-15 05:45:05.988000+00:00,2026-08-15 06:22:18.367000+00:00,2026-08-15,13,894.0120000839233,2.55,2.45,True,False,2026-08-15T06:11:53.014Z,2026-08-15T06:10:35.943Z,2026-08-15T06:11:53.014Z,-713.014,-635.943,0.024,0.038,0.29,,,,,,,,
btc-updown-5m-1786773900,btc-5m,2026-08-15 06:00:08.678000+00:00,2026-08-15 06:17:35.905000+00:00,2026-08-15,14,291.3220000267029,-1.4,1.4,False,True,,2026-08-15T06:05:42.822Z,,,-42.822,,0.006,0.29,,,,,,,,
btc-updown-5m-1786773600,btc-5m,2026-08-15 05:55:04.533000+00:00,2026-08-15 06:09:27.872000+00:00,2026-08-15,13,295.4670000076294,-1.15,1.15,False,True,,2026-08-15T06:03:15.626Z,,,-195.626,,0.019,0.29,,,,,,,,
btc-updown-15m-1786772700,btc-15m,2026-08-15 05:30:04.776000+00:00,2026-08-15 06:09:00.274000+00:00,2026-08-15,13,895.2239999771118,2.2,2.8,True,False,2026-08-15T05:50:17.476Z,2026-08-15T05:45:11.312Z,2026-08-15T05:50:17.476Z,-317.476,-11.312,0.006,0.011,0.29,,,,,,,,
btc-updown-5m-1786773300,btc-5m,2026-08-15 05:50:06.879000+00:00,2026-08-15 06:04:49.545000+00:00,2026-08-15,13,293.1210000514984,4.25,0.75,True,False,2026-08-15T05:55:36.100Z,2026-08-15T05:56:23.293Z,2026-08-15T05:56:23.293Z,-83.293,-36.1,0.023,0.007,0.29,,,,,,,,
btc-updown-5m-1786773000,btc-5m,2026-08-15 05:45:03.849000+00:00,2026-08-15 06:02:27.873000+00:00,2026-08-15,13,296.1510000228882,2.4,2.6,True,False,2026-08-15T05:50:11.860Z,2026-08-15T05:53:23.394Z,2026-08-15T05:53:23.394Z,-203.394,-11.86,0.006,0.016,0.29,,,,,,,,
btc-updown-5m-1786772700,btc-5m,2026-08-15 05:40:03.459000+00:00,2026-08-15 05:57:01.286000+00:00,2026-08-15,13,296.5409998893738,2.7,2.3,True,False,2026-08-15T05:49:26.183Z,2026-08-15T05:45:15.300Z,2026-08-15T05:49:26.183Z,-266.183,-15.3,0.015,0.013,0.29,,,,,,,,
btc-updown-15m-1786771800,btc-15m,2026-08-15 05:15:08.379000+00:00,2026-08-15 05:49:40.035000+00:00,2026-08-15,13,891.6210000514984,-1.1,1.1,False,True,2026-08-15T05:35:31.050Z,,,,-331.05,0.045,,0.29,,,,,,,,
btc-updown-5m-1786772400,btc-5m,2026-08-15 05:35:04.592000+00:00,2026-08-15 05:48:50.306000+00:00,2026-08-15,13,295.4079999923706,3.0,2.0,True,False,2026-08-15T05:40:14.718Z,2026-08-15T05:44:28.695Z,2026-08-15T05:44:28.695Z,-268.695,-14.718,0.004,0.012,0.29,,,,,,,,
btc-updown-5m-1786772100,btc-5m,2026-08-15 05:30:07.079000+00:00,2026-08-15 05:47:59.930000+00:00,2026-08-15,13,292.9210000038147,-1.35,1.35,False,True,2026-08-15T05:35:08.147Z,,,,-8.147,0.026,,0.29,,,,,,,,
btc-updown-5m-1786771800,btc-5m,2026-08-15 05:25:07.767000+00:00,2026-08-15 05:38:50.591000+00:00,2026-08-15,13,292.2330000400543,2.75,2.25,True,False,2026-08-15T05:31:37.522Z,2026-08-15T05:34:01.328Z,2026-08-15T05:34:01.328Z,-241.328,-97.522,0.018,0.013,0.29,,,,,,,,
btc-updown-15m-1786770900,btc-15m,2026-08-15 05:00:04.362000+00:00,2026-08-15 05:38:31.655000+00:00,2026-08-15,13,895.6380000114441,-0.8,0.8,False,True,2026-08-15T05:21:36.048Z,,,,-396.048,0.005,,0.29,,,,,,,,
btc-updown-5m-1786771500,btc-5m,2026-08-15 05:20:06.960000+00:00,2026-08-15 05:35:43.131000+00:00,2026-08-15,13,293.039999961853,-1.45,1.45,False,True,2026-08-15T05:25:20.561Z,,,,-20.561,0.014,,0.29,,,,,,,,
btc-updown-5m-1786771200,btc-5m,2026-08-15 05:15:10.487000+00:00,2026-08-15 05:30:08.936000+00:00,2026-08-15,13,289.5130000114441,-0.85,0.85,False,True,2026-08-15T05:21:40.056Z,,,,-100.056,0.014,,0.29,,,,,,,,
btc-updown-5m-1786770900,btc-5m,2026-08-15 05:10:06.207000+00:00,2026-08-15 05:25:32.436000+00:00,2026-08-15,13,293.79299998283386,-1.4,1.4,False,True,,2026-08-15T05:15:51.375Z,,,-51.375,,0.026,0.29,,,,,,,,
btc-updown-5m-1786770600,btc-5m,2026-08-15 05:05:07.492000+00:00,2026-08-15 05:20:40.092000+00:00,2026-08-15,13,292.5079998970032,-1.35,1.35,False,True,,2026-08-15T05:12:16.751Z,,,-136.751,,0.013,0.29,,,,,,,,
btc-updown-15m-1786770000,btc-15m,2026-08-15 04:45:07.256000+00:00,2026-08-15 05:19:27.364000+00:00,2026-08-15,12,892.7439999580383,-1.15,1.15,False,True,,2026-08-15T05:06:24.169Z,,,-384.169,,0.011,0.29,,,,,,,,
btc-updown-5m-1786770300,btc-5m,2026-08-15 05:00:07.748000+00:00,2026-08-15 05:14:03.678000+00:00,2026-08-15,13,292.2520000934601,-0.9,0.9,False,True,,2026-08-15T05:06:27.082Z,,,-87.082,,0.007,0.29,,,,,,,,
btc-updown-5m-1786770000,btc-5m,2026-08-15 04:55:03.547000+00:00,2026-08-15 05:11:47.986000+00:00,2026-08-15,12,296.45300006866455,-1.2,1.2,False,True,,2026-08-15T05:01:33.795Z,,,-93.795,,0.022,0.29,,,,,,,,
btc-updown-5m-1786769700,btc-5m,2026-08-15 04:50:05.744000+00:00,2026-08-15 05:07:34.440000+00:00,2026-08-15,12,294.25600004196167,-1.45,1.45,False,True,2026-08-15T04:56:42.844Z,,,,-102.844,0.01,,0.29,,,,,,,,
btc-updown-15m-1786769100,btc-15m,2026-08-15 04:30:04.609000+00:00,2026-08-15 05:07:01.219000+00:00,2026-08-15,12,895.3910000324249,-1.3,1.3,False,True,2026-08-15T04:52:36.898Z,,,,-456.898,0.038,,0.29,,,,,,,,
btc-updown-5m-1786769400,btc-5m,2026-08-15 04:45:05.172000+00:00,2026-08-15 05:03:28.983000+00:00,2026-08-15,12,294.82800006866455,-1.05,1.05,False,True,2026-08-15T04:52:32.606Z,,,,-152.606,0.013,,0.29,,,,,,,,
btc-updown-5m-1786769100,btc-5m,2026-08-15 04:40:05.976000+00:00,2026-08-15 04:57:27.423000+00:00,2026-08-15,12,294.0239999294281,2.35,2.65,True,False,2026-08-15T04:47:48.828Z,2026-08-15T04:46:56.840Z,2026-08-15T04:47:48.828Z,-168.828,-116.84,0.027,0.011,0.29,,,,,,,,
btc-updown-5m-1786768800,btc-5m,2026-08-15 04:35:06.528000+00:00,2026-08-15 04:52:26.050000+00:00,2026-08-15,12,293.47199988365173,-1.45,1.45,False,True,,2026-08-15T04:42:24.039Z,,,-144.039,,0.022,0.29,,,,,,,,
btc-updown-15m-1786768200,btc-15m,2026-08-15 04:15:04.492000+00:00,2026-08-15 04:48:19.962000+00:00,2026-08-15,12,895.5079998970032,-1.4,1.4,False,True,,2026-08-15T04:35:35.029Z,,,-335.029,,0.01,0.29,,,,,,,,
btc-updown-5m-1786768500,btc-5m,2026-08-15 04:30:06.612000+00:00,2026-08-15 04:47:19.069000+00:00,2026-08-15,12,293.3880000114441,-1.0,1.0,False,True,,2026-08-15T04:35:37.117Z,,,-37.117,,0.003,0.29,,,,,,,,
btc-updown-5m-1786768200,btc-5m,2026-08-15 04:25:07.299000+00:00,2026-08-15 04:41:51.671000+00:00,2026-08-15,12,292.70099997520447,-1.4,1.4,False,True,2026-08-15T04:32:19.721Z,,,,-139.721,0.006,,0.29,,,,,,,,
btc-updown-5m-1786767900,btc-5m,2026-08-15 04:20:05.075000+00:00,2026-08-15 04:38:16.329000+00:00,2026-08-15,12,294.9249999523163,-1.35,1.35,False,True,,2026-08-15T04:26:42.306Z,,,-102.306,,0.027,0.29,,,,,,,,
btc-updown-15m-1786767300,btc-15m,2026-08-15 04:00:07.087000+00:00,2026-08-15 04:33:18.292000+00:00,2026-08-15,12,892.9130001068115,-1.35,1.35,False,True,,2026-08-15T04:18:17.236Z,,,-197.236,,0.027,0.29,,,,,,,,
btc-updown-5m-1786767600,btc-5m,2026-08-15 04:15:07.198000+00:00,2026-08-15 04:32:11.978000+00:00,2026-08-15,12,292.80200004577637,-1.45,1.45,False,True,,2026-08-15T04:21:21.811Z,,,-81.811,,0.027,0.29,,,,,,,,
btc-updown-5m-1786767300,btc-5m,2026-08-15 04:10:06.592000+00:00,2026-08-15 04:27:25.906000+00:00,2026-08-15,12,293.4079999923706,-1.4,1.4,False,True,,2026-08-15T04:15:32.715Z,,,-32.715,,0.007,0.29,,,,,,,,
btc-updown-5m-1786767000,btc-5m,2026-08-15 04:05:06.425000+00:00,2026-08-15 04:22:05.828000+00:00,2026-08-15,12,293.5750000476837,-1.35,1.35,False,True,,2026-08-15T04:12:21.084Z,,,-141.084,,0.011,0.29,,,,,,,,
btc-updown-15m-1786766400,btc-15m,2026-08-15 03:45:08.648000+00:00,2026-08-15 04:21:51.681000+00:00,2026-08-15,11,891.3519999980927,-1.45,1.45,False,True,,2026-08-15T04:02:42.823Z,,,-162.823,,0.007,0.29,,,,,,,,
btc-updown-5m-1786766700,btc-5m,2026-08-15 04:00:09.090000+00:00,2026-08-15 04:17:15.708000+00:00,2026-08-15,12,290.9100000858307,-1.45,1.45,False,True,2026-08-15T04:07:35.072Z,,,,-155.072,0.011,,0.29,,,,,,,,
btc-updown-5m-1786766400,btc-5m,2026-08-15 03:55:03.175000+00:00,2026-08-15 04:10:49.378000+00:00,2026-08-15,11,296.8250000476837,-1.35,1.35,False,True,,2026-08-15T04:00:13.323Z,,,-13.323,,0.5,0.29,,,,,,,,
btc-updown-5m-1786766100,btc-5m,2026-08-15 03:50:07.212000+00:00,2026-08-15 04:07:10.947000+00:00,2026-08-15,11,292.7880001068115,2.5,2.5,True,False,2026-08-15T03:58:58.224Z,2026-08-15T03:58:05.060Z,2026-08-15T03:58:58.224Z,-238.224,-185.06,0.011,0.015,0.29,,,,,,,,
btc-updown-15m-1786765500,btc-15m,2026-08-15 03:30:06.966000+00:00,2026-08-15 04:04:41.050000+00:00,2026-08-15,11,893.0339999198914,2.15,2.85,True,False,2026-08-15T03:50:21.780Z,2026-08-15T03:52:28.664Z,2026-08-15T03:52:28.664Z,-448.664,-321.78,0.015,0.005,0.29,,,,,,,,
btc-updown-5m-1786765800,btc-5m,2026-08-15 03:45:06.505000+00:00,2026-08-15 04:02:09.425000+00:00,2026-08-15,11,293.4949998855591,2.35,2.65,True,False,2026-08-15T03:50:17.569Z,2026-08-15T03:52:07.325Z,2026-08-15T03:52:07.325Z,-127.325,-17.569,0.009,0.019,0.29,,,,,,,,
btc-updown-5m-1786765500,btc-5m,2026-08-15 03:40:04.481000+00:00,2026-08-15 03:57:10.342000+00:00,2026-08-15,11,295.51900005340576,-0.45,0.45,False,True,2026-08-15T03:49:13.583Z,,,,-253.583,0.012,,0.29,,,,,,,,
btc-updown-5m-1786765200,btc-5m,2026-08-15 03:35:06.440000+00:00,2026-08-15 03:52:05+00:00,2026-08-15,11,293.55999994277954,-1.2,1.2,False,True,,2026-08-15T03:40:08.877Z,,,-8.877,,0.011,0.29,,,,,,,,
btc-updown-15m-1786764600,btc-15m,2026-08-15 03:15:08.565000+00:00,2026-08-15 03:50:04.932000+00:00,2026-08-15,11,891.4349999427795,-1.4,1.4,False,True,2026-08-15T03:35:17.322Z,,,,-317.322,0.01,,0.29,,,,,,,,
btc-updown-5m-1786764900,btc-5m,2026-08-15 03:30:04.919000+00:00,2026-08-15 03:47:09.090000+00:00,2026-08-15,11,295.0810000896454,-1.2,1.2,False,True,2026-08-15T03:35:15.218Z,,,,-15.218,0.003,,0.29,,,,,,,,
btc-updown-5m-1786764600,btc-5m,2026-08-15 03:25:02.724000+00:00,2026-08-15 03:42:09.302000+00:00,2026-08-15,11,297.2760000228882,-1.35,1.35,False,True,2026-08-15T03:33:26.910Z,,,,-206.91,0.009,,0.29,,,,,,,,
btc-updown-5m-1786764300,btc-5m,2026-08-15 03:20:05.751000+00:00,2026-08-15 03:37:09.514000+00:00,2026-08-15,11,294.24900007247925,-1.4,1.4,False,True,2026-08-15T03:25:31.271Z,,,,-31.271,0.036,,0.29,,,,,,,,
btc-updown-15m-1786763700,btc-15m,2026-08-15 03:00:07.582000+00:00,2026-08-15 03:36:27.610000+00:00,2026-08-15,11,892.4179999828339,2.45,2.55,True,False,2026-08-15T03:20:18.946Z,2026-08-15T03:16:42.894Z,2026-08-15T03:20:18.946Z,-318.946,-102.894,0.023,0.017,0.29,,,,,,,,
btc-updown-5m-1786764000,btc-5m,2026-08-15 03:15:06.313000+00:00,2026-08-15 03:32:03.563000+00:00,2026-08-15,11,293.6870000362396,-1.25,1.25,False,True,2026-08-15T03:20:03.662Z,,,,-3.662,0.839,,0.29,,,,,,,,
btc-updown-5m-1786763400,btc-5m,2026-08-15 03:05:07.020000+00:00,2026-08-15 03:26:55.750000+00:00,2026-08-15,11,292.9800000190735,-1.45,1.45,False,True,,2026-08-15T03:12:34.133Z,,,-154.133,,1.067,0.29,,,,,,,,
btc-updown-15m-1786762800,btc-15m,2026-08-15 02:45:05.528000+00:00,2026-08-15 03:26:17.694000+00:00,2026-08-15,10,894.4719998836517,-1.45,1.45,False,True,,2026-08-15T03:07:16.618Z,,,-436.618,,0.013,0.29,,,,,,,,
btc-updown-5m-1786763700,btc-5m,2026-08-15 03:10:05.133000+00:00,2026-08-15 03:25:38.946000+00:00,2026-08-15,11,294.8670001029968,-0.95,0.95,False,True,,2026-08-15T03:15:12.121Z,,,-12.121,,0.015,0.29,,,,,,,,
btc-updown-5m-1786763100,btc-5m,2026-08-15 03:00:05.307000+00:00,2026-08-15 03:16:17.006000+00:00,2026-08-15,11,294.6930000782013,-1.45,1.45,False,True,,2026-08-15T03:05:12.638Z,,,-12.638,,0.008,0.29,,,,,,,,
btc-updown-5m-1786762800,btc-5m,2026-08-15 02:55:04.384000+00:00,2026-08-15 03:11:09.692000+00:00,2026-08-15,10,295.6159999370575,-1.1,1.1,False,True,2026-08-15T03:01:46.829Z,,,,-106.829,0.025,,0.29,,,,,,,,
btc-updown-15m-1786761900,btc-15m,2026-08-15 02:30:06.702000+00:00,2026-08-15 03:06:17.237000+00:00,2026-08-15,10,893.2980000972748,-1.2,1.2,False,True,,2026-08-15T02:54:35.733Z,,,-575.733,,0.024,0.29,,,,,,,,
btc-updown-5m-1786762500,btc-5m,2026-08-15 02:50:03.298000+00:00,2026-08-15 03:06:09.353000+00:00,2026-08-15,10,296.7019999027252,-1.2,1.2,False,True,,2026-08-15T02:56:52.197Z,,,-112.197,,0.005,0.29,,,,,,,,
btc-updown-5m-1786762200,btc-5m,2026-08-15 02:45:03.375000+00:00,2026-08-15 03:01:02.412000+00:00,2026-08-15,10,296.625,-1.1,1.1,False,True,2026-08-15T02:52:31.001Z,,,,-151.001,0.021,,0.29,,,,,,,,
btc-updown-5m-1786761600,btc-5m,2026-08-15 02:35:04.513000+00:00,2026-08-15 02:56:03.928000+00:00,2026-08-15,10,295.4869999885559,2.6,2.4,True,False,2026-08-15T02:42:31.133Z,2026-08-15T02:41:17.117Z,2026-08-15T02:42:31.133Z,-151.133,-77.117,0.012,0.003,0.29,,,,,,,,
btc-updown-5m-1786761900,btc-5m,2026-08-15 02:40:03.758000+00:00,2026-08-15 02:56:03.495000+00:00,2026-08-15,10,296.2420001029968,-1.3,1.3,False,True,,2026-08-15T02:47:03.081Z,,,-123.081,,0.012,0.29,,,,,,,,
btc-updown-15m-1786761000,btc-15m,2026-08-15 02:15:07.881000+00:00,2026-08-15 02:54:19.505000+00:00,2026-08-15,10,892.1189999580383,-1.05,1.05,False,True,,2026-08-15T02:38:06.919Z,,,-486.919,,0.037,0.29,,,,,,,,
btc-updown-5m-1786761300,btc-5m,2026-08-15 02:30:04.436000+00:00,2026-08-15 02:46:42.030000+00:00,2026-08-15,10,295.5639998912811,2.6,2.4,True,False,2026-08-15T02:36:20.223Z,2026-08-15T02:38:21.132Z,2026-08-15T02:38:21.132Z,-201.132,-80.223,0.016,0.02,0.29,,,,,,,,
btc-updown-5m-1786761000,btc-5m,2026-08-15 02:25:06.282000+00:00,2026-08-15 02:42:04.229000+00:00,2026-08-15,10,293.71799993515015,-1.45,1.45,False,True,,2026-08-15T02:31:30.687Z,,,-90.687,,0.014,0.29,,,,,,,,
btc-updown-15m-1786760100,btc-15m,2026-08-15 02:00:05.740000+00:00,2026-08-15 02:33:22.981000+00:00,2026-08-15,10,894.2599999904633,-1.1,1.1,False,True,,2026-08-15T02:17:32.924Z,,,-152.924,,0.029,0.29,,,,,,,,
btc-updown-5m-1786760700,btc-5m,2026-08-15 02:20:05.840000+00:00,2026-08-15 02:32:46.703000+00:00,2026-08-15,10,294.1600000858307,-1.35,1.35,False,True,,2026-08-15T02:25:09.805Z,,,-9.805,,0.014,0.29,,,,,,,,
btc-updown-5m-1786760400,btc-5m,2026-08-15 02:15:10.104000+00:00,2026-08-15 02:31:19.565000+00:00,2026-08-15,10,289.89599990844727,-1.4,1.4,False,True,,2026-08-15T02:21:30.032Z,,,-90.032,,0.018,0.29,,,,,,,,
btc-updown-5m-1786760100,btc-5m,2026-08-15 02:10:04.880000+00:00,2026-08-15 02:26:08.384000+00:00,2026-08-15,10,295.1199998855591,-1.2,1.2,False,True,,2026-08-15T02:15:13.865Z,,,-13.865,,0.006,0.29,,,,,,,,
btc-updown-15m-1786759200,btc-15m,2026-08-15 01:45:05.685000+00:00,2026-08-15 02:21:49.720000+00:00,2026-08-15,9,894.3150000572205,-1.35,1.35,False,True,,2026-08-15T02:04:37.468Z,,,-277.468,,0.016,0.29,,,,,,,,
btc-updown-5m-1786759800,btc-5m,2026-08-15 02:05:04.655000+00:00,2026-08-15 02:20:07.441000+00:00,2026-08-15,10,295.34500002861023,2.5,2.5,True,False,2026-08-15T02:12:08.016Z,2026-08-15T02:11:02.270Z,2026-08-15T02:12:08.016Z,-128.016,-62.27,0.02,0.021,0.29,,,,,,,,
btc-updown-5m-1786759500,btc-5m,2026-08-15 02:00:07.878000+00:00,2026-08-15 02:15:11.907000+00:00,2026-08-15,10,292.12199997901917,2.5,2.5,True,False,2026-08-15T02:06:41.293Z,2026-08-15T02:05:23.451Z,2026-08-15T02:06:41.293Z,-101.293,-23.451,0.006,0.011,0.29,,,,,,,,
btc-updown-5m-1786759200,btc-5m,2026-08-15 01:55:04.558000+00:00,2026-08-15 02:10:06.557000+00:00,2026-08-15,9,295.44199991226196,-1.45,1.45,False,True,,2026-08-15T02:01:02.773Z,,,-62.773,,0.021,0.29,,,,,,,,
btc-updown-5m-1786758900,btc-5m,2026-08-15 01:50:06.889000+00:00,2026-08-15 02:06:22.969000+00:00,2026-08-15,9,293.11100006103516,-0.75,0.75,False,True,,2026-08-15T01:58:56.293Z,,,-236.293,,0.019,0.29,,,,,,,,
btc-updown-15m-1786758300,btc-15m,2026-08-15 01:30:03.907000+00:00,2026-08-15 02:04:49.257000+00:00,2026-08-15,9,896.0929999351501,3.3,1.7,True,False,2026-08-15T01:52:18.407Z,2026-08-15T01:58:57.177Z,2026-08-15T01:58:57.177Z,-837.177,-438.407,0.012,0.905,0.29,,,,,,,,
btc-updown-5m-1786758600,btc-5m,2026-08-15 01:45:03.250000+00:00,2026-08-15 02:01:25.742000+00:00,2026-08-15,9,296.75,-1.3,1.3,False,True,2026-08-15T01:52:16.305Z,,,,-136.305,0.01,,0.29,,,,,,,,
btc-updown-5m-1786758300,btc-5m,2026-08-15 01:40:06.093000+00:00,2026-08-15 01:56:24.190000+00:00,2026-08-15,9,293.90700006484985,-1.35,1.35,False,True,2026-08-15T01:46:50.768Z,,,,-110.768,0.006,,0.29,,,,,,,,
btc-updown-5m-1786758000,btc-5m,2026-08-15 01:35:04.952000+00:00,2026-08-15 01:55:57.222000+00:00,2026-08-15,9,295.0480000972748,-1.45,1.45,False,True,2026-08-15T01:41:26.415Z,,,,-86.415,0.487,,0.29,,,,,,,,
btc-updown-15m-1786757400,btc-15m,2026-08-15 01:15:03.397000+00:00,2026-08-15 01:54:10.614000+00:00,2026-08-15,9,896.6029999256134,-1.4,1.4,False,True,,2026-08-15T01:40:02.070Z,,,-602.07,,0.006,0.29,,,,,,,,
btc-updown-5m-1786757700,btc-5m,2026-08-15 01:30:06.084000+00:00,2026-08-15 01:45:40.455000+00:00,2026-08-15,9,293.9159998893738,-1.15,1.15,False,True,,2026-08-15T01:36:05.988Z,,,-65.988,,0.006,0.29,,,,,,,,
btc-updown-5m-1786757400,btc-5m,2026-08-15 01:25:06.093000+00:00,2026-08-15 01:43:02.684000+00:00,2026-08-15,9,293.90700006484985,3.8,1.2,True,False,2026-08-15T01:31:25.934Z,2026-08-15T01:34:42.752Z,2026-08-15T01:34:42.752Z,-282.752,-85.934,1.268,0.017,0.29,,,,,,,,
btc-updown-5m-1786757100,btc-5m,2026-08-15 01:20:07.581000+00:00,2026-08-15 01:37:55.154000+00:00,2026-08-15,9,292.4189999103546,-1.45,1.45,False,True,,2026-08-15T01:25:04.602Z,,,-4.602,,0.57,0.29,,,,,,,,
btc-updown-15m-1786756500,btc-15m,2026-08-15 01:00:06.916000+00:00,2026-08-15 01:37:02.738000+00:00,2026-08-15,9,893.0840001106262,-1.1,1.1,False,True,,2026-08-15T01:24:32.253Z,,,-572.253,,0.003,0.29,,,,,,,,
btc-updown-5m-1786756800,btc-5m,2026-08-15 01:15:05.741000+00:00,2026-08-15 01:32:43.973000+00:00,2026-08-15,9,294.2590000629425,-1.45,1.45,False,True,,2026-08-15T01:21:37.209Z,,,-97.209,,0.003,0.29,,,,,,,,
btc-updown-5m-1786756500,btc-5m,2026-08-15 01:10:05.669000+00:00,2026-08-15 01:25:39.769000+00:00,2026-08-15,9,294.3310000896454,-1.4,1.4,False,True,2026-08-15T01:17:15.783Z,,,,-135.783,0.025,,0.29,,,,,,,,
btc-updown-15m-1786755600,btc-15m,2026-08-15 00:45:05.285000+00:00,2026-08-15 01:21:29.681000+00:00,2026-08-15,8,894.7149999141693,3.0,2.0,True,False,2026-08-15T01:05:42.511Z,2026-08-15T01:12:15.842Z,2026-08-15T01:12:15.842Z,-735.842,-342.511,0.021,0.035,0.29,,,,,,,,
btc-updown-5m-1786756200,btc-5m,2026-08-15 01:05:05.317000+00:00,2026-08-15 01:19:43.318000+00:00,2026-08-15,9,294.68300008773804,3.3,1.7,True,False,2026-08-15T01:13:51.549Z,2026-08-15T01:12:09.449Z,2026-08-15T01:13:51.549Z,-231.549,-129.449,0.028,0.027,0.29,,,,,,,,
btc-updown-5m-1786755900,btc-5m,2026-08-15 01:00:04.720000+00:00,2026-08-15 01:13:11.826000+00:00,2026-08-15,9,295.27999997138977,2.35,2.65,True,False,2026-08-15T01:05:44.715Z,2026-08-15T01:08:47.072Z,2026-08-15T01:08:47.072Z,-227.072,-44.715,0.011,0.013,0.29,,,,,,,,
btc-updown-5m-1786755600,btc-5m,2026-08-15 00:55:05.646000+00:00,2026-08-15 01:10:41.533000+00:00,2026-08-15,8,294.35400009155273,-1.3,1.3,False,True,2026-08-15T01:02:15.081Z,,,,-135.081,0.022,,0.29,,,,,,,,
btc-updown-15m-1786754700,btc-15m,2026-08-15 00:30:05.553000+00:00,2026-08-15 01:06:24.427000+00:00,2026-08-15,8,894.4470000267029,2.25,2.75,True,False,2026-08-15T00:51:53.405Z,2026-08-15T00:57:04.703Z,2026-08-15T00:57:04.703Z,-724.703,-413.405,0.015,0.022,0.29,,,,,,,,
btc-updown-5m-1786755300,btc-5m,2026-08-15 00:50:05.907000+00:00,2026-08-15 01:06:14.954000+00:00,2026-08-15,8,294.09299993515015,-1.1,1.1,False,True,,2026-08-15T00:56:55.817Z,,,-115.817,,0.154,0.29,,,,,,,,
btc-updown-5m-1786755000,btc-5m,2026-08-15 00:45:07.928000+00:00,2026-08-15 00:59:58.866000+00:00,2026-08-15,8,292.0720000267029,-1.3,1.3,False,True,2026-08-15T00:51:51.216Z,,,,-111.216,0.01,,0.29,,,,,,,,
btc-updown-5m-1786754700,btc-5m,2026-08-15 00:40:07.488000+00:00,2026-08-15 00:55:00.987000+00:00,2026-08-15,8,292.51200008392334,-1.25,1.25,False,True,,2026-08-15T00:47:09.021Z,,,-129.021,,1.599,0.29,,,,,,,,
btc-updown-15m-1786753800,btc-15m,2026-08-15 00:15:06.745000+00:00,2026-08-15 00:51:21.284000+00:00,2026-08-15,8,893.2550001144409,-1.45,1.45,False,True,,2026-08-15T00:33:51.346Z,,,-231.346,,0.042,0.29,,,,,,,,
btc-updown-5m-1786754400,btc-5m,2026-08-15 00:35:04.385000+00:00,2026-08-15 00:50:11.027000+00:00,2026-08-15,8,295.61500000953674,-1.45,1.45,False,True,,2026-08-15T00:40:05.386Z,,,-5.386,,0.239,0.29,,,,,,,,
btc-updown-5m-1786754100,btc-5m,2026-08-15 00:30:08.255000+00:00,2026-08-15 00:45:09.507000+00:00,2026-08-15,8,291.7449998855591,-1.1,1.1,False,True,2026-08-15T00:37:55.568Z,,,,-175.568,0.002,,0.29,,,,,,,,
btc-updown-5m-1786753800,btc-5m,2026-08-15 00:25:06.722000+00:00,2026-08-15 00:43:20.891000+00:00,2026-08-15,8,293.27800011634827,-1.2,1.2,False,True,,2026-08-15T00:30:41.089Z,,,-41.089,,0.011,0.29,,,,,,,,
btc-updown-15m-1786752900,btc-15m,2026-08-15 00:00:10.266000+00:00,2026-08-15 00:35:16.888000+00:00,2026-08-15,8,889.7339999675751,2.9,2.1,True,False,2026-08-15T00:29:03.124Z,2026-08-15T00:21:01.352Z,2026-08-15T00:29:03.124Z,-843.124,-361.352,0.021,0.008,0.29,,,,,,,,
btc-updown-5m-1786753500,btc-5m,2026-08-15 00:20:03.642000+00:00,2026-08-15 00:34:26.700000+00:00,2026-08-15,8,296.3580000400543,3.05,1.95,True,False,2026-08-15T00:27:05.437Z,2026-08-15T00:28:40.010Z,2026-08-15T00:28:40.010Z,-220.01,-125.437,0.031,0.008,0.29,,,,,,,,
btc-updown-5m-1786753200,btc-5m,2026-08-15 00:15:04.689000+00:00,2026-08-15 00:31:12.636000+00:00,2026-08-15,8,295.3110001087189,3.2,1.8,True,False,2026-08-15T00:23:19.646Z,2026-08-15T00:21:04.313Z,2026-08-15T00:23:19.646Z,-199.646,-64.313,0.015,0.047,0.29,,,,,,,,
btc-updown-5m-1786752900,btc-5m,2026-08-15 00:10:05.572000+00:00,2026-08-15 00:27:49.927000+00:00,2026-08-15,8,294.4279999732971,-1.35,1.35,False,True,,2026-08-15T00:18:15.266Z,,,-195.266,,0.025,0.29,,,,,,,,
btc-updown-15m-1786752000,btc-15m,2026-08-14 23:45:10.253000+00:00,2026-08-15 00:23:40.214000+00:00,2026-08-15,7,889.7469999790192,-1.3,1.3,False,True,2026-08-15T00:05:55.009Z,,,,-355.009,0.019,,0.29,,,,,,,,
btc-updown-5m-1786752600,btc-5m,2026-08-15 00:05:06.225000+00:00,2026-08-15 00:22:45.285000+00:00,2026-08-15,8,293.77500009536743,-1.35,1.35,False,True,2026-08-15T00:13:22.372Z,,,,-202.372,0.003,,0.29,,,,,,,,
btc-updown-5m-1786752300,btc-5m,2026-08-15 00:00:07.571000+00:00,2026-08-15 00:17:12.869000+00:00,2026-08-15,8,292.42899990081787,-1.35,1.35,False,True,2026-08-15T00:05:51.489Z,,,,-51.489,0.008,,0.29,,,,,,,,
btc-updown-5m-1786752000,btc-5m,2026-08-14 23:55:07.074000+00:00,2026-08-15 00:10:58.182000+00:00,2026-08-15,7,292.9260001182556,2.55,2.45,True,False,2026-08-15T00:03:58.457Z,2026-08-15T00:02:07.537Z,2026-08-15T00:03:58.457Z,-238.457,-127.537,0.003,0.006,0.29,,,,,,,,
btc-updown-5m-1786751700,btc-5m,2026-08-14 23:50:03.269000+00:00,2026-08-15 00:06:42.618000+00:00,2026-08-15,7,296.73099994659424,-1.2,1.2,False,True,2026-08-14T23:57:53.615Z,,,,-173.615,0.021,,0.29,,,,,,,,
btc-updown-15m-1786751100,btc-15m,2026-08-14 23:30:07.277000+00:00,2026-08-15 00:06:32.729000+00:00,2026-08-15,7,892.7230000495911,-1.45,1.45,False,True,,2026-08-14T23:48:49.062Z,,,-229.062,,0.022,0.29,,,,,,,,
btc-updown-5m-1786751400,btc-5m,2026-08-14 23:45:08.078000+00:00,2026-08-15 00:00:32.190000+00:00,2026-08-15,7,291.92199993133545,2.4,2.6,True,False,2026-08-14T23:50:52.263Z,2026-08-14T23:53:05.082Z,2026-08-14T23:53:05.082Z,-185.082,-52.263,0.008,0.018,0.29,,,,,,,,
btc-updown-5m-1786751100,btc-5m,2026-08-14 23:40:06.124000+00:00,2026-08-14 23:55:36.478000+00:00,2026-08-15,7,293.87599992752075,-1.45,1.45,False,True,,2026-08-14T23:48:11.551Z,,,-191.551,,0.018,0.29,,,,,,,,
btc-updown-15m-1786750200,btc-15m,2026-08-14 23:15:10.497000+00:00,2026-08-14 23:52:53.794000+00:00,2026-08-15,7,889.5030000209808,2.1,2.9,True,False,2026-08-14T23:35:26.973Z,2026-08-14T23:32:15.143Z,2026-08-14T23:35:26.973Z,-326.973,-135.143,0.037,0.015,0.29,,,,,,,,
btc-updown-5m-1786750800,btc-5m,2026-08-14 23:35:05.475000+00:00,2026-08-14 23:50:53.738000+00:00,2026-08-15,7,294.52500009536743,-1.4,1.4,False,True,,2026-08-14T23:40:30.020Z,,,-30.02,,0.005,0.29,,,,,,,,
btc-updown-5m-1786750500,btc-5m,2026-08-14 23:30:09.618000+00:00,2026-08-14 23:46:24.681000+00:00,2026-08-15,7,290.3819999694824,3.1,1.9,True,False,2026-08-14T23:35:24.297Z,2026-08-14T23:38:35.847Z,2026-08-14T23:38:35.847Z,-215.847,-24.297,0.01,0.003,0.29,,,,,,,,
btc-updown-5m-1786750200,btc-5m,2026-08-14 23:25:04.129000+00:00,2026-08-14 23:40:36.219000+00:00,2026-08-15,7,295.8710000514984,-1.05,1.05,False,True,,2026-08-14T23:31:56.061Z,,,-116.061,,0.007,0.29,,,,,,,,
btc-updown-5m-1786749900,btc-5m,2026-08-14 23:20:03.945000+00:00,2026-08-14 23:34:37.335000+00:00,2026-08-15,7,296.0550000667572,-1.35,1.35,False,True,2026-08-14T23:24:56.162Z,,,,3.838,0.911,,0.29,,,,,,,,
btc-updown-15m-1786749300,btc-15m,2026-08-14 23:00:05.973000+00:00,2026-08-14 23:33:52.429000+00:00,2026-08-15,7,894.0269999504089,2.5,2.5,True,False,2026-08-14T23:18:13.449Z,2026-08-14T23:24:16.848Z,2026-08-14T23:24:16.848Z,-556.848,-193.449,0.015,0.023,0.29,,,,,,,,
btc-updown-5m-1786749600,btc-5m,2026-08-14 23:15:07.847000+00:00,2026-08-14 23:32:38.868000+00:00,2026-08-15,7,292.15300011634827,3.7,1.3,True,False,2026-08-14T23:20:21.248Z,2026-08-14T23:23:33.135Z,2026-08-14T23:23:33.135Z,-213.135,-21.248,0.014,0.015,0.29,,,,,,,,
btc-updown-5m-1786749300,btc-5m,2026-08-14 23:10:02.254000+00:00,2026-08-14 23:24:29.262000+00:00,2026-08-15,7,297.7460000514984,2.15,2.85,True,False,2026-08-14T23:16:07.672Z,2026-08-14T23:15:14.151Z,2026-08-14T23:16:07.672Z,-67.672,-14.151,0.008,0.033,0.29,,,,,,,,
btc-updown-5m-1786749000,btc-5m,2026-08-14 23:05:03.521000+00:00,2026-08-14 23:21:59.043000+00:00,2026-08-15,7,296.47900009155273,-1.45,1.45,False,True,,2026-08-14T23:11:03.955Z,,,-63.955,,0.048,0.29,,,,,,,,
btc-updown-15m-1786748400,btc-15m,2026-08-14 22:45:08.510000+00:00,2026-08-14 23:19:48.814000+00:00,2026-08-15,6,891.4900000095367,-1.4,1.4,False,True,,2026-08-14T23:10:19.019Z,,,-619.019,,0.011,0.29,,,,,,,,
btc-updown-5m-1786748700,btc-5m,2026-08-14 23:00:08.141000+00:00,2026-08-14 23:19:00.931000+00:00,2026-08-15,7,291.8589999675751,-1.45,1.45,False,True,,2026-08-14T23:07:49.618Z,,,-169.618,,0.008,0.29,,,,,,,,
btc-updown-5m-1786748400,btc-5m,2026-08-14 22:55:05.888000+00:00,2026-08-14 23:12:07.047000+00:00,2026-08-15,6,294.1119999885559,-1.15,1.15,False,True,2026-08-14T23:02:54.025Z,,,,-174.025,0.007,,0.29,,,,,,,,
btc-updown-15m-1786747500,btc-15m,2026-08-14 22:30:04.209000+00:00,2026-08-14 23:07:45.757000+00:00,2026-08-15,6,895.7909998893738,3.6,1.4,True,False,2026-08-14T22:55:29.869Z,2026-08-14T22:58:36.493Z,2026-08-14T22:58:36.493Z,-816.493,-629.869,0.003,0.003,0.29,,,,,,,,
btc-updown-5m-1786748100,btc-5m,2026-08-14 22:50:04.237000+00:00,2026-08-14 23:07:24.976000+00:00,2026-08-15,6,295.7630000114441,2.8,2.2,True,False,2026-08-14T22:55:28.381Z,2026-08-14T22:58:34.318Z,2026-08-14T22:58:34.318Z,-214.318,-28.381,0.005,0.035,0.29,,,,,,,,
btc-updown-5m-1786747800,btc-5m,2026-08-14 22:45:06.437000+00:00,2026-08-14 23:00:15.487000+00:00,2026-08-15,6,293.5629999637604,2.95,2.05,True,False,2026-08-14T22:52:48.636Z,2026-08-14T22:53:19.328Z,2026-08-14T22:53:19.328Z,-199.328,-168.636,0.003,0.012,0.29,,,,,,,,
btc-updown-5m-1786747500,btc-5m,2026-08-14 22:40:07.682000+00:00,2026-08-14 22:55:07.583000+00:00,2026-08-15,6,292.3180000782013,2.15,2.85,True,False,2026-08-14T22:47:09.084Z,2026-08-14T22:45:27.159Z,2026-08-14T22:47:09.084Z,-129.084,-27.159,0.005,0.013,0.29,,,,,,,,
btc-updown-5m-1786747200,btc-5m,2026-08-14 22:35:05.586000+00:00,2026-08-14 22:50:10.187000+00:00,2026-08-15,6,294.4140000343323,-1.0,1.0,False,True,,2026-08-14T22:42:05.279Z,,,-125.279,,0.016,0.29,,,,,,,,
btc-updown-15m-1786746600,btc-15m,2026-08-14 22:15:08.819000+00:00,2026-08-14 22:50:09.872000+00:00,2026-08-15,6,891.180999994278,-1.4,1.4,False,True,,2026-08-14T22:30:49.849Z,,,-49.849,,0.015,0.29,,,,,,,,
btc-updown-5m-1786746900,btc-5m,2026-08-14 22:30:06.464000+00:00,2026-08-14 22:45:10.287000+00:00,2026-08-15,6,293.53600001335144,-1.45,1.45,False,True,,2026-08-14T22:35:17.095Z,,,-17.095,,0.009,0.29,,,,,,,,
btc-updown-5m-1786746600,btc-5m,2026-08-14 22:25:07.621000+00:00,2026-08-14 22:40:03.105000+00:00,2026-08-15,6,292.3789999485016,-1.2,1.2,False,True,,2026-08-14T22:30:26.365Z,,,-26.365,,0.007,0.29,,,,,,,,
btc-updown-5m-1786746300,btc-5m,2026-08-14 22:20:05.942000+00:00,2026-08-14 22:34:54.840000+00:00,2026-08-15,6,294.05800008773804,-1.45,1.45,False,True,2026-08-14T22:27:14.199Z,,,,-134.199,0.009,,0.29,,,,,,,,
btc-updown-15m-1786745700,btc-15m,2026-08-14 22:00:09.567000+00:00,2026-08-14 22:34:36.197000+00:00,2026-08-15,6,890.433000087738,-1.4,1.4,False,True,2026-08-14T22:17:03.307Z,,,,-123.307,0.021,,0.29,,,,,,,,
btc-updown-5m-1786746000,btc-5m,2026-08-14 22:15:06.906000+00:00,2026-08-14 22:30:13.499000+00:00,2026-08-15,6,293.0940001010895,2.65,2.35,True,False,2026-08-14T22:24:21.526Z,2026-08-14T22:21:46.881Z,2026-08-14T22:24:21.526Z,-261.526,-106.881,0.003,0.003,0.29,,,,,,,,
btc-updown-5m-1786745700,btc-5m,2026-08-14 22:10:06.631000+00:00,2026-08-14 22:23:51.362000+00:00,2026-08-15,6,293.36899995803833,-1.15,1.15,False,True,2026-08-14T22:15:54.533Z,,,,-54.533,0.019,,0.29,,,,,,,,
btc-updown-5m-1786745400,btc-5m,2026-08-14 22:05:04.568000+00:00,2026-08-14 22:20:07.313000+00:00,2026-08-15,6,295.4319999217987,-0.8,0.8,False,True,2026-08-14T22:10:57.057Z,,,,-57.057,0.091,,0.29,,,,,,,,
btc-updown-15m-1786744800,btc-15m,2026-08-14 21:45:07.498000+00:00,2026-08-14 22:19:23.340000+00:00,2026-08-15,5,892.5020000934601,-1.45,1.45,False,True,2026-08-14T22:07:37.107Z,,,,-457.107,0.008,,0.29,,,,,,,,
btc-updown-5m-1786744800,btc-5m,2026-08-14 21:55:05.806000+00:00,2026-08-14 22:12:50.570000+00:00,2026-08-15,5,294.19400000572205,2.35,2.65,True,False,2026-08-14T22:00:11.017Z,2026-08-14T22:01:37.207Z,2026-08-14T22:01:37.207Z,-97.207,-11.017,0.017,0.015,0.29,,,,,,,,
btc-updown-5m-1786745100,btc-5m,2026-08-14 22:00:07.577000+00:00,2026-08-14 22:12:50.238000+00:00,2026-08-15,6,292.4230000972748,-1.3,1.3,False,True,2026-08-14T22:07:05.228Z,,,,-125.228,0.009,,0.29,,,,,,,,
btc-updown-15m-1786743900,btc-15m,2026-08-14 21:30:08.041000+00:00,2026-08-14 22:08:51.892000+00:00,2026-08-15,5,891.9590001106262,-1.45,1.45,False,True,,2026-08-14T21:50:04.405Z,,,-304.405,,0.008,0.29,,,,,,,,
btc-updown-5m-1786744500,btc-5m,2026-08-14 21:50:07.367000+00:00,2026-08-14 22:07:45.807000+00:00,2026-08-15,5,292.6329998970032,-1.35,1.35,False,True,,2026-08-14T21:56:28.814Z,,,-88.814,,0.009,0.29,,,,,,,,
btc-updown-5m-1786744200,btc-5m,2026-08-14 21:45:04.948000+00:00,2026-08-14 22:02:21.693000+00:00,2026-08-15,5,295.05200004577637,-1.2,1.2,False,True,2026-08-14T21:52:37.737Z,,,,-157.737,0.009,,0.29,,,,,,,,
btc-updown-5m-1786743900,btc-5m,2026-08-14 21:40:04.805000+00:00,2026-08-14 21:55:02.010000+00:00,2026-08-15,5,295.1949999332428,2.45,2.55,True,False,2026-08-14T21:46:33.052Z,2026-08-14T21:47:46.625Z,2026-08-14T21:47:46.625Z,-166.625,-93.052,0.018,0.006,0.29,,,,,,,,
btc-updown-5m-1786743600,btc-5m,2026-08-14 21:35:06.770000+00:00,2026-08-14 21:52:14.027000+00:00,2026-08-15,5,293.2300000190735,2.5,2.5,True,False,2026-08-14T21:43:32.016Z,2026-08-14T21:40:13.464Z,2026-08-14T21:43:32.016Z,-212.016,-13.464,0.858,0.005,0.29,,,,,,,,
btc-updown-15m-1786743000,btc-15m,2026-08-14 21:15:08.759000+00:00,2026-08-14 21:50:02.419000+00:00,2026-08-15,5,891.2409999370575,2.45,2.55,True,False,2026-08-14T21:36:47.805Z,2026-08-14T21:40:15.646Z,2026-08-14T21:40:15.646Z,-615.646,-407.805,0.008,0.007,0.29,,,,,,,,
btc-updown-5m-1786743300,btc-5m,2026-08-14 21:30:05.898000+00:00,2026-08-14 21:47:29.745000+00:00,2026-08-15,5,294.10199999809265,2.85,2.15,True,False,2026-08-14T21:36:45.803Z,2026-08-14T21:38:37.089Z,2026-08-14T21:38:37.089Z,-217.089,-105.803,0.007,0.004,0.29,,,,,,,,
btc-updown-5m-1786743000,btc-5m,2026-08-14 21:25:06.428000+00:00,2026-08-14 21:42:35.418000+00:00,2026-08-15,5,293.5720000267029,-1.25,1.25,False,True,2026-08-14T21:32:01.288Z,,,,-121.288,0.027,,0.29,,,,,,,,
btc-updown-5m-1786742700,btc-5m,2026-08-14 21:20:04.266000+00:00,2026-08-14 21:36:54.649000+00:00,2026-08-15,5,295.7339999675751,3.0,2.0,True,False,2026-08-14T21:29:21.035Z,2026-08-14T21:27:37.186Z,2026-08-14T21:29:21.035Z,-261.035,-157.186,1.297,3.483,0.29,,,,,,,,
btc-updown-15m-1786742100,btc-15m,2026-08-14 21:00:07.392000+00:00,2026-08-14 21:33:22.015000+00:00,2026-08-15,5,892.6080000400543,3.1,1.9,True,False,2026-08-14T21:29:02.669Z,2026-08-14T21:27:34.073Z,2026-08-14T21:29:02.669Z,-842.669,-754.073,0.043,0.371,0.29,,,,,,,,
btc-updown-5m-1786742400,btc-5m,2026-08-14 21:15:06.745000+00:00,2026-08-14 21:28:36.273000+00:00,2026-08-15,5,293.2550001144409,-1.4,1.4,False,True,2026-08-14T21:20:12.938Z,,,,-12.938,0.021,,0.29,,,,,,,,
btc-updown-5m-1786742100,btc-5m,2026-08-14 21:10:06.515000+00:00,2026-08-14 21:26:52.294000+00:00,2026-08-15,5,293.4849998950958,2.5,2.5,True,False,2026-08-14T21:19:01.883Z,2026-08-14T21:17:27.763Z,2026-08-14T21:19:01.883Z,-241.883,-147.763,0.003,1.357,0.29,,,,,,,,
btc-updown-5m-1786741800,btc-5m,2026-08-14 21:05:04.082000+00:00,2026-08-14 21:23:50.757000+00:00,2026-08-15,5,295.91799998283386,-0.9,0.9,False,True,,2026-08-14T21:11:38.968Z,,,-98.968,,0.017,0.29,,,,,,,,
btc-updown-15m-1786741200,btc-15m,2026-08-14 20:45:05.368000+00:00,2026-08-14 21:21:44.474000+00:00,2026-08-15,4,894.6319999694824,2.95,2.05,True,False,2026-08-14T21:14:19.085Z,2026-08-14T21:00:27.323Z,2026-08-14T21:14:19.085Z,-859.085,-27.323,0.022,0.011,0.29,,,,,,,,
btc-updown-5m-1786741500,btc-5m,2026-08-14 21:00:04.789000+00:00,2026-08-14 21:14:54.270000+00:00,2026-08-15,5,295.2109999656677,-1.35,1.35,False,True,2026-08-14T21:08:13.266Z,,,,-193.266,0.005,,0.29,,,,,,,,
btc-updown-5m-1786741200,btc-5m,2026-08-14 20:55:04.993000+00:00,2026-08-14 21:13:27.671000+00:00,2026-08-15,4,295.0069999694824,-1.0,1.0,False,True,,2026-08-14T21:00:20.040Z,,,-20.04,,0.017,0.29,,,,,,,,
btc-updown-15m-1786740300,btc-15m,2026-08-14 20:30:07.242000+00:00,2026-08-14 21:08:27.328000+00:00,2026-08-15,4,892.7579998970032,2.35,2.65,True,False,2026-08-14T20:56:15.684Z,2026-08-14T20:49:48.727Z,2026-08-14T20:56:15.684Z,-675.684,-288.727,0.016,0.022,0.29,,,,,,,,
btc-updown-5m-1786740900,btc-5m,2026-08-14 20:50:05.458000+00:00,2026-08-14 21:08:15.354000+00:00,2026-08-15,4,294.5420000553131,-1.05,1.05,False,True,2026-08-14T20:56:21.816Z,,,,-81.816,0.007,,0.29,,,,,,,,
btc-updown-5m-1786740600,btc-5m,2026-08-14 20:45:07.948000+00:00,2026-08-14 20:59:51.352000+00:00,2026-08-15,4,292.05200004577637,3.45,1.55,True,False,2026-08-14T20:54:05.455Z,2026-08-14T20:50:13.285Z,2026-08-14T20:54:05.455Z,-245.455,-13.285,0.007,0.034,0.29,,,,,,,,
btc-updown-5m-1786740300,btc-5m,2026-08-14 20:40:06.387000+00:00,2026-08-14 20:54:48.038000+00:00,2026-08-15,4,293.61299991607666,2.35,2.65,True,False,2026-08-14T20:48:02.155Z,2026-08-14T20:45:02.332Z,2026-08-14T20:48:02.155Z,-182.155,-2.332,0.015,0.772,0.29,,,,,,,,
btc-updown-5m-1786740000,btc-5m,2026-08-14 20:35:04.138000+00:00,2026-08-14 20:51:53.846000+00:00,2026-08-15,4,295.8619999885559,-0.95,0.95,False,True,2026-08-14T20:43:51.452Z,,,,-231.452,0.003,,0.29,,,,,,,,
btc-updown-15m-1786739400,btc-15m,2026-08-14 20:15:03.554000+00:00,2026-08-14 20:51:03.737000+00:00,2026-08-15,4,896.4460000991821,-1.3,1.3,False,True,2026-08-14T20:35:17.447Z,,,,-317.447,0.017,,0.29,,,,,,,,
btc-updown-5m-1786739700,btc-5m,2026-08-14 20:30:09.531000+00:00,2026-08-14 20:46:49.427000+00:00,2026-08-15,4,290.4690001010895,-1.4,1.4,False,True,2026-08-14T20:35:27.927Z,,,,-27.927,0.008,,0.29,,,,,,,,
btc-updown-5m-1786739400,btc-5m,2026-08-14 20:25:05.665000+00:00,2026-08-14 20:39:09.736000+00:00,2026-08-15,4,294.335000038147,-0.7,0.7,False,True,2026-08-14T20:32:56.679Z,,,,-176.679,0.025,,0.29,,,,,,,,
btc-updown-15m-1786738500,btc-15m,2026-08-14 20:00:08.367000+00:00,2026-08-14 20:35:03.239000+00:00,2026-08-15,4,891.6329998970032,-1.35,1.35,False,True,2026-08-14T20:17:12.796Z,,,,-132.796,0.021,,0.29,,,,,,,,
btc-updown-5m-1786739100,btc-5m,2026-08-14 20:20:07.264000+00:00,2026-08-14 20:34:03.953000+00:00,2026-08-15,4,292.73600006103516,-1.4,1.4,False,True,2026-08-14T20:25:14.850Z,,,,-14.85,0.009,,0.29,,,,,,,,
btc-updown-5m-1786738800,btc-5m,2026-08-14 20:15:06.420000+00:00,2026-08-14 20:31:46.144000+00:00,2026-08-15,4,293.57999992370605,-1.2,1.2,False,True,,2026-08-14T20:22:04.354Z,,,-124.354,,0.015,0.29,,,,,,,,
btc-updown-5m-1786738500,btc-5m,2026-08-14 20:10:06.350000+00:00,2026-08-14 20:25:50.932000+00:00,2026-08-15,4,293.65000009536743,-1.45,1.45,False,True,2026-08-14T20:15:31.833Z,,,,-31.833,0.014,,0.29,,,,,,,,
btc-updown-5m-1786738200,btc-5m,2026-08-14 20:05:04.685000+00:00,2026-08-14 20:21:10.336000+00:00,2026-08-15,4,295.31500005722046,-1.4,1.4,False,True,2026-08-14T20:11:55.367Z,,,,-115.367,0.003,,0.29,,,,,,,,
btc-updown-15m-1786737600,btc-15m,2026-08-14 19:45:06.108000+00:00,2026-08-14 20:19:25.035000+00:00,2026-08-15,3,893.8919999599457,-1.05,1.05,False,True,,2026-08-14T20:01:56.679Z,,,-116.679,,0.013,0.29,,,,,,,,
btc-updown-5m-1786737900,btc-5m,2026-08-14 20:00:11.454000+00:00,2026-08-14 20:15:35.376000+00:00,2026-08-15,4,288.5460000038147,2.15,2.85,True,False,2026-08-14T20:07:13.775Z,2026-08-14T20:05:37.672Z,2026-08-14T20:07:13.775Z,-133.775,-37.672,0.009,0.005,0.29,,,,,,,,
btc-updown-5m-1786737600,btc-5m,2026-08-14 19:55:06.210000+00:00,2026-08-14 20:12:35.147000+00:00,2026-08-15,3,293.789999961853,-1.3,1.3,False,True,,2026-08-14T20:00:06.482Z,,,-6.482,,0.676,0.29,,,,,,,,
btc-updown-5m-1786737300,btc-5m,2026-08-14 19:50:04.712000+00:00,2026-08-14 20:06:39.337000+00:00,2026-08-15,3,295.2880001068115,-1.35,1.35,False,True,2026-08-14T19:57:37.363Z,,,,-157.363,0.016,,0.29,,,,,,,,
btc-updown-15m-1786736700,btc-15m,2026-08-14 19:30:08.704000+00:00,2026-08-14 20:05:20.004000+00:00,2026-08-15,3,891.2960000038147,-1.45,1.45,False,True,2026-08-14T19:46:51.219Z,,,,-111.219,0.016,,0.29,,,,,,,,
btc-updown-5m-1786737000,btc-5m,2026-08-14 19:45:08.379000+00:00,2026-08-14 20:01:48.467000+00:00,2026-08-15,3,291.6210000514984,-1.4,1.4,False,True,,2026-08-14T19:53:09.001Z,,,-189.001,,0.025,0.29,,,,,,,,
btc-updown-5m-1786736700,btc-5m,2026-08-14 19:40:06.517000+00:00,2026-08-14 19:56:04.897000+00:00,2026-08-15,3,293.4830000400543,2.35,2.65,True,False,2026-08-14T19:46:42.057Z,2026-08-14T19:45:40.577Z,2026-08-14T19:46:42.057Z,-102.057,-40.577,0.005,0.02,0.29,,,,,,,,
btc-updown-5m-1786736400,btc-5m,2026-08-14 19:35:05.074000+00:00,2026-08-14 19:52:38.891000+00:00,2026-08-15,3,294.9260001182556,2.35,2.65,True,False,2026-08-14T19:40:16.966Z,2026-08-14T19:41:22.376Z,2026-08-14T19:41:22.376Z,-82.376,-16.966,0.009,1.898,0.29,,,,,,,,
btc-updown-15m-1786735800,btc-15m,2026-08-14 19:15:06.798000+00:00,2026-08-14 19:52:25.250000+00:00,2026-08-15,3,893.2019999027252,2.3,2.7,True,False,2026-08-14T19:30:27.407Z,2026-08-14T19:41:12.402Z,2026-08-14T19:41:12.402Z,-672.402,-27.407,0.012,0.024,0.29,,,,,,,,
btc-updown-5m-1786736100,btc-5m,2026-08-14 19:30:05.281000+00:00,2026-08-14 19:45:10.094000+00:00,2026-08-15,3,294.7190001010895,-1.45,1.45,False,True,,2026-08-14T19:35:38.214Z,,,-38.214,,0.019,0.29,,,,,,,,
btc-updown-5m-1786735800,btc-5m,2026-08-14 19:25:06.404000+00:00,2026-08-14 19:40:07.717000+00:00,2026-08-15,3,293.595999956131,-1.0,1.0,False,True,2026-08-14T19:30:21.744Z,,,,-21.744,2.316,,0.29,,,,,,,,
btc-updown-5m-1786735500,btc-5m,2026-08-14 19:20:04.077000+00:00,2026-08-14 19:37:46.139000+00:00,2026-08-15,3,295.9230000972748,-1.35,1.35,False,True,,2026-08-14T19:27:27.659Z,,,-147.659,,0.012,0.29,,,,,,,,
btc-updown-15m-1786734900,btc-15m,2026-08-14 19:00:10.227000+00:00,2026-08-14 19:34:03.755000+00:00,2026-08-15,3,889.7730000019073,2.5,2.5,True,False,2026-08-14T19:19:35.437Z,2026-08-14T19:22:24.029Z,2026-08-14T19:22:24.029Z,-444.029,-275.437,0.004,0.012,0.29,,,,,,,,
btc-updown-5m-1786735200,btc-5m,2026-08-14 19:15:04.170000+00:00,2026-08-14 19:30:00.229000+00:00,2026-08-15,3,295.82999992370605,-1.4,1.4,False,True,,2026-08-14T19:21:13.779Z,,,-73.779,,0.011,0.29,,,,,,,,
btc-updown-5m-1786734900,btc-5m,2026-08-14 19:10:06.524000+00:00,2026-08-14 19:27:24.536000+00:00,2026-08-15,3,293.4760000705719,-1.35,1.35,False,True,2026-08-14T19:16:03.286Z,,,,-63.286,0.015,,0.29,,,,,,,,
btc-updown-15m-1786734000,btc-15m,2026-08-14 18:45:07.769000+00:00,2026-08-14 19:22:07.370000+00:00,2026-08-15,2,892.2309999465942,-1.35,1.35,False,True,2026-08-14T19:00:53.551Z,,,,-53.551,0.038,,0.29,,,,,,,,
btc-updown-5m-1786734600,btc-5m,2026-08-14 19:05:03.294000+00:00,2026-08-14 19:20:06.882000+00:00,2026-08-15,3,296.7060000896454,-1.35,1.35,False,True,2026-08-14T19:10:41.728Z,,,,-41.728,0.007,,0.29,,,,,,,,
btc-updown-5m-1786734300,btc-5m,2026-08-14 19:00:07.699000+00:00,2026-08-14 19:15:05.787000+00:00,2026-08-15,3,292.3010001182556,2.6,2.4,True,False,2026-08-14T19:06:50.612Z,2026-08-14T19:09:02.157Z,2026-08-14T19:09:02.157Z,-242.157,-110.612,0.01,0.013,0.29,,,,,,,,
btc-updown-5m-1786734000,btc-5m,2026-08-14 18:55:06.079000+00:00,2026-08-14 19:10:46.623000+00:00,2026-08-15,2,293.9210000038147,-1.3,1.3,False,True,2026-08-14T19:00:28.276Z,,,,-28.276,0.017,,0.29,,,,,,,,
btc-updown-5m-1786733700,btc-5m,2026-08-14 18:50:06.817000+00:00,2026-08-14 19:06:37.576000+00:00,2026-08-15,2,293.18300008773804,2.8,2.2,True,False,2026-08-14T18:58:22.578Z,2026-08-14T18:56:56.527Z,2026-08-14T18:58:22.578Z,-202.578,-116.527,0.007,0.01,0.29,,,,,,,,
btc-updown-15m-1786733100,btc-15m,2026-08-14 18:30:04.426000+00:00,2026-08-14 19:05:32.104000+00:00,2026-08-15,2,895.5739998817444,-1.3,1.3,False,True,2026-08-14T18:46:59.573Z,,,,-119.573,0.019,,0.29,,,,,,,,
btc-updown-5m-1786733400,btc-5m,2026-08-14 18:45:05.814000+00:00,2026-08-14 19:00:42.027000+00:00,2026-08-15,2,294.1860001087189,-1.2,1.2,False,True,,2026-08-14T18:50:28.674Z,,,-28.674,,0.004,0.29,,,,,,,,
btc-updown-5m-1786733100,btc-5m,2026-08-14 18:40:07.275000+00:00,2026-08-14 18:56:50.030000+00:00,2026-08-15,2,292.72499990463257,-1.45,1.45,False,True,2026-08-14T18:46:04.607Z,,,,-64.607,0.014,,0.29,,,,,,,,
btc-updown-5m-1786732800,btc-5m,2026-08-14 18:35:05.823000+00:00,2026-08-14 18:52:15.037000+00:00,2026-08-15,2,294.17700004577637,2.7,2.3,True,False,2026-08-14T18:42:14.456Z,2026-08-14T18:40:40.872Z,2026-08-14T18:42:14.456Z,-134.456,-40.872,0.01,0.003,0.29,,,,,,,,
btc-updown-15m-1786732200,btc-15m,2026-08-14 18:15:06.109000+00:00,2026-08-14 18:49:28.674000+00:00,2026-08-15,2,893.8910000324249,-1.3,1.3,False,True,2026-08-14T18:32:29.235Z,,,,-149.235,0.022,,0.29,,,,,,,,
btc-updown-5m-1786732500,btc-5m,2026-08-14 18:30:02.819000+00:00,2026-08-14 18:45:43.301000+00:00,2026-08-15,2,297.18099999427795,-1.45,1.45,False,True,,2026-08-14T18:36:40.411Z,,,-100.411,,0.005,0.29,,,,,,,,
btc-updown-5m-1786732200,btc-5m,2026-08-14 18:25:05.708000+00:00,2026-08-14 18:41:45.300000+00:00,2026-08-15,2,294.2920000553131,-1.4,1.4,False,True,2026-08-14T18:31:30.615Z,,,,-90.615,0.01,,0.29,,,,,,,,
btc-updown-5m-1786731900,btc-5m,2026-08-14 18:20:06.850000+00:00,2026-08-14 18:36:11.649000+00:00,2026-08-15,2,293.15000009536743,2.9,2.1,True,False,2026-08-14T18:29:13.848Z,2026-08-14T18:26:02.973Z,2026-08-14T18:29:13.848Z,-253.848,-62.973,0.003,0.007,0.29,,,,,,,,
btc-updown-15m-1786731300,btc-15m,2026-08-14 18:00:09.026000+00:00,2026-08-14 18:35:51.231000+00:00,2026-08-15,2,890.9739999771118,-1.25,1.25,False,True,,2026-08-14T18:18:50.757Z,,,-230.757,,0.009,0.29,,,,,,,,
btc-updown-5m-1786731600,btc-5m,2026-08-14 18:15:08.368000+00:00,2026-08-14 18:30:09.453000+00:00,2026-08-15,2,291.6319999694824,2.35,2.65,True,False,2026-08-14T18:24:22.165Z,2026-08-14T18:21:29.266Z,2026-08-14T18:24:22.165Z,-262.165,-89.266,0.006,0.017,0.29,,,,,,,,
btc-updown-5m-1786731300,btc-5m,2026-08-14 18:10:03.521000+00:00,2026-08-14 18:24:20.194000+00:00,2026-08-15,2,296.47900009155273,-1.45,1.45,False,True,,2026-08-14T18:16:28.689Z,,,-88.689,,0.003,0.29,,,,,,,,
btc-updown-15m-1786730400,btc-15m,2026-08-14 17:45:04.050000+00:00,2026-08-14 18:19:10.402000+00:00,2026-08-15,1,895.9500000476837,2.2,2.8,True,False,2026-08-14T18:01:37.494Z,2026-08-14T18:04:10.042Z,2026-08-14T18:04:10.042Z,-250.042,-97.494,0.346,0.012,0.29,,,,,,,,
btc-updown-5m-1786731000,btc-5m,2026-08-14 18:05:02.472000+00:00,2026-08-14 18:19:05.188000+00:00,2026-08-15,2,297.52800011634827,2.6,2.4,True,False,2026-08-14T18:14:01.474Z,2026-08-14T18:10:14.791Z,2026-08-14T18:14:01.474Z,-241.474,-14.791,0.021,0.017,0.29,,,,,,,,
btc-updown-5m-1786730700,btc-5m,2026-08-14 18:00:12.292000+00:00,2026-08-14 18:19:02.396000+00:00,2026-08-15,2,287.7079999446869,3.25,1.75,True,False,2026-08-14T18:09:19.198Z,2026-08-14T18:05:59.659Z,2026-08-14T18:09:19.198Z,-259.198,-59.659,0.023,0.022,0.29,,,,,,,,
btc-updown-5m-1786730400,btc-5m,2026-08-14 17:55:08.292000+00:00,2026-08-14 18:09:00.274000+00:00,2026-08-15,1,291.7079999446869,2.95,2.05,True,False,2026-08-14T18:01:22.458Z,2026-08-14T18:03:10.243Z,2026-08-14T18:03:10.243Z,-190.243,-82.458,0.015,0.021,0.29,,,,,,,,
btc-updown-15m-1786729500,btc-15m,2026-08-14 17:30:06.443000+00:00,2026-08-14 18:06:38.101000+00:00,2026-08-15,1,893.5569999217987,2.4,2.6,True,False,2026-08-14T17:55:05.308Z,2026-08-14T17:45:14.457Z,2026-08-14T17:55:05.308Z,-605.308,-14.457,0.002,0.003,0.29,,,,,,,,
btc-updown-5m-1786730100,btc-5m,2026-08-14 17:50:04.038000+00:00,2026-08-14 18:04:08.063000+00:00,2026-08-15,1,295.9619998931885,-1.45,1.45,False,True,2026-08-14T17:55:04.003Z,,,,-4.003,0.736,,0.29,,,,,,,,
btc-updown-5m-1786729800,btc-5m,2026-08-14 17:45:05.677000+00:00,2026-08-14 18:00:44.814000+00:00,2026-08-15,1,294.32299995422363,-1.25,1.25,False,True,2026-08-14T17:50:21.878Z,,,,-21.878,0.031,,0.29,,,,,,,,
btc-updown-5m-1786729500,btc-5m,2026-08-14 17:40:05.503000+00:00,2026-08-14 17:55:10.022000+00:00,2026-08-15,1,294.49699997901917,-1.4,1.4,False,True,,2026-08-14T17:45:01.341Z,,,-1.341,,0.604,0.29,,,,,,,,
btc-updown-15m-1786728600,btc-15m,2026-08-14 17:15:04.537000+00:00,2026-08-14 17:52:07.963000+00:00,2026-08-15,1,895.4630000591278,-1.3,1.3,False,True,2026-08-14T17:35:56.417Z,,,,-356.417,0.01,,0.29,,,,,,,,
btc-updown-5m-1786729200,btc-5m,2026-08-14 17:35:07.170000+00:00,2026-08-14 17:48:37.074000+00:00,2026-08-15,1,292.82999992370605,-1.15,1.15,False,True,2026-08-14T17:42:43.914Z,,,,-163.914,0.003,,0.29,,,,,,,,
btc-updown-5m-1786728900,btc-5m,2026-08-14 17:30:08.565000+00:00,2026-08-14 17:46:41.782000+00:00,2026-08-15,1,291.43499994277954,-1.2,1.2,False,True,2026-08-14T17:35:44.085Z,,,,-44.085,0.015,,0.29,,,,,,,,
btc-updown-5m-1786728300,btc-5m,2026-08-14 17:20:07.305000+00:00,2026-08-14 17:38:17.853000+00:00,2026-08-15,1,292.6949999332428,-1.1,1.1,False,True,2026-08-14T17:25:49.980Z,,,,-49.98,0.011,,0.29,,,,,,,,
btc-updown-5m-1786728600,btc-5m,2026-08-14 17:25:03.738000+00:00,2026-08-14 17:38:17.530000+00:00,2026-08-15,1,296.26200008392334,2.25,2.75,True,False,2026-08-14T17:30:32.756Z,2026-08-14T17:32:06.218Z,2026-08-14T17:32:06.218Z,-126.218,-32.756,0.006,0.013,0.29,,,,,,,,
btc-updown-15m-1786727700,btc-15m,2026-08-14 17:00:09.715000+00:00,2026-08-14 17:37:29.839000+00:00,2026-08-15,1,890.2850000858307,-1.3,1.3,False,True,,2026-08-14T17:19:40.071Z,,,-280.071,,0.027,0.29,,,,,,,,
btc-updown-5m-1786728000,btc-5m,2026-08-14 17:15:06.598000+00:00,2026-08-14 17:31:31.835000+00:00,2026-08-15,1,293.40199995040894,-1.35,1.35,False,True,,2026-08-14T17:20:45.150Z,,,-45.15,,0.019,0.29,,,,,,,,
btc-updown-5m-1786727700,btc-5m,2026-08-14 17:10:08.068000+00:00,2026-08-14 17:26:22.240000+00:00,2026-08-15,1,291.9319999217987,-1.1,1.1,False,True,,2026-08-14T17:16:50.028Z,,,-110.028,,0.004,0.29,,,,,,,,
btc-updown-5m-1786727400,btc-5m,2026-08-14 17:05:04.955000+00:00,2026-08-14 17:22:16.799000+00:00,2026-08-15,1,295.04500007629395,-1.3,1.3,False,True,,2026-08-14T17:10:20.978Z,,,-20.978,,0.016,0.29,,,,,,,,
btc-updown-15m-1786726800,btc-15m,2026-08-14 16:45:05.687000+00:00,2026-08-14 17:20:56.424000+00:00,2026-08-15,0,894.3129999637604,2.4,2.6,True,False,2026-08-14T17:08:29.563Z,2026-08-14T17:03:18.887Z,2026-08-14T17:08:29.563Z,-509.563,-198.887,0.009,0.011,0.29,,,,,,,,
btc-updown-5m-1786727100,btc-5m,2026-08-14 17:00:07.596000+00:00,2026-08-14 17:17:07.084000+00:00,2026-08-15,1,292.404000043869,-1.4,1.4,False,True,2026-08-14T17:05:08.356Z,,,,-8.356,0.004,,0.29,,,,,,,,
btc-updown-5m-1786726800,btc-5m,2026-08-14 16:55:06.949000+00:00,2026-08-14 17:13:05.569000+00:00,2026-08-15,0,293.0510001182556,-1.2,1.2,False,True,,2026-08-14T17:01:03.147Z,,,-63.147,,0.011,0.29,,,,,,,,
btc-updown-5m-1786726500,btc-5m,2026-08-14 16:50:05.780000+00:00,2026-08-14 17:07:40.866000+00:00,2026-08-15,0,294.22000002861023,-1.0,1.0,False,True,,2026-08-14T16:56:48.947Z,,,-108.947,,0.024,0.29,,,,,,,,
btc-updown-15m-1786725900,btc-15m,2026-08-14 16:30:07.459000+00:00,2026-08-14 17:07:26.259000+00:00,2026-08-15,0,892.5409998893738,-1.4,1.4,False,True,2026-08-14T16:46:23.117Z,,,,-83.117,0.006,,0.29,,,,,,,,
btc-updown-5m-1786726200,btc-5m,2026-08-14 16:45:03.951000+00:00,2026-08-14 17:03:02.671000+00:00,2026-08-15,0,296.04900002479553,-1.25,1.25,False,True,2026-08-14T16:50:24.408Z,,,,-24.408,0.014,,0.29,,,,,,,,
btc-updown-15m-1786725000,btc-15m,2026-08-14 16:15:03.533000+00:00,2026-08-14 16:53:19.218000+00:00,2026-08-15,0,896.4670000076294,-1.3,1.3,False,True,,2026-08-14T16:34:01.004Z,,,-241.004,,0.009,0.29,,,,,,,,
btc-updown-5m-1786725900,btc-5m,2026-08-14 16:40:05.490000+00:00,2026-08-14 16:53:04.236000+00:00,2026-08-15,0,294.50999999046326,-1.25,1.25,False,True,2026-08-14T16:46:15.353Z,,,,-75.353,0.038,,0.29,,,,,,,,
btc-updown-5m-1786725600,btc-5m,2026-08-14 16:35:02.624000+00:00,2026-08-14 16:52:56.016000+00:00,2026-08-15,0,297.37599992752075,-1.3,1.3,False,True,,2026-08-14T16:40:54.353Z,,,-54.353,,0.006,0.29,,,,,,,,
btc-updown-5m-1786725300,btc-5m,2026-08-14 16:30:05.364000+00:00,2026-08-14 16:47:51.354000+00:00,2026-08-15,0,294.635999917984,-1.45,1.45,False,True,,2026-08-14T16:36:17.664Z,,,-77.664,,0.009,0.29,,,,,,,,
btc-updown-5m-1786725000,btc-5m,2026-08-14 16:25:05.727000+00:00,2026-08-14 16:42:02.504000+00:00,2026-08-15,0,294.27300000190735,2.6,2.4,True,False,2026-08-14T16:31:23.635Z,2026-08-14T16:32:53.406Z,2026-08-14T16:32:53.406Z,-173.406,-83.635,0.011,0.007,0.29,,,,,,,,
btc-updown-15m-1786724100,btc-15m,2026-08-14 16:00:07.562000+00:00,2026-08-14 16:38:34.738000+00:00,2026-08-15,0,892.4379999637604,-1.45,1.45,False,True,,2026-08-14T16:21:34.030Z,,,-394.03,,0.019,0.29,,,,,,,,
btc-updown-5m-1786724700,btc-5m,2026-08-14 16:20:05.667000+00:00,2026-08-14 16:38:05.324000+00:00,2026-08-15,0,294.3329999446869,-1.1,1.1,False,True,,2026-08-14T16:26:48.748Z,,,-108.748,,0.003,0.29,,,,,,,,
btc-updown-5m-1786724400,btc-5m,2026-08-14 16:15:05.660000+00:00,2026-08-14 16:30:41.963000+00:00,2026-08-15,0,294.3399999141693,-1.45,1.45,False,True,,2026-08-14T16:21:36.888Z,,,-96.888,,0.02,0.29,,,,,,,,
btc-updown-5m-1786724100,btc-5m,2026-08-14 16:10:06.412000+00:00,2026-08-14 16:25:45.675000+00:00,2026-08-15,0,293.5880000591278,-1.45,1.45,False,True,,2026-08-14T16:16:53.800Z,,,-113.8,,0.009,0.29,,,,,,,,
btc-updown-15m-1786723200,btc-15m,2026-08-14 15:45:07.520000+00:00,2026-08-14 16:20:35.220000+00:00,2026-08-14,23,892.4800000190735,2.1,2.9,True,False,2026-08-14T16:05:28.586Z,2026-08-14T16:04:12.016Z,2026-08-14T16:05:28.586Z,-328.586,-252.016,0.014,0.014,0.29,,,,,,,,
btc-updown-5m-1786723800,btc-5m,2026-08-14 16:05:08.359000+00:00,2026-08-14 16:19:27.614000+00:00,2026-08-15,0,291.6410000324249,-1.4,1.4,False,True,,2026-08-14T16:10:37.552Z,,,-37.552,,0.003,0.29,,,,,,,,
btc-updown-5m-1786723500,btc-5m,2026-08-14 16:00:05.444000+00:00,2026-08-14 16:17:01.861000+00:00,2026-08-15,0,294.55599999427795,-1.1,1.1,False,True,2026-08-14T16:05:06.660Z,,,,-6.66,0.637,,0.29,,,,,,,,
btc-updown-5m-1786723200,btc-5m,2026-08-14 15:55:06.853000+00:00,2026-08-14 16:11:59.430000+00:00,2026-08-14,23,293.1470000743866,2.3,2.7,True,False,2026-08-14T16:00:09.080Z,2026-08-14T16:02:15.600Z,2026-08-14T16:02:15.600Z,-135.6,-9.08,0.008,0.002,0.29,,,,,,,,
btc-updown-15m-1786722300,btc-15m,2026-08-14 15:30:04.964000+00:00,2026-08-14 16:11:05.920000+00:00,2026-08-14,23,895.0360000133514,2.25,2.75,True,False,2026-08-14T15:51:12.705Z,2026-08-14T15:46:30.521Z,2026-08-14T15:51:12.705Z,-372.705,-90.521,0.572,0.003,0.29,,,,,,,,
btc-updown-5m-1786722900,btc-5m,2026-08-14 15:50:03.012000+00:00,2026-08-14 16:06:55.810000+00:00,2026-08-14,23,296.98799991607666,3.05,1.95,True,False,2026-08-14T15:59:49.169Z,2026-08-14T15:55:33.110Z,2026-08-14T15:59:49.169Z,-289.169,-33.11,0.021,0.007,0.29,,,,,,,,
btc-updown-5m-1786722600,btc-5m,2026-08-14 15:45:09.374000+00:00,2026-08-14 15:59:55.387000+00:00,2026-08-14,23,290.62599992752075,2.4,2.6,True,False,2026-08-14T15:51:12.151Z,2026-08-14T15:52:51.036Z,2026-08-14T15:52:51.036Z,-171.036,-72.151,0.015,1.225,0.29,,,,,,,,
btc-updown-5m-1786722300,btc-5m,2026-08-14 15:40:05.407000+00:00,2026-08-14 15:56:56.294000+00:00,2026-08-14,23,294.59299993515015,2.15,2.85,True,False,2026-08-14T15:48:37.391Z,2026-08-14T15:46:10.716Z,2026-08-14T15:48:37.391Z,-217.391,-70.716,0.004,0.025,0.29,,,,,,,,
btc-updown-5m-1786722000,btc-5m,2026-08-14 15:35:06.746000+00:00,2026-08-14 15:52:16.848000+00:00,2026-08-14,23,293.2539999485016,-1.45,1.45,False,True,2026-08-14T15:40:33.609Z,,,,-33.609,1.007,,0.29,,,,,,,,
btc-updown-15m-1786721400,btc-15m,2026-08-14 15:15:06.817000+00:00,2026-08-14 15:50:32.998000+00:00,2026-08-14,23,893.183000087738,-1.45,1.45,False,True,,2026-08-14T15:30:02.972Z,,,-2.972,,0.693,0.29,,,,,,,,
btc-updown-5m-1786721700,btc-5m,2026-08-14 15:30:07.548000+00:00,2026-08-14 15:46:41.713000+00:00,2026-08-14,23,292.4519999027252,-1.3,1.3,False,True,,2026-08-14T15:35:26.982Z,,,-26.982,,0.01,0.29,,,,,,,,
btc-updown-5m-1786721400,btc-5m,2026-08-14 15:25:02.878000+00:00,2026-08-14 15:41:22.488000+00:00,2026-08-14,23,297.12199997901917,-0.85,0.85,False,True,,2026-08-14T15:30:11.209Z,,,-11.209,,0.003,0.29,,,,,,,,
btc-updown-5m-1786721100,btc-5m,2026-08-14 15:20:06.359000+00:00,2026-08-14 15:36:49.790000+00:00,2026-08-14,23,293.6410000324249,2.25,2.75,True,False,2026-08-14T15:25:45.856Z,2026-08-14T15:28:33.674Z,2026-08-14T15:28:33.674Z,-213.674,-45.856,0.032,0.316,0.29,,,,,,,,
btc-updown-15m-1786720500,btc-15m,2026-08-14 15:00:06.714000+00:00,2026-08-14 15:36:01.224000+00:00,2026-08-14,23,893.2860000133514,-1.2,1.2,False,True,,2026-08-14T15:21:22.409Z,,,-382.409,,0.003,0.29,,,,,,,,
btc-updown-5m-1786720800,btc-5m,2026-08-14 15:15:09+00:00,2026-08-14 15:30:09.246000+00:00,2026-08-14,23,291.0,-1.25,1.25,False,True,,2026-08-14T15:21:07.313Z,,,-67.313,,0.008,0.29,,,,,,,,
btc-updown-5m-1786720500,btc-5m,2026-08-14 15:10:03.519000+00:00,2026-08-14 15:25:04.468000+00:00,2026-08-14,23,296.48099994659424,2.25,2.75,True,False,2026-08-14T15:16:31.130Z,2026-08-14T15:17:50.276Z,2026-08-14T15:17:50.276Z,-170.276,-91.13,0.008,0.016,0.29,,,,,,,,
btc-updown-15m-1786719600,btc-15m,2026-08-14 14:45:05.778000+00:00,2026-08-14 15:22:26.220000+00:00,2026-08-14,22,894.2219998836517,-1.35,1.35,False,True,,2026-08-14T15:06:18.963Z,,,-378.963,,0.022,0.29,,,,,,,,
btc-updown-5m-1786720200,btc-5m,2026-08-14 15:05:04.632000+00:00,2026-08-14 15:21:36.279000+00:00,2026-08-14,23,295.3680000305176,-1.4,1.4,False,True,,2026-08-14T15:10:16.449Z,,,-16.449,,0.007,0.29,,,,,,,,
btc-updown-5m-1786719900,btc-5m,2026-08-14 15:00:04.639000+00:00,2026-08-14 15:16:34.830000+00:00,2026-08-14,23,295.36100006103516,-0.95,0.95,False,True,,2026-08-14T15:05:40.431Z,,,-40.431,,0.02,0.29,,,,,,,,
btc-updown-5m-1786719600,btc-5m,2026-08-14 14:55:06.099000+00:00,2026-08-14 15:11:05.950000+00:00,2026-08-14,22,293.9010000228882,2.35,2.65,True,False,2026-08-14T15:04:11.595Z,2026-08-14T15:00:50.440Z,2026-08-14T15:04:11.595Z,-251.595,-50.44,0.01,0.006,0.29,,,,,,,,
btc-updown-15m-1786718700,btc-15m,2026-08-14 14:30:03.321000+00:00,2026-08-14 15:07:56.596000+00:00,2026-08-14,22,896.6789999008179,-1.3,1.3,False,True,2026-08-14T14:51:06.618Z,,,,-366.618,2.301,,0.29,,,,,,,,
btc-updown-5m-1786719300,btc-5m,2026-08-14 14:50:06.787000+00:00,2026-08-14 15:05:57.134000+00:00,2026-08-14,22,293.2130000591278,-1.25,1.25,False,True,2026-08-14T14:56:09.680Z,,,,-69.68,0.003,,0.29,,,,,,,,
btc-updown-5m-1786719000,btc-5m,2026-08-14 14:45:08.128000+00:00,2026-08-14 15:01:06.046000+00:00,2026-08-14,22,291.87199997901917,-1.4,1.4,False,True,2026-08-14T14:51:06.099Z,,,,-66.099,1.782,,0.29,,,,,,,,
btc-updown-5m-1786718700,btc-5m,2026-08-14 14:40:03.514000+00:00,2026-08-14 14:55:53.564000+00:00,2026-08-14,22,296.48600006103516,2.35,2.65,True,False,2026-08-14T14:47:57.686Z,2026-08-14T14:48:16.847Z,2026-08-14T14:48:16.847Z,-196.847,-177.686,0.012,0.016,0.29,,,,,,,,
btc-updown-15m-1786717800,btc-15m,2026-08-14 14:15:07.787000+00:00,2026-08-14 14:52:50.022000+00:00,2026-08-14,22,892.2130000591278,-1.4,1.4,False,True,,2026-08-14T14:34:36.736Z,,,-276.736,,0.004,0.29,,,,,,,,
btc-updown-5m-1786718400,btc-5m,2026-08-14 14:35:07.463000+00:00,2026-08-14 14:50:36.723000+00:00,2026-08-14,22,292.5369999408722,-1.45,1.45,False,True,2026-08-14T14:41:53.621Z,,,,-113.621,0.011,,0.29,,,,,,,,
btc-updown-5m-1786718100,btc-5m,2026-08-14 14:30:06.170000+00:00,2026-08-14 14:45:41.386000+00:00,2026-08-14,22,293.82999992370605,-1.3,1.3,False,True,,2026-08-14T14:36:29.981Z,,,-89.981,,0.007,0.29,,,,,,,,
btc-updown-5m-1786717800,btc-5m,2026-08-14 14:25:04.084000+00:00,2026-08-14 14:40:04.895000+00:00,2026-08-14,22,295.9159998893738,-1.25,1.25,False,True,,2026-08-14T14:31:54.057Z,,,-114.057,,0.008,0.29,,,,,,,,
btc-updown-15m-1786716900,btc-15m,2026-08-14 14:00:05.574000+00:00,2026-08-14 14:37:47.763000+00:00,2026-08-14,22,894.4260001182556,-1.45,1.45,False,True,,2026-08-14T14:23:41.923Z,,,-521.923,,0.009,0.29,,,,,,,,
btc-updown-5m-1786717500,btc-5m,2026-08-14 14:20:07.357000+00:00,2026-08-14 14:33:08.953000+00:00,2026-08-14,22,292.64299988746643,-1.2,1.2,False,True,,2026-08-14T14:25:52.174Z,,,-52.174,,0.003,0.29,,,,,,,,
btc-updown-5m-1786717200,btc-5m,2026-08-14 14:15:04.972000+00:00,2026-08-14 14:30:59.508000+00:00,2026-08-14,22,295.02800011634827,-1.35,1.35,False,True,,2026-08-14T14:22:01.168Z,,,-121.168,,0.013,0.29,,,,,,,,
btc-updown-5m-1786716900,btc-5m,2026-08-14 14:10:07.359000+00:00,2026-08-14 14:25:21.788000+00:00,2026-08-14,22,292.6410000324249,2.55,2.45,True,False,2026-08-14T14:18:58.345Z,2026-08-14T14:15:46.071Z,2026-08-14T14:18:58.345Z,-238.345,-46.071,0.007,0.003,0.29,,,,,,,,
btc-updown-5m-1786716600,btc-5m,2026-08-14 14:05:06.932000+00:00,2026-08-14 14:23:21.025000+00:00,2026-08-14,22,293.0680000782013,3.2,1.8,True,False,2026-08-14T14:14:09.396Z,2026-08-14T14:11:14.980Z,2026-08-14T14:14:09.396Z,-249.396,-74.98,0.017,0.008,0.29,,,,,,,,
btc-updown-15m-1786716000,btc-15m,2026-08-14 13:45:05.914000+00:00,2026-08-14 14:21:39.534000+00:00,2026-08-14,21,894.0859999656677,2.35,2.65,True,False,2026-08-14T14:09:50.136Z,2026-08-14T14:00:31.216Z,2026-08-14T14:09:50.136Z,-590.136,-31.216,0.01,0.004,0.29,,,,,,,,
btc-updown-5m-1786716300,btc-5m,2026-08-14 14:00:07.522000+00:00,2026-08-14 14:14:54.622000+00:00,2026-08-14,22,292.4779999256134,2.4,2.6,True,False,2026-08-14T14:08:07.227Z,2026-08-14T14:06:08.754Z,2026-08-14T14:08:07.227Z,-187.227,-68.754,0.009,0.023,0.29,,,,,,,,
btc-updown-5m-1786716000,btc-5m,2026-08-14 13:55:06.449000+00:00,2026-08-14 14:10:46.455000+00:00,2026-08-14,21,293.5510001182556,2.3,2.7,True,False,2026-08-14T14:02:13.116Z,2026-08-14T14:00:11.156Z,2026-08-14T14:02:13.116Z,-133.116,-11.156,0.016,0.008,0.29,,,,,,,,
btc-updown-15m-1786715100,btc-15m,2026-08-14 13:30:04.001000+00:00,2026-08-14 14:06:34.087000+00:00,2026-08-14,21,895.9990000724792,-1.45,1.45,False,True,2026-08-14T13:50:56.728Z,,,,-356.728,0.007,,0.29,,,,,,,,
btc-updown-5m-1786715700,btc-5m,2026-08-14 13:50:05.645000+00:00,2026-08-14 14:03:46.826000+00:00,2026-08-14,21,294.3550000190735,-1.4,1.4,False,True,2026-08-14T13:56:45.701Z,,,,-105.701,0.011,,0.29,,,,,,,,
btc-updown-5m-1786715400,btc-5m,2026-08-14 13:45:08.290000+00:00,2026-08-14 14:03:12.691000+00:00,2026-08-14,21,291.710000038147,-1.35,1.35,False,True,2026-08-14T13:51:04.317Z,,,,-64.317,0.02,,0.29,,,,,,,,
btc-updown-5m-1786715100,btc-5m,2026-08-14 13:40:06.767000+00:00,2026-08-14 14:00:09.206000+00:00,2026-08-14,21,293.2330000400543,2.2,2.8,True,False,2026-08-14T13:47:22.661Z,2026-08-14T13:46:14.384Z,2026-08-14T13:47:22.661Z,-142.661,-74.384,0.006,1.311,0.29,,,,,,,,
btc-updown-15m-1786714200,btc-15m,2026-08-14 13:15:04.688000+00:00,2026-08-14 13:52:53.808000+00:00,2026-08-14,21,895.3120000362396,-1.4,1.4,False,True,2026-08-14T13:31:52.000Z,,,,-112.0,0.015,,0.29,,,,,,,,
btc-updown-5m-1786714800,btc-5m,2026-08-14 13:35:05.897000+00:00,2026-08-14 13:48:36.238000+00:00,2026-08-14,21,294.1029999256134,-1.35,1.35,False,True,,2026-08-14T13:41:14.894Z,,,-74.894,,0.008,0.29,,,,,,,,
btc-updown-5m-1786714500,btc-5m,2026-08-14 13:30:06.120000+00:00,2026-08-14 13:44:43.444000+00:00,2026-08-14,21,293.8800001144409,2.85,2.15,True,False,2026-08-14T13:36:56.113Z,2026-08-14T13:38:16.550Z,2026-08-14T13:38:16.550Z,-196.55,-116.113,0.014,0.007,0.29,,,,,,,,
btc-updown-5m-1786714200,btc-5m,2026-08-14 13:25:03.909000+00:00,2026-08-14 13:41:58.385000+00:00,2026-08-14,21,296.09100008010864,2.35,2.65,True,False,2026-08-14T13:31:14.133Z,2026-08-14T13:30:30.939Z,2026-08-14T13:31:14.133Z,-74.133,-30.939,0.004,0.004,0.29,,,,,,,,
btc-updown-15m-1786713300,btc-15m,2026-08-14 13:00:06.361000+00:00,2026-08-14 13:35:54.415000+00:00,2026-08-14,21,893.6389999389648,2.2,2.8,True,False,2026-08-14T13:20:00.014Z,2026-08-14T13:24:14.156Z,2026-08-14T13:24:14.156Z,-554.156,-300.014,0.007,0.01,0.29,,,,,,,,
btc-updown-5m-1786713900,btc-5m,2026-08-14 13:20:07.059000+00:00,2026-08-14 13:35:11.351000+00:00,2026-08-14,21,292.9409999847412,-1.45,1.45,False,True,,2026-08-14T13:26:15.571Z,,,-75.571,,0.024,0.29,,,,,,,,
btc-updown-5m-1786713600,btc-5m,2026-08-14 13:15:03.135000+00:00,2026-08-14 13:32:13.525000+00:00,2026-08-14,21,296.86500000953674,-1.45,1.45,False,True,,2026-08-14T13:22:25.789Z,,,-145.789,,0.012,0.29,,,,,,,,
btc-updown-5m-1786713300,btc-5m,2026-08-14 13:10:04.186000+00:00,2026-08-14 13:25:09.350000+00:00,2026-08-14,21,295.8139998912811,-1.25,1.25,False,True,2026-08-14T13:15:54.322Z,,,,-54.322,0.009,,0.29,,,,,,,,
btc-updown-15m-1786712400,btc-15m,2026-08-14 12:45:08.046000+00:00,2026-08-14 13:21:47.409000+00:00,2026-08-14,20,891.9539999961853,-1.4,1.4,False,True,2026-08-14T13:04:03.952Z,,,,-243.952,0.02,,0.29,,,,,,,,
btc-updown-5m-1786713000,btc-5m,2026-08-14 13:05:05.664000+00:00,2026-08-14 13:20:39.059000+00:00,2026-08-14,21,294.3359999656677,2.75,2.25,True,False,2026-08-14T13:11:03.649Z,2026-08-14T13:12:28.789Z,2026-08-14T13:12:28.789Z,-148.789,-63.649,0.017,0.014,0.29,,,,,,,,
btc-updown-5m-1786712700,btc-5m,2026-08-14 13:00:04.234000+00:00,2026-08-14 13:15:06.112000+00:00,2026-08-14,21,295.7660000324249,2.3,2.7,True,False,2026-08-14T13:06:22.231Z,2026-08-14T13:05:16.984Z,2026-08-14T13:06:22.231Z,-82.231,-16.984,0.009,0.005,0.29,,,,,,,,
btc-updown-5m-1786712400,btc-5m,2026-08-14 12:55:02.910000+00:00,2026-08-14 13:12:42.089000+00:00,2026-08-14,20,297.0899999141693,-1.45,1.45,False,True,2026-08-14T13:01:10.432Z,,,,-70.432,0.015,,0.29,,,,,,,,
btc-updown-15m-1786711500,btc-15m,2026-08-14 12:30:09.838000+00:00,2026-08-14 13:05:30.375000+00:00,2026-08-14,20,890.1619999408722,2.3,2.7,True,False,2026-08-14T12:47:34.003Z,2026-08-14T12:50:24.934Z,2026-08-14T12:50:24.934Z,-324.934,-154.003,0.007,0.008,0.29,,,,,,,,
btc-updown-5m-1786712100,btc-5m,2026-08-14 12:50:04.684000+00:00,2026-08-14 13:04:36.138000+00:00,2026-08-14,20,295.3159999847412,2.3,2.7,True,False,2026-08-14T12:58:04.269Z,2026-08-14T12:55:06.950Z,2026-08-14T12:58:04.269Z,-184.269,-6.95,0.006,0.013,0.29,,,,,,,,
btc-updown-5m-1786711800,btc-5m,2026-08-14 12:45:05.848000+00:00,2026-08-14 13:02:48.995000+00:00,2026-08-14,20,294.15199995040894,2.15,2.85,True,False,2026-08-14T12:52:18.375Z,2026-08-14T12:50:08.424Z,2026-08-14T12:52:18.375Z,-138.375,-8.424,0.018,0.016,0.29,,,,,,,,
btc-updown-5m-1786711500,btc-5m,2026-08-14 12:40:05.686000+00:00,2026-08-14 12:57:20.246000+00:00,2026-08-14,20,294.3139998912811,-0.75,0.75,False,True,2026-08-14T12:47:15.656Z,,,,-135.656,0.018,,0.29,,,,,,,,
btc-updown-15m-1786710600,btc-15m,2026-08-14 12:15:07.544000+00:00,2026-08-14 12:51:46.527000+00:00,2026-08-14,20,892.4560000896454,-1.45,1.45,False,True,2026-08-14T12:35:11.863Z,,,,-311.863,0.019,,0.29,,,,,,,,
btc-updown-5m-1786711200,btc-5m,2026-08-14 12:35:04.076000+00:00,2026-08-14 12:49:22.496000+00:00,2026-08-14,20,295.92400002479553,-1.4,1.4,False,True,2026-08-14T12:41:00.132Z,,,,-60.132,0.008,,0.29,,,,,,,,
btc-updown-5m-1786710900,btc-5m,2026-08-14 12:30:07.625000+00:00,2026-08-14 12:44:48.668000+00:00,2026-08-14,20,292.375,-1.35,1.35,False,True,2026-08-14T12:35:18.863Z,,,,-18.863,0.003,,0.29,,,,,,,,
btc-updown-5m-1786710600,btc-5m,2026-08-14 12:25:05.445000+00:00,2026-08-14 12:42:48.710000+00:00,2026-08-14,20,294.5550000667572,2.25,2.75,True,False,2026-08-14T12:31:01.971Z,2026-08-14T12:31:46.564Z,2026-08-14T12:31:46.564Z,-106.564,-61.971,0.017,0.008,0.29,,,,,,,,
btc-updown-15m-1786709700,btc-15m,2026-08-14 12:00:07.804000+00:00,2026-08-14 12:37:28.374000+00:00,2026-08-14,20,892.1960000991821,-1.2,1.2,False,True,,2026-08-14T12:15:47.561Z,,,-47.561,,0.007,0.29,,,,,,,,
btc-updown-5m-1786710300,btc-5m,2026-08-14 12:20:03.762000+00:00,2026-08-14 12:37:13.679000+00:00,2026-08-14,20,296.23799991607666,2.2,2.8,True,False,2026-08-14T12:27:14.489Z,2026-08-14T12:26:28.605Z,2026-08-14T12:27:14.489Z,-134.489,-88.605,0.005,0.02,0.29,,,,,,,,
btc-updown-5m-1786710000,btc-5m,2026-08-14 12:15:08.911000+00:00,2026-08-14 12:29:42.794000+00:00,2026-08-14,20,291.08899998664856,-1.35,1.35,False,True,,2026-08-14T12:20:34.125Z,,,-34.125,,0.023,0.29,,,,,,,,
btc-updown-5m-1786709700,btc-5m,2026-08-14 12:10:05.685000+00:00,2026-08-14 12:24:39.005000+00:00,2026-08-14,20,294.31500005722046,-1.3,1.3,False,True,,2026-08-14T12:15:04.830Z,,,-4.83,,0.716,0.29,,,,,,,,
btc-updown-15m-1786708800,btc-15m,2026-08-14 11:45:08.778000+00:00,2026-08-14 12:20:35.906000+00:00,2026-08-14,19,891.2219998836517,2.2,2.8,True,False,2026-08-14T12:06:18.750Z,2026-08-14T12:00:15.766Z,2026-08-14T12:06:18.750Z,-378.75,-15.766,0.009,0.017,0.29,,,,,,,,
btc-updown-5m-1786709400,btc-5m,2026-08-14 12:05:04.181000+00:00,2026-08-14 12:19:32.092000+00:00,2026-08-14,20,295.81900000572205,-1.45,1.45,False,True,2026-08-14T12:10:30.440Z,,,,-30.44,0.005,,0.29,,,,,,,,
btc-updown-5m-1786709100,btc-5m,2026-08-14 12:00:10.207000+00:00,2026-08-14 12:14:47.164000+00:00,2026-08-14,20,289.79299998283386,-1.35,1.35,False,True,2026-08-14T12:05:35.398Z,,,,-35.398,0.008,,0.29,,,,,,,,
btc-updown-5m-1786708800,btc-5m,2026-08-14 11:55:04.949000+00:00,2026-08-14 12:14:20.442000+00:00,2026-08-14,19,295.0510001182556,2.85,2.15,True,False,2026-08-14T12:01:46.667Z,2026-08-14T12:00:05.520Z,2026-08-14T12:01:46.667Z,-106.667,-5.52,0.004,0.677,0.29,,,,,,,,
btc-updown-15m-1786707900,btc-15m,2026-08-14 11:30:03.783000+00:00,2026-08-14 12:06:58.280000+00:00,2026-08-14,19,896.2170000076294,2.15,2.85,True,False,2026-08-14T11:48:12.831Z,2026-08-14T11:50:43.692Z,2026-08-14T11:50:43.692Z,-343.692,-192.831,0.021,0.03,0.29,,,,,,,,
btc-updown-5m-1786708500,btc-5m,2026-08-14 11:50:05.722000+00:00,2026-08-14 12:05:37.574000+00:00,2026-08-14,19,294.27800011634827,2.55,2.45,True,False,2026-08-14T11:57:47.140Z,2026-08-14T11:55:08.329Z,2026-08-14T11:57:47.140Z,-167.14,-8.329,0.003,0.018,0.29,,,,,,,,
btc-updown-5m-1786708200,btc-5m,2026-08-14 11:45:06.752000+00:00,2026-08-14 12:01:39.217000+00:00,2026-08-14,19,293.2479999065399,-1.35,1.35,False,True,,2026-08-14T11:50:09.363Z,,,-9.363,,0.02,0.29,,,,,,,,
btc-updown-5m-1786707900,btc-5m,2026-08-14 11:40:05.038000+00:00,2026-08-14 11:55:07.326000+00:00,2026-08-14,19,294.9619998931885,2.55,2.45,True,False,2026-08-14T11:46:39.989Z,2026-08-14T11:45:21.827Z,2026-08-14T11:46:39.989Z,-99.989,-21.827,0.012,0.018,0.29,,,,,,,,
btc-updown-5m-1786707600,btc-5m,2026-08-14 11:35:03.407000+00:00,2026-08-14 11:52:27.983000+00:00,2026-08-14,19,296.59299993515015,-1.25,1.25,False,True,2026-08-14T11:40:03.067Z,,,,-3.067,0.701,,0.29,,,,,,,,
btc-updown-15m-1786707000,btc-15m,2026-08-14 11:15:06.204000+00:00,2026-08-14 11:51:48.304000+00:00,2026-08-14,19,893.7960000038147,2.5,2.5,True,False,2026-08-14T11:40:09.559Z,2026-08-14T11:37:01.181Z,2026-08-14T11:40:09.559Z,-609.559,-421.181,0.003,0.015,0.29,,,,,,,,
btc-updown-5m-1786707300,btc-5m,2026-08-14 11:30:05.280000+00:00,2026-08-14 11:43:49.883000+00:00,2026-08-14,19,294.72000002861023,-1.4,1.4,False,True,,2026-08-14T11:36:33.335Z,,,-93.335,,0.026,0.29,,,,,,,,
btc-updown-5m-1786707000,btc-5m,2026-08-14 11:25:05.150000+00:00,2026-08-14 11:38:39.886000+00:00,2026-08-14,19,294.84999990463257,2.55,2.45,True,False,2026-08-14T11:31:03.523Z,2026-08-14T11:34:26.575Z,2026-08-14T11:34:26.575Z,-266.575,-63.523,0.016,0.02,0.29,,,,,,,,
btc-updown-5m-1786706700,btc-5m,2026-08-14 11:20:05.408000+00:00,2026-08-14 11:38:06.365000+00:00,2026-08-14,19,294.5920000076294,-1.45,1.45,False,True,,2026-08-14T11:26:05.411Z,,,-65.411,,0.01,0.29,,,,,,,,
btc-updown-15m-1786706100,btc-15m,2026-08-14 11:00:05.143000+00:00,2026-08-14 11:35:51.192000+00:00,2026-08-14,19,894.8570001125336,-1.45,1.45,False,True,,2026-08-14T11:17:41.123Z,,,-161.123,,0.004,0.29,,,,,,,,
btc-updown-5m-1786706400,btc-5m,2026-08-14 11:15:08.268000+00:00,2026-08-14 11:28:36.111000+00:00,2026-08-14,19,291.73200011253357,2.65,2.35,True,False,2026-08-14T11:22:44.092Z,2026-08-14T11:21:08.153Z,2026-08-14T11:22:44.092Z,-164.092,-68.153,0.018,0.017,0.29,,,,,,,,
btc-updown-5m-1786706100,btc-5m,2026-08-14 11:10:04.704000+00:00,2026-08-14 11:23:36.787000+00:00,2026-08-14,19,295.2960000038147,-1.35,1.35,False,True,,2026-08-14T11:16:56.370Z,,,-116.37,,0.017,0.29,,,,,,,,
btc-updown-5m-1786705800,btc-5m,2026-08-14 11:05:06.689000+00:00,2026-08-14 11:22:54.722000+00:00,2026-08-14,19,293.3110001087189,2.55,2.45,True,False,2026-08-14T11:11:15.176Z,2026-08-14T11:13:53.003Z,2026-08-14T11:13:53.003Z,-233.003,-75.176,0.005,0.005,0.29,,,,,,,,
btc-updown-15m-1786705200,btc-15m,2026-08-14 10:45:04.308000+00:00,2026-08-14 11:21:21.694000+00:00,2026-08-14,18,895.691999912262,-1.45,1.45,False,True,,2026-08-14T11:02:13.822Z,,,-133.822,,0.028,0.29,,,,,,,,
btc-updown-5m-1786705500,btc-5m,2026-08-14 11:00:06.661000+00:00,2026-08-14 11:12:40.264000+00:00,2026-08-14,19,293.33899998664856,-0.8,0.8,False,True,2026-08-14T11:05:33.373Z,,,,-33.373,0.03,,0.29,,,,,,,,
btc-updown-5m-1786705200,btc-5m,2026-08-14 10:55:03.525000+00:00,2026-08-14 11:11:03.014000+00:00,2026-08-14,18,296.47499990463257,-1.1,1.1,False,True,,2026-08-14T11:00:40.174Z,,,-40.174,,0.004,0.29,,,,,,,,
btc-updown-5m-1786704900,btc-5m,2026-08-14 10:50:05.744000+00:00,2026-08-14 11:07:35.096000+00:00,2026-08-14,18,294.25600004196167,-1.15,1.15,False,True,2026-08-14T10:56:22.607Z,,,,-82.607,0.025,,0.29,,,,,,,,
btc-updown-15m-1786704300,btc-15m,2026-08-14 10:30:08.588000+00:00,2026-08-14 11:06:08.981000+00:00,2026-08-14,18,891.4119999408722,-1.4,1.4,False,True,2026-08-14T10:47:50.140Z,,,,-170.14,0.03,,0.29,,,,,,,,
btc-updown-5m-1786704600,btc-5m,2026-08-14 10:45:06.410000+00:00,2026-08-14 11:00:38.623000+00:00,2026-08-14,18,293.5899999141693,3.3,1.7,True,False,2026-08-14T10:53:38.129Z,2026-08-14T10:52:10.353Z,2026-08-14T10:53:38.129Z,-218.129,-130.353,0.011,0.007,0.29,,,,,,,,
btc-updown-5m-1786704300,btc-5m,2026-08-14 10:40:07.174000+00:00,2026-08-14 10:57:25.313000+00:00,2026-08-14,18,292.82599997520447,2.6,2.4,True,False,2026-08-14T10:47:26.759Z,2026-08-14T10:45:15.299Z,2026-08-14T10:47:26.759Z,-146.759,-15.299,0.012,0.011,0.29,,,,,,,,
btc-updown-5m-1786704000,btc-5m,2026-08-14 10:35:04.915000+00:00,2026-08-14 10:52:51.032000+00:00,2026-08-14,18,295.085000038147,-1.15,1.15,False,True,2026-08-14T10:41:54.789Z,,,,-114.789,0.014,,0.29,,,,,,,,
btc-updown-15m-1786703400,btc-15m,2026-08-14 10:15:04.114000+00:00,2026-08-14 10:50:29.264000+00:00,2026-08-14,18,895.885999917984,2.5,2.5,True,False,2026-08-14T10:42:31.305Z,2026-08-14T10:30:17.391Z,2026-08-14T10:42:31.305Z,-751.305,-17.391,0.016,0.014,0.29,,,,,,,,
btc-updown-5m-1786703700,btc-5m,2026-08-14 10:30:05.882000+00:00,2026-08-14 10:44:20.282000+00:00,2026-08-14,18,294.1180000305176,2.25,2.75,True,False,2026-08-14T10:37:41.221Z,2026-08-14T10:36:05.469Z,2026-08-14T10:37:41.221Z,-161.221,-65.469,0.003,0.009,0.29,,,,,,,,
btc-updown-5m-1786703400,btc-5m,2026-08-14 10:25:04.538000+00:00,2026-08-14 10:42:51.293000+00:00,2026-08-14,18,295.4619998931885,-0.85,0.85,False,True,,2026-08-14T10:30:19.307Z,,,-19.307,,0.005,0.29,,,,,,,,
btc-updown-5m-1786703100,btc-5m,2026-08-14 10:20:06.627000+00:00,2026-08-14 10:37:20.023000+00:00,2026-08-14,18,293.3729999065399,-1.45,1.45,False,True,2026-08-14T10:26:28.432Z,,,,-88.432,0.015,,0.29,,,,,,,,
btc-updown-15m-1786702500,btc-15m,2026-08-14 10:00:08.608000+00:00,2026-08-14 10:35:54.047000+00:00,2026-08-14,18,891.3919999599457,-1.4,1.4,False,True,,2026-08-14T10:16:33.377Z,,,-93.377,,0.017,0.29,,,,,,,,
btc-updown-5m-1786702800,btc-5m,2026-08-14 10:15:06.650000+00:00,2026-08-14 10:32:35.324000+00:00,2026-08-14,18,293.34999990463257,-1.0,1.0,False,True,2026-08-14T10:22:59.059Z,,,,-179.059,0.019,,0.29,,,,,,,,
btc-updown-5m-1786702500,btc-5m,2026-08-14 10:10:05.804000+00:00,2026-08-14 10:25:05.878000+00:00,2026-08-14,18,294.19600009918213,-1.25,1.25,False,True,,2026-08-14T10:16:17.032Z,,,-77.032,,0.006,0.29,,,,,,,,
btc-updown-5m-1786702200,btc-5m,2026-08-14 10:05:05.605000+00:00,2026-08-14 10:22:36.901000+00:00,2026-08-14,18,294.3949999809265,-1.05,1.05,False,True,,2026-08-14T10:10:49.711Z,,,-49.711,,0.014,0.29,,,,,,,,
btc-updown-15m-1786701600,btc-15m,2026-08-14 09:45:10.656000+00:00,2026-08-14 10:22:14.009000+00:00,2026-08-14,17,889.3440001010895,2.3,2.7,True,False,2026-08-14T10:00:47.282Z,2026-08-14T10:04:21.502Z,2026-08-14T10:04:21.502Z,-261.502,-47.282,0.007,0.021,0.29,,,,,,,,
btc-updown-5m-1786701900,btc-5m,2026-08-14 10:00:05.698000+00:00,2026-08-14 10:15:12.775000+00:00,2026-08-14,18,294.30200004577637,2.4,2.6,True,False,2026-08-14T10:08:59.961Z,2026-08-14T10:05:25.544Z,2026-08-14T10:08:59.961Z,-239.961,-25.544,0.018,0.012,0.29,,,,,,,,
btc-updown-5m-1786701600,btc-5m,2026-08-14 09:55:07.483000+00:00,2026-08-14 10:12:26.806000+00:00,2026-08-14,17,292.5169999599457,2.3,2.7,True,False,2026-08-14T10:00:26.445Z,2026-08-14T10:03:05.973Z,2026-08-14T10:03:05.973Z,-185.973,-26.445,0.017,0.01,0.29,,,,,,,,
btc-updown-15m-1786700700,btc-15m,2026-08-14 09:30:06.334000+00:00,2026-08-14 10:07:10.290000+00:00,2026-08-14,17,893.6659998893738,-1.2,1.2,False,True,,2026-08-14T09:47:51.008Z,,,-171.008,,0.024,0.29,,,,,,,,
btc-updown-5m-1786701300,btc-5m,2026-08-14 09:50:04.892000+00:00,2026-08-14 10:05:23.602000+00:00,2026-08-14,17,295.1080000400543,-0.85,0.85,False,True,2026-08-14T09:57:39.538Z,,,,-159.538,0.017,,0.29,,,,,,,,
btc-updown-5m-1786701000,btc-5m,2026-08-14 09:45:07.898000+00:00,2026-08-14 10:00:40.385000+00:00,2026-08-14,17,292.10199999809265,2.95,2.05,True,False,2026-08-14T09:51:22.469Z,2026-08-14T09:50:12.571Z,2026-08-14T09:51:22.469Z,-82.469,-12.571,0.007,0.019,0.29,,,,,,,,
btc-updown-5m-1786700700,btc-5m,2026-08-14 09:40:07.152000+00:00,2026-08-14 09:55:08.660000+00:00,2026-08-14,17,292.84800004959106,-1.3,1.3,False,True,,2026-08-14T09:45:21.014Z,,,-21.014,,0.007,0.29,,,,,,,,
btc-updown-5m-1786700400,btc-5m,2026-08-14 09:35:03.468000+00:00,2026-08-14 09:50:06.503000+00:00,2026-08-14,17,296.53200006484985,-1.35,1.35,False,True,2026-08-14T09:40:22.997Z,,,,-22.997,0.025,,0.29,,,,,,,,
btc-updown-15m-1786699800,btc-15m,2026-08-14 09:15:08.516000+00:00,2026-08-14 09:49:29.971000+00:00,2026-08-14,17,891.4839999675751,-1.4,1.4,False,True,2026-08-14T09:30:53.391Z,,,,-53.391,0.016,,0.29,,,,,,,,
btc-updown-5m-1786700100,btc-5m,2026-08-14 09:30:04.278000+00:00,2026-08-14 09:45:02.571000+00:00,2026-08-14,17,295.72199988365173,2.25,2.75,True,False,2026-08-14T09:37:02.541Z,2026-08-14T09:35:08.763Z,2026-08-14T09:37:02.541Z,-122.541,-8.763,0.011,0.004,0.29,,,,,,,,
btc-updown-5m-1786699800,btc-5m,2026-08-14 09:25:04.346000+00:00,2026-08-14 09:40:01.819000+00:00,2026-08-14,17,295.654000043869,-1.25,1.25,False,True,2026-08-14T09:30:11.261Z,,,,-11.261,0.005,,0.29,,,,,,,,
btc-updown-15m-1786698900,btc-15m,2026-08-14 09:00:09.254000+00:00,2026-08-14 09:39:01.411000+00:00,2026-08-14,17,890.7460000514984,2.85,2.15,True,False,2026-08-14T09:28:18.899Z,2026-08-14T09:19:05.477Z,2026-08-14T09:28:18.899Z,-798.899,-245.477,0.012,0.012,0.29,,,,,,,,
btc-updown-5m-1786699500,btc-5m,2026-08-14 09:20:04.681000+00:00,2026-08-14 09:36:50.330000+00:00,2026-08-14,17,295.31900000572205,2.8,2.2,True,False,2026-08-14T09:27:45.228Z,2026-08-14T09:26:32.893Z,2026-08-14T09:27:45.228Z,-165.228,-92.893,0.005,0.017,0.29,,,,,,,,
btc-updown-5m-1786699200,btc-5m,2026-08-14 09:15:06.427000+00:00,2026-08-14 09:31:58.803000+00:00,2026-08-14,17,293.57299995422363,-1.25,1.25,False,True,,2026-08-14T09:21:11.115Z,,,-71.115,,0.015,0.29,,,,,,,,
btc-updown-5m-1786698900,btc-5m,2026-08-14 09:10:06.998000+00:00,2026-08-14 09:24:42.792000+00:00,2026-08-14,17,293.0020000934601,-1.35,1.35,False,True,,2026-08-14T09:16:14.854Z,,,-74.854,,0.059,0.29,,,,,,,,
btc-updown-5m-1786698600,btc-5m,2026-08-14 09:05:03.488000+00:00,2026-08-14 09:21:41.390000+00:00,2026-08-14,17,296.51200008392334,-1.15,1.15,False,True,2026-08-14T09:10:22.198Z,,,,-22.198,0.016,,0.29,,,,,,,,
btc-updown-15m-1786698000,btc-15m,2026-08-14 08:45:05.413000+00:00,2026-08-14 09:18:08.621000+00:00,2026-08-14,16,894.5869998931885,-1.45,1.45,False,True,2026-08-14T09:02:44.597Z,,,,-164.597,0.016,,0.29,,,,,,,,
btc-updown-5m-1786698300,btc-5m,2026-08-14 09:00:07.166000+00:00,2026-08-14 09:14:41.615000+00:00,2026-08-14,17,292.8340001106262,-1.4,1.4,False,True,2026-08-14T09:06:09.115Z,,,,-69.115,0.011,,0.29,,,,,,,,
btc-updown-5m-1786698000,btc-5m,2026-08-14 08:55:04.631000+00:00,2026-08-14 09:10:01.471000+00:00,2026-08-14,16,295.36899995803833,-1.35,1.35,False,True,2026-08-14T09:01:32.237Z,,,,-92.237,0.016,,0.29,,,,,,,,
btc-updown-5m-1786697700,btc-5m,2026-08-14 08:50:03.636000+00:00,2026-08-14 09:05:09.500000+00:00,2026-08-14,16,296.364000082016,2.75,2.25,True,False,2026-08-14T08:57:01.051Z,2026-08-14T08:58:19.512Z,2026-08-14T08:58:19.512Z,-199.512,-121.051,0.023,0.012,0.29,,,,,,,,
btc-updown-15m-1786697100,btc-15m,2026-08-14 08:30:08.203000+00:00,2026-08-14 09:04:10.309000+00:00,2026-08-14,16,891.7969999313354,-1.4,1.4,False,True,,2026-08-14T08:46:44.822Z,,,-104.822,,0.01,0.29,,,,,,,,
btc-updown-5m-1786697400,btc-5m,2026-08-14 08:45:03.228000+00:00,2026-08-14 09:03:02.732000+00:00,2026-08-14,16,296.7720000743866,-1.4,1.4,False,True,,2026-08-14T08:51:37.924Z,,,-97.924,,0.017,0.29,,,,,,,,
btc-updown-5m-1786697100,btc-5m,2026-08-14 08:40:04.993000+00:00,2026-08-14 08:59:32.361000+00:00,2026-08-14,16,295.0069999694824,-1.25,1.25,False,True,,2026-08-14T08:46:15.225Z,,,-75.225,,0.014,0.29,,,,,,,,
btc-updown-5m-1786696800,btc-5m,2026-08-14 08:35:04.543000+00:00,2026-08-14 08:53:47.137000+00:00,2026-08-14,16,295.45700001716614,-1.4,1.4,False,True,2026-08-14T08:42:00.701Z,,,,-120.701,0.003,,0.29,,,,,,,,
btc-updown-15m-1786696200,btc-15m,2026-08-14 08:15:09.168000+00:00,2026-08-14 08:52:45.523000+00:00,2026-08-14,16,890.8320000171661,2.15,2.85,True,False,2026-08-14T08:31:33.681Z,2026-08-14T08:35:26.894Z,2026-08-14T08:35:26.894Z,-326.894,-93.681,0.024,0.031,0.29,,,,,,,,
btc-updown-5m-1786696200,btc-5m,2026-08-14 08:25:06.406000+00:00,2026-08-14 08:43:46.138000+00:00,2026-08-14,16,293.5940001010895,-1.45,1.45,False,True,2026-08-14T08:31:04.377Z,,,,-64.377,0.018,,0.29,,,,,,,,
btc-updown-5m-1786696500,btc-5m,2026-08-14 08:30:05.857000+00:00,2026-08-14 08:42:48.231000+00:00,2026-08-14,16,294.14299988746643,-1.15,1.15,False,True,,2026-08-14T08:35:08.673Z,,,-8.673,,0.003,0.29,,,,,,,,
btc-updown-5m-1786695900,btc-5m,2026-08-14 08:20:06.714000+00:00,2026-08-14 08:36:03.696000+00:00,2026-08-14,16,293.28600001335144,-1.4,1.4,False,True,2026-08-14T08:25:54.642Z,,,,-54.642,0.005,,0.29,,,,,,,,
btc-updown-15m-1786695300,btc-15m,2026-08-14 08:00:07.248000+00:00,2026-08-14 08:33:49.007000+00:00,2026-08-14,16,892.7520000934601,2.4,2.6,True,False,2026-08-14T08:21:09.416Z,2026-08-14T08:15:44.818Z,2026-08-14T08:21:09.416Z,-369.416,-44.818,0.012,1.328,0.29,,,,,,,,
btc-updown-5m-1786695600,btc-5m,2026-08-14 08:15:06.954000+00:00,2026-08-14 08:28:40.066000+00:00,2026-08-14,16,293.0460000038147,2.35,2.65,True,False,2026-08-14T08:21:11.715Z,2026-08-14T08:21:50.702Z,2026-08-14T08:21:50.702Z,-110.702,-71.715,0.01,0.016,0.29,,,,,,,,
btc-updown-5m-1786695300,btc-5m,2026-08-14 08:10:06.745000+00:00,2026-08-14 08:24:19.761000+00:00,2026-08-14,16,293.2550001144409,2.4,2.6,True,False,2026-08-14T08:18:45.806Z,2026-08-14T08:15:22.419Z,2026-08-14T08:18:45.806Z,-225.806,-22.419,0.017,0.016,0.29,,,,,,,,
btc-updown-15m-1786694400,btc-15m,2026-08-14 07:45:04.713000+00:00,2026-08-14 08:23:40.825000+00:00,2026-08-14,15,895.2869999408722,2.3,2.7,True,False,2026-08-14T08:11:59.658Z,2026-08-14T08:05:30.464Z,2026-08-14T08:11:59.658Z,-719.658,-330.464,0.007,0.006,0.29,,,,,,,,
btc-updown-5m-1786695000,btc-5m,2026-08-14 08:05:07.479000+00:00,2026-08-14 08:22:08.075000+00:00,2026-08-14,16,292.52099990844727,-1.35,1.35,False,True,2026-08-14T08:11:40.292Z,,,,-100.292,0.009,,0.29,,,,,,,,
btc-updown-5m-1786694700,btc-5m,2026-08-14 08:00:04.935000+00:00,2026-08-14 08:19:10.556000+00:00,2026-08-14,16,295.06500005722046,-1.4,1.4,False,True,2026-08-14T08:08:50.010Z,,,,-230.01,0.011,,0.29,,,,,,,,
btc-updown-5m-1786694400,btc-5m,2026-08-14 07:55:06.722000+00:00,2026-08-14 08:08:58.071000+00:00,2026-08-14,15,293.27800011634827,3.0,2.0,True,False,2026-08-14T08:01:28.802Z,2026-08-14T08:03:48.867Z,2026-08-14T08:03:48.867Z,-228.867,-88.802,0.007,0.008,0.29,,,,,,,,
btc-updown-15m-1786693500,btc-15m,2026-08-14 07:30:05.599000+00:00,2026-08-14 08:08:42.662000+00:00,2026-08-14,15,894.4010000228882,-1.4,1.4,False,True,2026-08-14T07:47:34.330Z,,,,-154.33,0.025,,0.29,,,,,,,,
btc-updown-5m-1786694100,btc-5m,2026-08-14 07:50:04.294000+00:00,2026-08-14 08:07:10.119000+00:00,2026-08-14,15,295.7060000896454,2.7,2.3,True,False,2026-08-14T07:56:42.104Z,2026-08-14T07:56:30.764Z,2026-08-14T07:56:42.104Z,-102.104,-90.764,0.005,0.02,0.29,,,,,,,,
btc-updown-5m-1786693800,btc-5m,2026-08-14 07:45:06.863000+00:00,2026-08-14 08:03:51.417000+00:00,2026-08-14,15,293.13700008392334,2.35,2.65,True,False,2026-08-14T07:51:02.524Z,2026-08-14T07:50:36.910Z,2026-08-14T07:51:02.524Z,-62.524,-36.91,1.082,0.017,0.29,,,,,,,,
btc-updown-5m-1786693500,btc-5m,2026-08-14 07:40:06.684000+00:00,2026-08-14 07:57:08.714000+00:00,2026-08-14,15,293.3159999847412,-0.75,0.75,False,True,2026-08-14T07:47:10.944Z,,,,-130.944,0.025,,0.29,,,,,,,,
btc-updown-5m-1786693200,btc-5m,2026-08-14 07:35:05.430000+00:00,2026-08-14 07:52:32.793000+00:00,2026-08-14,15,294.5699999332428,2.15,2.85,True,False,2026-08-14T07:40:04.819Z,2026-08-14T07:40:49.245Z,2026-08-14T07:40:49.245Z,-49.245,-4.819,0.605,0.007,0.29,,,,,,,,
btc-updown-15m-1786692600,btc-15m,2026-08-14 07:15:06.411000+00:00,2026-08-14 07:50:40.420000+00:00,2026-08-14,15,893.5889999866486,-0.7,0.7,False,True,2026-08-14T07:32:17.468Z,,,,-137.468,0.006,,0.29,,,,,,,,
btc-updown-5m-1786692900,btc-5m,2026-08-14 07:30:03.307000+00:00,2026-08-14 07:43:40.872000+00:00,2026-08-14,15,296.6930000782013,-1.35,1.35,False,True,2026-08-14T07:35:47.434Z,,,,-47.434,0.011,,0.29,,,,,,,,
btc-updown-5m-1786692600,btc-5m,2026-08-14 07:25:05.704000+00:00,2026-08-14 07:43:24.868000+00:00,2026-08-14,15,294.2960000038147,-0.7,0.7,False,True,2026-08-14T07:32:11.269Z,,,,-131.269,0.011,,0.29,,,,,,,,
btc-updown-15m-1786691700,btc-15m,2026-08-14 07:00:03.625000+00:00,2026-08-14 07:36:47.161000+00:00,2026-08-14,15,896.375,-1.4,1.4,False,True,,2026-08-14T07:21:55.798Z,,,-415.798,,0.04,0.29,,,,,,,,
btc-updown-5m-1786692300,btc-5m,2026-08-14 07:20:06.236000+00:00,2026-08-14 07:33:53.163000+00:00,2026-08-14,15,293.76399993896484,-1.2,1.2,False,True,2026-08-14T07:28:06.117Z,,,,-186.117,0.006,,0.29,,,,,,,,
btc-updown-5m-1786692000,btc-5m,2026-08-14 07:15:04.441000+00:00,2026-08-14 07:33:11.536000+00:00,2026-08-14,15,295.5590000152588,-1.15,1.15,False,True,,2026-08-14T07:22:20.595Z,,,-140.595,,0.015,0.29,,,,,,,,
btc-updown-5m-1786691700,btc-5m,2026-08-14 07:10:03.581000+00:00,2026-08-14 07:23:48.824000+00:00,2026-08-14,15,296.4189999103546,-1.4,1.4,False,True,,2026-08-14T07:16:16.965Z,,,-76.965,,0.015,0.29,,,,,,,,
btc-updown-5m-1786691400,btc-5m,2026-08-14 07:05:04.478000+00:00,2026-08-14 07:22:59.770000+00:00,2026-08-14,15,295.5220000743866,-1.3,1.3,False,True,,2026-08-14T07:11:56.929Z,,,-116.929,,0.016,0.29,,,,,,,,
btc-updown-15m-1786690800,btc-15m,2026-08-14 06:45:07.665000+00:00,2026-08-14 07:22:48.726000+00:00,2026-08-14,14,892.335000038147,-1.55,1.55,False,True,,2026-08-14T07:02:16.186Z,,,-136.186,,0.03,0.31,,,,,,,,
btc-updown-5m-1786691100,btc-5m,2026-08-14 07:00:06.257000+00:00,2026-08-14 07:16:38.223000+00:00,2026-08-14,15,293.7430000305176,-1.2,1.2,False,True,,2026-08-14T07:06:18.905Z,,,-78.905,,0.003,0.29,,,,,,,,
btc-updown-5m-1786690800,btc-5m,2026-08-14 06:55:02.555000+00:00,2026-08-14 07:12:49.315000+00:00,2026-08-14,14,297.4449999332428,-1.45,1.45,False,True,,2026-08-14T07:02:07.884Z,,,-127.884,,0.006,0.29,,,,,,,,
btc-updown-15m-1786689900,btc-15m,2026-08-14 06:30:08.868000+00:00,2026-08-14 07:05:29.491000+00:00,2026-08-14,14,891.1319999694824,2.9,2.1,True,False,2026-08-14T06:52:34.783Z,2026-08-14T06:46:57.501Z,2026-08-14T06:52:34.783Z,-454.783,-117.501,0.879,0.021,0.29,,,,,,,,
btc-updown-5m-1786690500,btc-5m,2026-08-14 06:50:03.198000+00:00,2026-08-14 07:04:38.111000+00:00,2026-08-14,14,296.80200004577637,2.8,2.2,True,False,2026-08-14T06:57:18.879Z,2026-08-14T06:55:29.300Z,2026-08-14T06:57:18.879Z,-138.879,-29.3,0.011,0.03,0.29,,,,,,,,
btc-updown-5m-1786690200,btc-5m,2026-08-14 06:45:05.150000+00:00,2026-08-14 07:02:49.669000+00:00,2026-08-14,14,294.84999990463257,3.45,1.55,True,False,2026-08-14T06:52:33.918Z,2026-08-14T06:50:13.245Z,2026-08-14T06:52:33.918Z,-153.918,-13.245,0.014,0.007,0.29,,,,,,,,
btc-updown-5m-1786689900,btc-5m,2026-08-14 06:40:04.869000+00:00,2026-08-14 06:55:44.429000+00:00,2026-08-14,14,295.13100004196167,2.3,2.7,True,False,2026-08-14T06:48:04.289Z,2026-08-14T06:46:39.499Z,2026-08-14T06:48:04.289Z,-184.289,-99.499,0.011,0.005,0.29,,,,,,,,
btc-updown-5m-1786689600,btc-5m,2026-08-14 06:35:03.594000+00:00,2026-08-14 06:51:16.020000+00:00,2026-08-14,14,296.4059998989105,2.45,2.55,True,False,2026-08-14T06:42:31.206Z,2026-08-14T06:40:03.393Z,2026-08-14T06:42:31.206Z,-151.206,-3.393,0.025,0.713,0.29,,,,,,,,
btc-updown-15m-1786689000,btc-15m,2026-08-14 06:15:05.755000+00:00,2026-08-14 06:49:46.961000+00:00,2026-08-14,14,894.2449998855591,2.7,2.3,True,False,2026-08-14T06:44:00.896Z,2026-08-14T06:30:32.161Z,2026-08-14T06:44:00.896Z,-840.896,-32.161,0.003,0.003,0.29,,,,,,,,
btc-updown-5m-1786689000,btc-5m,2026-08-14 06:25:07.272000+00:00,2026-08-14 06:42:45.067000+00:00,2026-08-14,14,292.7279999256134,-1.45,1.45,False,True,,2026-08-14T06:30:06.046Z,,,-6.046,,0.74,0.29,,,,,,,,
btc-updown-5m-1786689300,btc-5m,2026-08-14 06:30:10.582000+00:00,2026-08-14 06:42:44.658000+00:00,2026-08-14,14,289.41799998283386,2.35,2.65,True,False,2026-08-14T06:36:51.288Z,2026-08-14T06:35:27.905Z,2026-08-14T06:36:51.288Z,-111.288,-27.905,0.006,0.02,0.29,,,,,,,,
btc-updown-15m-1786688100,btc-15m,2026-08-14 06:00:06.449000+00:00,2026-08-14 06:36:00.225000+00:00,2026-08-14,14,893.5510001182556,-1.45,1.45,False,True,2026-08-14T06:16:27.463Z,,,,-87.463,0.006,,0.29,,,,,,,,
btc-updown-5m-1786688700,btc-5m,2026-08-14 06:20:07.514000+00:00,2026-08-14 06:35:05.294000+00:00,2026-08-14,14,292.48600006103516,-1.45,1.45,False,True,2026-08-14T06:25:15.901Z,,,,-15.901,0.005,,0.29,,,,,,,,
btc-updown-5m-1786688400,btc-5m,2026-08-14 06:15:03.876000+00:00,2026-08-14 06:30:12.182000+00:00,2026-08-14,14,296.12400007247925,2.45,2.55,True,False,2026-08-14T06:21:42.089Z,2026-08-14T06:23:57.725Z,2026-08-14T06:23:57.725Z,-237.725,-102.089,0.022,0.026,0.29,,,,,,,,
btc-updown-5m-1786688100,btc-5m,2026-08-14 06:10:06.053000+00:00,2026-08-14 06:27:40.241000+00:00,2026-08-14,14,293.9470000267029,-1.35,1.35,False,True,2026-08-14T06:16:12.856Z,,,,-72.856,0.009,,0.29,,,,,,,,
btc-updown-5m-1786687800,btc-5m,2026-08-14 06:05:07.797000+00:00,2026-08-14 06:22:36.145000+00:00,2026-08-14,14,292.20300006866455,-1.1,1.1,False,True,2026-08-14T06:10:15.435Z,,,,-15.435,0.959,,0.29,,,,,,,,
btc-updown-15m-1786687200,btc-15m,2026-08-14 05:45:05.764000+00:00,2026-08-14 06:20:59.157000+00:00,2026-08-14,13,894.2360000610352,-1.35,1.35,False,True,2026-08-14T06:02:43.142Z,,,,-163.142,0.052,,0.29,,,,,,,,
btc-updown-5m-1786687500,btc-5m,2026-08-14 06:00:08.941000+00:00,2026-08-14 06:17:35.628000+00:00,2026-08-14,14,291.0590000152588,-1.45,1.45,False,True,2026-08-14T06:07:19.955Z,,,,-139.955,0.012,,0.29,,,,,,,,
btc-updown-5m-1786687200,btc-5m,2026-08-14 05:55:02.512000+00:00,2026-08-14 06:08:51.199000+00:00,2026-08-14,13,297.48799991607666,-1.25,1.25,False,True,2026-08-14T06:00:26.468Z,,,,-26.468,0.011,,0.29,,,,,,,,
btc-updown-15m-1786686300,btc-15m,2026-08-14 05:30:05.471000+00:00,2026-08-14 06:05:34.897000+00:00,2026-08-14,13,894.529000043869,-1.25,1.25,False,True,,2026-08-14T05:54:40.017Z,,,-580.017,,0.007,0.29,,,,,,,,
btc-updown-5m-1786686900,btc-5m,2026-08-14 05:50:05.932000+00:00,2026-08-14 06:04:21.087000+00:00,2026-08-14,13,294.0680000782013,-1.4,1.4,False,True,,2026-08-14T05:55:35.519Z,,,-35.519,,0.003,0.29,,,,,,,,
btc-updown-5m-1786686600,btc-5m,2026-08-14 05:45:03.669000+00:00,2026-08-14 05:58:52.410000+00:00,2026-08-14,13,296.3310000896454,2.3,2.7,True,False,2026-08-14T05:50:10.363Z,2026-08-14T05:53:01.629Z,2026-08-14T05:53:01.629Z,-181.629,-10.363,0.016,0.002,0.29,,,,,,,,
btc-updown-5m-1786686300,btc-5m,2026-08-14 05:40:06.471000+00:00,2026-08-14 05:53:52.878000+00:00,2026-08-14,13,293.529000043869,-1.3,1.3,False,True,,2026-08-14T05:46:11.727Z,,,-71.727,,0.026,0.29,,,,,,,,
btc-updown-15m-1786685400,btc-15m,2026-08-14 05:15:05.983000+00:00,2026-08-14 05:52:16.588000+00:00,2026-08-14,13,894.0169999599457,-1.4,1.4,False,True,,2026-08-14T05:32:53.050Z,,,-173.05,,0.013,0.29,,,,,,,,
btc-updown-5m-1786686000,btc-5m,2026-08-14 05:35:03.128000+00:00,2026-08-14 05:48:39.563000+00:00,2026-08-14,13,296.87199997901917,-1.3,1.3,False,True,,2026-08-14T05:41:06.763Z,,,-66.763,,0.007,0.29,,,,,,,,
btc-updown-5m-1786685700,btc-5m,2026-08-14 05:30:07.462000+00:00,2026-08-14 05:43:33.177000+00:00,2026-08-14,13,292.5380001068115,-1.4,1.4,False,True,,2026-08-14T05:36:45.589Z,,,-105.589,,0.022,0.29,,,,,,,,
btc-updown-5m-1786685400,btc-5m,2026-08-14 05:25:03.510000+00:00,2026-08-14 05:42:58.516000+00:00,2026-08-14,13,296.49000000953674,-1.35,1.35,False,True,,2026-08-14T05:31:50.109Z,,,-110.109,,0.007,0.29,,,,,,,,
btc-updown-5m-1786685100,btc-5m,2026-08-14 05:20:03.811000+00:00,2026-08-14 05:38:38.982000+00:00,2026-08-14,13,296.1889998912811,-0.7,0.7,False,True,,2026-08-14T05:25:23.074Z,,,-23.074,,0.015,0.29,,,,,,,,
btc-updown-15m-1786684500,btc-15m,2026-08-14 05:00:08.299000+00:00,2026-08-14 05:34:29.288000+00:00,2026-08-14,13,891.7009999752045,2.3,2.7,True,False,2026-08-14T05:23:27.790Z,2026-08-14T05:22:08.322Z,2026-08-14T05:23:27.790Z,-507.79,-428.322,0.031,0.014,0.29,,,,,,,,
btc-updown-5m-1786684800,btc-5m,2026-08-14 05:15:07.838000+00:00,2026-08-14 05:32:30.460000+00:00,2026-08-14,13,292.1619999408722,2.35,2.65,True,False,2026-08-14T05:23:20.588Z,2026-08-14T05:21:32.050Z,2026-08-14T05:23:20.588Z,-200.588,-92.05,0.012,0.011,0.29,,,,,,,,
btc-updown-5m-1786684500,btc-5m,2026-08-14 05:10:04.044000+00:00,2026-08-14 05:23:27.355000+00:00,2026-08-14,13,295.9560000896454,2.3,2.7,True,False,2026-08-14T05:15:35.879Z,2026-08-14T05:17:14.637Z,2026-08-14T05:17:14.637Z,-134.637,-35.879,0.017,0.012,0.29,,,,,,,,
btc-updown-15m-1786683600,btc-15m,2026-08-14 04:45:03.485000+00:00,2026-08-14 05:21:51.051000+00:00,2026-08-14,12,896.5150001049042,2.1,2.9,True,False,2026-08-14T05:07:04.088Z,2026-08-14T05:01:27.997Z,2026-08-14T05:07:04.088Z,-424.088,-87.997,0.011,0.016,0.29,,,,,,,,
btc-updown-5m-1786684200,btc-5m,2026-08-14 05:05:07.376000+00:00,2026-08-14 05:19:34.316000+00:00,2026-08-14,13,292.62400007247925,-0.85,0.85,False,True,2026-08-14T05:10:20.934Z,,,,-20.934,0.015,,0.29,,,,,,,,
btc-updown-5m-1786683900,btc-5m,2026-08-14 05:00:06.062000+00:00,2026-08-14 05:13:21.674000+00:00,2026-08-14,13,293.9379999637604,-1.3,1.3,False,True,2026-08-14T05:05:42.402Z,,,,-42.402,0.014,,0.29,,,,,,,,
btc-updown-5m-1786683600,btc-5m,2026-08-14 04:55:03.055000+00:00,2026-08-14 05:08:49.501000+00:00,2026-08-14,12,296.9449999332428,-0.85,0.85,False,True,,2026-08-14T05:00:55.384Z,,,-55.384,,0.008,0.29,,,,,,,,
btc-updown-15m-1786682700,btc-15m,2026-08-14 04:30:05.173000+00:00,2026-08-14 05:05:10.653000+00:00,2026-08-14,12,894.8269999027252,-0.75,0.75,False,True,2026-08-14T04:56:20.069Z,,,,-680.069,0.004,,0.29,,,,,,,,
btc-updown-5m-1786683300,btc-5m,2026-08-14 04:50:07.506000+00:00,2026-08-14 05:02:45.452000+00:00,2026-08-14,12,292.49399995803833,-1.45,1.45,False,True,2026-08-14T04:56:17.279Z,,,,-77.279,0.008,,0.29,,,,,,,,
btc-updown-5m-1786683000,btc-5m,2026-08-14 04:45:06.086000+00:00,2026-08-14 05:02:40.729000+00:00,2026-08-14,12,293.9140000343323,-1.45,1.45,False,True,2026-08-14T04:50:01.162Z,,,,-1.162,0.005,,0.29,,,,,,,,
btc-updown-5m-1786682700,btc-5m,2026-08-14 04:40:07.135000+00:00,2026-08-14 04:57:37.344000+00:00,2026-08-14,12,292.86500000953674,2.3,2.7,True,False,2026-08-14T04:45:25.299Z,2026-08-14T04:48:01.036Z,2026-08-14T04:48:01.036Z,-181.036,-25.299,0.009,0.006,0.29,,,,,,,,
btc-updown-5m-1786682400,btc-5m,2026-08-14 04:35:02.599000+00:00,2026-08-14 04:52:38.293000+00:00,2026-08-14,12,297.4010000228882,3.25,1.75,True,False,2026-08-14T04:44:06.268Z,2026-08-14T04:40:52.083Z,2026-08-14T04:44:06.268Z,-246.268,-52.083,0.012,0.009,0.29,,,,,,,,
btc-updown-15m-1786681800,btc-15m,2026-08-14 04:15:03.438000+00:00,2026-08-14 04:49:43.728000+00:00,2026-08-14,12,896.5620000362396,-1.4,1.4,False,True,2026-08-14T04:35:20.200Z,,,,-320.2,0.012,,0.29,,,,,,,,
btc-updown-5m-1786682100,btc-5m,2026-08-14 04:30:03.103000+00:00,2026-08-14 04:49:22.119000+00:00,2026-08-14,12,296.8970000743866,-1.4,1.4,False,True,2026-08-14T04:36:02.485Z,,,,-62.485,0.019,,0.29,,,,,,,,
btc-updown-5m-1786681800,btc-5m,2026-08-14 04:25:05.053000+00:00,2026-08-14 04:43:11.077000+00:00,2026-08-14,12,294.9470000267029,-1.45,1.45,False,True,2026-08-14T04:31:37.338Z,,,,-97.338,0.01,,0.29,,,,,,,,
btc-updown-5m-1786681500,btc-5m,2026-08-14 04:20:05.587000+00:00,2026-08-14 04:38:05.946000+00:00,2026-08-14,12,294.4130001068115,3.25,1.75,True,False,2026-08-14T04:25:14.418Z,2026-08-14T04:27:00.597Z,2026-08-14T04:27:00.597Z,-120.597,-14.418,1.244,0.007,0.29,,,,,,,,
btc-updown-15m-1786680900,btc-15m,2026-08-14 04:00:07.631000+00:00,2026-08-14 04:37:45.023000+00:00,2026-08-14,12,892.3689999580383,2.35,2.65,True,False,2026-08-14T04:24:16.341Z,2026-08-14T04:16:36.278Z,2026-08-14T04:24:16.341Z,-556.341,-96.278,0.013,0.007,0.29,,,,,,,,
btc-updown-5m-1786681200,btc-5m,2026-08-14 04:15:05.733000+00:00,2026-08-14 04:29:44.178000+00:00,2026-08-14,12,294.2669999599457,-1.35,1.35,False,True,2026-08-14T04:22:33.301Z,,,,-153.301,0.004,,0.29,,,,,,,,
btc-updown-5m-1786680900,btc-5m,2026-08-14 04:10:05.080000+00:00,2026-08-14 04:23:01.809000+00:00,2026-08-14,12,294.92000007629395,-0.85,0.85,False,True,,2026-08-14T04:16:29.495Z,,,-89.495,,0.013,0.29,,,,,,,,
btc-updown-5m-1786680600,btc-5m,2026-08-14 04:05:02.999000+00:00,2026-08-14 04:21:44.825000+00:00,2026-08-14,12,297.00099992752075,2.35,2.65,True,False,2026-08-14T04:11:36.209Z,2026-08-14T04:13:31.435Z,2026-08-14T04:13:31.435Z,-211.435,-96.209,0.004,0.049,0.29,,,,,,,,
btc-updown-15m-1786680000,btc-15m,2026-08-14 03:45:08.966000+00:00,2026-08-14 04:21:29.138000+00:00,2026-08-14,11,891.0339999198914,-1.45,1.45,False,True,,2026-08-14T04:02:43.168Z,,,-163.168,,0.014,0.29,,,,,,,,
btc-updown-5m-1786680300,btc-5m,2026-08-14 04:00:10.273000+00:00,2026-08-14 04:17:18.087000+00:00,2026-08-14,12,289.72699999809265,-1.4,1.4,False,True,,2026-08-14T04:05:49.196Z,,,-49.196,,0.008,0.29,,,,,,,,
btc-updown-5m-1786680000,btc-5m,2026-08-14 03:55:05.469000+00:00,2026-08-14 04:12:49.060000+00:00,2026-08-14,11,294.5309998989105,2.65,2.35,True,False,2026-08-14T04:00:32.813Z,2026-08-14T04:02:25.024Z,2026-08-14T04:02:25.024Z,-145.024,-32.813,0.007,0.015,0.29,,,,,,,,
btc-updown-15m-1786679100,btc-15m,2026-08-14 03:30:05.500000+00:00,2026-08-14 04:07:09.071000+00:00,2026-08-14,11,894.5,-1.45,1.45,False,True,2026-08-14T03:52:37.141Z,,,,-457.141,0.012,,0.29,,,,,,,,
btc-updown-5m-1786679700,btc-5m,2026-08-14 03:50:04.409000+00:00,2026-08-14 04:02:51.306000+00:00,2026-08-14,11,295.59100008010864,2.65,2.35,True,False,2026-08-14T03:58:53.741Z,2026-08-14T03:55:40.752Z,2026-08-14T03:58:53.741Z,-233.741,-40.752,0.004,0.007,0.29,,,,,,,,
btc-updown-5m-1786679400,btc-5m,2026-08-14 03:45:06.713000+00:00,2026-08-14 04:01:41.195000+00:00,2026-08-14,11,293.2869999408722,-1.4,1.4,False,True,2026-08-14T03:52:17.449Z,,,,-137.449,0.003,,0.29,,,,,,,,
btc-updown-5m-1786679100,btc-5m,2026-08-14 03:40:05.479000+00:00,2026-08-14 03:54:44.187000+00:00,2026-08-14,11,294.52099990844727,-1.4,1.4,False,True,2026-08-14T03:46:18.591Z,,,,-78.591,0.017,,0.29,,,,,,,,
btc-updown-15m-1786678200,btc-15m,2026-08-14 03:15:06.860000+00:00,2026-08-14 03:51:18.701000+00:00,2026-08-14,11,893.1400001049042,-1.55,1.55,False,True,2026-08-14T03:35:26.881Z,,,,-326.881,0.023,,0.31,,,,,,,,
btc-updown-5m-1786678800,btc-5m,2026-08-14 03:35:04.175000+00:00,2026-08-14 03:48:59.318000+00:00,2026-08-14,11,295.8250000476837,-1.3,1.3,False,True,,2026-08-14T03:40:12.276Z,,,-12.276,,0.011,0.29,,,,,,,,
btc-updown-5m-1786678500,btc-5m,2026-08-14 03:30:07.736000+00:00,2026-08-14 03:43:59.698000+00:00,2026-08-14,11,292.26399993896484,-1.35,1.35,False,True,2026-08-14T03:35:22.844Z,,,,-22.844,0.006,,0.29,,,,,,,,
btc-updown-5m-1786678200,btc-5m,2026-08-14 03:25:04.804000+00:00,2026-08-14 03:43:55.346000+00:00,2026-08-14,11,295.19600009918213,-1.45,1.45,False,True,2026-08-14T03:30:17.297Z,,,,-17.297,0.006,,0.29,,,,,,,,
btc-updown-15m-1786677300,btc-15m,2026-08-14 03:00:03.480000+00:00,2026-08-14 03:37:49.100000+00:00,2026-08-14,11,896.5199999809265,2.25,2.75,True,False,2026-08-14T03:27:08.413Z,2026-08-14T03:16:17.931Z,2026-08-14T03:27:08.413Z,-728.413,-77.931,0.02,0.032,0.29,,,,,,,,
btc-updown-5m-1786677900,btc-5m,2026-08-14 03:20:04.158000+00:00,2026-08-14 03:34:00.765000+00:00,2026-08-14,11,295.8420000076294,-1.35,1.35,False,True,2026-08-14T03:25:23.841Z,,,,-23.841,0.003,,0.29,,,,,,,,
btc-updown-5m-1786677600,btc-5m,2026-08-14 03:15:09.799000+00:00,2026-08-14 03:33:46.700000+00:00,2026-08-14,11,290.20099997520447,-1.45,1.45,False,True,2026-08-14T03:20:35.717Z,,,,-35.717,0.003,,0.29,,,,,,,,
btc-updown-5m-1786677300,btc-5m,2026-08-14 03:10:05.795000+00:00,2026-08-14 03:28:46.540000+00:00,2026-08-14,11,294.20499992370605,-0.95,0.95,False,True,,2026-08-14T03:16:02.929Z,,,-62.929,,0.013,0.29,,,,,,,,
btc-updown-15m-1786676400,btc-15m,2026-08-14 02:45:04.941000+00:00,2026-08-14 03:22:38.333000+00:00,2026-08-14,10,895.0590000152588,3.15,1.85,True,False,2026-08-14T03:08:20.048Z,2026-08-14T03:13:40.912Z,2026-08-14T03:13:40.912Z,-820.912,-500.048,0.027,0.018,0.29,,,,,,,,
btc-updown-5m-1786677000,btc-5m,2026-08-14 03:05:05.837000+00:00,2026-08-14 03:19:54.778000+00:00,2026-08-14,11,294.1630001068115,2.45,2.55,True,False,2026-08-14T03:11:12.164Z,2026-08-14T03:12:19.389Z,2026-08-14T03:12:19.389Z,-139.389,-72.164,0.013,0.008,0.29,,,,,,,,
btc-updown-5m-1786676700,btc-5m,2026-08-14 03:00:06.086000+00:00,2026-08-14 03:16:06.659000+00:00,2026-08-14,11,293.9140000343323,-1.45,1.45,False,True,,2026-08-14T03:05:20.563Z,,,-20.563,,0.018,0.29,,,,,,,,
btc-updown-5m-1786676400,btc-5m,2026-08-14 02:55:08.252000+00:00,2026-08-14 03:13:38.464000+00:00,2026-08-14,10,291.7479999065399,-1.45,1.45,False,True,2026-08-14T03:00:40.369Z,,,,-40.369,0.003,,0.29,,,,,,,,
btc-updown-15m-1786675500,btc-15m,2026-08-14 02:30:05.220000+00:00,2026-08-14 03:07:53.053000+00:00,2026-08-14,10,894.7799999713898,2.4,2.6,True,False,2026-08-14T02:56:32.361Z,2026-08-14T02:50:11.364Z,2026-08-14T02:56:32.361Z,-692.361,-311.364,0.131,0.006,0.29,,,,,,,,
btc-updown-5m-1786676100,btc-5m,2026-08-14 02:50:03.639000+00:00,2026-08-14 03:04:52.738000+00:00,2026-08-14,10,296.36100006103516,-1.2,1.2,False,True,2026-08-14T02:55:50.314Z,,,,-50.314,0.013,,0.29,,,,,,,,
btc-updown-5m-1786675800,btc-5m,2026-08-14 02:45:06.661000+00:00,2026-08-14 03:03:34.175000+00:00,2026-08-14,10,293.33899998664856,-1.45,1.45,False,True,,2026-08-14T02:51:44.170Z,,,-104.17,,0.006,0.29,,,,,,,,
btc-updown-5m-1786675500,btc-5m,2026-08-14 02:40:05.473000+00:00,2026-08-14 02:56:40.470000+00:00,2026-08-14,10,294.52699995040894,-1.3,1.3,False,True,,2026-08-14T02:45:33.836Z,,,-33.836,,0.007,0.29,,,,,,,,
btc-updown-5m-1786675200,btc-5m,2026-08-14 02:35:07.140000+00:00,2026-08-14 02:52:11.149000+00:00,2026-08-14,10,292.8599998950958,-1.35,1.35,False,True,2026-08-14T02:40:17.599Z,,,,-17.599,0.02,,0.29,,,,,,,,
btc-updown-15m-1786674600,btc-15m,2026-08-14 02:15:04.684000+00:00,2026-08-14 02:51:33.651000+00:00,2026-08-14,10,895.3159999847412,-1.4,1.4,False,True,,2026-08-14T02:31:17.751Z,,,-77.751,,0.034,0.31,,,,,,,,
btc-updown-5m-1786674900,btc-5m,2026-08-14 02:30:07.946000+00:00,2026-08-14 02:47:11.866000+00:00,2026-08-14,10,292.05399990081787,2.45,2.55,True,False,2026-08-14T02:38:36.338Z,2026-08-14T02:36:05.531Z,2026-08-14T02:38:36.338Z,-216.338,-65.531,1.041,0.01,0.29,,,,,,,,
btc-updown-5m-1786674600,btc-5m,2026-08-14 02:25:05.210000+00:00,2026-08-14 02:40:53.288000+00:00,2026-08-14,10,294.789999961853,-1.35,1.35,False,True,,2026-08-14T02:30:17.342Z,,,-17.342,,1.128,0.29,,,,,,,,
btc-updown-5m-1786674300,btc-5m,2026-08-14 02:20:05.189000+00:00,2026-08-14 02:37:03.975000+00:00,2026-08-14,10,294.8110001087189,-1.4,1.4,False,True,2026-08-14T02:25:16.263Z,,,,-16.263,0.006,,0.29,,,,,,,,
btc-updown-15m-1786673700,btc-15m,2026-08-14 02:00:03.749000+00:00,2026-08-14 02:35:55.779000+00:00,2026-08-14,10,896.2509999275208,2.1,2.9,True,False,2026-08-14T02:24:44.328Z,2026-08-14T02:15:12.997Z,2026-08-14T02:24:44.328Z,-584.328,-12.997,0.006,0.003,0.31,,,,,,,,
btc-updown-5m-1786674000,btc-5m,2026-08-14 02:15:02.806000+00:00,2026-08-14 02:28:04.668000+00:00,2026-08-14,10,297.19400000572205,-1.4,1.4,False,True,,2026-08-14T02:20:46.776Z,,,-46.776,,0.019,0.29,,,,,,,,
btc-updown-5m-1786673700,btc-5m,2026-08-14 02:10:04.189000+00:00,2026-08-14 02:23:05.988000+00:00,2026-08-14,10,295.8110001087189,2.4,2.6,True,False,2026-08-14T02:18:22.764Z,2026-08-14T02:15:08.273Z,2026-08-14T02:18:22.764Z,-202.764,-8.273,0.008,0.026,0.29,,,,,,,,
btc-updown-15m-1786672800,btc-15m,2026-08-14 01:45:09.804000+00:00,2026-08-14 02:21:49.702000+00:00,2026-08-14,9,890.1960000991821,2.65,2.35,True,False,2026-08-14T02:12:29.856Z,2026-08-14T02:07:28.810Z,2026-08-14T02:12:29.856Z,-749.856,-448.81,0.014,0.021,0.31,,,,,,,,
btc-updown-5m-1786673400,btc-5m,2026-08-14 02:05:03.676000+00:00,2026-08-14 02:21:24.516000+00:00,2026-08-14,10,296.3239998817444,2.4,2.6,True,False,2026-08-14T02:12:15.683Z,2026-08-14T02:10:29.557Z,2026-08-14T02:12:15.683Z,-135.683,-29.557,0.019,0.003,0.29,,,,,,,,
btc-updown-5m-1786673100,btc-5m,2026-08-14 02:00:08.786000+00:00,2026-08-14 02:16:19.015000+00:00,2026-08-14,10,291.21399998664856,2.5,2.5,True,False,2026-08-14T02:05:38.960Z,2026-08-14T02:07:02.692Z,2026-08-14T02:07:02.692Z,-122.692,-38.96,0.014,0.014,0.29,,,,,,,,
btc-updown-5m-1786672800,btc-5m,2026-08-14 01:55:04.730000+00:00,2026-08-14 02:10:31.925000+00:00,2026-08-14,9,295.2699999809265,2.55,2.45,True,False,2026-08-14T02:00:53.854Z,2026-08-14T02:04:04.302Z,2026-08-14T02:04:04.302Z,-244.302,-53.854,0.006,0.003,0.29,,,,,,,,
btc-updown-15m-1786671900,btc-15m,2026-08-14 01:30:05.787000+00:00,2026-08-14 02:08:43.835000+00:00,2026-08-14,9,894.2130000591278,2.1,2.9,True,False,2026-08-14T01:45:51.875Z,2026-08-14T01:58:28.530Z,2026-08-14T01:58:28.530Z,-808.53,-51.875,0.031,0.025,0.31,,,,,,,,
btc-updown-5m-1786672500,btc-5m,2026-08-14 01:50:05.729000+00:00,2026-08-14 02:05:05.538000+00:00,2026-08-14,9,294.27099990844727,2.55,2.45,True,False,2026-08-14T01:56:01.513Z,2026-08-14T01:57:14.058Z,2026-08-14T01:57:14.058Z,-134.058,-61.513,0.956,0.015,0.29,,,,,,,,
btc-updown-5m-1786672200,btc-5m,2026-08-14 01:45:07.647000+00:00,2026-08-14 02:00:16.253000+00:00,2026-08-14,9,292.3529999256134,2.15,2.85,True,False,2026-08-14T01:51:13.818Z,2026-08-14T01:53:02.013Z,2026-08-14T01:53:02.013Z,-182.013,-73.818,0.017,0.016,0.29,,,,,,,,
btc-updown-5m-1786671900,btc-5m,2026-08-14 01:40:06.918000+00:00,2026-08-14 01:54:18.581000+00:00,2026-08-14,9,293.08200001716614,-1.2,1.2,False,True,2026-08-14T01:45:28.156Z,,,,-28.156,0.003,,0.29,,,,,,,,
btc-updown-15m-1786671000,btc-15m,2026-08-14 01:15:05.595000+00:00,2026-08-14 01:53:09.583000+00:00,2026-08-14,9,894.4049999713898,-1.45,1.45,False,True,,2026-08-14T01:35:46.357Z,,,-346.357,,0.021,0.31,,,,,,,,
btc-updown-5m-1786671600,btc-5m,2026-08-14 01:35:07.570000+00:00,2026-08-14 01:51:24.578000+00:00,2026-08-14,9,292.4300000667572,-1.45,1.45,False,True,,2026-08-14T01:40:23.198Z,,,-23.198,,0.017,0.29,,,,,,,,
btc-updown-5m-1786671300,btc-5m,2026-08-14 01:30:03.471000+00:00,2026-08-14 01:46:10.002000+00:00,2026-08-14,9,296.529000043869,-1.0,1.0,False,True,,2026-08-14T01:35:48.656Z,,,-48.656,,0.002,0.29,,,,,,,,
btc-updown-5m-1786671000,btc-5m,2026-08-14 01:25:03.401000+00:00,2026-08-14 01:41:02.378000+00:00,2026-08-14,9,296.5989999771118,3.3,1.7,True,False,2026-08-14T01:31:39.248Z,2026-08-14T01:34:09.968Z,2026-08-14T01:34:09.968Z,-249.968,-99.248,0.014,0.005,0.29,,,,,,,,
btc-updown-5m-1786670700,btc-5m,2026-08-14 01:20:07.123000+00:00,2026-08-14 01:35:44.398000+00:00,2026-08-14,9,292.8770000934601,-1.4,1.4,False,True,2026-08-14T01:26:23.145Z,,,,-83.145,0.005,,0.29,,,,,,,,
btc-updown-15m-1786670100,btc-15m,2026-08-14 01:00:07.765000+00:00,2026-08-14 01:34:06.667000+00:00,2026-08-14,9,892.2349998950958,2.5,2.5,True,False,2026-08-14T01:18:15.340Z,2026-08-14T01:22:42.509Z,2026-08-14T01:22:42.509Z,-462.509,-195.34,0.003,0.004,0.31,,,,,,,,
btc-updown-5m-1786670400,btc-5m,2026-08-14 01:15:08.102000+00:00,2026-08-14 01:30:58.590000+00:00,2026-08-14,9,291.89800000190735,-1.35,1.35,False,True,,2026-08-14T01:20:52.439Z,,,-52.439,,0.008,0.29,,,,,,,,
btc-updown-5m-1786670100,btc-5m,2026-08-14 01:10:03.711000+00:00,2026-08-14 01:25:40.348000+00:00,2026-08-14,9,296.2890000343323,-1.45,1.45,False,True,2026-08-14T01:15:40.786Z,,,,-40.786,0.047,,0.29,,,,,,,,
btc-updown-5m-1786669800,btc-5m,2026-08-14 01:05:05.981000+00:00,2026-08-14 01:23:31.252000+00:00,2026-08-14,9,294.01900005340576,-1.45,1.45,False,True,2026-08-14T01:11:23.217Z,,,,-83.217,0.008,,0.29,,,,,,,,
btc-updown-15m-1786669200,btc-15m,2026-08-14 00:45:06.611000+00:00,2026-08-14 01:18:32.935000+00:00,2026-08-14,8,893.3889999389648,2.25,2.75,True,False,2026-08-14T01:08:10.227Z,2026-08-14T01:02:37.225Z,2026-08-14T01:08:10.227Z,-490.227,-157.225,0.013,0.013,0.31,,,,,,,,
btc-updown-5m-1786669500,btc-5m,2026-08-14 01:00:05.577000+00:00,2026-08-14 01:16:50.344000+00:00,2026-08-14,9,294.4230000972748,2.75,2.25,True,False,2026-08-14T01:06:36.228Z,2026-08-14T01:05:56.912Z,2026-08-14T01:06:36.228Z,-96.228,-56.912,0.005,0.01,0.29,,,,,,,,
btc-updown-5m-1786669200,btc-5m,2026-08-14 00:55:03.053000+00:00,2026-08-14 01:10:46.780000+00:00,2026-08-14,8,296.9470000267029,2.6,2.4,True,False,2026-08-14T01:00:40.585Z,2026-08-14T01:02:25.640Z,2026-08-14T01:02:25.640Z,-145.64,-40.585,1.154,0.031,0.29,,,,,,,,
btc-updown-15m-1786668300,btc-15m,2026-08-14 00:30:05.124000+00:00,2026-08-14 01:05:31.609000+00:00,2026-08-14,8,894.8759999275208,2.1,2.9,True,False,2026-08-14T00:45:58.144Z,2026-08-14T00:52:35.635Z,2026-08-14T00:52:35.635Z,-455.635,-58.144,0.003,0.014,0.31,,,,,,,,
btc-updown-5m-1786668900,btc-5m,2026-08-14 00:50:05.955000+00:00,2026-08-14 01:05:07.152000+00:00,2026-08-14,8,294.04500007629395,-1.2,1.2,False,True,2026-08-14T00:55:48.259Z,,,,-48.259,0.015,,0.29,,,,,,,,
btc-updown-5m-1786668600,btc-5m,2026-08-14 00:45:08.814000+00:00,2026-08-14 01:01:42.175000+00:00,2026-08-14,8,291.1860001087189,-1.4,1.4,False,True,,2026-08-14T00:50:41.398Z,,,-41.398,,0.02,0.29,,,,,,,,
btc-updown-5m-1786668300,btc-5m,2026-08-14 00:40:07.094000+00:00,2026-08-14 00:57:46.902000+00:00,2026-08-14,8,292.9059998989105,-1.3,1.3,False,True,2026-08-14T00:45:21.781Z,,,,-21.781,0.018,,0.29,,,,,,,,
btc-updown-15m-1786667400,btc-15m,2026-08-14 00:15:04.889000+00:00,2026-08-14 00:52:13.680000+00:00,2026-08-14,8,895.1110000610352,2.3,2.7,True,False,2026-08-14T00:30:17.568Z,2026-08-14T00:41:32.044Z,2026-08-14T00:41:32.044Z,-692.044,-17.568,0.014,0.002,0.31,,,,,,,,
btc-updown-5m-1786668000,btc-5m,2026-08-14 00:35:07.598000+00:00,2026-08-14 00:51:11.258000+00:00,2026-08-14,8,292.40199995040894,-1.4,1.4,False,True,,2026-08-14T00:40:58.657Z,,,-58.657,,0.025,0.29,,,,,,,,
btc-updown-5m-1786667700,btc-5m,2026-08-14 00:30:07.054000+00:00,2026-08-14 00:45:10.435000+00:00,2026-08-14,8,292.94600009918213,-1.4,1.4,False,True,,2026-08-14T00:35:39.212Z,,,-39.212,,0.004,0.29,,,,,,,,
btc-updown-5m-1786667400,btc-5m,2026-08-14 00:25:03.599000+00:00,2026-08-14 00:44:39.532000+00:00,2026-08-14,8,296.4010000228882,-1.05,1.05,False,True,2026-08-14T00:30:11.950Z,,,,-11.95,0.004,,0.29,,,,,,,,
btc-updown-5m-1786667100,btc-5m,2026-08-14 00:20:04.414000+00:00,2026-08-14 00:37:26.852000+00:00,2026-08-14,8,295.5859999656677,-1.05,1.05,False,True,2026-08-14T00:25:15.249Z,,,,-15.249,0.003,,0.29,,,,,,,,
btc-updown-15m-1786666500,btc-15m,2026-08-14 00:00:09.909000+00:00,2026-08-14 00:36:50.715000+00:00,2026-08-14,8,890.0910000801086,2.15,2.85,True,False,2026-08-14T00:27:06.709Z,2026-08-14T00:16:07.070Z,2026-08-14T00:27:06.709Z,-726.709,-67.07,0.016,0.017,0.31,,,,,,,,
btc-updown-5m-1786666800,btc-5m,2026-08-14 00:15:02.850000+00:00,2026-08-14 00:31:34.872000+00:00,2026-08-14,8,297.15000009536743,-1.25,1.25,False,True,,2026-08-14T00:21:05.430Z,,,-65.43,,0.016,0.29,,,,,,,,
btc-updown-5m-1786666500,btc-5m,2026-08-14 00:10:06.404000+00:00,2026-08-14 00:28:20.656000+00:00,2026-08-14,8,293.595999956131,3.35,1.65,True,False,2026-08-14T00:18:49.223Z,2026-08-14T00:16:04.162Z,2026-08-14T00:18:49.223Z,-229.223,-64.162,0.013,0.008,0.29,,,,,,,,
btc-updown-5m-1786666200,btc-5m,2026-08-14 00:05:02.828000+00:00,2026-08-14 00:22:47.183000+00:00,2026-08-14,8,297.17199993133545,2.25,2.75,True,False,2026-08-14T00:14:30.483Z,2026-08-14T00:13:42.677Z,2026-08-14T00:14:30.483Z,-270.483,-222.677,0.008,0.035,0.29,,,,,,,,
btc-updown-15m-1786665600,btc-15m,2026-08-13 23:45:05.844000+00:00,2026-08-14 00:22:46.775000+00:00,2026-08-14,7,894.1559998989105,2.05,2.95,True,False,2026-08-14T00:03:00.713Z,2026-08-14T00:00:26.513Z,2026-08-14T00:03:00.713Z,-180.713,-26.513,0.004,0.929,0.31,,,,,,,,
btc-updown-5m-1786665900,btc-5m,2026-08-14 00:00:12.181000+00:00,2026-08-14 00:17:43.688000+00:00,2026-08-14,8,287.81900000572205,-1.1,1.1,False,True,,2026-08-14T00:05:06.520Z,,,-6.52,,0.014,0.29,,,,,,,,
btc-updown-5m-1786665600,btc-5m,2026-08-13 23:55:02.814000+00:00,2026-08-14 00:12:40.947000+00:00,2026-08-14,7,297.1860001087189,3.15,1.85,True,False,2026-08-14T00:02:58.592Z,2026-08-14T00:00:25.597Z,2026-08-14T00:02:58.592Z,-178.592,-25.597,0.008,0.014,0.29,,,,,,,,
btc-updown-15m-1786664700,btc-15m,2026-08-13 23:30:07.311000+00:00,2026-08-14 00:07:34.198000+00:00,2026-08-14,7,892.6889998912811,2.25,2.75,True,False,2026-08-13T23:47:55.334Z,2026-08-13T23:57:14.225Z,2026-08-13T23:57:14.225Z,-734.225,-175.334,0.031,0.002,0.31,,,,,,,,
btc-updown-5m-1786665300,btc-5m,2026-08-13 23:50:05.739000+00:00,2026-08-14 00:03:38.642000+00:00,2026-08-14,7,294.260999917984,-1.35,1.35,False,True,,2026-08-13T23:55:59.276Z,,,-59.276,,0.018,0.29,,,,,,,,
btc-updown-5m-1786665000,btc-5m,2026-08-13 23:45:03.898000+00:00,2026-08-13 23:58:36.501000+00:00,2026-08-14,7,296.10199999809265,-1.2,1.2,False,True,2026-08-13T23:51:04.356Z,,,,-64.356,0.011,,0.29,,,,,,,,
btc-updown-5m-1786664700,btc-5m,2026-08-13 23:40:06.671000+00:00,2026-08-13 23:54:27.258000+00:00,2026-08-14,7,293.3289999961853,-1.45,1.45,False,True,2026-08-13T23:46:07.674Z,,,,-67.674,0.01,,0.29,,,,,,,,
btc-updown-5m-1786664400,btc-5m,2026-08-13 23:35:06.799000+00:00,2026-08-13 23:54:11.779000+00:00,2026-08-14,7,293.20099997520447,-1.35,1.35,False,True,2026-08-13T23:41:50.726Z,,,,-110.726,0.015,,0.29,,,,,,,,
btc-updown-15m-1786663800,btc-15m,2026-08-13 23:15:06.663000+00:00,2026-08-13 23:49:09.759000+00:00,2026-08-14,7,893.3369998931885,1.9,3.1,True,False,2026-08-13T23:39:00.729Z,2026-08-13T23:31:28.161Z,2026-08-13T23:39:00.729Z,-540.729,-88.161,0.007,0.005,0.31,,,,,,,,
btc-updown-5m-1786664100,btc-5m,2026-08-13 23:30:05.279000+00:00,2026-08-13 23:47:53.358000+00:00,2026-08-14,7,294.720999956131,-1.35,1.35,False,True,2026-08-13T23:36:10.139Z,,,,-70.139,0.007,,0.29,,,,,,,,
btc-updown-5m-1786663500,btc-5m,2026-08-13 23:20:05.008000+00:00,2026-08-13 23:38:21.636000+00:00,2026-08-14,7,294.9920001029968,-1.35,1.35,False,True,,2026-08-13T23:27:35.736Z,,,-155.736,,0.005,0.29,,,,,,,,
btc-updown-5m-1786663800,btc-5m,2026-08-13 23:25:02.995000+00:00,2026-08-13 23:38:21.244000+00:00,2026-08-14,7,297.0050001144409,-1.4,1.4,False,True,,2026-08-13T23:30:15.964Z,,,-15.964,,0.003,0.29,,,,,,,,
btc-updown-15m-1786662900,btc-15m,2026-08-13 23:00:07.706000+00:00,2026-08-13 23:35:32.495000+00:00,2026-08-14,7,892.2939999103546,2.1,2.9,True,False,2026-08-13T23:18:26.287Z,2026-08-13T23:22:29.830Z,2026-08-13T23:22:29.830Z,-449.83,-206.287,0.009,0.004,0.31,,,,,,,,
btc-updown-5m-1786663200,btc-5m,2026-08-13 23:15:08.798000+00:00,2026-08-13 23:28:04.438000+00:00,2026-08-14,7,291.2019999027252,2.3,2.7,True,False,2026-08-13T23:23:52.561Z,2026-08-13T23:22:01.838Z,2026-08-13T23:23:52.561Z,-232.561,-121.838,0.014,0.009,0.29,,,,,,,,
btc-updown-5m-1786662900,btc-5m,2026-08-13 23:10:02.728000+00:00,2026-08-13 23:24:01.743000+00:00,2026-08-14,7,297.2720000743866,-1.3,1.3,False,True,2026-08-13T23:17:52.707Z,,,,-172.707,0.013,,0.29,,,,,,,,
btc-updown-15m-1786662000,btc-15m,2026-08-13 22:45:08.415000+00:00,2026-08-13 23:23:21.290000+00:00,2026-08-14,6,891.585000038147,-1.55,1.55,False,True,2026-08-13T23:02:42.350Z,,,,-162.35,0.016,,0.31,,,,,,,,
btc-updown-5m-1786662600,btc-5m,2026-08-13 23:05:02.958000+00:00,2026-08-13 23:23:01.684000+00:00,2026-08-14,7,297.0420000553131,-1.0,1.0,False,True,,2026-08-13T23:10:22.163Z,,,-22.163,,0.007,0.29,,,,,,,,
btc-updown-5m-1786662300,btc-5m,2026-08-13 23:00:05.634000+00:00,2026-08-13 23:19:20.791000+00:00,2026-08-14,7,294.3659999370575,-0.9,0.9,False,True,,2026-08-13T23:06:07.431Z,,,-67.431,,0.004,0.29,,,,,,,,
btc-updown-5m-1786662000,btc-5m,2026-08-13 22:55:05.169000+00:00,2026-08-13 23:14:11.815000+00:00,2026-08-14,6,294.8310000896454,2.5,2.5,True,False,2026-08-13T23:02:05.617Z,2026-08-13T23:01:08.960Z,2026-08-13T23:02:05.617Z,-125.617,-68.96,0.008,0.002,0.29,,,,,,,,
btc-updown-15m-1786661100,btc-15m,2026-08-13 22:30:05.037000+00:00,2026-08-13 23:04:22.511000+00:00,2026-08-14,6,894.9630000591278,-1.55,1.55,False,True,2026-08-13T22:48:53.840Z,,,,-233.84,0.017,,0.31,,,,,,,,
btc-updown-5m-1786661700,btc-5m,2026-08-13 22:50:06.835000+00:00,2026-08-13 23:03:55.106000+00:00,2026-08-14,6,293.164999961853,-1.2,1.2,False,True,2026-08-13T22:58:37.841Z,,,,-217.841,0.014,,0.29,,,,,,,,
btc-updown-5m-1786661400,btc-5m,2026-08-13 22:45:06.363000+00:00,2026-08-13 22:58:51.220000+00:00,2026-08-14,6,293.63700008392334,2.4,2.6,True,False,2026-08-13T22:51:32.652Z,2026-08-13T22:52:39.184Z,2026-08-13T22:52:39.184Z,-159.184,-92.652,0.013,0.008,0.29,,,,,,,,
btc-updown-5m-1786661100,btc-5m,2026-08-13 22:40:07.467000+00:00,2026-08-13 22:53:46.838000+00:00,2026-08-14,6,292.5329999923706,-0.9,0.9,False,True,2026-08-13T22:47:43.920Z,,,,-163.92,0.018,,0.29,,,,,,,,
btc-updown-15m-1786660200,btc-15m,2026-08-13 22:15:08.421000+00:00,2026-08-13 22:53:13.658000+00:00,2026-08-14,6,891.5789999961853,-1.55,1.55,False,True,2026-08-13T22:30:52.367Z,,,,-52.367,0.009,,0.31,,,,,,,,
btc-updown-5m-1786660800,btc-5m,2026-08-13 22:35:04.722000+00:00,2026-08-13 22:48:47.119000+00:00,2026-08-14,6,295.27800011634827,-1.35,1.35,False,True,2026-08-13T22:41:35.453Z,,,,-95.453,0.007,,0.29,,,,,,,,
btc-updown-5m-1786660500,btc-5m,2026-08-13 22:30:02.994000+00:00,2026-08-13 22:43:37.844000+00:00,2026-08-14,6,297.00600004196167,2.4,2.6,True,False,2026-08-13T22:36:11.028Z,2026-08-13T22:39:16.429Z,2026-08-13T22:39:16.429Z,-256.429,-71.028,0.017,0.002,0.29,,,,,,,,
btc-updown-5m-1786660200,btc-5m,2026-08-13 22:25:04.247000+00:00,2026-08-13 22:39:17.826000+00:00,2026-08-14,6,295.75300002098083,-1.3,1.3,False,True,2026-08-13T22:30:46.597Z,,,,-46.597,0.028,,0.29,,,,,,,,
btc-updown-15m-1786659300,btc-15m,2026-08-13 22:00:06.793000+00:00,2026-08-13 22:37:50.162000+00:00,2026-08-14,6,893.2070000171661,1.95,3.05,True,False,2026-08-13T22:20:03.255Z,2026-08-13T22:23:12.732Z,2026-08-13T22:23:12.732Z,-492.732,-303.255,0.006,0.017,0.31,,,,,,,,
btc-updown-5m-1786659900,btc-5m,2026-08-13 22:20:07.237000+00:00,2026-08-13 22:37:31.835000+00:00,2026-08-14,6,292.7630000114441,2.3,2.7,True,False,2026-08-13T22:27:55.468Z,2026-08-13T22:28:47.409Z,2026-08-13T22:28:47.409Z,-227.409,-175.468,0.019,0.016,0.29,,,,,,,,
btc-updown-5m-1786659600,btc-5m,2026-08-13 22:15:06.321000+00:00,2026-08-13 22:30:21.165000+00:00,2026-08-14,6,293.67899990081787,2.15,2.85,True,False,2026-08-13T22:20:43.603Z,2026-08-13T22:22:39.591Z,2026-08-13T22:22:39.591Z,-159.591,-43.603,0.006,0.008,0.29,,,,,,,,
btc-updown-5m-1786659300,btc-5m,2026-08-13 22:10:06.818000+00:00,2026-08-13 22:27:03.023000+00:00,2026-08-14,6,293.1819999217987,2.7,2.3,True,False,2026-08-13T22:18:06.007Z,2026-08-13T22:16:30.349Z,2026-08-13T22:18:06.007Z,-186.007,-90.349,0.004,1.167,0.29,,,,,,,,
btc-updown-15m-1786658400,btc-15m,2026-08-13 21:45:05.634000+00:00,2026-08-13 22:23:48.783000+00:00,2026-08-14,5,894.3659999370575,-1.1,1.1,False,True,,2026-08-13T22:01:04.088Z,,,-64.088,,0.061,0.31,,,,,,,,
btc-updown-5m-1786659000,btc-5m,2026-08-13 22:05:05.186000+00:00,2026-08-13 22:22:08.768000+00:00,2026-08-14,6,294.8139998912811,-1.1,1.1,False,True,,2026-08-13T22:11:31.982Z,,,-91.982,,0.006,0.29,,,,,,,,
btc-updown-5m-1786658700,btc-5m,2026-08-13 22:00:04.534000+00:00,2026-08-13 22:16:46.416000+00:00,2026-08-14,6,295.46600008010864,2.25,2.75,True,False,2026-08-13T22:07:17.492Z,2026-08-13T22:08:03.472Z,2026-08-13T22:08:03.472Z,-183.472,-137.492,0.007,0.003,0.29,,,,,,,,
btc-updown-5m-1786658400,btc-5m,2026-08-13 21:55:03.191000+00:00,2026-08-13 22:08:19.388000+00:00,2026-08-14,5,296.8090000152588,-1.45,1.45,False,True,,2026-08-13T22:00:59.962Z,,,-59.962,,1.268,0.29,,,,,,,,
btc-updown-15m-1786657500,btc-15m,2026-08-13 21:30:04.842000+00:00,2026-08-13 22:07:33.895000+00:00,2026-08-14,5,895.1579999923706,-1.2,1.2,False,True,,2026-08-13T21:52:57.344Z,,,-477.344,,4.477,0.31,,,,,,,,
btc-updown-5m-1786658100,btc-5m,2026-08-13 21:50:06.007000+00:00,2026-08-13 22:03:24.786000+00:00,2026-08-14,5,293.9930000305176,2.25,2.75,True,False,2026-08-13T21:55:49.994Z,2026-08-13T21:58:26.000Z,2026-08-13T21:58:26.000Z,-206.0,-49.994,0.009,0.971,0.29,,,,,,,,
btc-updown-5m-1786657800,btc-5m,2026-08-13 21:45:07.716000+00:00,2026-08-13 22:03:10.848000+00:00,2026-08-14,5,292.28399991989136,-0.5,0.5,False,True,,2026-08-13T21:52:55.075Z,,,-175.075,,2.208,0.29,,,,,,,,
btc-updown-5m-1786657500,btc-5m,2026-08-13 21:40:06.927000+00:00,2026-08-13 21:58:05.523000+00:00,2026-08-14,5,293.07299995422363,-1.45,1.45,False,True,2026-08-13T21:48:26.667Z,,,,-206.667,0.01,,0.29,,,,,,,,
btc-updown-15m-1786656600,btc-15m,2026-08-13 21:15:05.951000+00:00,2026-08-13 21:49:15.575000+00:00,2026-08-14,5,894.0490000247955,-1.3,1.3,False,True,,2026-08-13T21:31:07.924Z,,,-67.924,,0.013,0.29,,,,,,,,
btc-updown-5m-1786657200,btc-5m,2026-08-13 21:35:03.129000+00:00,2026-08-13 21:48:10.114000+00:00,2026-08-14,5,296.8710000514984,-1.2,1.2,False,True,2026-08-13T21:40:28.767Z,,,,-28.767,0.012,,0.29,,,,,,,,
btc-updown-5m-1786656900,btc-5m,2026-08-13 21:30:07.344000+00:00,2026-08-13 21:44:57.108000+00:00,2026-08-14,5,292.6559998989105,3.35,1.65,True,False,2026-08-13T21:35:14.409Z,2026-08-13T21:39:25.204Z,2026-08-13T21:39:25.204Z,-265.204,-14.409,0.278,0.349,0.29,,,,,,,,
btc-updown-5m-1786656600,btc-5m,2026-08-13 21:25:04.890000+00:00,2026-08-13 21:43:03.406000+00:00,2026-08-14,5,295.1099998950958,-1.1,1.1,False,True,,2026-08-13T21:30:47.667Z,,,-47.667,,0.016,0.29,,,,,,,,
btc-updown-15m-1786655700,btc-15m,2026-08-13 21:00:07.761000+00:00,2026-08-13 21:36:56.632000+00:00,2026-08-14,5,892.239000082016,2.4,2.6,True,False,2026-08-13T21:28:07.217Z,2026-08-13T21:23:01.600Z,2026-08-13T21:28:07.217Z,-787.217,-481.6,0.05,0.026,0.29,,,,,,,,
btc-updown-5m-1786656300,btc-5m,2026-08-13 21:20:03.979000+00:00,2026-08-13 21:33:12.259000+00:00,2026-08-14,5,296.02099990844727,-1.45,1.45,False,True,2026-08-13T21:26:39.844Z,,,,-99.844,0.013,,0.29,,,,,,,,
btc-updown-5m-1786656000,btc-5m,2026-08-13 21:15:03.695000+00:00,2026-08-13 21:31:38.677000+00:00,2026-08-14,5,296.3050000667572,2.9,2.1,True,False,2026-08-13T21:21:44.625Z,2026-08-13T21:24:41.108Z,2026-08-13T21:24:41.108Z,-281.108,-104.625,0.017,1.318,0.29,,,,,,,,
btc-updown-5m-1786655700,btc-5m,2026-08-13 21:10:05.872000+00:00,2026-08-13 21:24:44.767000+00:00,2026-08-14,5,294.12800002098083,3.1,1.9,True,False,2026-08-13T21:15:51.550Z,2026-08-13T21:18:48.065Z,2026-08-13T21:18:48.065Z,-228.065,-51.55,0.009,0.014,0.29,,,,,,,,
btc-updown-5m-1786655400,btc-5m,2026-08-13 21:05:06.954000+00:00,2026-08-13 21:23:29.542000+00:00,2026-08-14,5,293.0460000038147,2.5,2.5,True,False,2026-08-13T21:13:14.569Z,2026-08-13T21:13:05.683Z,2026-08-13T21:13:14.569Z,-194.569,-185.683,0.023,0.008,0.29,,,,,,,,
btc-updown-15m-1786654800,btc-15m,2026-08-13 20:45:07.787000+00:00,2026-08-13 21:20:23.615000+00:00,2026-08-14,4,892.2130000591278,-1.15,1.15,False,True,,2026-08-13T21:03:06.273Z,,,-186.273,,0.003,0.29,,,,,,,,
btc-updown-5m-1786655100,btc-5m,2026-08-13 21:00:10.930000+00:00,2026-08-13 21:15:58.628000+00:00,2026-08-14,5,289.0699999332428,3.5,1.5,True,False,2026-08-13T21:08:50.096Z,2026-08-13T21:07:08.708Z,2026-08-13T21:08:50.096Z,-230.096,-128.708,0.006,0.026,0.29,,,,,,,,
btc-updown-5m-1786654800,btc-5m,2026-08-13 20:55:02.719000+00:00,2026-08-13 21:10:58.396000+00:00,2026-08-14,4,297.2809998989105,2.2,2.8,True,False,2026-08-13T21:00:05.997Z,2026-08-13T21:02:55.578Z,2026-08-13T21:02:55.578Z,-175.578,-5.997,0.639,0.007,0.29,,,,,,,,
btc-updown-15m-1786653900,btc-15m,2026-08-13 20:30:07.291000+00:00,2026-08-13 21:06:17.162000+00:00,2026-08-14,4,892.7090001106262,-1.4,1.4,False,True,2026-08-13T20:50:00.201Z,,,,-300.201,0.034,,0.29,,,,,,,,
btc-updown-5m-1786654500,btc-5m,2026-08-13 20:50:05.025000+00:00,2026-08-13 21:05:01.457000+00:00,2026-08-14,4,294.97499990463257,-1.25,1.25,False,True,,2026-08-13T20:55:43.192Z,,,-43.192,,0.015,0.29,,,,,,,,
btc-updown-5m-1786654200,btc-5m,2026-08-13 20:45:05.742000+00:00,2026-08-13 21:00:55.747000+00:00,2026-08-14,4,294.2579998970032,-1.45,1.45,False,True,2026-08-13T20:52:23.872Z,,,,-143.872,0.011,,0.29,,,,,,,,
btc-updown-5m-1786653900,btc-5m,2026-08-13 20:40:03.046000+00:00,2026-08-13 20:59:14.445000+00:00,2026-08-14,4,296.9539999961853,-1.4,1.4,False,True,2026-08-13T20:45:56.365Z,,,,-56.365,0.006,,0.29,,,,,,,,
btc-updown-15m-1786653000,btc-15m,2026-08-13 20:15:06.897000+00:00,2026-08-13 20:52:12.510000+00:00,2026-08-14,4,893.1029999256134,-1.25,1.25,False,True,2026-08-13T20:40:06.739Z,,,,-606.739,0.006,,0.29,,,,,,,,
btc-updown-5m-1786653600,btc-5m,2026-08-13 20:35:03.907000+00:00,2026-08-13 20:50:54.245000+00:00,2026-08-14,4,296.09299993515015,-1.25,1.25,False,True,2026-08-13T20:40:55.441Z,,,,-55.441,0.012,,0.29,,,,,,,,
btc-updown-5m-1786653300,btc-5m,2026-08-13 20:30:09.619000+00:00,2026-08-13 20:45:41.550000+00:00,2026-08-14,4,290.38100004196167,-1.45,1.45,False,True,2026-08-13T20:36:46.479Z,,,,-106.479,0.006,,0.29,,,,,,,,
btc-updown-5m-1786653000,btc-5m,2026-08-13 20:25:06.330000+00:00,2026-08-13 20:40:43.191000+00:00,2026-08-14,4,293.67000007629395,-1.1,1.1,False,True,,2026-08-13T20:31:24.085Z,,,-84.085,,0.014,0.29,,,,,,,,
btc-updown-5m-1786652700,btc-5m,2026-08-13 20:20:05.818000+00:00,2026-08-13 20:35:49.269000+00:00,2026-08-14,4,294.1819999217987,-1.35,1.35,False,True,,2026-08-13T20:27:37.199Z,,,-157.199,,0.021,0.29,,,,,,,,
btc-updown-15m-1786652100,btc-15m,2026-08-13 20:00:05.917000+00:00,2026-08-13 20:33:06.125000+00:00,2026-08-14,4,894.0829999446869,-1.25,1.25,False,True,,2026-08-13T20:17:17.689Z,,,-137.689,,0.012,0.29,,,,,,,,
btc-updown-5m-1786652400,btc-5m,2026-08-13 20:15:04.994000+00:00,2026-08-13 20:30:48.867000+00:00,2026-08-14,4,295.00600004196167,2.45,2.55,True,False,2026-08-13T20:23:52.033Z,2026-08-13T20:21:36.069Z,2026-08-13T20:23:52.033Z,-232.033,-96.069,0.016,0.004,0.29,,,,,,,,
btc-updown-15m-1786651200,btc-15m,2026-08-13 19:45:05.862000+00:00,2026-08-13 20:25:53.546000+00:00,2026-08-14,3,894.1380000114441,2.15,2.85,True,False,2026-08-13T20:02:03.455Z,2026-08-13T20:05:22.390Z,2026-08-13T20:05:22.390Z,-322.39,-123.455,0.01,0.015,0.29,,,,,,,,
btc-updown-5m-1786652100,btc-5m,2026-08-13 20:10:05.104000+00:00,2026-08-13 20:25:49.458000+00:00,2026-08-14,4,294.89599990844727,-1.15,1.15,False,True,,2026-08-13T20:16:11.578Z,,,-71.578,,0.006,0.29,,,,,,,,
btc-updown-5m-1786651800,btc-5m,2026-08-13 20:05:05.791000+00:00,2026-08-13 20:20:49.833000+00:00,2026-08-14,4,294.2090001106262,-1.35,1.35,False,True,2026-08-13T20:10:58.909Z,,,,-58.909,0.006,,0.29,,,,,,,,
btc-updown-5m-1786651500,btc-5m,2026-08-13 20:00:03.801000+00:00,2026-08-13 20:17:48.990000+00:00,2026-08-14,4,296.1989998817444,-1.0,1.0,False,True,,2026-08-13T20:05:18.393Z,,,-18.393,,0.018,0.29,,,,,,,,
btc-updown-5m-1786650900,btc-5m,2026-08-13 19:50:03.679000+00:00,2026-08-13 20:10:15.483000+00:00,2026-08-14,3,296.32100009918213,-1.45,1.45,False,True,2026-08-13T19:57:34.377Z,,,,-154.377,0.005,,0.29,,,,,,,,
btc-updown-5m-1786651200,btc-5m,2026-08-13 19:55:02.817000+00:00,2026-08-13 20:10:15.118000+00:00,2026-08-14,3,297.18300008773804,2.95,2.05,True,False,2026-08-13T20:00:50.022Z,2026-08-13T20:04:41.608Z,2026-08-13T20:04:41.608Z,-281.608,-50.022,0.015,0.018,0.29,,,,,,,,
btc-updown-15m-1786650300,btc-15m,2026-08-13 19:30:06.018000+00:00,2026-08-13 20:04:53.071000+00:00,2026-08-14,3,893.9820001125336,2.55,2.45,True,False,2026-08-13T19:58:38.175Z,2026-08-13T19:45:18.803Z,2026-08-13T19:58:38.175Z,-818.175,-18.803,0.008,0.007,0.29,,,,,,,,
btc-updown-5m-1786650600,btc-5m,2026-08-13 19:45:07.988000+00:00,2026-08-13 19:57:50.854000+00:00,2026-08-14,3,292.01200008392334,2.25,2.75,True,False,2026-08-13T19:52:42.824Z,2026-08-13T19:52:23.523Z,2026-08-13T19:52:42.824Z,-162.824,-143.523,0.015,0.013,0.29,,,,,,,,
btc-updown-5m-1786650300,btc-5m,2026-08-13 19:40:03.230000+00:00,2026-08-13 19:56:39.905000+00:00,2026-08-14,3,296.7699999809265,2.25,2.75,True,False,2026-08-13T19:49:23.981Z,2026-08-13T19:45:12.929Z,2026-08-13T19:49:23.981Z,-263.981,-12.929,0.007,0.003,0.29,,,,,,,,
btc-updown-15m-1786649400,btc-15m,2026-08-13 19:15:09.700000+00:00,2026-08-13 19:52:53.866000+00:00,2026-08-14,3,890.2999999523163,2.2,2.8,True,False,2026-08-13T19:35:52.411Z,2026-08-13T19:40:04.923Z,2026-08-13T19:40:04.923Z,-604.923,-352.411,3.182,0.024,0.29,,,,,,,,
btc-updown-5m-1786650000,btc-5m,2026-08-13 19:35:02.699000+00:00,2026-08-13 19:51:40.938000+00:00,2026-08-14,3,297.3010001182556,-0.35,0.35,False,True,2026-08-13T19:43:27.094Z,,,,-207.094,0.023,,0.29,,,,,,,,
btc-updown-5m-1786649700,btc-5m,2026-08-13 19:30:08.374000+00:00,2026-08-13 19:44:04.348000+00:00,2026-08-14,3,291.62599992752075,2.9,2.1,True,False,2026-08-13T19:35:50.305Z,2026-08-13T19:37:32.812Z,2026-08-13T19:37:32.812Z,-152.812,-50.305,0.987,0.003,0.29,,,,,,,,
btc-updown-5m-1786649400,btc-5m,2026-08-13 19:25:04.462000+00:00,2026-08-13 19:41:10.732000+00:00,2026-08-14,3,295.5380001068115,2.7,2.3,True,False,2026-08-13T19:34:23.123Z,2026-08-13T19:33:40.260Z,2026-08-13T19:34:23.123Z,-263.123,-220.26,0.004,0.002,0.29,,,,,,,,
btc-updown-15m-1786648500,btc-15m,2026-08-13 19:00:10.318000+00:00,2026-08-13 19:35:13.819000+00:00,2026-08-14,3,889.6819999217987,-1.45,1.45,False,True,,2026-08-13T19:24:53.065Z,,,-593.065,,0.003,0.29,,,,,,,,
btc-updown-5m-1786649100,btc-5m,2026-08-13 19:20:02.150000+00:00,2026-08-13 19:35:04.442000+00:00,2026-08-14,3,297.84999990463257,-1.45,1.45,False,True,,2026-08-13T19:29:27.951Z,,,-267.951,,0.006,0.29,,,,,,,,
btc-updown-5m-1786648800,btc-5m,2026-08-13 19:15:07.505000+00:00,2026-08-13 19:30:42.460000+00:00,2026-08-14,3,292.4949998855591,2.6,2.4,True,False,2026-08-13T19:21:45.934Z,2026-08-13T19:24:36.408Z,2026-08-13T19:24:36.408Z,-276.408,-105.934,0.006,0.003,0.29,,,,,,,,
btc-updown-5m-1786648500,btc-5m,2026-08-13 19:10:05.888000+00:00,2026-08-13 19:25:50.931000+00:00,2026-08-14,3,294.1119999885559,2.35,2.65,True,False,2026-08-13T19:16:05.853Z,2026-08-13T19:17:49.271Z,2026-08-13T19:17:49.271Z,-169.271,-65.853,0.018,0.022,0.29,,,,,,,,
btc-updown-5m-1786648200,btc-5m,2026-08-13 19:05:03.685000+00:00,2026-08-13 19:20:34.262000+00:00,2026-08-14,3,296.31500005722046,-1.45,1.45,False,True,2026-08-13T19:12:16.293Z,,,,-136.293,0.019,,0.29,,,,,,,,
btc-updown-15m-1786647600,btc-15m,2026-08-13 18:45:07.507000+00:00,2026-08-13 19:20:08.529000+00:00,2026-08-14,2,892.4930000305176,-1.45,1.45,False,True,,2026-08-13T19:05:32.943Z,,,-332.943,,0.027,0.29,,,,,,,,
btc-updown-5m-1786647900,btc-5m,2026-08-13 19:00:07.686000+00:00,2026-08-13 19:14:32.086000+00:00,2026-08-14,3,292.3139998912811,-1.45,1.45,False,True,,2026-08-13T19:05:28.959Z,,,-28.959,,0.005,0.29,,,,,,,,
btc-updown-5m-1786647600,btc-5m,2026-08-13 18:55:06.900000+00:00,2026-08-13 19:10:07.134000+00:00,2026-08-14,2,293.09999990463257,-1.35,1.35,False,True,,2026-08-13T19:01:02.039Z,,,-62.039,,0.002,0.29,,,,,,,,
btc-updown-15m-1786646700,btc-15m,2026-08-13 18:30:09.478000+00:00,2026-08-13 19:04:42.180000+00:00,2026-08-14,2,890.5220000743866,-1.4,1.4,False,True,,2026-08-13T18:50:30.620Z,,,-330.62,,0.049,0.29,,,,,,,,
btc-updown-5m-1786647300,btc-5m,2026-08-13 18:50:05.346000+00:00,2026-08-13 19:04:23.251000+00:00,2026-08-14,2,294.654000043869,-1.4,1.4,False,True,2026-08-13T18:55:44.889Z,,,,-44.889,0.002,,0.29,,,,,,,,
btc-updown-5m-1786647000,btc-5m,2026-08-13 18:45:09.757000+00:00,2026-08-13 18:59:28.076000+00:00,2026-08-14,2,290.2430000305176,-1.15,1.15,False,True,,2026-08-13T18:50:40.793Z,,,-40.793,,0.002,0.29,,,,,,,,
btc-updown-5m-1786646700,btc-5m,2026-08-13 18:40:03.980000+00:00,2026-08-13 18:54:20.892000+00:00,2026-08-14,2,296.0199999809265,2.35,2.65,True,False,2026-08-13T18:46:06.110Z,2026-08-13T18:47:37.650Z,2026-08-13T18:47:37.650Z,-157.65,-66.11,0.016,0.008,0.29,,,,,,,,
btc-updown-15m-1786645800,btc-15m,2026-08-13 18:15:02.930000+00:00,2026-08-13 18:50:15.313000+00:00,2026-08-14,2,897.0699999332428,-1.45,1.45,False,True,,2026-08-13T18:32:18.828Z,,,-138.828,,0.026,0.29,,,,,,,,
btc-updown-5m-1786646400,btc-5m,2026-08-13 18:35:05.178000+00:00,2026-08-13 18:48:53.603000+00:00,2026-08-14,2,294.8220000267029,-1.45,1.45,False,True,,2026-08-13T18:40:34.506Z,,,-34.506,,0.035,0.29,,,,,,,,
btc-updown-5m-1786646100,btc-5m,2026-08-13 18:30:07.272000+00:00,2026-08-13 18:43:50.811000+00:00,2026-08-14,2,292.7279999256134,-0.55,0.55,False,True,2026-08-13T18:39:07.530Z,,,,-247.53,0.01,,0.29,,,,,,,,
btc-updown-5m-1786645800,btc-5m,2026-08-13 18:25:06.821000+00:00,2026-08-13 18:39:20.748000+00:00,2026-08-14,2,293.17899990081787,-1.1,1.1,False,True,,2026-08-13T18:32:03.647Z,,,-123.647,,0.01,0.29,,,,,,,,
btc-updown-15m-1786644900,btc-15m,2026-08-13 18:00:04.134000+00:00,2026-08-13 18:34:52.126000+00:00,2026-08-14,2,895.8659999370575,2.15,2.85,True,False,2026-08-13T18:24:12.680Z,2026-08-13T18:18:37.389Z,2026-08-13T18:24:12.680Z,-552.68,-217.389,0.032,0.317,0.29,,,,,,,,
btc-updown-5m-1786645500,btc-5m,2026-08-13 18:20:03.730000+00:00,2026-08-13 18:34:09.581000+00:00,2026-08-14,2,296.2699999809265,3.1,1.9,True,False,2026-08-13T18:27:26.819Z,2026-08-13T18:25:25.561Z,2026-08-13T18:27:26.819Z,-146.819,-25.561,0.021,0.007,0.29,,,,,,,,
btc-updown-5m-1786645200,btc-5m,2026-08-13 18:15:04.758000+00:00,2026-08-13 18:28:48.475000+00:00,2026-08-14,2,295.2420001029968,-1.4,1.4,False,True,2026-08-13T18:22:28.226Z,,,,-148.226,0.016,,0.29,,,,,,,,
btc-updown-5m-1786644900,btc-5m,2026-08-13 18:10:05.190000+00:00,2026-08-13 18:28:44.115000+00:00,2026-08-14,2,294.80999994277954,-1.45,1.45,False,True,,2026-08-13T18:15:06.400Z,,,-6.4,,0.013,0.29,,,,,,,,
btc-updown-5m-1786644600,btc-5m,2026-08-13 18:05:06.156000+00:00,2026-08-13 18:23:11.555000+00:00,2026-08-14,2,293.8440001010895,-1.45,1.45,False,True,2026-08-13T18:11:42.601Z,,,,-102.601,0.003,,0.29,,,,,,,,
btc-updown-15m-1786644000,btc-15m,2026-08-13 17:45:07.541000+00:00,2026-08-13 18:19:31.495000+00:00,2026-08-14,1,892.4590001106262,-1.35,1.35,False,True,,2026-08-13T18:01:51.150Z,,,-111.15,,0.008,0.29,,,,,,,,
btc-updown-5m-1786644300,btc-5m,2026-08-13 18:00:06.543000+00:00,2026-08-13 18:18:40.701000+00:00,2026-08-14,2,293.45700001716614,-1.45,1.45,False,True,2026-08-13T18:05:51.726Z,,,,-51.726,0.032,,0.29,,,,,,,,
btc-updown-5m-1786644000,btc-5m,2026-08-13 17:55:06.102000+00:00,2026-08-13 18:13:37.946000+00:00,2026-08-14,1,293.89800000190735,2.7,2.3,True,False,2026-08-13T18:00:54.966Z,2026-08-13T18:01:45.329Z,2026-08-13T18:01:45.329Z,-105.329,-54.966,0.004,0.011,0.29,,,,,,,,
btc-updown-15m-1786643100,btc-15m,2026-08-13 17:30:03.030000+00:00,2026-08-13 18:08:21.714000+00:00,2026-08-14,1,896.9700000286102,2.1,2.9,True,False,2026-08-13T17:53:37.704Z,2026-08-13T17:45:39.047Z,2026-08-13T17:53:37.704Z,-517.704,-39.047,0.016,0.886,0.29,,,,,,,,
btc-updown-5m-1786643700,btc-5m,2026-08-13 17:50:08.101000+00:00,2026-08-13 18:08:09.398000+00:00,2026-08-14,1,291.8989999294281,-1.15,1.15,False,True,2026-08-13T17:56:40.652Z,,,,-100.652,0.004,,0.29,,,,,,,,
btc-updown-5m-1786643400,btc-5m,2026-08-13 17:45:06.144000+00:00,2026-08-13 18:03:18.238000+00:00,2026-08-14,1,293.85599994659424,-1.25,1.25,False,True,2026-08-13T17:50:55.400Z,,,,-55.4,0.007,,0.29,,,,,,,,
btc-updown-5m-1786643100,btc-5m,2026-08-13 17:40:06.040000+00:00,2026-08-13 17:58:18.442000+00:00,2026-08-14,1,293.960000038147,-0.95,0.95,False,True,,2026-08-13T17:45:38.175Z,,,-38.175,,0.013,0.29,,,,,,,,
btc-updown-15m-1786642200,btc-15m,2026-08-13 17:15:08.823000+00:00,2026-08-13 17:53:46.064000+00:00,2026-08-14,1,891.1770000457764,2.2,2.8,True,False,2026-08-13T17:35:43.217Z,2026-08-13T17:32:39.650Z,2026-08-13T17:35:43.217Z,-343.217,-159.65,0.017,0.018,0.29,,,,,,,,
btc-updown-5m-1786642800,btc-5m,2026-08-13 17:35:05.141000+00:00,2026-08-13 17:52:54.162000+00:00,2026-08-14,1,294.8589999675751,-1.4,1.4,False,True,,2026-08-13T17:40:18.440Z,,,-18.44,,0.003,0.29,,,,,,,,
btc-updown-5m-1786642500,btc-5m,2026-08-13 17:30:05.243000+00:00,2026-08-13 17:47:05.687000+00:00,2026-08-14,1,294.7569999694824,-1.4,1.4,False,True,2026-08-13T17:35:10.695Z,,,,-10.695,0.005,,0.29,,,,,,,,
btc-updown-5m-1786642200,btc-5m,2026-08-13 17:25:05.431000+00:00,2026-08-13 17:42:48.863000+00:00,2026-08-14,1,294.56900000572205,-1.45,1.45,False,True,,2026-08-13T17:30:33.491Z,,,-33.491,,0.038,0.29,,,,,,,,
btc-updown-5m-1786641900,btc-5m,2026-08-13 17:20:05.806000+00:00,2026-08-13 17:38:50.722000+00:00,2026-08-14,1,294.19400000572205,2.15,2.85,True,False,2026-08-13T17:26:37.792Z,2026-08-13T17:25:32.360Z,2026-08-13T17:26:37.792Z,-97.792,-32.36,0.002,0.01,0.29,,,,,,,,
btc-updown-15m-1786641300,btc-15m,2026-08-13 17:00:06.746000+00:00,2026-08-13 17:37:43.859000+00:00,2026-08-14,1,893.2539999485016,-1.45,1.45,False,True,,2026-08-13T17:16:59.583Z,,,-119.583,,0.019,0.29,,,,,,,,
btc-updown-5m-1786641600,btc-5m,2026-08-13 17:15:06.110000+00:00,2026-08-13 17:32:37.712000+00:00,2026-08-14,1,293.8900001049042,-1.25,1.25,False,True,,2026-08-13T17:21:03.221Z,,,-63.221,,0.023,0.29,,,,,,,,
btc-updown-5m-1786641300,btc-5m,2026-08-13 17:10:03.572000+00:00,2026-08-13 17:26:43.908000+00:00,2026-08-14,1,296.4279999732971,3.25,1.75,True,False,2026-08-13T17:19:07.422Z,2026-08-13T17:16:28.164Z,2026-08-13T17:19:07.422Z,-247.422,-88.164,0.012,0.002,0.29,,,,,,,,
btc-updown-15m-1786640400,btc-15m,2026-08-13 16:45:05.737000+00:00,2026-08-13 17:23:11.197000+00:00,2026-08-14,0,894.2630000114441,2.8,2.2,True,False,2026-08-13T17:08:06.731Z,2026-08-13T17:14:12.976Z,2026-08-13T17:14:12.976Z,-852.976,-486.731,0.026,0.44,0.29,,,,,,,,
btc-updown-5m-1786641000,btc-5m,2026-08-13 17:05:06.212000+00:00,2026-08-13 17:21:39.641000+00:00,2026-08-14,1,293.7880001068115,-1.45,1.45,False,True,,2026-08-13T17:12:15.668Z,,,-135.668,,0.011,0.29,,,,,,,,
btc-updown-5m-1786640700,btc-5m,2026-08-13 17:00:03.836000+00:00,2026-08-13 17:12:44.245000+00:00,2026-08-14,1,296.1640000343323,2.25,2.75,True,False,2026-08-13T17:07:59.328Z,2026-08-13T17:08:38.507Z,2026-08-13T17:08:38.507Z,-218.507,-179.328,0.029,0.056,0.29,,,,,,,,
btc-updown-5m-1786640400,btc-5m,2026-08-13 16:55:03.755000+00:00,2026-08-13 17:11:21.482000+00:00,2026-08-14,0,296.2449998855591,-1.1,1.1,False,True,2026-08-13T17:02:42.944Z,,,,-162.944,0.014,,0.29,,,,,,,,
btc-updown-5m-1786640100,btc-5m,2026-08-13 16:50:07.134000+00:00,2026-08-13 17:07:31.580000+00:00,2026-08-14,0,292.8659999370575,-1.35,1.35,False,True,,2026-08-13T16:56:29.252Z,,,-89.252,,0.015,0.29,,,,,,,,
btc-updown-15m-1786639500,btc-15m,2026-08-13 16:30:08.044000+00:00,2026-08-13 17:04:38.008000+00:00,2026-08-14,0,891.9560000896454,-1.3,1.3,False,True,,2026-08-13T16:46:52.457Z,,,-112.457,,0.003,0.29,,,,,,,,
btc-updown-5m-1786639800,btc-5m,2026-08-13 16:45:08.343000+00:00,2026-08-13 17:03:22.839000+00:00,2026-08-14,0,291.65700006484985,2.35,2.65,True,False,2026-08-13T16:52:46.448Z,2026-08-13T16:50:48.172Z,2026-08-13T16:52:46.448Z,-166.448,-48.172,0.002,0.005,0.29,,,,,,,,
btc-updown-5m-1786639500,btc-5m,2026-08-13 16:40:06.381000+00:00,2026-08-13 16:56:27.303000+00:00,2026-08-14,0,293.61899995803833,-1.15,1.15,False,True,,2026-08-13T16:46:49.930Z,,,-109.93,,0.026,0.29,,,,,,,,
btc-updown-5m-1786639200,btc-5m,2026-08-13 16:35:03.799000+00:00,2026-08-13 16:52:26.444000+00:00,2026-08-14,0,296.20099997520447,-1.3,1.3,False,True,2026-08-13T16:41:14.155Z,,,,-74.155,0.003,,0.29,,,,,,,,
btc-updown-15m-1786638600,btc-15m,2026-08-13 16:15:09.382000+00:00,2026-08-13 16:50:31.450000+00:00,2026-08-14,0,890.6180000305176,2.45,2.55,True,False,2026-08-13T16:37:36.924Z,2026-08-13T16:34:05.381Z,2026-08-13T16:37:36.924Z,-456.924,-245.381,0.003,0.022,0.29,,,,,,,,
btc-updown-5m-1786638900,btc-5m,2026-08-13 16:30:04.226000+00:00,2026-08-13 16:43:50.858000+00:00,2026-08-14,0,295.7739999294281,2.55,2.45,True,False,2026-08-13T16:37:06.378Z,2026-08-13T16:35:33.487Z,2026-08-13T16:37:06.378Z,-126.378,-33.487,0.009,0.015,0.29,,,,,,,,
btc-updown-5m-1786638600,btc-5m,2026-08-13 16:25:03.626000+00:00,2026-08-13 16:39:25.809000+00:00,2026-08-14,0,296.37400007247925,-1.25,1.25,False,True,,2026-08-13T16:30:21.174Z,,,-21.174,,0.018,0.29,,,,,,,,
btc-updown-15m-1786637700,btc-15m,2026-08-13 16:00:06.675000+00:00,2026-08-13 16:37:29.794000+00:00,2026-08-14,0,893.3250000476837,2.4,2.6,True,False,2026-08-13T16:28:30.160Z,2026-08-13T16:18:30.100Z,2026-08-13T16:28:30.160Z,-810.16,-210.1,0.007,0.008,0.29,,,,,,,,
btc-updown-5m-1786638300,btc-5m,2026-08-13 16:20:05.267000+00:00,2026-08-13 16:36:52.847000+00:00,2026-08-14,0,294.7330000400543,-1.1,1.1,False,True,2026-08-13T16:27:08.620Z,,,,-128.62,2.521,,0.29,,,,,,,,
btc-updown-5m-1786638000,btc-5m,2026-08-13 16:15:07.252000+00:00,2026-08-13 16:32:22.625000+00:00,2026-08-14,0,292.7479999065399,2.55,2.45,True,False,2026-08-13T16:20:36.645Z,2026-08-13T16:21:58.470Z,2026-08-13T16:21:58.470Z,-118.47,-36.645,0.005,0.035,0.29,,,,,,,,
btc-updown-5m-1786637700,btc-5m,2026-08-13 16:10:06.203000+00:00,2026-08-13 16:27:21.417000+00:00,2026-08-14,0,293.79699993133545,-1.35,1.35,False,True,,2026-08-13T16:17:28.194Z,,,-148.194,,0.007,0.29,,,,,,,,
btc-updown-15m-1786636800,btc-15m,2026-08-13 15:45:05.286000+00:00,2026-08-13 16:22:27.587000+00:00,2026-08-13,23,894.7139999866486,2.15,2.85,True,False,2026-08-13T16:08:13.382Z,2026-08-13T16:06:09.817Z,2026-08-13T16:08:13.382Z,-493.382,-369.817,0.041,1.047,0.29,,,,,,,,
btc-updown-5m-1786637400,btc-5m,2026-08-13 16:05:04.450000+00:00,2026-08-13 16:21:07.623000+00:00,2026-08-14,0,295.5499999523163,-1.35,1.35,False,True,2026-08-13T16:13:13.389Z,,,,-193.389,0.002,,0.29,,,,,,,,
btc-updown-5m-1786637100,btc-5m,2026-08-13 16:00:10.033000+00:00,2026-08-13 16:17:06.843000+00:00,2026-08-14,0,289.9670000076294,2.55,2.45,True,False,2026-08-13T16:07:35.567Z,2026-08-13T16:06:08.781Z,2026-08-13T16:07:35.567Z,-155.567,-68.781,0.017,0.011,0.29,,,,,,,,
btc-updown-5m-1786636800,btc-5m,2026-08-13 15:55:03.388000+00:00,2026-08-13 16:08:49.496000+00:00,2026-08-13,23,296.6119999885559,2.7,2.3,True,False,2026-08-13T16:02:12.720Z,2026-08-13T16:03:03.594Z,2026-08-13T16:03:03.594Z,-183.594,-132.72,0.019,0.023,0.29,,,,,,,,
btc-updown-15m-1786635900,btc-15m,2026-08-13 15:30:08.490000+00:00,2026-08-13 16:07:54.442000+00:00,2026-08-13,23,891.5099999904633,-1.45,1.45,False,True,2026-08-13T15:46:20.422Z,,,,-80.422,0.904,,0.29,,,,,,,,
btc-updown-5m-1786636500,btc-5m,2026-08-13 15:50:03.725000+00:00,2026-08-13 16:07:00.044000+00:00,2026-08-13,23,296.27500009536743,2.5,2.5,True,False,2026-08-13T15:57:00.576Z,2026-08-13T15:56:08.574Z,2026-08-13T15:57:00.576Z,-120.576,-68.574,0.007,0.004,0.29,,,,,,,,
btc-updown-5m-1786636200,btc-5m,2026-08-13 15:45:08.408000+00:00,2026-08-13 16:00:59.354000+00:00,2026-08-13,23,291.5920000076294,2.7,2.3,True,False,2026-08-13T15:53:03.184Z,2026-08-13T15:50:48.433Z,2026-08-13T15:53:03.184Z,-183.184,-48.433,0.022,0.009,0.29,,,,,,,,
btc-updown-5m-1786635900,btc-5m,2026-08-13 15:40:07.322000+00:00,2026-08-13 15:55:54.962000+00:00,2026-08-13,23,292.6779999732971,-1.1,1.1,False,True,2026-08-13T15:46:19.553Z,,,,-79.553,0.016,,0.29,,,,,,,,
btc-updown-15m-1786635000,btc-15m,2026-08-13 15:15:02.954000+00:00,2026-08-13 15:51:48.010000+00:00,2026-08-13,23,897.0460000038147,-1.4,1.4,False,True,,2026-08-13T15:33:08.348Z,,,-188.348,,0.003,0.29,,,,,,,,
btc-updown-5m-1786635600,btc-5m,2026-08-13 15:35:05.930000+00:00,2026-08-13 15:50:45.393000+00:00,2026-08-13,23,294.0699999332428,-1.45,1.45,False,True,,2026-08-13T15:42:15.622Z,,,-135.622,,0.011,0.29,,,,,,,,
btc-updown-5m-1786635300,btc-5m,2026-08-13 15:30:06.177000+00:00,2026-08-13 15:45:43.871000+00:00,2026-08-13,23,293.82299995422363,-1.3,1.3,False,True,,2026-08-13T15:36:35.668Z,,,-95.668,,0.004,0.29,,,,,,,,
btc-updown-5m-1786635000,btc-5m,2026-08-13 15:25:02.827000+00:00,2026-08-13 15:41:38.091000+00:00,2026-08-13,23,297.1730000972748,-1.45,1.45,False,True,,2026-08-13T15:31:18.702Z,,,-78.702,,0.033,0.29,,,,,,,,
btc-updown-15m-1786634100,btc-15m,2026-08-13 15:00:05.604000+00:00,2026-08-13 15:36:44.812000+00:00,2026-08-13,23,894.3959999084473,2.35,2.65,True,False,2026-08-13T15:15:40.742Z,2026-08-13T15:21:43.796Z,2026-08-13T15:21:43.796Z,-403.796,-40.742,0.016,0.017,0.29,,,,,,,,
btc-updown-5m-1786634700,btc-5m,2026-08-13 15:20:06.578000+00:00,2026-08-13 15:35:21.371000+00:00,2026-08-13,23,293.42199993133545,-1.4,1.4,False,True,2026-08-13T15:25:19.925Z,,,,-19.925,0.011,,0.29,,,,,,,,
btc-updown-5m-1786634400,btc-5m,2026-08-13 15:15:04.668000+00:00,2026-08-13 15:31:12.016000+00:00,2026-08-13,23,295.33200001716614,3.0,2.0,True,False,2026-08-13T15:23:27.490Z,2026-08-13T15:21:41.485Z,2026-08-13T15:23:27.490Z,-207.49,-101.485,0.002,0.003,0.29,,,,,,,,
btc-updown-5m-1786634100,btc-5m,2026-08-13 15:10:06.835000+00:00,2026-08-13 15:26:07.845000+00:00,2026-08-13,23,293.164999961853,3.7,1.3,True,False,2026-08-13T15:15:23.938Z,2026-08-13T15:19:33.662Z,2026-08-13T15:19:33.662Z,-273.662,-23.938,0.014,0.023,0.29,,,,,,,,
btc-updown-5m-1786633800,btc-5m,2026-08-13 15:05:04.302000+00:00,2026-08-13 15:21:10.990000+00:00,2026-08-13,23,295.69799995422363,-1.25,1.25,False,True,,2026-08-13T15:10:44.350Z,,,-44.35,,0.006,0.29,,,,,,,,
btc-updown-15m-1786633200,btc-15m,2026-08-13 14:45:05.574000+00:00,2026-08-13 15:21:10.544000+00:00,2026-08-13,22,894.4260001182556,2.15,2.85,True,False,2026-08-13T15:06:12.771Z,2026-08-13T15:01:16.575Z,2026-08-13T15:06:12.771Z,-372.771,-76.575,0.012,0.013,0.29,,,,,,,,
btc-updown-5m-1786633500,btc-5m,2026-08-13 15:00:08.570000+00:00,2026-08-13 15:16:06.203000+00:00,2026-08-13,23,291.4300000667572,-1.1,1.1,False,True,2026-08-13T15:05:23.236Z,,,,-23.236,0.013,,0.29,,,,,,,,
btc-updown-5m-1786633200,btc-5m,2026-08-13 14:55:04.922000+00:00,2026-08-13 15:10:08.108000+00:00,2026-08-13,22,295.07800006866455,-1.2,1.2,False,True,,2026-08-13T15:00:54.114Z,,,-54.114,,0.008,0.29,,,,,,,,
btc-updown-5m-1786632900,btc-5m,2026-08-13 14:50:06.230000+00:00,2026-08-13 15:08:04.887000+00:00,2026-08-13,22,293.7699999809265,-1.45,1.45,False,True,2026-08-13T14:56:33.416Z,,,,-93.416,0.004,,0.29,,,,,,,,
btc-updown-15m-1786632300,btc-15m,2026-08-13 14:30:06.774000+00:00,2026-08-13 15:06:08.839000+00:00,2026-08-13,22,893.2260000705719,-1.45,1.45,False,True,2026-08-13T14:46:42.023Z,,,,-102.023,0.011,,0.29,,,,,,,,
btc-updown-5m-1786632600,btc-5m,2026-08-13 14:45:03.661000+00:00,2026-08-13 15:01:01.335000+00:00,2026-08-13,22,296.33899998664856,-1.45,1.45,False,True,2026-08-13T14:52:46.670Z,,,,-166.67,0.008,,0.29,,,,,,,,
btc-updown-5m-1786632300,btc-5m,2026-08-13 14:40:06.179000+00:00,2026-08-13 14:55:47.735000+00:00,2026-08-13,22,293.82100009918213,-1.3,1.3,False,True,2026-08-13T14:46:20.293Z,,,,-80.293,0.002,,0.29,,,,,,,,
btc-updown-15m-1786631400,btc-15m,2026-08-13 14:15:02.250000+00:00,2026-08-13 14:51:02.411000+00:00,2026-08-13,22,897.75,-1.45,1.45,False,True,,2026-08-13T14:31:52.956Z,,,-112.956,,0.01,0.29,,,,,,,,
btc-updown-5m-1786632000,btc-5m,2026-08-13 14:35:05.627000+00:00,2026-08-13 14:48:57.193000+00:00,2026-08-13,22,294.3729999065399,-1.35,1.35,False,True,2026-08-13T14:44:33.529Z,,,,-273.529,0.008,,0.29,,,,,,,,
btc-updown-5m-1786631700,btc-5m,2026-08-13 14:30:09.183000+00:00,2026-08-13 14:44:58.435000+00:00,2026-08-13,22,290.81699991226196,-1.4,1.4,False,True,,2026-08-13T14:37:32.979Z,,,-152.979,,0.018,0.29,,,,,,,,
btc-updown-5m-1786631400,btc-5m,2026-08-13 14:25:07.636000+00:00,2026-08-13 14:39:54.395000+00:00,2026-08-13,22,292.364000082016,-1.35,1.35,False,True,,2026-08-13T14:31:18.207Z,,,-78.207,,0.009,0.29,,,,,,,,
btc-updown-5m-1786631100,btc-5m,2026-08-13 14:20:06.742000+00:00,2026-08-13 14:38:03.130000+00:00,2026-08-13,22,293.2579998970032,-0.95,0.95,False,True,2026-08-13T14:27:10.907Z,,,,-130.907,0.014,,0.29,,,,,,,,
btc-updown-15m-1786630500,btc-15m,2026-08-13 14:00:06.384000+00:00,2026-08-13 14:35:30.858000+00:00,2026-08-13,22,893.6159999370575,2.35,2.65,True,False,2026-08-13T14:27:11.865Z,2026-08-13T14:21:50.805Z,2026-08-13T14:27:11.865Z,-731.865,-410.805,0.968,0.018,0.29,,,,,,,,
btc-updown-5m-1786630800,btc-5m,2026-08-13 14:15:04.578000+00:00,2026-08-13 14:29:51.202000+00:00,2026-08-13,22,295.42199993133545,2.5,2.5,True,False,2026-08-13T14:20:19.142Z,2026-08-13T14:21:53.319Z,2026-08-13T14:21:53.319Z,-113.319,-19.142,0.032,0.007,0.29,,,,,,,,
btc-updown-5m-1786630500,btc-5m,2026-08-13 14:10:05.087000+00:00,2026-08-13 14:25:21.461000+00:00,2026-08-13,22,294.9130001068115,-0.95,0.95,False,True,,2026-08-13T14:15:52.577Z,,,-52.577,,0.007,0.29,,,,,,,,
btc-updown-15m-1786629600,btc-15m,2026-08-13 13:45:07.928000+00:00,2026-08-13 14:20:26.720000+00:00,2026-08-13,21,892.0720000267029,-1.25,1.25,False,True,,2026-08-13T14:07:55.199Z,,,-475.199,,0.029,0.29,,,,,,,,
btc-updown-5m-1786630200,btc-5m,2026-08-13 14:05:04.686000+00:00,2026-08-13 14:19:44.667000+00:00,2026-08-13,22,295.3139998912811,-1.2,1.2,False,True,,2026-08-13T14:11:00.539Z,,,-60.539,,0.011,0.29,,,,,,,,
btc-updown-5m-1786629900,btc-5m,2026-08-13 14:00:03.357000+00:00,2026-08-13 14:13:38.603000+00:00,2026-08-13,22,296.64299988746643,-1.35,1.35,False,True,,2026-08-13T14:05:33.824Z,,,-33.824,,1.057,0.29,,,,,,,,
btc-updown-5m-1786629600,btc-5m,2026-08-13 13:55:03.827000+00:00,2026-08-13 14:09:36.362000+00:00,2026-08-13,21,296.1730000972748,2.3,2.7,True,False,2026-08-13T14:04:15.487Z,2026-08-13T14:00:58.799Z,2026-08-13T14:04:15.487Z,-255.487,-58.799,0.005,0.006,0.29,,,,,,,,
btc-updown-15m-1786628700,btc-15m,2026-08-13 13:30:08.017000+00:00,2026-08-13 14:05:16.015000+00:00,2026-08-13,21,891.9830000400543,-1.4,1.4,False,True,2026-08-13T13:45:45.972Z,,,,-45.972,0.003,,0.29,,,,,,,,
btc-updown-5m-1786629300,btc-5m,2026-08-13 13:50:03.713000+00:00,2026-08-13 14:04:36.588000+00:00,2026-08-13,21,296.2869999408722,-1.3,1.3,False,True,2026-08-13T13:56:08.884Z,,,,-68.884,0.01,,0.29,,,,,,,,
btc-updown-5m-1786629000,btc-5m,2026-08-13 13:45:05.537000+00:00,2026-08-13 13:59:42.131000+00:00,2026-08-13,21,294.4630000591278,-1.4,1.4,False,True,2026-08-13T13:50:54.352Z,,,,-54.352,0.01,,0.29,,,,,,,,
btc-updown-5m-1786628700,btc-5m,2026-08-13 13:40:04.196000+00:00,2026-08-13 13:58:34.122000+00:00,2026-08-13,21,295.80399990081787,2.2,2.8,True,False,2026-08-13T13:45:39.644Z,2026-08-13T13:48:05.569Z,2026-08-13T13:48:05.569Z,-185.569,-39.644,0.007,0.014,0.29,,,,,,,,
btc-updown-5m-1786628400,btc-5m,2026-08-13 13:35:04.852000+00:00,2026-08-13 13:53:53.384000+00:00,2026-08-13,21,295.14800000190735,-1.2,1.2,False,True,,2026-08-13T13:40:20.219Z,,,-20.219,,0.022,0.29,,,,,,,,
btc-updown-15m-1786627800,btc-15m,2026-08-13 13:15:07.113000+00:00,2026-08-13 13:50:07.931000+00:00,2026-08-13,21,892.8870000839233,-1.25,1.25,False,True,,2026-08-13T13:33:32.824Z,,,-212.824,,0.008,0.29,,,,,,,,
btc-updown-5m-1786628100,btc-5m,2026-08-13 13:30:05.966000+00:00,2026-08-13 13:49:05.679000+00:00,2026-08-13,21,294.03399991989136,-1.2,1.2,False,True,,2026-08-13T13:35:17.842Z,,,-17.842,,0.007,0.29,,,,,,,,
btc-updown-5m-1786627800,btc-5m,2026-08-13 13:25:04.139000+00:00,2026-08-13 13:44:04.659000+00:00,2026-08-13,21,295.86100006103516,2.35,2.65,True,False,2026-08-13T13:31:42.708Z,2026-08-13T13:32:36.610Z,2026-08-13T13:32:36.610Z,-156.61,-102.708,0.006,0.008,0.29,,,,,,,,
btc-updown-5m-1786627500,btc-5m,2026-08-13 13:20:05.025000+00:00,2026-08-13 13:34:01.964000+00:00,2026-08-13,21,294.97499990463257,2.2,2.8,True,False,2026-08-13T13:25:02.551Z,2026-08-13T13:26:20.969Z,2026-08-13T13:26:20.969Z,-80.969,-2.551,0.442,3.39,0.29,,,,,,,,
btc-updown-15m-1786626900,btc-15m,2026-08-13 13:00:08.318000+00:00,2026-08-13 13:33:16.811000+00:00,2026-08-13,21,891.6819999217987,-1.35,1.35,False,True,2026-08-13T13:15:43.249Z,,,,-43.249,0.013,,0.29,,,,,,,,
btc-updown-5m-1786627200,btc-5m,2026-08-13 13:15:09.746000+00:00,2026-08-13 13:28:57.622000+00:00,2026-08-13,21,290.2539999485016,-1.25,1.25,False,True,2026-08-13T13:21:24.283Z,,,,-84.283,0.007,,0.29,,,,,,,,
btc-updown-5m-1786626900,btc-5m,2026-08-13 13:10:06.558000+00:00,2026-08-13 13:23:54.422000+00:00,2026-08-13,21,293.44199991226196,-1.1,1.1,False,True,2026-08-13T13:15:23.000Z,,,,-23.0,0.025,,0.29,,,,,,,,
btc-updown-5m-1786626600,btc-5m,2026-08-13 13:05:07.139000+00:00,2026-08-13 13:22:57.503000+00:00,2026-08-13,21,292.86100006103516,-1.35,1.35,False,True,2026-08-13T13:11:40.420Z,,,,-100.42,0.004,,0.29,,,,,,,,
btc-updown-15m-1786626000,btc-15m,2026-08-13 12:45:06.061000+00:00,2026-08-13 13:20:11.291000+00:00,2026-08-13,20,893.9389998912811,-1.25,1.25,False,True,,2026-08-13T13:01:38.016Z,,,-98.016,,0.016,0.29,,,,,,,,
btc-updown-5m-1786626300,btc-5m,2026-08-13 13:00:05.347000+00:00,2026-08-13 13:17:57.116000+00:00,2026-08-13,21,294.65300011634827,-1.3,1.3,False,True,,2026-08-13T13:06:16.434Z,,,-76.434,,0.007,0.29,,,,,,,,
btc-updown-5m-1786626000,btc-5m,2026-08-13 12:55:07.393000+00:00,2026-08-13 13:13:55.484000+00:00,2026-08-13,20,292.60700011253357,-1.3,1.3,False,True,,2026-08-13T13:00:13.778Z,,,-13.778,,0.007,0.29,,,,,,,,
btc-updown-15m-1786625100,btc-15m,2026-08-13 12:30:03.929000+00:00,2026-08-13 13:09:32.946000+00:00,2026-08-13,20,896.0710000991821,-1.35,1.35,False,True,,2026-08-13T12:48:43.084Z,,,-223.084,,0.017,0.29,,,,,,,,
btc-updown-5m-1786625700,btc-5m,2026-08-13 12:50:08.067000+00:00,2026-08-13 13:05:34.066000+00:00,2026-08-13,20,291.93300008773804,-1.45,1.45,False,True,,2026-08-13T12:55:47.269Z,,,-47.269,,0.003,0.29,,,,,,,,
btc-updown-5m-1786625400,btc-5m,2026-08-13 12:45:03.972000+00:00,2026-08-13 13:03:42.140000+00:00,2026-08-13,20,296.02800011634827,-1.15,1.15,False,True,,2026-08-13T12:50:06.582Z,,,-6.582,,0.614,0.29,,,,,,,,
btc-updown-5m-1786625100,btc-5m,2026-08-13 12:40:06.813000+00:00,2026-08-13 12:53:41.531000+00:00,2026-08-13,20,293.1870000362396,2.4,2.6,True,False,2026-08-13T12:46:33.603Z,2026-08-13T12:48:13.597Z,2026-08-13T12:48:13.597Z,-193.597,-93.603,0.005,0.008,0.29,,,,,,,,
btc-updown-5m-1786624800,btc-5m,2026-08-13 12:35:06.618000+00:00,2026-08-13 12:53:36.151000+00:00,2026-08-13,20,293.3819999694824,-1.4,1.4,False,True,2026-08-13T12:40:05.397Z,,,,-5.397,0.563,,0.29,,,,,,,,
btc-updown-15m-1786624200,btc-15m,2026-08-13 12:15:05.354000+00:00,2026-08-13 12:49:31.305000+00:00,2026-08-13,20,894.6459999084473,2.25,2.75,True,False,2026-08-13T12:31:15.407Z,2026-08-13T12:34:58.549Z,2026-08-13T12:34:58.549Z,-298.549,-75.407,0.01,0.022,0.29,,,,,,,,
btc-updown-5m-1786624500,btc-5m,2026-08-13 12:30:06.593000+00:00,2026-08-13 12:48:34.839000+00:00,2026-08-13,20,293.40700006484985,2.55,2.45,True,False,2026-08-13T12:38:41.990Z,2026-08-13T12:35:32.630Z,2026-08-13T12:38:41.990Z,-221.99,-32.63,0.005,0.009,0.29,,,,,,,,
btc-updown-5m-1786624200,btc-5m,2026-08-13 12:25:03.178000+00:00,2026-08-13 12:43:28.815000+00:00,2026-08-13,20,296.8220000267029,3.05,1.95,True,False,2026-08-13T12:31:11.295Z,2026-08-13T12:30:10.531Z,2026-08-13T12:31:11.295Z,-71.295,-10.531,0.008,0.007,0.29,,,,,,,,
btc-updown-5m-1786623900,btc-5m,2026-08-13 12:20:04.856000+00:00,2026-08-13 12:38:18.347000+00:00,2026-08-13,20,295.14400005340576,-1.4,1.4,False,True,,2026-08-13T12:25:35.082Z,,,-35.082,,0.012,0.29,,,,,,,,
btc-updown-15m-1786623300,btc-15m,2026-08-13 12:00:08.850000+00:00,2026-08-13 12:37:13.935000+00:00,2026-08-13,20,891.1500000953674,-1.35,1.35,False,True,,2026-08-13T12:23:12.149Z,,,-492.149,,0.009,0.29,,,,,,,,
btc-updown-5m-1786623600,btc-5m,2026-08-13 12:15:02.605000+00:00,2026-08-13 12:33:13.517000+00:00,2026-08-13,20,297.3949999809265,-1.15,1.15,False,True,,2026-08-13T12:20:53.275Z,,,-53.275,,0.006,0.29,,,,,,,,
btc-updown-5m-1786623300,btc-5m,2026-08-13 12:10:06.404000+00:00,2026-08-13 12:27:26.628000+00:00,2026-08-13,20,293.595999956131,-1.2,1.2,False,True,2026-08-13T12:18:11.884Z,,,,-191.884,0.006,,0.29,,,,,,,,
btc-updown-15m-1786622400,btc-15m,2026-08-13 11:45:03.485000+00:00,2026-08-13 12:24:22.834000+00:00,2026-08-13,19,896.5150001049042,2.2,2.8,True,False,2026-08-13T12:01:09.893Z,2026-08-13T12:06:11.150Z,2026-08-13T12:06:11.150Z,-371.15,-69.893,0.007,0.013,0.29,,,,,,,,
btc-updown-5m-1786623000,btc-5m,2026-08-13 12:05:07.534000+00:00,2026-08-13 12:22:20.574000+00:00,2026-08-13,20,292.46600008010864,2.25,2.75,True,False,2026-08-13T12:12:04.445Z,2026-08-13T12:12:17.970Z,2026-08-13T12:12:17.970Z,-137.97,-124.445,0.021,0.011,0.29,,,,,,,,
btc-updown-5m-1786622700,btc-5m,2026-08-13 12:00:06.492000+00:00,2026-08-13 12:17:37.007000+00:00,2026-08-13,20,293.5079998970032,-1.4,1.4,False,True,,2026-08-13T12:05:29.705Z,,,-29.705,,0.002,0.29,,,,,,,,
btc-updown-5m-1786622400,btc-5m,2026-08-13 11:55:07.153000+00:00,2026-08-13 12:12:38.532000+00:00,2026-08-13,19,292.84699988365173,-1.3,1.3,False,True,2026-08-13T12:00:27.915Z,,,,-27.915,0.005,,0.29,,,,,,,,
btc-updown-5m-1786622100,btc-5m,2026-08-13 11:50:05.242000+00:00,2026-08-13 12:08:00.790000+00:00,2026-08-13,19,294.7579998970032,2.6,2.4,True,False,2026-08-13T11:57:22.933Z,2026-08-13T11:57:45.387Z,2026-08-13T11:57:45.387Z,-165.387,-142.933,0.007,0.006,0.29,,,,,,,,
btc-updown-15m-1786621500,btc-15m,2026-08-13 11:30:06.043000+00:00,2026-08-13 12:03:56.054000+00:00,2026-08-13,19,893.9570000171661,-1.45,1.45,False,True,,2026-08-13T11:45:43.301Z,,,-43.301,,0.007,0.29,,,,,,,,
btc-updown-5m-1786621800,btc-5m,2026-08-13 11:45:06.078000+00:00,2026-08-13 12:02:58.312000+00:00,2026-08-13,19,293.92199993133545,-1.35,1.35,False,True,2026-08-13T11:51:05.919Z,,,,-65.919,0.039,,0.29,,,,,,,,
btc-updown-15m-1786620600,btc-15m,2026-08-13 11:15:05.521000+00:00,2026-08-13 11:53:11.299000+00:00,2026-08-13,19,894.4790000915527,2.2,2.8,True,False,2026-08-13T11:33:39.434Z,2026-08-13T11:39:29.367Z,2026-08-13T11:39:29.367Z,-569.367,-219.434,0.021,0.015,0.29,,,,,,,,
btc-updown-5m-1786621500,btc-5m,2026-08-13 11:40:04.018000+00:00,2026-08-13 11:52:45.696000+00:00,2026-08-13,19,295.98200011253357,-1.4,1.4,False,True,,2026-08-13T11:45:09.791Z,,,-9.791,,0.027,0.29,,,,,,,,
btc-updown-5m-1786621200,btc-5m,2026-08-13 11:35:03.663000+00:00,2026-08-13 11:52:42.254000+00:00,2026-08-13,19,296.3369998931885,-1.4,1.4,False,True,2026-08-13T11:41:35.542Z,,,,-95.542,0.015,,0.29,,,,,,,,
btc-updown-5m-1786620900,btc-5m,2026-08-13 11:30:08.418000+00:00,2026-08-13 11:47:42.049000+00:00,2026-08-13,19,291.58200001716614,2.2,2.8,True,False,2026-08-13T11:35:24.865Z,2026-08-13T11:37:04.144Z,2026-08-13T11:37:04.144Z,-124.144,-24.865,0.006,0.005,0.29,,,,,,,,
btc-updown-5m-1786620600,btc-5m,2026-08-13 11:25:03.793000+00:00,2026-08-13 11:42:15.540000+00:00,2026-08-13,19,296.20700001716614,-1.25,1.25,False,True,2026-08-13T11:30:31.729Z,,,,-31.729,0.003,,0.29,,,,,,,,
btc-updown-5m-1786620300,btc-5m,2026-08-13 11:20:02.902000+00:00,2026-08-13 11:37:37.730000+00:00,2026-08-13,19,297.09800004959106,-1.25,1.25,False,True,2026-08-13T11:26:05.185Z,,,,-65.185,0.003,,0.29,,,,,,,,
btc-updown-15m-1786619700,btc-15m,2026-08-13 11:00:08.255000+00:00,2026-08-13 11:36:37.487000+00:00,2026-08-13,19,891.7449998855591,-1.0,1.0,False,True,2026-08-13T11:21:40.801Z,,,,-400.801,0.006,,0.29,,,,,,,,
btc-updown-5m-1786620000,btc-5m,2026-08-13 11:15:03.703000+00:00,2026-08-13 11:32:26.472000+00:00,2026-08-13,19,296.29699993133545,-1.45,1.45,False,True,2026-08-13T11:20:48.593Z,,,,-48.593,0.023,,0.29,,,,,,,,
btc-updown-5m-1786619700,btc-5m,2026-08-13 11:10:03.545000+00:00,2026-08-13 11:26:46.758000+00:00,2026-08-13,19,296.45499992370605,2.25,2.75,True,False,2026-08-13T11:19:12.478Z,2026-08-13T11:16:39.972Z,2026-08-13T11:19:12.478Z,-252.478,-99.972,0.009,0.006,0.29,,,,,,,,
btc-updown-15m-1786618800,btc-15m,2026-08-13 10:45:05.110000+00:00,2026-08-13 11:22:37.358000+00:00,2026-08-13,18,894.8900001049042,-1.45,1.45,False,True,2026-08-13T11:05:56.536Z,,,,-356.536,0.012,,0.29,,,,,,,,
btc-updown-5m-1786619400,btc-5m,2026-08-13 11:05:05.579000+00:00,2026-08-13 11:21:50.710000+00:00,2026-08-13,19,294.4210000038147,2.3,2.7,True,False,2026-08-13T11:12:24.950Z,2026-08-13T11:13:20.161Z,2026-08-13T11:13:20.161Z,-200.161,-144.95,0.006,0.013,0.29,,,,,,,,
btc-updown-5m-1786619100,btc-5m,2026-08-13 11:00:10.866000+00:00,2026-08-13 11:14:37.235000+00:00,2026-08-13,19,289.1340000629425,-1.3,1.3,False,True,2026-08-13T11:05:28.980Z,,,,-28.98,0.005,,0.29,,,,,,,,
btc-updown-5m-1786618800,btc-5m,2026-08-13 10:55:06.337000+00:00,2026-08-13 11:11:41.501000+00:00,2026-08-13,18,293.6630001068115,-1.35,1.35,False,True,,2026-08-13T11:00:59.190Z,,,-59.19,,0.003,0.29,,,,,,,,
btc-updown-15m-1786617900,btc-15m,2026-08-13 10:30:05.721000+00:00,2026-08-13 11:08:24.341000+00:00,2026-08-13,18,894.279000043869,-0.85,0.85,False,True,,2026-08-13T10:52:21.452Z,,,-441.452,,0.015,0.29,,,,,,,,
btc-updown-5m-1786618500,btc-5m,2026-08-13 10:50:05.989000+00:00,2026-08-13 11:06:41.459000+00:00,2026-08-13,18,294.010999917984,-1.4,1.4,False,True,,2026-08-13T10:56:06.698Z,,,-66.698,,0.01,0.29,,,,,,,,
btc-updown-5m-1786618200,btc-5m,2026-08-13 10:45:07.376000+00:00,2026-08-13 11:00:04.691000+00:00,2026-08-13,18,292.62400007247925,-0.95,0.95,False,True,,2026-08-13T10:52:17.094Z,,,-137.094,,0.008,0.29,,,,,,,,
btc-updown-5m-1786617900,btc-5m,2026-08-13 10:40:07.624000+00:00,2026-08-13 10:53:47.607000+00:00,2026-08-13,18,292.37599992752075,-1.3,1.3,False,True,,2026-08-13T10:48:05.874Z,,,-185.874,,0.014,0.29,,,,,,,,
btc-updown-5m-1786617600,btc-5m,2026-08-13 10:35:03.229000+00:00,2026-08-13 10:48:49.896000+00:00,2026-08-13,18,296.77099990844727,2.3,2.7,True,False,2026-08-13T10:41:26.794Z,2026-08-13T10:41:53.255Z,2026-08-13T10:41:53.255Z,-113.255,-86.794,0.014,0.006,0.29,,,,,,,,
btc-updown-15m-1786617000,btc-15m,2026-08-13 10:15:05.387000+00:00,2026-08-13 10:48:38.135000+00:00,2026-08-13,18,894.6129999160767,2.4,2.6,True,False,2026-08-13T10:34:38.775Z,2026-08-13T10:43:41.724Z,2026-08-13T10:43:41.724Z,-821.724,-278.775,0.015,0.051,0.29,,,,,,,,
btc-updown-5m-1786617300,btc-5m,2026-08-13 10:30:03.499000+00:00,2026-08-13 10:43:06.751000+00:00,2026-08-13,18,296.50099992752075,-1.45,1.45,False,True,,2026-08-13T10:35:29.088Z,,,-29.088,,0.002,0.29,,,,,,,,
btc-updown-5m-1786617000,btc-5m,2026-08-13 10:25:03.410000+00:00,2026-08-13 10:41:45.979000+00:00,2026-08-13,18,296.5899999141693,-1.4,1.4,False,True,2026-08-13T10:30:09.438Z,,,,-9.438,0.016,,0.29,,,,,,,,
btc-updown-15m-1786616100,btc-15m,2026-08-13 10:00:03.954000+00:00,2026-08-13 10:33:30.218000+00:00,2026-08-13,18,896.0460000038147,-1.55,1.55,False,True,,2026-08-13T10:17:15.106Z,,,-135.106,,0.019,0.31,,,,,,,,
btc-updown-5m-1786616700,btc-5m,2026-08-13 10:20:03.348000+00:00,2026-08-13 10:33:29.911000+00:00,2026-08-13,18,296.65199995040894,-1.4,1.4,False,True,,2026-08-13T10:26:34.338Z,,,-94.338,,0.017,0.29,,,,,,,,
btc-updown-5m-1786616400,btc-5m,2026-08-13 10:15:03.223000+00:00,2026-08-13 10:30:49.891000+00:00,2026-08-13,18,296.77699995040894,-1.4,1.4,False,True,2026-08-13T10:20:16.657Z,,,,-16.657,0.011,,0.29,,,,,,,,
btc-updown-5m-1786616100,btc-5m,2026-08-13 10:10:04.108000+00:00,2026-08-13 10:25:47.916000+00:00,2026-08-13,18,295.8919999599457,-1.45,1.45,False,True,,2026-08-13T10:16:52.141Z,,,-112.141,,0.01,0.29,,,,,,,,
btc-updown-5m-1786615800,btc-5m,2026-08-13 10:05:04.781000+00:00,2026-08-13 10:20:21.986000+00:00,2026-08-13,18,295.2190001010895,2.35,2.65,True,False,2026-08-13T10:14:05.117Z,2026-08-13T10:10:49.625Z,2026-08-13T10:14:05.117Z,-245.117,-49.625,0.003,0.041,0.29,,,,,,,,
btc-updown-15m-1786615200,btc-15m,2026-08-13 09:45:07.425000+00:00,2026-08-13 10:19:45.254000+00:00,2026-08-13,17,892.5750000476837,-1.55,1.55,False,True,2026-08-13T10:02:03.949Z,,,,-123.949,0.005,,0.31,,,,,,,,
btc-updown-5m-1786615500,btc-5m,2026-08-13 10:00:07.005000+00:00,2026-08-13 10:15:59.442000+00:00,2026-08-13,18,292.9949998855591,2.3,2.7,True,False,2026-08-13T10:05:26.154Z,2026-08-13T10:06:12.127Z,2026-08-13T10:06:12.127Z,-72.127,-26.154,0.364,0.021,0.29,,,,,,,,
btc-updown-5m-1786615200,btc-5m,2026-08-13 09:55:06.392000+00:00,2026-08-13 10:13:06.167000+00:00,2026-08-13,17,293.6080000400543,2.15,2.85,True,False,2026-08-13T10:01:13.226Z,2026-08-13T10:00:10.662Z,2026-08-13T10:01:13.226Z,-73.226,-10.662,0.003,0.009,0.29,,,,,,,,
btc-updown-5m-1786614900,btc-5m,2026-08-13 09:50:03.922000+00:00,2026-08-13 10:08:42.277000+00:00,2026-08-13,17,296.07800006866455,-1.4,1.4,False,True,,2026-08-13T09:56:42.285Z,,,-102.285,,0.005,0.29,,,,,,,,
btc-updown-15m-1786614300,btc-15m,2026-08-13 09:30:04.225000+00:00,2026-08-13 10:05:25.797000+00:00,2026-08-13,17,895.7750000953674,-1.55,1.55,False,True,,2026-08-13T09:46:22.686Z,,,-82.686,,0.031,0.31,,,,,,,,
btc-updown-5m-1786614600,btc-5m,2026-08-13 09:45:09.595000+00:00,2026-08-13 10:03:41.385000+00:00,2026-08-13,17,290.40499997138977,-1.45,1.45,False,True,,2026-08-13T09:50:46.595Z,,,-46.595,,0.003,0.29,,,,,,,,
btc-updown-5m-1786614300,btc-5m,2026-08-13 09:40:03.337000+00:00,2026-08-13 09:56:46.886000+00:00,2026-08-13,17,296.6630001068115,-1.05,1.05,False,True,,2026-08-13T09:46:12.779Z,,,-72.779,,0.007,0.29,,,,,,,,
btc-updown-5m-1786614000,btc-5m,2026-08-13 09:35:06.266000+00:00,2026-08-13 09:50:40.033000+00:00,2026-08-13,17,293.7339999675751,-1.3,1.3,False,True,,2026-08-13T09:43:13.621Z,,,-193.621,,0.015,0.29,,,,,,,,
btc-updown-15m-1786613400,btc-15m,2026-08-13 09:15:03.692000+00:00,2026-08-13 09:50:36.946000+00:00,2026-08-13,17,896.308000087738,-1.45,1.45,False,True,,2026-08-13T09:31:02.774Z,,,-62.774,,0.013,0.31,,,,,,,,
btc-updown-5m-1786613700,btc-5m,2026-08-13 09:30:06.591000+00:00,2026-08-13 09:46:20.676000+00:00,2026-08-13,17,293.40899991989136,-1.25,1.25,False,True,2026-08-13T09:35:40.339Z,,,,-40.339,0.003,,0.29,,,,,,,,
btc-updown-5m-1786613400,btc-5m,2026-08-13 09:25:05.108000+00:00,2026-08-13 09:40:32.001000+00:00,2026-08-13,17,294.8919999599457,-1.15,1.15,False,True,,2026-08-13T09:30:50.954Z,,,-50.954,,0.034,0.29,,,,,,,,
btc-updown-15m-1786612500,btc-15m,2026-08-13 09:00:07.726000+00:00,2026-08-13 09:37:52.481000+00:00,2026-08-13,17,892.2739999294281,2.15,2.85,True,False,2026-08-13T09:15:40.223Z,2026-08-13T09:19:25.197Z,2026-08-13T09:19:25.197Z,-265.197,-40.223,0.022,0.003,0.31,,,,,,,,
btc-updown-5m-1786613100,btc-5m,2026-08-13 09:20:07.690000+00:00,2026-08-13 09:36:44.582000+00:00,2026-08-13,17,292.30999994277954,-1.2,1.2,False,True,2026-08-13T09:26:46.686Z,,,,-106.686,0.003,,0.29,,,,,,,,
btc-updown-5m-1786612500,btc-5m,2026-08-13 09:10:03.484000+00:00,2026-08-13 09:29:59.057000+00:00,2026-08-13,17,296.5160000324249,2.3,2.7,True,False,2026-08-13T09:15:23.973Z,2026-08-13T09:18:27.283Z,2026-08-13T09:18:27.283Z,-207.283,-23.973,0.003,0.009,0.29,,,,,,,,
btc-updown-5m-1786612800,btc-5m,2026-08-13 09:15:05.818000+00:00,2026-08-13 09:29:29.402000+00:00,2026-08-13,17,294.1819999217987,-1.4,1.4,False,True,,2026-08-13T09:21:51.858Z,,,-111.858,,0.013,0.29,,,,,,,,
btc-updown-15m-1786611600,btc-15m,2026-08-13 08:45:07.185000+00:00,2026-08-13 09:21:22.142000+00:00,2026-08-13,16,892.8150000572205,-1.5,1.5,False,True,2026-08-13T09:02:45.706Z,,,,-165.706,0.007,,0.31,,,,,,,,
btc-updown-5m-1786612200,btc-5m,2026-08-13 09:05:03.830000+00:00,2026-08-13 09:19:28.247000+00:00,2026-08-13,17,296.17000007629395,-1.35,1.35,False,True,2026-08-13T09:11:30.643Z,,,,-90.643,0.014,,0.29,,,,,,,,
btc-updown-5m-1786611900,btc-5m,2026-08-13 09:00:09.770000+00:00,2026-08-13 09:15:22.006000+00:00,2026-08-13,17,290.2300000190735,-1.35,1.35,False,True,2026-08-13T09:05:49.202Z,,,,-49.202,0.027,,0.29,,,,,,,,
btc-updown-5m-1786611600,btc-5m,2026-08-13 08:55:03.820000+00:00,2026-08-13 09:10:49.686000+00:00,2026-08-13,16,296.1800000667572,2.6,2.4,True,False,2026-08-13T09:02:21.459Z,2026-08-13T09:01:48.563Z,2026-08-13T09:02:21.459Z,-141.459,-108.563,0.018,0.011,0.29,,,,,,,,
btc-updown-5m-1786611300,btc-5m,2026-08-13 08:50:06.322000+00:00,2026-08-13 09:05:45.225000+00:00,2026-08-13,16,293.6779999732971,-1.4,1.4,False,True,,2026-08-13T08:55:27.403Z,,,-27.403,,0.002,0.29,,,,,,,,
btc-updown-15m-1786610700,btc-15m,2026-08-13 08:30:03.610000+00:00,2026-08-13 09:04:23.934000+00:00,2026-08-13,16,896.3900001049042,-1.25,1.25,False,True,2026-08-13T08:45:33.332Z,,,,-33.332,0.003,,0.31,,,,,,,,
btc-updown-5m-1786611000,btc-5m,2026-08-13 08:45:09.361000+00:00,2026-08-13 09:01:59.599000+00:00,2026-08-13,16,290.63899993896484,-1.35,1.35,False,True,2026-08-13T08:50:57.124Z,,,,-57.124,0.005,,0.29,,,,,,,,
btc-updown-5m-1786610700,btc-5m,2026-08-13 08:40:03.072000+00:00,2026-08-13 08:55:05.198000+00:00,2026-08-13,16,296.9279999732971,-0.75,0.75,False,True,2026-08-13T08:45:37.404Z,,,,-37.404,0.017,,0.29,,,,,,,,
btc-updown-15m-1786609800,btc-15m,2026-08-13 08:15:06.671000+00:00,2026-08-13 08:52:17.446000+00:00,2026-08-13,16,893.3289999961853,-1.3,1.3,False,True,,2026-08-13T08:38:41.007Z,,,-521.007,,0.004,0.31,,,,,,,,
btc-updown-5m-1786610400,btc-5m,2026-08-13 08:35:06.723000+00:00,2026-08-13 08:50:07.777000+00:00,2026-08-13,16,293.27699995040894,-1.25,1.25,False,True,,2026-08-13T08:41:35.930Z,,,-95.93,,0.007,0.29,,,,,,,,
btc-updown-5m-1786610100,btc-5m,2026-08-13 08:30:06.277000+00:00,2026-08-13 08:44:50.769000+00:00,2026-08-13,16,293.72300004959106,-1.2,1.2,False,True,,2026-08-13T08:35:47.249Z,,,-47.249,,0.003,0.29,,,,,,,,
btc-updown-5m-1786609800,btc-5m,2026-08-13 08:25:05.402000+00:00,2026-08-13 08:40:04.815000+00:00,2026-08-13,16,294.59800004959106,2.8,2.2,True,False,2026-08-13T08:32:37.953Z,2026-08-13T08:31:16.164Z,2026-08-13T08:32:37.953Z,-157.953,-76.164,0.028,0.012,0.29,,,,,,,,
btc-updown-15m-1786608900,btc-15m,2026-08-13 08:00:06.290000+00:00,2026-08-13 08:37:13.093000+00:00,2026-08-13,16,893.710000038147,-1.4,1.4,False,True,2026-08-13T08:17:21.980Z,,,,-141.98,0.112,,0.31,,,,,,,,
btc-updown-5m-1786609500,btc-5m,2026-08-13 08:20:03.985000+00:00,2026-08-13 08:35:08.209000+00:00,2026-08-13,16,296.0150001049042,-1.35,1.35,False,True,2026-08-13T08:27:58.238Z,,,,-178.238,0.015,,0.29,,,,,,,,
btc-updown-5m-1786609200,btc-5m,2026-08-13 08:15:08.867000+00:00,2026-08-13 08:31:04.422000+00:00,2026-08-13,16,291.1329998970032,2.35,2.65,True,False,2026-08-13T08:21:41.692Z,2026-08-13T08:20:31.346Z,2026-08-13T08:21:41.692Z,-101.692,-31.346,0.003,0.016,0.29,,,,,,,,
btc-updown-5m-1786608900,btc-5m,2026-08-13 08:10:03.482000+00:00,2026-08-13 08:26:24.099000+00:00,2026-08-13,16,296.51799988746643,2.25,2.75,True,False,2026-08-13T08:15:22.013Z,2026-08-13T08:16:29.684Z,2026-08-13T08:16:29.684Z,-89.684,-22.013,0.013,0.01,0.29,,,,,,,,
btc-updown-5m-1786608600,btc-5m,2026-08-13 08:05:04.774000+00:00,2026-08-13 08:23:52.047000+00:00,2026-08-13,16,295.2260000705719,2.15,2.85,True,False,2026-08-13T08:13:03.523Z,2026-08-13T08:10:34.517Z,2026-08-13T08:13:03.523Z,-183.523,-34.517,0.007,0.014,0.29,,,,,,,,
btc-updown-15m-1786608000,btc-15m,2026-08-13 07:45:08.925000+00:00,2026-08-13 08:20:46.220000+00:00,2026-08-13,15,891.0750000476837,2.0,3.0,True,False,2026-08-13T08:12:49.948Z,2026-08-13T08:00:11.942Z,2026-08-13T08:12:49.948Z,-769.948,-11.942,0.009,2.015,0.31,,,,,,,,
btc-updown-5m-1786608300,btc-5m,2026-08-13 08:00:03.676000+00:00,2026-08-13 08:16:33.364000+00:00,2026-08-13,16,296.3239998817444,2.55,2.45,True,False,2026-08-13T08:05:08.391Z,2026-08-13T08:08:16.824Z,2026-08-13T08:08:16.824Z,-196.824,-8.391,0.017,0.014,0.29,,,,,,,,
btc-updown-5m-1786608000,btc-5m,2026-08-13 07:55:06.055000+00:00,2026-08-13 08:11:06.980000+00:00,2026-08-13,15,293.9449999332428,-1.25,1.25,False,True,,2026-08-13T08:00:09.933Z,,,-9.933,,0.003,0.29,,,,,,,,
btc-updown-5m-1786607700,btc-5m,2026-08-13 07:50:05.123000+00:00,2026-08-13 08:09:09.206000+00:00,2026-08-13,15,294.8770000934601,3.2,1.8,True,False,2026-08-13T07:57:28.059Z,2026-08-13T07:59:10.713Z,2026-08-13T07:59:10.713Z,-250.713,-148.059,0.01,0.015,0.29,,,,,,,,
btc-updown-15m-1786607100,btc-15m,2026-08-13 07:30:06.955000+00:00,2026-08-13 08:06:07.326000+00:00,2026-08-13,15,893.045000076294,-1.35,1.35,False,True,2026-08-13T07:48:00.410Z,,,,-180.41,0.024,,0.31,,,,,,,,
btc-updown-5m-1786607400,btc-5m,2026-08-13 07:45:07.107000+00:00,2026-08-13 08:00:32.619000+00:00,2026-08-13,15,292.89299988746643,2.35,2.65,True,False,2026-08-13T07:54:14.671Z,2026-08-13T07:54:33.369Z,2026-08-13T07:54:33.369Z,-273.369,-254.671,0.009,0.017,0.29,,,,,,,,
btc-updown-5m-1786607100,btc-5m,2026-08-13 07:40:04.202000+00:00,2026-08-13 07:54:39.919000+00:00,2026-08-13,15,295.7980000972748,-1.3,1.3,False,True,2026-08-13T07:47:32.694Z,,,,-152.694,0.013,,0.29,,,,,,,,
btc-updown-15m-1786606200,btc-15m,2026-08-13 07:15:04.018000+00:00,2026-08-13 07:50:22.260000+00:00,2026-08-13,15,895.9820001125336,-1.15,1.15,False,True,2026-08-13T07:39:05.234Z,,,,-545.234,0.053,,0.31,,,,,,,,
btc-updown-5m-1786606800,btc-5m,2026-08-13 07:35:04.626000+00:00,2026-08-13 07:49:22.167000+00:00,2026-08-13,15,295.37400007247925,2.35,2.65,True,False,2026-08-13T07:43:37.294Z,2026-08-13T07:41:06.747Z,2026-08-13T07:43:37.294Z,-217.294,-66.747,0.288,0.003,0.29,,,,,,,,
btc-updown-5m-1786606500,btc-5m,2026-08-13 07:30:09.343000+00:00,2026-08-13 07:47:20.027000+00:00,2026-08-13,15,290.65700006484985,-0.3,0.3,False,True,2026-08-13T07:39:07.841Z,,,,-247.841,0.007,,0.29,,,,,,,,
btc-updown-5m-1786606200,btc-5m,2026-08-13 07:25:05.108000+00:00,2026-08-13 07:44:15.311000+00:00,2026-08-13,15,294.8919999599457,-1.35,1.35,False,True,2026-08-13T07:32:58.611Z,,,,-178.611,0.016,,0.29,,,,,,,,
btc-updown-5m-1786605900,btc-5m,2026-08-13 07:20:05.989000+00:00,2026-08-13 07:35:51.611000+00:00,2026-08-13,15,294.010999917984,-1.1,1.1,False,True,2026-08-13T07:25:27.656Z,,,,-27.656,0.008,,0.29,,,,,,,,
btc-updown-15m-1786605300,btc-15m,2026-08-13 07:00:08.678000+00:00,2026-08-13 07:35:18.694000+00:00,2026-08-13,15,891.3220000267029,-1.4,1.4,False,True,,2026-08-13T07:22:19.860Z,,,-439.86,,0.013,0.31,,,,,,,,
btc-updown-5m-1786605600,btc-5m,2026-08-13 07:15:06.591000+00:00,2026-08-13 07:29:51.271000+00:00,2026-08-13,15,293.40899991989136,2.3,2.7,True,False,2026-08-13T07:20:24.333Z,2026-08-13T07:22:17.579Z,2026-08-13T07:22:17.579Z,-137.579,-24.333,0.008,0.014,0.29,,,,,,,,
btc-updown-5m-1786605300,btc-5m,2026-08-13 07:10:03.778000+00:00,2026-08-13 07:24:47.082000+00:00,2026-08-13,15,296.22199988365173,2.45,2.55,True,False,2026-08-13T07:19:38.798Z,2026-08-13T07:17:08.587Z,2026-08-13T07:19:38.798Z,-278.798,-128.587,0.02,0.006,0.29,,,,,,,,
btc-updown-5m-1786605000,btc-5m,2026-08-13 07:05:04.943000+00:00,2026-08-13 07:21:50.935000+00:00,2026-08-13,15,295.0569999217987,2.25,2.75,True,False,2026-08-13T07:13:53.955Z,2026-08-13T07:12:03.302Z,2026-08-13T07:13:53.955Z,-233.955,-123.302,0.009,0.013,0.29,,,,,,,,
btc-updown-15m-1786604400,btc-15m,2026-08-13 06:45:07.870000+00:00,2026-08-13 07:21:16.799000+00:00,2026-08-13,14,892.1300001144409,-1.4,1.4,False,True,2026-08-13T07:01:40.877Z,,,,-100.877,0.029,,0.31,,,,,,,,
btc-updown-5m-1786604700,btc-5m,2026-08-13 07:00:06.144000+00:00,2026-08-13 07:16:50.779000+00:00,2026-08-13,15,293.85599994659424,-0.85,0.85,False,True,,2026-08-13T07:06:29.088Z,,,-89.088,,0.022,0.29,,,,,,,,
btc-updown-5m-1786604400,btc-5m,2026-08-13 06:55:05.942000+00:00,2026-08-13 07:11:57.511000+00:00,2026-08-13,14,294.05800008773804,-1.4,1.4,False,True,2026-08-13T07:01:30.493Z,,,,-90.493,0.065,,0.29,,,,,,,,
btc-updown-15m-1786603500,btc-15m,2026-08-13 06:30:06.864000+00:00,2026-08-13 07:04:27.470000+00:00,2026-08-13,14,893.135999917984,-1.55,1.55,False,True,,2026-08-13T06:46:04.244Z,,,-64.244,,0.025,0.31,,,,,,,,
btc-updown-5m-1786604100,btc-5m,2026-08-13 06:50:06.362000+00:00,2026-08-13 07:03:04.020000+00:00,2026-08-13,14,293.6380000114441,2.55,2.45,True,False,2026-08-13T06:58:06.608Z,2026-08-13T06:55:54.060Z,2026-08-13T06:58:06.608Z,-186.608,-54.06,0.007,0.009,0.29,,,,,,,,
btc-updown-5m-1786603800,btc-5m,2026-08-13 06:45:05.790000+00:00,2026-08-13 07:01:53.257000+00:00,2026-08-13,14,294.210000038147,-1.45,1.45,False,True,,2026-08-13T06:50:48.724Z,,,-48.724,,0.015,0.29,,,,,,,,
btc-updown-5m-1786603500,btc-5m,2026-08-13 06:40:04.284000+00:00,2026-08-13 06:56:32.985000+00:00,2026-08-13,14,295.71600008010864,-1.45,1.45,False,True,,2026-08-13T06:45:44.896Z,,,-44.896,,0.008,0.29,,,,,,,,
btc-updown-15m-1786602600,btc-15m,2026-08-13 06:15:05.214000+00:00,2026-08-13 06:49:50.114000+00:00,2026-08-13,14,894.7860000133514,-1.35,1.35,False,True,2026-08-13T06:32:43.710Z,,,,-163.71,0.017,,0.31,,,,,,,,
btc-updown-5m-1786603200,btc-5m,2026-08-13 06:35:03.990000+00:00,2026-08-13 06:48:25.066000+00:00,2026-08-13,14,296.00999999046326,-1.45,1.45,False,True,2026-08-13T06:40:28.612Z,,,,-28.612,0.003,,0.29,,,,,,,,
btc-updown-5m-1786602900,btc-5m,2026-08-13 06:30:03.700000+00:00,2026-08-13 06:46:05.144000+00:00,2026-08-13,14,296.2999999523163,2.55,2.45,True,False,2026-08-13T06:38:28.591Z,2026-08-13T06:35:07.620Z,2026-08-13T06:38:28.591Z,-208.591,-7.62,0.002,0.017,0.29,,,,,,,,
btc-updown-5m-1786602600,btc-5m,2026-08-13 06:25:03.241000+00:00,2026-08-13 06:40:05.395000+00:00,2026-08-13,14,296.7590000629425,-1.0,1.0,False,True,2026-08-13T06:30:54.221Z,,,,-54.221,0.015,,0.29,,,,,,,,
btc-updown-5m-1786602300,btc-5m,2026-08-13 06:20:02.976000+00:00,2026-08-13 06:35:57.496000+00:00,2026-08-13,14,297.0239999294281,2.35,2.65,True,False,2026-08-13T06:26:34.005Z,2026-08-13T06:29:33.492Z,2026-08-13T06:29:33.492Z,-273.492,-94.005,0.007,0.848,0.29,,,,,,,,
btc-updown-15m-1786601700,btc-15m,2026-08-13 06:00:07.908000+00:00,2026-08-13 06:34:07.825000+00:00,2026-08-13,14,892.0920000076294,-1.55,1.55,False,True,2026-08-13T06:16:59.310Z,,,,-119.31,0.007,,0.31,,,,,,,,
btc-updown-5m-1786602000,btc-5m,2026-08-13 06:15:03.149000+00:00,2026-08-13 06:30:51.065000+00:00,2026-08-13,14,296.8510000705719,2.2,2.8,True,False,2026-08-13T06:23:57.528Z,2026-08-13T06:21:16.760Z,2026-08-13T06:23:57.528Z,-237.528,-76.76,0.009,0.002,0.29,,,,,,,,
btc-updown-5m-1786601700,btc-5m,2026-08-13 06:10:04.483000+00:00,2026-08-13 06:24:50.799000+00:00,2026-08-13,14,295.5169999599457,-1.05,1.05,False,True,2026-08-13T06:16:03.047Z,,,,-63.047,0.002,,0.29,,,,,,,,
btc-updown-5m-1786601400,btc-5m,2026-08-13 06:05:06.378000+00:00,2026-08-13 06:21:54.414000+00:00,2026-08-13,14,293.62199997901917,-1.45,1.45,False,True,,2026-08-13T06:11:41.671Z,,,-101.671,,0.011,0.29,,,,,,,,
btc-updown-15m-1786600800,btc-15m,2026-08-13 05:45:05.473000+00:00,2026-08-13 06:18:52.574000+00:00,2026-08-13,13,894.5269999504089,-1.4,1.4,False,True,2026-08-13T06:02:28.568Z,,,,-148.568,0.025,,0.31,,,,,,,,
btc-updown-5m-1786601100,btc-5m,2026-08-13 06:00:04.153000+00:00,2026-08-13 06:15:50.130000+00:00,2026-08-13,14,295.84699988365173,-1.3,1.3,False,True,2026-08-13T06:05:35.864Z,,,,-35.864,0.016,,0.29,,,,,,,,
btc-updown-5m-1786600800,btc-5m,2026-08-13 05:55:03.579000+00:00,2026-08-13 06:10:49.739000+00:00,2026-08-13,13,296.4210000038147,-1.0,1.0,False,True,2026-08-13T06:01:49.006Z,,,,-109.006,0.01,,0.29,,,,,,,,
btc-updown-5m-1786598700,btc-5m,2026-08-13 05:20:03.053000+00:00,2026-08-13 05:35:17.684000+00:00,2026-08-13,13,296.9470000267029,-1.3,1.3,False,True,2026-08-13T05:26:03.098Z,,,,-63.098,0.004,,0.29,,,,,,,,
btc-updown-15m-1786598100,btc-15m,2026-08-13 05:00:04.485000+00:00,2026-08-13 05:33:27.408000+00:00,2026-08-13,13,895.5150001049042,-1.05,1.05,False,True,,2026-08-13T05:15:48.173Z,,,-48.173,,0.002,0.31,,,,,,,,
btc-updown-5m-1786598400,btc-5m,2026-08-13 05:15:04.751000+00:00,2026-08-13 05:30:19.009000+00:00,2026-08-13,13,295.24900007247925,-0.85,0.85,False,True,,2026-08-13T05:23:06.076Z,,,-186.076,,0.009,0.29,,,,,,,,
btc-updown-5m-1786598100,btc-5m,2026-08-13 05:10:02.995000+00:00,2026-08-13 05:25:16.109000+00:00,2026-08-13,13,297.0050001144409,-1.4,1.4,False,True,,2026-08-13T05:15:23.420Z,,,-23.42,,0.002,0.29,,,,,,,,
btc-updown-5m-1786597800,btc-5m,2026-08-13 05:05:03.720000+00:00,2026-08-13 05:20:16.979000+00:00,2026-08-13,13,296.27999997138977,-1.35,1.35,False,True,,2026-08-13T05:10:49.587Z,,,-49.587,,0.002,0.29,,,,,,,,
btc-updown-15m-1786597200,btc-15m,2026-08-13 04:45:09.911000+00:00,2026-08-13 05:18:22.673000+00:00,2026-08-13,12,890.0889999866486,-1.15,1.15,False,True,,2026-08-13T05:04:01.846Z,,,-241.846,,0.011,0.31,,,,,,,,
btc-updown-5m-1786597500,btc-5m,2026-08-13 05:00:06.731000+00:00,2026-08-13 05:15:13.800000+00:00,2026-08-13,13,293.26900005340576,2.1,2.9,True,False,2026-08-13T05:05:25.582Z,2026-08-13T05:06:38.070Z,2026-08-13T05:06:38.070Z,-98.07,-25.582,0.014,0.011,0.29,,,,,,,,
btc-updown-5m-1786597200,btc-5m,2026-08-13 04:55:02.471000+00:00,2026-08-13 05:10:45.448000+00:00,2026-08-13,12,297.529000043869,2.7,2.3,True,False,2026-08-13T05:01:00.149Z,2026-08-13T05:03:25.529Z,2026-08-13T05:03:25.529Z,-205.529,-60.149,0.003,0.003,0.29,,,,,,,,
btc-updown-15m-1786596300,btc-15m,2026-08-13 04:30:07.138000+00:00,2026-08-13 05:07:51.534000+00:00,2026-08-13,12,892.8619999885559,3.55,1.45,False,True,,2026-08-13T04:45:42.047Z,,,-42.047,,0.163,0.31,,,,,,,,
btc-updown-5m-1786596900,btc-5m,2026-08-13 04:50:04.815000+00:00,2026-08-13 05:05:08.974000+00:00,2026-08-13,12,295.18499994277954,-1.3,1.3,False,True,2026-08-13T04:57:53.023Z,,,,-173.023,0.008,,0.29,,,,,,,,
btc-updown-5m-1786596600,btc-5m,2026-08-13 04:45:07.869000+00:00,2026-08-13 05:02:07.374000+00:00,2026-08-13,12,292.13100004196167,3.25,1.75,True,False,2026-08-13T04:54:02.370Z,2026-08-13T04:54:26.475Z,2026-08-13T04:54:26.475Z,-266.475,-242.37,0.009,0.021,0.29,,,,,,,,
btc-updown-5m-1786596300,btc-5m,2026-08-13 04:40:06.016000+00:00,2026-08-13 04:55:03.502000+00:00,2026-08-13,12,293.9839999675751,-1.25,1.25,False,True,,2026-08-13T04:45:32.793Z,,,-32.793,,0.003,0.29,,,,,,,,
btc-updown-15m-1786595400,btc-15m,2026-08-13 04:15:04.907000+00:00,2026-08-13 04:52:49.034000+00:00,2026-08-13,12,895.0929999351501,-1.55,1.55,False,True,,2026-08-13T04:30:46.391Z,,,-46.391,,0.006,0.31,,,,,,,,
btc-updown-5m-1786596000,btc-5m,2026-08-13 04:35:06.904000+00:00,2026-08-13 04:50:06.258000+00:00,2026-08-13,12,293.095999956131,-0.2,0.2,False,True,,2026-08-13T04:44:34.404Z,,,-274.404,,0.002,0.29,,,,,,,,
btc-updown-5m-1786595400,btc-5m,2026-08-13 04:25:06.124000+00:00,2026-08-13 04:38:47.967000+00:00,2026-08-13,12,293.87599992752075,-0.9,0.9,False,True,,2026-08-13T04:30:44.254Z,,,-44.254,,0.009,0.29,,,,,,,,
btc-updown-5m-1786595100,btc-5m,2026-08-13 04:20:04.418000+00:00,2026-08-13 04:38:03.988000+00:00,2026-08-13,12,295.58200001716614,2.7,2.3,True,False,2026-08-13T04:27:16.528Z,2026-08-13T04:26:14.017Z,2026-08-13T04:27:16.528Z,-136.528,-74.017,0.005,0.02,0.29,,,,,,,,
btc-updown-15m-1786594500,btc-15m,2026-08-13 04:00:08.451000+00:00,2026-08-13 04:37:15.851000+00:00,2026-08-13,12,891.5490000247955,-1.5,1.5,False,True,2026-08-13T04:15:09.381Z,,,,-9.381,0.844,,0.31,,,,,,,,
btc-updown-5m-1786594800,btc-5m,2026-08-13 04:15:02.294000+00:00,2026-08-13 04:30:08.848000+00:00,2026-08-13,12,297.7060000896454,-0.9,0.9,False,True,2026-08-13T04:21:16.080Z,,,,-76.08,0.006,,0.29,,,,,,,,
btc-updown-5m-1786594500,btc-5m,2026-08-13 04:10:05.829000+00:00,2026-08-13 04:25:07.326000+00:00,2026-08-13,12,294.1710000038147,-0.9,0.9,False,True,2026-08-13T04:15:08.562Z,,,,-8.562,0.023,,0.29,,,,,,,,
btc-updown-15m-1786593600,btc-15m,2026-08-13 03:45:08.494000+00:00,2026-08-13 04:22:15.886000+00:00,2026-08-13,11,891.5060000419617,2.5,2.5,True,False,2026-08-13T04:11:13.012Z,2026-08-13T04:13:34.472Z,2026-08-13T04:13:34.472Z,-814.472,-673.012,0.014,0.018,0.31,,,,,,,,
btc-updown-5m-1786594200,btc-5m,2026-08-13 04:05:03.878000+00:00,2026-08-13 04:22:11.555000+00:00,2026-08-13,12,296.12199997901917,2.5,2.5,True,False,2026-08-13T04:11:22.477Z,2026-08-13T04:13:10.718Z,2026-08-13T04:13:10.718Z,-190.718,-82.477,0.005,0.007,0.29,,,,,,,,
btc-updown-5m-1786593900,btc-5m,2026-08-13 04:00:04.936000+00:00,2026-08-13 04:17:34.418000+00:00,2026-08-13,12,295.0639998912811,2.25,2.75,True,False,2026-08-13T04:09:21.694Z,2026-08-13T04:08:38.299Z,2026-08-13T04:09:21.694Z,-261.694,-218.299,0.004,0.011,0.29,,,,,,,,
btc-updown-5m-1786593600,btc-5m,2026-08-13 03:55:06.522000+00:00,2026-08-13 04:10:07.007000+00:00,2026-08-13,11,293.4779999256134,-1.2,1.2,False,True,2026-08-13T04:03:51.944Z,,,,-231.944,0.006,,0.29,,,,,,,,
btc-updown-5m-1786593300,btc-5m,2026-08-13 03:50:07.292000+00:00,2026-08-13 04:09:28.755000+00:00,2026-08-13,11,292.7079999446869,-1.45,1.45,False,True,2026-08-13T03:57:07.292Z,,,,-127.292,0.008,,0.29,,,,,,,,
btc-updown-15m-1786592700,btc-15m,2026-08-13 03:30:05.755000+00:00,2026-08-13 04:07:11.244000+00:00,2026-08-13,11,894.2449998855591,-1.55,1.55,False,True,,2026-08-13T03:48:42.798Z,,,-222.798,,0.025,0.31,,,,,,,,
btc-updown-5m-1786593000,btc-5m,2026-08-13 03:45:06.185000+00:00,2026-08-13 03:59:13.778000+00:00,2026-08-13,11,293.81500005722046,2.9,2.1,True,False,2026-08-13T03:50:04.763Z,2026-08-13T03:52:11.560Z,2026-08-13T03:52:11.560Z,-131.56,-4.763,0.362,0.002,0.29,,,,,,,,
btc-updown-5m-1786592700,btc-5m,2026-08-13 03:40:05.079000+00:00,2026-08-13 03:54:18.234000+00:00,2026-08-13,11,294.9210000038147,-1.25,1.25,False,True,,2026-08-13T03:45:49.687Z,,,-49.687,,0.027,0.29,,,,,,,,
btc-updown-15m-1786591800,btc-15m,2026-08-13 03:15:04.980000+00:00,2026-08-13 03:51:32.434000+00:00,2026-08-13,11,895.0199999809265,-1.55,1.55,False,True,,2026-08-13T03:34:58.499Z,,,-298.499,,0.026,0.31,,,,,,,,
btc-updown-5m-1786592400,btc-5m,2026-08-13 03:35:04.592000+00:00,2026-08-13 03:48:03.718000+00:00,2026-08-13,11,295.4079999923706,2.4,2.6,True,False,2026-08-13T03:41:18.958Z,2026-08-13T03:40:26.759Z,2026-08-13T03:41:18.958Z,-78.958,-26.759,0.025,0.006,0.29,,,,,,,,
btc-updown-5m-1786592100,btc-5m,2026-08-13 03:30:07.606000+00:00,2026-08-13 03:43:03.142000+00:00,2026-08-13,11,292.39400005340576,2.5,2.5,True,False,2026-08-13T03:39:14.572Z,2026-08-13T03:35:45.732Z,2026-08-13T03:39:14.572Z,-254.572,-45.732,0.022,0.035,0.29,,,,,,,,
btc-updown-5m-1786591800,btc-5m,2026-08-13 03:25:04.986000+00:00,2026-08-13 03:39:47.023000+00:00,2026-08-13,11,295.01399993896484,-1.4,1.4,False,True,,2026-08-13T03:32:00.804Z,,,-120.804,,0.007,0.29,,,,,,,,
btc-updown-15m-1786590900,btc-15m,2026-08-13 03:00:09.872000+00:00,2026-08-13 03:38:51.613000+00:00,2026-08-13,11,890.1280000209808,2.3,2.7,True,False,2026-08-13T03:28:37.598Z,2026-08-13T03:20:12.267Z,2026-08-13T03:28:37.598Z,-817.598,-312.267,0.015,0.001,0.31,,,,,,,,
btc-updown-5m-1786591500,btc-5m,2026-08-13 03:20:03.920000+00:00,2026-08-13 03:34:00.591000+00:00,2026-08-13,11,296.07999992370605,-1.25,1.25,False,True,2026-08-13T03:25:57.884Z,,,,-57.884,0.006,,0.29,,,,,,,,
btc-updown-5m-1786591200,btc-5m,2026-08-13 03:15:07.099000+00:00,2026-08-13 03:30:13.713000+00:00,2026-08-13,11,292.9010000228882,2.35,2.65,True,False,2026-08-13T03:21:44.422Z,2026-08-13T03:20:07.278Z,2026-08-13T03:21:44.422Z,-104.422,-7.278,0.007,0.004,0.29,,,,,,,,
btc-updown-5m-1786590900,btc-5m,2026-08-13 03:10:06.487000+00:00,2026-08-13 03:26:59.077000+00:00,2026-08-13,11,293.5130000114441,-0.6,0.6,False,True,,2026-08-13T03:18:53.145Z,,,-233.145,,0.002,0.29,,,,,,,,
btc-updown-15m-1786590000,btc-15m,2026-08-13 02:45:08.226000+00:00,2026-08-13 03:20:55.645000+00:00,2026-08-13,10,891.7739999294281,2.45,2.55,True,False,2026-08-13T03:04:13.137Z,2026-08-13T03:13:03.517Z,2026-08-13T03:13:03.517Z,-783.517,-253.137,0.008,0.005,0.31,,,,,,,,
btc-updown-5m-1786590600,btc-5m,2026-08-13 03:05:03.563000+00:00,2026-08-13 03:19:14.034000+00:00,2026-08-13,11,296.4370000362396,-1.1,1.1,False,True,,2026-08-13T03:10:35.662Z,,,-35.662,,0.005,0.29,,,,,,,,
btc-updown-5m-1786590300,btc-5m,2026-08-13 03:00:07.710000+00:00,2026-08-13 03:14:29.048000+00:00,2026-08-13,11,292.289999961853,2.85,2.15,True,False,2026-08-13T03:06:53.321Z,2026-08-13T03:08:42.400Z,2026-08-13T03:08:42.400Z,-222.4,-113.321,0.023,0.004,0.29,,,,,,,,
btc-updown-5m-1786590000,btc-5m,2026-08-13 02:55:04.214000+00:00,2026-08-13 03:11:35.926000+00:00,2026-08-13,10,295.78600001335144,2.15,2.85,True,False,2026-08-13T03:02:06.927Z,2026-08-13T03:01:13.070Z,2026-08-13T03:02:06.927Z,-126.927,-73.07,0.007,0.009,0.29,,,,,,,,
btc-updown-15m-1786589100,btc-15m,2026-08-13 02:30:06.942000+00:00,2026-08-13 03:09:26.321000+00:00,2026-08-13,10,893.058000087738,-1.45,1.45,False,True,,2026-08-13T02:50:27.056Z,,,-327.056,,0.019,0.31,,,,,,,,
btc-updown-5m-1786589700,btc-5m,2026-08-13 02:50:04.042000+00:00,2026-08-13 03:04:18.587000+00:00,2026-08-13,10,295.9579999446869,2.3,2.7,True,False,2026-08-13T02:56:49.936Z,2026-08-13T02:55:08.070Z,2026-08-13T02:56:49.936Z,-109.936,-8.07,0.003,0.011,0.29,,,,,,,,
btc-updown-5m-1786589400,btc-5m,2026-08-13 02:45:05.659000+00:00,2026-08-13 03:01:01.559000+00:00,2026-08-13,10,294.34100008010864,-1.4,1.4,False,True,,2026-08-13T02:50:23.632Z,,,-23.632,,0.002,0.29,,,,,,,,
btc-updown-5m-1786589100,btc-5m,2026-08-13 02:40:03.965000+00:00,2026-08-13 02:55:56.563000+00:00,2026-08-13,10,296.0350000858307,2.5,2.5,True,False,2026-08-13T02:46:32.982Z,2026-08-13T02:45:21.291Z,2026-08-13T02:46:32.982Z,-92.982,-21.291,0.009,0.017,0.29,,,,,,,,
btc-updown-5m-1786588800,btc-5m,2026-08-13 02:35:03.157000+00:00,2026-08-13 02:51:10.896000+00:00,2026-08-13,10,296.84299993515015,-1.45,1.45,False,True,,2026-08-13T02:41:31.119Z,,,-91.119,,0.005,0.29,,,,,,,,
btc-updown-15m-1786588200,btc-15m,2026-08-13 02:15:05.117000+00:00,2026-08-13 02:48:22.539000+00:00,2026-08-13,10,894.8829998970032,2.1,2.9,True,False,2026-08-13T02:30:17.737Z,2026-08-13T02:43:22.504Z,2026-08-13T02:43:22.504Z,-802.504,-17.737,0.003,0.031,0.31,,,,,,,,
btc-updown-5m-1786588500,btc-5m,2026-08-13 02:30:09.450000+00:00,2026-08-13 02:43:42.388000+00:00,2026-08-13,10,290.5499999523163,-0.85,0.85,False,True,,2026-08-13T02:35:58.087Z,,,-58.087,,0.01,0.29,,,,,,,,
btc-updown-5m-1786588200,btc-5m,2026-08-13 02:25:06.937000+00:00,2026-08-13 02:40:57.589000+00:00,2026-08-13,10,293.0629999637604,-0.95,0.95,False,True,2026-08-13T02:30:19.992Z,,,,-19.992,0.004,,0.29,,,,,,,,
btc-updown-15m-1786587300,btc-15m,2026-08-13 02:00:05.399000+00:00,2026-08-13 02:36:08.492000+00:00,2026-08-13,10,894.6010000705719,2.25,2.75,True,False,2026-08-13T02:21:48.271Z,2026-08-13T02:27:55.298Z,2026-08-13T02:27:55.298Z,-775.298,-408.271,0.022,0.015,0.31,,,,,,,,
btc-updown-5m-1786587900,btc-5m,2026-08-13 02:20:05.348000+00:00,2026-08-13 02:33:53.179000+00:00,2026-08-13,10,294.65199995040894,-1.35,1.35,False,True,,2026-08-13T02:25:34.741Z,,,-34.741,,0.017,0.29,,,,,,,,
btc-updown-5m-1786587600,btc-5m,2026-08-13 02:15:02.756000+00:00,2026-08-13 02:33:35.352000+00:00,2026-08-13,10,297.24399995803833,-1.4,1.4,False,True,2026-08-13T02:20:46.931Z,,,,-46.931,0.011,,0.29,,,,,,,,
btc-updown-5m-1786587300,btc-5m,2026-08-13 02:10:05.086000+00:00,2026-08-13 02:23:47.416000+00:00,2026-08-13,10,294.9140000343323,-1.4,1.4,False,True,2026-08-13T02:15:53.332Z,,,,-53.332,0.003,,0.29,,,,,,,,
btc-updown-5m-1786587000,btc-5m,2026-08-13 02:05:03.433000+00:00,2026-08-13 02:23:29.332000+00:00,2026-08-13,10,296.56699991226196,-1.4,1.4,False,True,2026-08-13T02:10:41.940Z,,,,-41.94,0.018,,0.29,,,,,,,,
btc-updown-15m-1786586400,btc-15m,2026-08-13 01:45:09.898000+00:00,2026-08-13 02:22:09.901000+00:00,2026-08-13,9,890.1019999980927,2.3,2.7,True,False,2026-08-13T02:07:00.991Z,2026-08-13T02:09:21.284Z,2026-08-13T02:09:21.284Z,-561.284,-420.991,0.042,0.015,0.31,,,,,,,,
btc-updown-5m-1786586700,btc-5m,2026-08-13 02:00:02.827000+00:00,2026-08-13 02:15:40.644000+00:00,2026-08-13,10,297.1730000972748,3.1,1.9,True,False,2026-08-13T02:06:57.125Z,2026-08-13T02:08:39.345Z,2026-08-13T02:08:39.345Z,-219.345,-117.125,0.003,0.008,0.29,,,,,,,,
btc-updown-5m-1786586400,btc-5m,2026-08-13 01:55:07.120000+00:00,2026-08-13 02:13:20.191000+00:00,2026-08-13,9,292.8800001144409,2.4,2.6,True,False,2026-08-13T02:04:16.410Z,2026-08-13T02:00:45.356Z,2026-08-13T02:04:16.410Z,-256.41,-45.356,0.011,0.022,0.29,,,,,,,,
btc-updown-5m-1786586100,btc-5m,2026-08-13 01:50:06.249000+00:00,2026-08-13 02:10:06.306000+00:00,2026-08-13,9,293.75099992752075,2.7,2.3,True,False,2026-08-13T01:57:51.347Z,2026-08-13T01:55:10.581Z,2026-08-13T01:57:51.347Z,-171.347,-10.581,0.015,0.011,0.29,,,,,,,,
btc-updown-15m-1786585500,btc-15m,2026-08-13 01:30:07.509000+00:00,2026-08-13 02:05:59.460000+00:00,2026-08-13,9,892.4909999370575,1.95,3.05,True,False,2026-08-13T01:45:04.781Z,2026-08-13T01:50:31.790Z,2026-08-13T01:50:31.790Z,-331.79,-4.781,0.55,0.011,0.31,,,,,,,,
btc-updown-5m-1786585800,btc-5m,2026-08-13 01:45:06.978000+00:00,2026-08-13 02:02:49.754000+00:00,2026-08-13,9,293.0220000743866,-1.35,1.35,False,True,,2026-08-13T01:51:14.179Z,,,-74.179,,0.011,0.29,,,,,,,,
btc-updown-5m-1786585500,btc-5m,2026-08-13 01:40:06.226000+00:00,2026-08-13 01:55:02.596000+00:00,2026-08-13,9,293.7739999294281,2.65,2.35,True,False,2026-08-13T01:45:15.256Z,2026-08-13T01:47:29.124Z,2026-08-13T01:47:29.124Z,-149.124,-15.256,0.002,0.014,0.29,,,,,,,,
btc-updown-15m-1786584600,btc-15m,2026-08-13 01:15:07.809000+00:00,2026-08-13 01:51:02.735000+00:00,2026-08-13,9,892.1909999847412,-1.55,1.55,False,True,,2026-08-13T01:33:17.112Z,,,-197.112,,0.006,0.31,,,,,,,,
btc-updown-5m-1786585200,btc-5m,2026-08-13 01:35:05.835000+00:00,2026-08-13 01:50:02.156000+00:00,2026-08-13,9,294.164999961853,-1.35,1.35,False,True,2026-08-13T01:40:59.058Z,,,,-59.058,0.009,,0.29,,,,,,,,
btc-updown-5m-1786584900,btc-5m,2026-08-13 01:30:05.371000+00:00,2026-08-13 01:49:57.924000+00:00,2026-08-13,9,294.6289999485016,-1.3,1.3,False,True,,2026-08-13T01:35:11.818Z,,,-11.818,,0.024,0.29,,,,,,,,
btc-updown-5m-1786584600,btc-5m,2026-08-13 01:25:03.120000+00:00,2026-08-13 01:39:24.931000+00:00,2026-08-13,9,296.8800001144409,-1.45,1.45,False,True,,2026-08-13T01:31:21.346Z,,,-81.346,,0.013,0.29,,,,,,,,
btc-updown-5m-1786584300,btc-5m,2026-08-13 01:20:05.577000+00:00,2026-08-13 01:38:56.927000+00:00,2026-08-13,9,294.4230000972748,-1.3,1.3,False,True,2026-08-13T01:25:39.788Z,,,,-39.788,0.007,,0.29,,,,,,,,
btc-updown-15m-1786583700,btc-15m,2026-08-13 01:00:12.962000+00:00,2026-08-13 01:35:55.426000+00:00,2026-08-13,9,887.0380001068115,-1.45,1.45,False,True,2026-08-13T01:18:13.833Z,,,,-193.833,0.002,,0.31,,,,,,,,
btc-updown-5m-1786584000,btc-5m,2026-08-13 01:15:05.849000+00:00,2026-08-13 01:29:19.979000+00:00,2026-08-13,9,294.1510000228882,2.5,2.5,True,False,2026-08-13T01:22:07.281Z,2026-08-13T01:20:40.253Z,2026-08-13T01:22:07.281Z,-127.281,-40.253,0.009,0.004,0.29,,,,,,,,
btc-updown-5m-1786583700,btc-5m,2026-08-13 01:10:05.926000+00:00,2026-08-13 01:27:49.691000+00:00,2026-08-13,9,294.0739998817444,-1.45,1.45,False,True,2026-08-13T01:15:49.050Z,,,,-49.05,0.113,,0.29,,,,,,,,
btc-updown-5m-1786583400,btc-5m,2026-08-13 01:05:05.146000+00:00,2026-08-13 01:22:05.345000+00:00,2026-08-13,9,294.85400009155273,-1.45,1.45,False,True,,2026-08-13T01:10:18.055Z,,,-18.055,,0.019,0.29,,,,,,,,
btc-updown-15m-1786582800,btc-15m,2026-08-13 00:45:08.680000+00:00,2026-08-13 01:20:54.544000+00:00,2026-08-13,8,891.3199999332428,2.05,2.95,True,False,2026-08-13T01:00:07.105Z,2026-08-13T01:10:32.285Z,2026-08-13T01:10:32.285Z,-632.285,-7.105,0.571,0.007,0.31,,,,,,,,
btc-updown-5m-1786583100,btc-5m,2026-08-13 01:00:10.312000+00:00,2026-08-13 01:14:42.446000+00:00,2026-08-13,9,289.6879999637604,-1.45,1.45,False,True,,2026-08-13T01:08:54.478Z,,,-234.478,,2.607,0.29,,,,,,,,
btc-updown-5m-1786582800,btc-5m,2026-08-13 00:55:04.193000+00:00,2026-08-13 01:10:07.601000+00:00,2026-08-13,8,295.8069999217987,-1.2,1.2,False,True,2026-08-13T01:00:05.451Z,,,,-5.451,0.135,,0.29,,,,,,,,
btc-updown-5m-1786582500,btc-5m,2026-08-13 00:50:05.243000+00:00,2026-08-13 01:07:43.432000+00:00,2026-08-13,8,294.7569999694824,2.2,2.8,True,False,2026-08-13T00:55:25.403Z,2026-08-13T00:58:20.571Z,2026-08-13T00:58:20.571Z,-200.571,-25.403,0.003,0.229,0.29,,,,,,,,
btc-updown-15m-1786581900,btc-15m,2026-08-13 00:30:04.901000+00:00,2026-08-13 01:05:21.046000+00:00,2026-08-13,8,895.0989999771118,-1.55,1.55,False,True,,2026-08-13T00:47:34.044Z,,,-154.044,,0.014,0.31,,,,,,,,
btc-updown-5m-1786582200,btc-5m,2026-08-13 00:45:06.835000+00:00,2026-08-13 01:00:12.046000+00:00,2026-08-13,8,293.164999961853,-1.3,1.3,False,True,,2026-08-13T00:50:27.266Z,,,-27.266,,0.011,0.29,,,,,,,,
btc-updown-5m-1786581900,btc-5m,2026-08-13 00:40:04.448000+00:00,2026-08-13 00:54:25.096000+00:00,2026-08-13,8,295.55200004577637,2.3,2.7,True,False,2026-08-13T00:45:42.360Z,2026-08-13T00:47:10.000Z,2026-08-13T00:47:10.000Z,-130.0,-42.36,0.01,0.009,0.29,,,,,,,,
btc-updown-15m-1786581000,btc-15m,2026-08-13 00:15:07.652000+00:00,2026-08-13 00:49:43.883000+00:00,2026-08-13,8,892.3480000495911,-1.55,1.55,False,True,2026-08-13T00:31:18.918Z,,,,-78.918,0.034,,0.31,,,,,,,,
btc-updown-5m-1786581600,btc-5m,2026-08-13 00:35:07.151000+00:00,2026-08-13 00:49:24.820000+00:00,2026-08-13,8,292.8489999771118,-0.7,0.7,False,True,2026-08-13T00:41:44.088Z,,,,-104.088,0.005,,0.29,,,,,,,,
btc-updown-5m-1786581300,btc-5m,2026-08-13 00:30:07.064000+00:00,2026-08-13 00:44:42.206000+00:00,2026-08-13,8,292.9360001087189,-1.15,1.15,False,True,2026-08-13T00:37:54.844Z,,,,-174.844,0.052,,0.29,,,,,,,,
btc-updown-5m-1786581000,btc-5m,2026-08-13 00:25:04.150000+00:00,2026-08-13 00:42:21.789000+00:00,2026-08-13,8,295.84999990463257,-1.3,1.3,False,True,2026-08-13T00:31:08.292Z,,,,-68.292,0.01,,0.29,,,,,,,,
btc-updown-15m-1786580100,btc-15m,2026-08-13 00:00:07.869000+00:00,2026-08-13 00:38:05.372000+00:00,2026-08-13,8,892.1310000419617,2.25,2.75,True,False,2026-08-13T00:26:35.339Z,2026-08-13T00:16:40.846Z,2026-08-13T00:26:35.339Z,-695.339,-100.846,0.002,0.021,0.31,,,,,,,,
btc-updown-5m-1786580400,btc-5m,2026-08-13 00:15:05.727000+00:00,2026-08-13 00:33:50.624000+00:00,2026-08-13,8,294.27300000190735,-1.35,1.35,False,True,2026-08-13T00:20:30.131Z,,,,-30.131,0.013,,0.29,,,,,,,,
btc-updown-5m-1786580700,btc-5m,2026-08-13 00:20:06.363000+00:00,2026-08-13 00:33:28.667000+00:00,2026-08-13,8,293.63700008392334,2.6,2.4,True,False,2026-08-13T00:25:49.561Z,2026-08-13T00:29:11.162Z,2026-08-13T00:29:11.162Z,-251.162,-49.561,0.009,0.009,0.29,,,,,,,,
btc-updown-5m-1786580100,btc-5m,2026-08-13 00:10:04.665000+00:00,2026-08-13 00:28:51.272000+00:00,2026-08-13,8,295.335000038147,-1.35,1.35,False,True,,2026-08-13T00:16:12.866Z,,,-72.866,,0.016,0.29,,,,,,,,
btc-updown-5m-1786579800,btc-5m,2026-08-13 00:05:06.077000+00:00,2026-08-13 00:23:47.002000+00:00,2026-08-13,8,293.9230000972748,-1.3,1.3,False,True,,2026-08-13T00:14:02.710Z,,,-242.71,,0.023,0.29,,,,,,,,
btc-updown-15m-1786579200,btc-15m,2026-08-12 23:45:02.939000+00:00,2026-08-13 00:20:01.322000+00:00,2026-08-13,7,897.0610001087189,-1.1,1.1,False,True,,2026-08-13T00:05:28.346Z,,,-328.346,,0.912,0.31,,,,,,,,
btc-updown-5m-1786579500,btc-5m,2026-08-13 00:00:11.509000+00:00,2026-08-13 00:13:48.226000+00:00,2026-08-13,8,288.4909999370575,-0.6,0.6,False,True,,2026-08-13T00:05:27.477Z,,,-27.477,,0.012,0.29,,,,,,,,
btc-updown-5m-1786579200,btc-5m,2026-08-12 23:55:06.510000+00:00,2026-08-13 00:10:47.490000+00:00,2026-08-13,7,293.49000000953674,2.6,2.4,True,False,2026-08-13T00:04:22.778Z,2026-08-13T00:00:49.525Z,2026-08-13T00:04:22.778Z,-262.778,-49.525,0.009,0.003,0.29,,,,,,,,
btc-updown-15m-1786578300,btc-15m,2026-08-12 23:30:07.775000+00:00,2026-08-13 00:04:52.936000+00:00,2026-08-13,7,892.2249999046326,-1.1,1.1,False,True,,2026-08-12T23:51:04.213Z,,,-364.213,,0.008,0.31,,,,,,,,
btc-updown-5m-1786578900,btc-5m,2026-08-12 23:50:03.388000+00:00,2026-08-13 00:03:41.953000+00:00,2026-08-13,7,296.6119999885559,-1.1,1.1,False,True,,2026-08-12T23:58:20.796Z,,,-200.796,,0.006,0.29,,,,,,,,
btc-updown-5m-1786578600,btc-5m,2026-08-12 23:45:05.092000+00:00,2026-08-13 00:00:51.491000+00:00,2026-08-13,7,294.9079999923706,-1.05,1.05,False,True,,2026-08-12T23:51:05.960Z,,,-65.96,,0.003,0.29,,,,,,,,
btc-updown-15m-1786577400,btc-15m,2026-08-12 23:15:04.581000+00:00,2026-08-12 23:53:48.223000+00:00,2026-08-13,7,895.4189999103546,2.25,2.75,True,False,2026-08-12T23:43:07.636Z,2026-08-12T23:31:17.312Z,2026-08-12T23:43:07.636Z,-787.636,-77.312,0.006,0.013,0.31,,,,,,,,
btc-updown-5m-1786578300,btc-5m,2026-08-12 23:40:05.117000+00:00,2026-08-12 23:53:30.102000+00:00,2026-08-13,7,294.8829998970032,-1.4,1.4,False,True,,2026-08-12T23:45:29.086Z,,,-29.086,,0.007,0.29,,,,,,,,
btc-updown-5m-1786578000,btc-5m,2026-08-12 23:35:05.900000+00:00,2026-08-12 23:53:26.233000+00:00,2026-08-13,7,294.09999990463257,-1.45,1.45,False,True,2026-08-12T23:40:43.314Z,,,,-43.314,0.008,,0.29,,,,,,,,
btc-updown-5m-1786577700,btc-5m,2026-08-12 23:30:05.785000+00:00,2026-08-12 23:43:20.771000+00:00,2026-08-13,7,294.2149999141693,-1.25,1.25,False,True,,2026-08-12T23:35:38.267Z,,,-38.267,,0.008,0.29,,,,,,,,
btc-updown-5m-1786577400,btc-5m,2026-08-12 23:25:03.834000+00:00,2026-08-12 23:42:50.362000+00:00,2026-08-13,7,296.1659998893738,-1.4,1.4,False,True,,2026-08-12T23:31:07.735Z,,,-67.735,,0.01,0.29,,,,,,,,
btc-updown-15m-1786576500,btc-15m,2026-08-12 23:00:05.465000+00:00,2026-08-12 23:36:23.588000+00:00,2026-08-13,7,894.5350000858307,2.35,2.65,True,False,2026-08-12T23:24:09.497Z,2026-08-12T23:16:00.959Z,2026-08-12T23:24:09.497Z,-549.497,-60.959,0.007,0.021,0.31,,,,,,,,
btc-updown-5m-1786577100,btc-5m,2026-08-12 23:20:06.028000+00:00,2026-08-12 23:34:26.467000+00:00,2026-08-13,7,293.97199988365173,2.3,2.7,True,False,2026-08-12T23:27:17.734Z,2026-08-12T23:26:01.818Z,2026-08-12T23:27:17.734Z,-137.734,-61.818,0.003,0.013,0.29,,,,,,,,
btc-updown-5m-1786576800,btc-5m,2026-08-12 23:15:06.656000+00:00,2026-08-12 23:31:05.778000+00:00,2026-08-13,7,293.3440001010895,-1.35,1.35,False,True,2026-08-12T23:21:31.846Z,,,,-91.846,0.007,,0.29,,,,,,,,
btc-updown-5m-1786576500,btc-5m,2026-08-12 23:10:04.149000+00:00,2026-08-12 23:25:04.899000+00:00,2026-08-13,7,295.8510000705719,-1.4,1.4,False,True,,2026-08-12T23:15:33.328Z,,,-33.328,,0.838,0.29,,,,,,,,
btc-updown-5m-1786576200,btc-5m,2026-08-12 23:05:05.161000+00:00,2026-08-12 23:22:33.231000+00:00,2026-08-13,7,294.83899998664856,2.55,2.45,True,False,2026-08-12T23:12:14.261Z,2026-08-12T23:11:33.567Z,2026-08-12T23:12:14.261Z,-134.261,-93.567,0.003,2.878,0.29,,,,,,,,
btc-updown-15m-1786575600,btc-15m,2026-08-12 22:45:03.620000+00:00,2026-08-12 23:20:35.546000+00:00,2026-08-13,6,896.3800001144409,2.3,2.7,True,False,2026-08-12T23:02:32.996Z,2026-08-12T23:11:31.614Z,2026-08-12T23:11:31.614Z,-691.614,-152.996,0.002,0.925,0.31,,,,,,,,
btc-updown-5m-1786575900,btc-5m,2026-08-12 23:00:07.655000+00:00,2026-08-12 23:18:09.392000+00:00,2026-08-13,7,292.34500002861023,2.65,2.35,True,False,2026-08-12T23:06:12.578Z,2026-08-12T23:08:23.317Z,2026-08-12T23:08:23.317Z,-203.317,-72.578,0.008,0.027,0.29,,,,,,,,
btc-updown-5m-1786575600,btc-5m,2026-08-12 22:55:03.283000+00:00,2026-08-12 23:09:20.472000+00:00,2026-08-13,6,296.7170000076294,-1.3,1.3,False,True,2026-08-12T23:02:15.509Z,,,,-135.509,0.011,,0.29,,,,,,,,
btc-updown-5m-1786575300,btc-5m,2026-08-12 22:50:04.459000+00:00,2026-08-12 23:04:26.783000+00:00,2026-08-13,6,295.5409998893738,2.15,2.85,True,False,2026-08-12T22:56:10.315Z,2026-08-12T22:57:06.187Z,2026-08-12T22:57:06.187Z,-126.187,-70.315,0.021,0.011,0.29,,,,,,,,
btc-updown-15m-1786574700,btc-15m,2026-08-12 22:30:04.333000+00:00,2026-08-12 23:03:19.830000+00:00,2026-08-13,6,895.6670000553131,-1.5,1.5,False,True,,2026-08-12T22:50:55.032Z,,,-355.032,,0.015,0.31,,,,,,,,
btc-updown-5m-1786575000,btc-5m,2026-08-12 22:45:05.817000+00:00,2026-08-12 23:01:42.526000+00:00,2026-08-13,6,294.18300008773804,-1.45,1.45,False,True,,2026-08-12T22:51:42.648Z,,,-102.648,,0.002,0.29,,,,,,,,
btc-updown-5m-1786574700,btc-5m,2026-08-12 22:40:02.445000+00:00,2026-08-12 22:55:47.934000+00:00,2026-08-13,6,297.5550000667572,2.1,2.9,True,False,2026-08-12T22:48:01.340Z,2026-08-12T22:46:49.996Z,2026-08-12T22:48:01.340Z,-181.34,-109.996,0.011,0.005,0.29,,,,,,,,
btc-updown-5m-1786574400,btc-5m,2026-08-12 22:35:03.659000+00:00,2026-08-12 22:50:47.551000+00:00,2026-08-13,6,296.34100008010864,2.55,2.45,True,False,2026-08-12T22:42:42.896Z,2026-08-12T22:43:08.508Z,2026-08-12T22:43:08.508Z,-188.508,-162.896,0.017,0.016,0.29,,,,,,,,
btc-updown-15m-1786573800,btc-15m,2026-08-12 22:15:07.462000+00:00,2026-08-12 22:50:26.139000+00:00,2026-08-13,6,892.5380001068115,-1.2,1.2,False,True,2026-08-12T22:33:14.076Z,,,,-194.076,0.002,,0.31,,,,,,,,
btc-updown-5m-1786574100,btc-5m,2026-08-12 22:30:06.523000+00:00,2026-08-12 22:45:35.138000+00:00,2026-08-13,6,293.47699999809265,2.2,2.8,True,False,2026-08-12T22:35:45.818Z,2026-08-12T22:35:05.184Z,2026-08-12T22:35:45.818Z,-45.818,-5.184,0.002,0.06,0.29,,,,,,,,
btc-updown-5m-1786573800,btc-5m,2026-08-12 22:25:05.396000+00:00,2026-08-12 22:40:23.374000+00:00,2026-08-13,6,294.60400009155273,-1.2,1.2,False,True,2026-08-12T22:30:24.563Z,,,,-24.563,0.258,,0.29,,,,,,,,
btc-updown-5m-1786573500,btc-5m,2026-08-12 22:20:02.819000+00:00,2026-08-12 22:35:40.752000+00:00,2026-08-13,6,297.18099999427795,2.15,2.85,True,False,2026-08-12T22:26:34.786Z,2026-08-12T22:25:43.547Z,2026-08-12T22:26:34.786Z,-94.786,-43.547,0.008,0.004,0.29,,,,,,,,
btc-updown-15m-1786572900,btc-15m,2026-08-12 22:00:06.165000+00:00,2026-08-12 22:35:19.941000+00:00,2026-08-13,6,893.835000038147,2.25,2.75,True,False,2026-08-12T22:26:42.693Z,2026-08-12T22:17:10.719Z,2026-08-12T22:26:42.693Z,-702.693,-130.719,0.028,0.02,0.31,,,,,,,,
btc-updown-5m-1786573200,btc-5m,2026-08-12 22:15:06.038000+00:00,2026-08-12 22:30:24.059000+00:00,2026-08-13,6,293.9619998931885,2.3,2.7,True,False,2026-08-12T22:22:17.578Z,2026-08-12T22:21:13.773Z,2026-08-12T22:22:17.578Z,-137.578,-73.773,0.025,0.016,0.29,,,,,,,,
btc-updown-5m-1786572900,btc-5m,2026-08-12 22:10:04.307000+00:00,2026-08-12 22:25:16.277000+00:00,2026-08-13,6,295.6930000782013,-1.2,1.2,False,True,,2026-08-12T22:17:05.912Z,,,-125.912,,0.019,0.29,,,,,,,,
btc-updown-5m-1786572600,btc-5m,2026-08-12 22:05:05.574000+00:00,2026-08-12 22:21:46.222000+00:00,2026-08-13,6,294.4260001182556,-1.0,1.0,False,True,,2026-08-12T22:10:56.880Z,,,-56.88,,0.023,0.29,,,,,,,,
btc-updown-15m-1786572000,btc-15m,2026-08-12 21:45:09.302000+00:00,2026-08-12 22:19:58.256000+00:00,2026-08-13,5,890.6979999542236,2.05,2.95,True,False,2026-08-12T22:01:30.298Z,2026-08-12T22:03:45.552Z,2026-08-12T22:03:45.552Z,-225.552,-90.298,0.839,0.004,0.31,,,,,,,,
btc-updown-5m-1786572300,btc-5m,2026-08-12 22:00:04.153000+00:00,2026-08-12 22:16:44.035000+00:00,2026-08-13,6,295.84699988365173,3.5,1.5,True,False,2026-08-12T22:09:18.692Z,2026-08-12T22:06:32.331Z,2026-08-12T22:09:18.692Z,-258.692,-92.331,0.015,0.054,0.29,,,,,,,,
btc-updown-5m-1786572000,btc-5m,2026-08-12 21:55:06.774000+00:00,2026-08-12 22:11:44.689000+00:00,2026-08-13,5,293.2260000705719,2.85,2.15,True,False,2026-08-12T22:01:29.477Z,2026-08-12T22:02:34.954Z,2026-08-12T22:02:34.954Z,-154.954,-89.477,0.016,0.008,0.29,,,,,,,,
btc-updown-15m-1786571100,btc-15m,2026-08-12 21:30:09.337000+00:00,2026-08-12 22:05:04.257000+00:00,2026-08-13,5,890.6630001068115,3.4,1.6,True,False,2026-08-12T21:58:53.957Z,2026-08-12T21:48:08.684Z,2026-08-12T21:58:53.957Z,-833.957,-188.684,0.013,0.013,0.31,,,,,,,,
btc-updown-5m-1786571700,btc-5m,2026-08-12 21:50:04.528000+00:00,2026-08-12 22:05:00.926000+00:00,2026-08-13,5,295.47199988365173,-1.05,1.05,False,True,2026-08-12T21:55:08.374Z,,,,-8.374,0.015,,0.29,,,,,,,,
btc-updown-5m-1786571400,btc-5m,2026-08-12 21:45:07.271000+00:00,2026-08-12 22:00:07.868000+00:00,2026-08-13,5,292.72900009155273,-1.0,1.0,False,True,,2026-08-12T21:53:22.941Z,,,-202.941,,1.161,0.29,,,,,,,,
btc-updown-5m-1786571100,btc-5m,2026-08-12 21:40:04.997000+00:00,2026-08-12 21:58:35.800000+00:00,2026-08-13,5,295.00300002098083,-1.35,1.35,False,True,,2026-08-12T21:46:00.795Z,,,-60.795,,0.007,0.29,,,,,,,,
btc-updown-15m-1786570200,btc-15m,2026-08-12 21:15:07.430000+00:00,2026-08-12 21:52:02.601000+00:00,2026-08-13,5,892.5699999332428,2.2,2.8,True,False,2026-08-12T21:30:23.153Z,2026-08-12T21:38:51.366Z,2026-08-12T21:38:51.366Z,-531.366,-23.153,0.015,0.013,0.31,,,,,,,,
btc-updown-5m-1786570800,btc-5m,2026-08-12 21:35:04.011000+00:00,2026-08-12 21:50:57.509000+00:00,2026-08-13,5,295.989000082016,-1.3,1.3,False,True,,2026-08-12T21:41:38.877Z,,,-98.877,,0.002,0.29,,,,,,,,
btc-updown-5m-1786570500,btc-5m,2026-08-12 21:30:07.274000+00:00,2026-08-12 21:45:52.466000+00:00,2026-08-13,5,292.7260000705719,2.35,2.65,True,False,2026-08-12T21:35:30.777Z,2026-08-12T21:38:29.794Z,2026-08-12T21:38:29.794Z,-209.794,-30.777,0.003,0.016,0.29,,,,,,,,
btc-updown-15m-1786569300,btc-15m,2026-08-12 21:00:06.784000+00:00,2026-08-12 21:39:01.019000+00:00,2026-08-13,5,893.2160000801086,-1.55,1.55,False,True,2026-08-12T21:22:00.509Z,,,,-420.509,0.023,,0.31,,,,,,,,
btc-updown-5m-1786570200,btc-5m,2026-08-12 21:25:05.807000+00:00,2026-08-12 21:38:53.559000+00:00,2026-08-13,5,294.1930000782013,-1.2,1.2,False,True,2026-08-12T21:30:14.169Z,,,,-14.169,0.018,,0.29,,,,,,,,
btc-updown-5m-1786569900,btc-5m,2026-08-12 21:20:06.699000+00:00,2026-08-12 21:33:54.066000+00:00,2026-08-13,5,293.3010001182556,-1.45,1.45,False,True,2026-08-12T21:25:25.375Z,,,,-25.375,0.002,,0.29,,,,,,,,
btc-updown-5m-1786569600,btc-5m,2026-08-12 21:15:09.594000+00:00,2026-08-12 21:30:21.222000+00:00,2026-08-13,5,290.4059998989105,-0.95,0.95,False,True,2026-08-12T21:23:56.189Z,,,,-236.189,0.003,,0.29,,,,,,,,
btc-updown-5m-1786569000,btc-5m,2026-08-12 21:05:05.889000+00:00,2026-08-12 21:23:54.199000+00:00,2026-08-13,5,294.11100006103516,-1.35,1.35,False,True,,2026-08-12T21:10:25.660Z,,,-25.66,,0.002,0.29,,,,,,,,
btc-updown-5m-1786569300,btc-5m,2026-08-12 21:10:03.638000+00:00,2026-08-12 21:23:53.750000+00:00,2026-08-13,5,296.3619999885559,-1.35,1.35,False,True,2026-08-12T21:16:51.701Z,,,,-111.701,0.012,,0.29,,,,,,,,
btc-updown-15m-1786568400,btc-15m,2026-08-12 20:45:05.666000+00:00,2026-08-12 21:22:28.810000+00:00,2026-08-13,4,894.3340001106262,2.35,2.65,True,False,2026-08-12T21:06:01.798Z,2026-08-12T21:01:04.367Z,2026-08-12T21:06:01.798Z,-361.798,-64.367,0.006,0.014,0.31,,,,,,,,
btc-updown-5m-1786568700,btc-5m,2026-08-12 21:00:09.250000+00:00,2026-08-12 21:17:11.151000+00:00,2026-08-13,5,290.75,-1.45,1.45,False,True,2026-08-12T21:05:56.565Z,,,,-56.565,0.004,,0.29,,,,,,,,
btc-updown-5m-1786568400,btc-5m,2026-08-12 20:55:04.165000+00:00,2026-08-12 21:10:11.055000+00:00,2026-08-13,4,295.835000038147,2.15,2.85,True,False,2026-08-12T21:04:26.503Z,2026-08-12T21:00:27.221Z,2026-08-12T21:04:26.503Z,-266.503,-27.221,0.005,0.014,0.29,,,,,,,,
btc-updown-15m-1786567500,btc-15m,2026-08-12 20:30:07.688000+00:00,2026-08-12 21:07:37.652000+00:00,2026-08-13,4,892.3120000362396,2.5,2.5,True,False,2026-08-12T20:49:52.158Z,2026-08-12T20:57:01.820Z,2026-08-12T20:57:01.820Z,-721.82,-292.158,0.023,0.002,0.31,,,,,,,,
btc-updown-5m-1786568100,btc-5m,2026-08-12 20:50:03.914000+00:00,2026-08-12 21:05:09.832000+00:00,2026-08-13,4,296.0859999656677,-1.1,1.1,False,True,,2026-08-12T20:56:21.937Z,,,-81.937,,0.01,0.29,,,,,,,,
btc-updown-5m-1786567800,btc-5m,2026-08-12 20:45:07.912000+00:00,2026-08-12 20:58:08.637000+00:00,2026-08-13,4,292.0880000591278,2.45,2.55,True,False,2026-08-12T20:53:18.174Z,2026-08-12T20:53:27.241Z,2026-08-12T20:53:27.241Z,-207.241,-198.174,0.017,0.013,0.29,,,,,,,,
btc-updown-5m-1786567500,btc-5m,2026-08-12 20:40:04.514000+00:00,2026-08-12 20:55:05.548000+00:00,2026-08-13,4,295.48600006103516,2.15,2.85,True,False,2026-08-12T20:47:12.061Z,2026-08-12T20:46:20.717Z,2026-08-12T20:47:12.061Z,-132.061,-80.717,0.012,0.013,0.29,,,,,,,,
btc-updown-5m-1786567200,btc-5m,2026-08-12 20:35:03.349000+00:00,2026-08-12 20:52:18.258000+00:00,2026-08-13,4,296.6510000228882,2.2,2.8,True,False,2026-08-12T20:40:26.281Z,2026-08-12T20:42:42.805Z,2026-08-12T20:42:42.805Z,-162.805,-26.281,0.895,0.002,0.29,,,,,,,,
btc-updown-15m-1786566600,btc-15m,2026-08-12 20:15:07.811000+00:00,2026-08-12 20:48:58.344000+00:00,2026-08-13,4,892.1889998912811,-1.55,1.55,False,True,,2026-08-12T20:34:09.843Z,,,-249.843,,0.006,0.31,,,,,,,,
btc-updown-5m-1786566900,btc-5m,2026-08-12 20:30:05.739000+00:00,2026-08-12 20:46:53.358000+00:00,2026-08-13,4,294.260999917984,-1.45,1.45,False,True,,2026-08-12T20:35:34.923Z,,,-34.923,,0.006,0.29,,,,,,,,
btc-updown-5m-1786566600,btc-5m,2026-08-12 20:25:02.880000+00:00,2026-08-12 20:38:08.442000+00:00,2026-08-13,4,297.1199998855591,-1.4,1.4,False,True,,2026-08-12T20:31:05.766Z,,,-65.766,,0.008,0.29,,,,,,,,
btc-updown-5m-1786566300,btc-5m,2026-08-12 20:20:05.706000+00:00,2026-08-12 20:37:26.699000+00:00,2026-08-13,4,294.2939999103546,-1.25,1.25,False,True,,2026-08-12T20:26:19.249Z,,,-79.249,,0.003,0.29,,,,,,,,
btc-updown-15m-1786565700,btc-15m,2026-08-12 20:00:08.211000+00:00,2026-08-12 20:36:32.588000+00:00,2026-08-13,4,891.7890000343323,2.05,2.95,True,False,2026-08-12T20:16:12.124Z,2026-08-12T20:19:58.317Z,2026-08-12T20:19:58.317Z,-298.317,-72.124,0.002,1.159,0.31,,,,,,,,
btc-updown-5m-1786566000,btc-5m,2026-08-12 20:15:10.067000+00:00,2026-08-12 20:29:09.748000+00:00,2026-08-13,4,289.93300008773804,3.25,1.75,True,False,2026-08-12T20:22:44.504Z,2026-08-12T20:23:54.191Z,2026-08-12T20:23:54.191Z,-234.191,-164.504,0.014,0.003,0.29,,,,,,,,
btc-updown-5m-1786565700,btc-5m,2026-08-12 20:10:05.977000+00:00,2026-08-12 20:27:26.855000+00:00,2026-08-13,4,294.02300000190735,2.25,2.75,True,False,2026-08-12T20:15:34.503Z,2026-08-12T20:19:17.378Z,2026-08-12T20:19:17.378Z,-257.378,-34.503,0.004,0.026,0.29,,,,,,,,
btc-updown-15m-1786564800,btc-15m,2026-08-12 19:45:06.851000+00:00,2026-08-12 20:23:30.622000+00:00,2026-08-13,3,893.1489999294281,-1.55,1.55,False,True,,2026-08-12T20:00:34.616Z,,,-34.616,,0.018,0.31,,,,,,,,
btc-updown-5m-1786565400,btc-5m,2026-08-12 20:05:03.771000+00:00,2026-08-12 20:22:27.481000+00:00,2026-08-13,4,296.22900009155273,-1.45,1.45,False,True,,2026-08-12T20:11:04.179Z,,,-64.179,,0.007,0.29,,,,,,,,
btc-updown-5m-1786565100,btc-5m,2026-08-12 20:00:06.226000+00:00,2026-08-12 20:17:58.134000+00:00,2026-08-13,4,293.7739999294281,-1.2,1.2,False,True,2026-08-12T20:06:22.363Z,,,,-82.363,0.005,,0.29,,,,,,,,
btc-updown-5m-1786564800,btc-5m,2026-08-12 19:55:07.286000+00:00,2026-08-12 20:13:39.846000+00:00,2026-08-13,3,292.71399998664856,-1.4,1.4,False,True,,2026-08-12T20:00:25.484Z,,,-25.484,,0.005,0.29,,,,,,,,
btc-updown-15m-1786563900,btc-15m,2026-08-12 19:30:02.333000+00:00,2026-08-12 20:08:21.687000+00:00,2026-08-13,3,897.6670000553131,2.45,2.55,True,False,2026-08-12T19:50:43.312Z,2026-08-12T19:54:00.939Z,2026-08-12T19:54:00.939Z,-540.939,-343.312,0.014,0.008,0.31,,,,,,,,
btc-updown-5m-1786564500,btc-5m,2026-08-12 19:50:05.843000+00:00,2026-08-12 20:07:54.928000+00:00,2026-08-13,3,294.15700006484985,-0.8,0.8,False,True,,2026-08-12T19:57:28.830Z,,,-148.83,,0.01,0.29,,,,,,,,
btc-updown-5m-1786564200,btc-5m,2026-08-12 19:45:04.668000+00:00,2026-08-12 20:03:09.845000+00:00,2026-08-13,3,295.33200001716614,2.9,2.1,True,False,2026-08-12T19:50:21.001Z,2026-08-12T19:54:05.086Z,2026-08-12T19:54:05.086Z,-245.086,-21.001,0.022,0.019,0.29,,,,,,,,
btc-updown-5m-1786563900,btc-5m,2026-08-12 19:40:02.799000+00:00,2026-08-12 19:57:32.269000+00:00,2026-08-13,3,297.20099997520447,2.9,2.1,True,False,2026-08-12T19:45:12.183Z,2026-08-12T19:47:56.864Z,2026-08-12T19:47:56.864Z,-176.864,-12.183,0.004,0.002,0.29,,,,,,,,
btc-updown-15m-1786563000,btc-15m,2026-08-12 19:15:05.922000+00:00,2026-08-12 19:53:15.255000+00:00,2026-08-13,3,894.0780000686646,2.05,2.95,True,False,2026-08-12T19:38:55.246Z,2026-08-12T19:38:24.241Z,2026-08-12T19:38:55.246Z,-535.246,-504.241,0.021,0.012,0.31,,,,,,,,
btc-updown-5m-1786563600,btc-5m,2026-08-12 19:35:03.977000+00:00,2026-08-12 19:51:59.454000+00:00,2026-08-13,3,296.02300000190735,2.4,2.6,True,False,2026-08-12T19:44:33.010Z,2026-08-12T19:40:31.908Z,2026-08-12T19:44:33.010Z,-273.01,-31.908,0.018,0.034,0.29,,,,,,,,
btc-updown-5m-1786563300,btc-5m,2026-08-12 19:30:04.274000+00:00,2026-08-12 19:46:58.658000+00:00,2026-08-13,3,295.7260000705719,3.1,1.9,True,False,2026-08-12T19:38:49.983Z,2026-08-12T19:37:04.516Z,2026-08-12T19:38:49.983Z,-229.983,-124.516,0.008,0.002,0.29,,,,,,,,
btc-updown-5m-1786563000,btc-5m,2026-08-12 19:25:07.797000+00:00,2026-08-12 19:38:43.982000+00:00,2026-08-13,3,292.20300006866455,2.3,2.7,True,False,2026-08-12T19:33:28.138Z,2026-08-12T19:31:49.577Z,2026-08-12T19:33:28.138Z,-208.138,-109.577,0.017,0.015,0.29,,,,,,,,
btc-updown-15m-1786562100,btc-15m,2026-08-12 19:00:06.787000+00:00,2026-08-12 19:38:07.321000+00:00,2026-08-13,3,893.2130000591278,2.0,3.0,True,False,2026-08-12T19:24:50.847Z,2026-08-12T19:17:12.092Z,2026-08-12T19:24:50.847Z,-590.847,-132.092,0.002,0.222,0.31,,,,,,,,
btc-updown-5m-1786562700,btc-5m,2026-08-12 19:20:06.360000+00:00,2026-08-12 19:36:54.079000+00:00,2026-08-13,3,293.6400001049042,2.65,2.35,True,False,2026-08-12T19:25:15.544Z,2026-08-12T19:27:24.082Z,2026-08-12T19:27:24.082Z,-144.082,-15.544,0.011,0.005,0.29,,,,,,,,
btc-updown-5m-1786562400,btc-5m,2026-08-12 19:15:08.866000+00:00,2026-08-12 19:28:57.905000+00:00,2026-08-13,3,291.1340000629425,-1.45,1.45,False,True,2026-08-12T19:20:24.611Z,,,,-24.611,0.005,,0.29,,,,,,,,
btc-updown-5m-1786562100,btc-5m,2026-08-12 19:10:05.258000+00:00,2026-08-12 19:28:08.562000+00:00,2026-08-13,3,294.7420001029968,-0.95,0.95,False,True,,2026-08-12T19:16:48.599Z,,,-108.599,,0.036,0.29,,,,,,,,
btc-updown-5m-1786561800,btc-5m,2026-08-12 19:05:07.052000+00:00,2026-08-12 19:23:01.576000+00:00,2026-08-13,3,292.94799995422363,2.25,2.75,True,False,2026-08-12T19:12:35.139Z,2026-08-12T19:10:45.747Z,2026-08-12T19:12:35.139Z,-155.139,-45.747,0.025,0.017,0.29,,,,,,,,
btc-updown-15m-1786561200,btc-15m,2026-08-12 18:45:07.116000+00:00,2026-08-12 19:20:27.722000+00:00,2026-08-13,2,892.8840000629425,-1.4,1.4,False,True,,2026-08-12T19:04:26.975Z,,,-266.975,,0.017,0.31,,,,,,,,
btc-updown-5m-1786561500,btc-5m,2026-08-12 19:00:09.155000+00:00,2026-08-12 19:19:10.401000+00:00,2026-08-13,3,290.84500002861023,-1.25,1.25,False,True,,2026-08-12T19:07:58.372Z,,,-178.372,,0.021,0.29,,,,,,,,
btc-updown-5m-1786561200,btc-5m,2026-08-12 18:55:06.628000+00:00,2026-08-12 19:14:07.905000+00:00,2026-08-13,2,293.37199997901917,-1.25,1.25,False,True,,2026-08-12T19:00:40.189Z,,,-40.189,,0.011,0.29,,,,,,,,
btc-updown-15m-1786560300,btc-15m,2026-08-12 18:30:05.442000+00:00,2026-08-12 19:07:43.613000+00:00,2026-08-13,2,894.558000087738,-1.55,1.55,False,True,2026-08-12T18:50:08.287Z,,,,-308.287,0.028,,0.31,,,,,,,,
btc-updown-5m-1786560900,btc-5m,2026-08-12 18:50:03.461000+00:00,2026-08-12 19:04:04.191000+00:00,2026-08-13,2,296.5390000343323,-1.35,1.35,False,True,,2026-08-12T18:55:52.349Z,,,-52.349,,0.002,0.29,,,,,,,,
btc-updown-5m-1786560600,btc-5m,2026-08-12 18:45:08.983000+00:00,2026-08-12 19:01:10.767000+00:00,2026-08-13,2,291.0169999599457,-1.4,1.4,False,True,2026-08-12T18:51:10.219Z,,,,-70.219,0.003,,0.29,,,,,,,,
btc-updown-5m-1786560300,btc-5m,2026-08-12 18:40:04.181000+00:00,2026-08-12 18:57:39.884000+00:00,2026-08-13,2,295.81900000572205,-1.3,1.3,False,True,2026-08-12T18:46:58.658Z,,,,-118.658,0.031,,0.29,,,,,,,,
btc-updown-15m-1786559400,btc-15m,2026-08-12 18:15:04.047000+00:00,2026-08-12 18:53:51.642000+00:00,2026-08-13,2,895.9530000686646,3.0,2.0,True,False,2026-08-12T18:43:33.764Z,2026-08-12T18:30:55.515Z,2026-08-12T18:43:33.764Z,-813.764,-55.515,0.002,0.011,0.31,,,,,,,,
btc-updown-5m-1786560000,btc-5m,2026-08-12 18:35:06.457000+00:00,2026-08-12 18:48:47.162000+00:00,2026-08-13,2,293.54299998283386,-1.25,1.25,False,True,2026-08-12T18:43:20.577Z,,,,-200.577,0.002,,0.29,,,,,,,,
btc-updown-5m-1786559700,btc-5m,2026-08-12 18:30:07.834000+00:00,2026-08-12 18:47:28.138000+00:00,2026-08-13,2,292.1659998893738,-1.45,1.45,False,True,2026-08-12T18:36:16.749Z,,,,-76.749,0.003,,0.29,,,,,,,,
btc-updown-5m-1786559400,btc-5m,2026-08-12 18:25:02.961000+00:00,2026-08-12 18:40:49.130000+00:00,2026-08-13,2,297.0390000343323,2.7,2.3,True,False,2026-08-12T18:30:25.812Z,2026-08-12T18:30:53.523Z,2026-08-12T18:30:53.523Z,-53.523,-25.812,0.005,0.004,0.29,,,,,,,,
btc-updown-5m-1786559100,btc-5m,2026-08-12 18:20:05.132000+00:00,2026-08-12 18:35:43.693000+00:00,2026-08-13,2,294.8680000305176,-1.15,1.15,False,True,,2026-08-12T18:26:24.349Z,,,-84.349,,0.016,0.29,,,,,,,,
btc-updown-15m-1786558500,btc-15m,2026-08-12 18:00:04.031000+00:00,2026-08-12 18:33:23.786000+00:00,2026-08-13,2,895.9690001010895,-1.55,1.55,False,True,2026-08-12T18:16:31.618Z,,,,-91.618,0.006,,0.31,,,,,,,,
btc-updown-5m-1786558800,btc-5m,2026-08-12 18:15:06.240000+00:00,2026-08-12 18:31:54.792000+00:00,2026-08-13,2,293.75999999046326,2.25,2.75,True,False,2026-08-12T18:20:52.562Z,2026-08-12T18:23:14.183Z,2026-08-12T18:23:14.183Z,-194.183,-52.562,0.005,0.016,0.29,,,,,,,,
btc-updown-5m-1786558500,btc-5m,2026-08-12 18:10:04.675000+00:00,2026-08-12 18:25:42.183000+00:00,2026-08-13,2,295.3250000476837,-1.15,1.15,False,True,2026-08-12T18:15:24.112Z,,,,-24.112,0.002,,0.29,,,,,,,,
btc-updown-5m-1786558200,btc-5m,2026-08-12 18:05:03.929000+00:00,2026-08-12 18:20:46.132000+00:00,2026-08-13,2,296.07100009918213,2.45,2.55,True,False,2026-08-12T18:10:22.256Z,2026-08-12T18:11:42.903Z,2026-08-12T18:11:42.903Z,-102.903,-22.256,0.017,0.002,0.29,,,,,,,,
btc-updown-15m-1786557600,btc-15m,2026-08-12 17:45:05.720000+00:00,2026-08-12 18:20:36.285000+00:00,2026-08-13,1,894.2799999713898,2.2,2.8,True,False,2026-08-12T18:02:07.756Z,2026-08-12T18:11:51.592Z,2026-08-12T18:11:51.592Z,-711.592,-127.756,0.034,0.007,0.31,,,,,,,,
btc-updown-5m-1786557900,btc-5m,2026-08-12 18:00:05.800000+00:00,2026-08-12 18:15:07.999000+00:00,2026-08-13,2,294.2000000476837,-1.3,1.3,False,True,2026-08-12T18:07:22.598Z,,,,-142.598,0.247,,0.29,,,,,,,,
btc-updown-5m-1786557600,btc-5m,2026-08-12 17:55:05.173000+00:00,2026-08-12 18:09:28.221000+00:00,2026-08-13,1,294.8269999027252,3.3,1.7,True,False,2026-08-12T18:02:05.248Z,2026-08-12T18:04:41.776Z,2026-08-12T18:04:41.776Z,-281.776,-125.248,0.013,0.005,0.29,,,,,,,,
btc-updown-15m-1786556700,btc-15m,2026-08-12 17:30:04.833000+00:00,2026-08-12 18:07:56.284000+00:00,2026-08-13,1,895.1670000553131,2.0,3.0,True,False,2026-08-12T17:48:53.993Z,2026-08-12T17:50:03.884Z,2026-08-12T17:50:03.884Z,-303.884,-233.993,0.007,0.003,0.31,,,,,,,,
btc-updown-5m-1786557300,btc-5m,2026-08-12 17:50:07.083000+00:00,2026-08-12 18:04:28.734000+00:00,2026-08-13,1,292.9170000553131,-1.15,1.15,False,True,2026-08-12T17:58:03.733Z,,,,-183.733,0.015,,0.29,,,,,,,,
btc-updown-5m-1786557000,btc-5m,2026-08-12 17:45:03.676000+00:00,2026-08-12 17:59:55.085000+00:00,2026-08-13,1,296.3239998817444,-1.1,1.1,False,True,,2026-08-12T17:50:08.180Z,,,-8.18,,0.009,0.29,,,,,,,,
btc-updown-5m-1786556700,btc-5m,2026-08-12 17:40:04.873000+00:00,2026-08-12 17:55:11.031000+00:00,2026-08-13,1,295.1270000934601,2.45,2.55,True,False,2026-08-12T17:45:43.539Z,2026-08-12T17:49:39.028Z,2026-08-12T17:49:39.028Z,-279.028,-43.539,0.006,0.013,0.29,,,,,,,,
btc-updown-15m-1786555800,btc-15m,2026-08-12 17:15:05.987000+00:00,2026-08-12 17:51:19.209000+00:00,2026-08-13,1,894.0130000114441,-1.4,1.4,False,True,,2026-08-12T17:34:02.935Z,,,-242.935,,0.025,0.31,,,,,,,,
btc-updown-5m-1786556400,btc-5m,2026-08-12 17:35:05.922000+00:00,2026-08-12 17:50:11.110000+00:00,2026-08-13,1,294.07800006866455,2.3,2.7,True,False,2026-08-12T17:44:43.252Z,2026-08-12T17:41:12.027Z,2026-08-12T17:44:43.252Z,-283.252,-72.027,0.014,0.003,0.29,,,,,,,,
btc-updown-5m-1786556100,btc-5m,2026-08-12 17:30:02.375000+00:00,2026-08-12 17:45:09.407000+00:00,2026-08-13,1,297.625,2.95,2.05,True,False,2026-08-12T17:39:49.884Z,2026-08-12T17:36:28.249Z,2026-08-12T17:39:49.884Z,-289.884,-88.249,0.01,0.004,0.29,,,,,,,,
btc-updown-5m-1786555800,btc-5m,2026-08-12 17:25:04.600000+00:00,2026-08-12 17:40:08.325000+00:00,2026-08-13,1,295.40000009536743,2.45,2.55,True,False,2026-08-12T17:30:50.952Z,2026-08-12T17:32:17.863Z,2026-08-12T17:32:17.863Z,-137.863,-50.952,0.002,0.011,0.29,,,,,,,,
btc-updown-5m-1786555500,btc-5m,2026-08-12 17:20:03.546000+00:00,2026-08-12 17:38:00.446000+00:00,2026-08-13,1,296.4539999961853,2.15,2.85,True,False,2026-08-12T17:27:33.301Z,2026-08-12T17:26:49.770Z,2026-08-12T17:27:33.301Z,-153.301,-109.77,0.011,0.015,0.29,,,,,,,,
btc-updown-15m-1786554900,btc-15m,2026-08-12 17:00:07.781000+00:00,2026-08-12 17:36:03.124000+00:00,2026-08-13,1,892.2190001010895,2.05,2.95,True,False,2026-08-12T17:20:34.315Z,2026-08-12T17:18:46.759Z,2026-08-12T17:20:34.315Z,-334.315,-226.759,0.002,0.014,0.31,,,,,,,,
btc-updown-5m-1786555200,btc-5m,2026-08-12 17:15:08.055000+00:00,2026-08-12 17:30:57.825000+00:00,2026-08-13,1,291.9449999332428,-1.25,1.25,False,True,2026-08-12T17:20:33.313Z,,,,-33.313,0.003,,0.29,,,,,,,,
btc-updown-5m-1786554900,btc-5m,2026-08-12 17:10:05.233000+00:00,2026-08-12 17:25:45.123000+00:00,2026-08-13,1,294.7669999599457,2.5,2.5,True,False,2026-08-12T17:17:05.904Z,2026-08-12T17:17:30.855Z,2026-08-12T17:17:30.855Z,-150.855,-125.904,0.011,0.004,0.29,,,,,,,,
btc-updown-5m-1786554600,btc-5m,2026-08-12 17:05:06.689000+00:00,2026-08-12 17:21:44.790000+00:00,2026-08-13,1,293.3110001087189,2.65,2.35,True,False,2026-08-12T17:10:13.544Z,2026-08-12T17:13:50.025Z,2026-08-12T17:13:50.025Z,-230.025,-13.544,0.005,1.182,0.29,,,,,,,,
btc-updown-15m-1786554000,btc-15m,2026-08-12 16:45:08.104000+00:00,2026-08-12 17:20:54.086000+00:00,2026-08-13,0,891.8959999084473,2.2,2.8,True,False,2026-08-12T17:10:15.475Z,2026-08-12T17:03:14.706Z,2026-08-12T17:10:15.475Z,-615.475,-194.706,0.004,0.043,0.31,,,,,,,,
btc-updown-5m-1786554000,btc-5m,2026-08-12 16:55:06.127000+00:00,2026-08-12 17:12:51.560000+00:00,2026-08-13,0,293.8729999065399,-1.45,1.45,False,True,,2026-08-12T17:02:46.109Z,,,-166.109,,0.007,0.29,,,,,,,,
btc-updown-5m-1786554300,btc-5m,2026-08-12 17:00:09.717000+00:00,2026-08-12 17:12:51.263000+00:00,2026-08-13,1,290.2829999923706,2.15,2.85,True,False,2026-08-12T17:08:03.790Z,2026-08-12T17:07:45.277Z,2026-08-12T17:08:03.790Z,-183.79,-165.277,0.004,0.005,0.29,,,,,,,,
btc-updown-15m-1786553100,btc-15m,2026-08-12 16:30:04.804000+00:00,2026-08-12 17:08:00.599000+00:00,2026-08-13,0,895.1960000991821,-1.25,1.25,False,True,2026-08-12T16:45:35.454Z,,,,-35.454,0.799,,0.31,,,,,,,,
btc-updown-5m-1786553700,btc-5m,2026-08-12 16:50:04.973000+00:00,2026-08-12 17:04:36.772000+00:00,2026-08-13,0,295.02699995040894,-1.45,1.45,False,True,,2026-08-12T16:55:24.552Z,,,-24.552,,0.031,0.29,,,,,,,,
btc-updown-5m-1786553400,btc-5m,2026-08-12 16:45:06.073000+00:00,2026-08-12 16:59:47.159000+00:00,2026-08-13,0,293.92700004577637,-1.45,1.45,False,True,,2026-08-12T16:50:57.821Z,,,-57.821,,0.003,0.29,,,,,,,,
btc-updown-5m-1786553100,btc-5m,2026-08-12 16:40:03.274000+00:00,2026-08-12 16:55:07.530000+00:00,2026-08-13,0,296.7260000705719,-0.9,0.9,False,True,2026-08-12T16:45:34.676Z,,,,-34.676,0.03,,0.29,,,,,,,,
btc-updown-15m-1786552200,btc-15m,2026-08-12 16:15:07.946000+00:00,2026-08-12 16:53:18.755000+00:00,2026-08-13,0,892.0539999008179,-1.45,1.45,False,True,2026-08-12T16:36:44.645Z,,,,-404.645,0.014,,0.31,,,,,,,,
btc-updown-5m-1786552800,btc-5m,2026-08-12 16:35:03.574000+00:00,2026-08-12 16:50:28.553000+00:00,2026-08-13,0,296.4260001182556,2.2,2.8,True,False,2026-08-12T16:41:16.979Z,2026-08-12T16:43:05.215Z,2026-08-12T16:43:05.215Z,-185.215,-76.979,0.015,0.009,0.29,,,,,,,,
btc-updown-5m-1786552500,btc-5m,2026-08-12 16:30:06.894000+00:00,2026-08-12 16:43:55.069000+00:00,2026-08-13,0,293.10599994659424,-1.4,1.4,False,True,2026-08-12T16:36:05.425Z,,,,-65.425,0.007,,0.29,,,,,,,,
btc-updown-5m-1786552200,btc-5m,2026-08-12 16:25:04.954000+00:00,2026-08-12 16:39:11.960000+00:00,2026-08-13,0,295.0460000038147,2.25,2.75,True,False,2026-08-12T16:32:19.873Z,2026-08-12T16:34:23.924Z,2026-08-12T16:34:23.924Z,-263.924,-139.873,0.011,0.006,0.29,,,,,,,,
btc-updown-5m-1786551900,btc-5m,2026-08-12 16:20:06.238000+00:00,2026-08-12 16:38:19.701000+00:00,2026-08-13,0,293.76200008392334,-1.15,1.15,False,True,,2026-08-12T16:28:09.244Z,,,-189.244,,0.015,0.29,,,,,,,,
btc-updown-15m-1786551300,btc-15m,2026-08-12 16:00:07.772000+00:00,2026-08-12 16:33:21.312000+00:00,2026-08-13,0,892.2279999256134,-1.4,1.4,False,True,,2026-08-12T16:17:49.304Z,,,-169.304,,0.003,0.31,,,,,,,,
btc-updown-5m-1786551600,btc-5m,2026-08-12 16:15:05.804000+00:00,2026-08-12 16:31:04.369000+00:00,2026-08-13,0,294.19600009918213,2.55,2.45,True,False,2026-08-12T16:21:58.584Z,2026-08-12T16:23:46.640Z,2026-08-12T16:23:46.640Z,-226.64,-118.584,0.002,0.009,0.29,,,,,,,,
btc-updown-5m-1786551300,btc-5m,2026-08-12 16:10:05.386000+00:00,2026-08-12 16:25:06.258000+00:00,2026-08-13,0,294.614000082016,-1.3,1.3,False,True,,2026-08-12T16:16:02.873Z,,,-62.873,,0.013,0.29,,,,,,,,
btc-updown-5m-1786551000,btc-5m,2026-08-12 16:05:04.790000+00:00,2026-08-12 16:22:13.815000+00:00,2026-08-13,0,295.210000038147,2.75,2.25,True,False,2026-08-12T16:11:25.393Z,2026-08-12T16:13:25.767Z,2026-08-12T16:13:25.767Z,-205.767,-85.393,0.014,0.022,0.29,,,,,,,,
btc-updown-15m-1786550400,btc-15m,2026-08-12 15:45:07.497000+00:00,2026-08-12 16:20:11.806000+00:00,2026-08-12,23,892.5030000209808,2.1,2.9,True,False,2026-08-12T16:09:40.271Z,2026-08-12T16:04:40.343Z,2026-08-12T16:09:40.271Z,-580.271,-280.343,0.003,0.005,0.31,,,,,,,,
btc-updown-5m-1786550700,btc-5m,2026-08-12 16:00:05.565000+00:00,2026-08-12 16:17:19.458000+00:00,2026-08-13,0,294.43499994277954,2.3,2.7,True,False,2026-08-12T16:06:51.755Z,2026-08-12T16:05:13.475Z,2026-08-12T16:06:51.755Z,-111.755,-13.475,0.013,0.005,0.29,,,,,,,,
btc-updown-5m-1786550400,btc-5m,2026-08-12 15:55:06.224000+00:00,2026-08-12 16:10:01.527000+00:00,2026-08-12,23,293.7760000228882,2.2,2.8,True,False,2026-08-12T16:02:49.495Z,2026-08-12T16:00:32.555Z,2026-08-12T16:02:49.495Z,-169.495,-32.555,0.013,0.007,0.29,,,,,,,,
btc-updown-15m-1786549500,btc-15m,2026-08-12 15:30:06.575000+00:00,2026-08-12 16:07:07.493000+00:00,2026-08-12,23,893.4249999523163,-1.45,1.45,False,True,2026-08-12T15:47:03.465Z,,,,-123.465,0.015,,0.31,,,,,,,,
btc-updown-5m-1786550100,btc-5m,2026-08-12 15:50:04.605000+00:00,2026-08-12 16:07:03.474000+00:00,2026-08-12,23,295.3949999809265,-1.4,1.4,False,True,2026-08-12T15:57:32.758Z,,,,-152.758,0.009,,0.29,,,,,,,,
btc-updown-5m-1786549800,btc-5m,2026-08-12 15:45:06.084000+00:00,2026-08-12 15:59:44.785000+00:00,2026-08-12,23,293.9159998893738,-1.45,1.45,False,True,,2026-08-12T15:52:57.621Z,,,-177.621,,0.002,0.29,,,,,,,,
btc-updown-5m-1786549500,btc-5m,2026-08-12 15:40:07.237000+00:00,2026-08-12 15:56:31.383000+00:00,2026-08-12,23,292.7630000114441,-1.4,1.4,False,True,2026-08-12T15:46:30.345Z,,,,-90.345,0.002,,0.29,,,,,,,,
btc-updown-15m-1786548600,btc-15m,2026-08-12 15:15:08.509000+00:00,2026-08-12 15:52:00.699000+00:00,2026-08-12,23,891.4909999370575,2.0,3.0,True,False,2026-08-12T15:32:42.399Z,2026-08-12T15:30:58.161Z,2026-08-12T15:32:42.399Z,-162.399,-58.161,0.026,0.053,0.31,,,,,,,,
btc-updown-5m-1786549200,btc-5m,2026-08-12 15:35:03.495000+00:00,2026-08-12 15:50:06.219000+00:00,2026-08-12,23,296.5050001144409,2.3,2.7,True,False,2026-08-12T15:41:01.395Z,2026-08-12T15:42:11.904Z,2026-08-12T15:42:11.904Z,-131.904,-61.395,0.013,0.012,0.29,,,,,,,,
btc-updown-5m-1786548900,btc-5m,2026-08-12 15:30:04.522000+00:00,2026-08-12 15:48:05.363000+00:00,2026-08-12,23,295.4779999256134,-1.15,1.15,False,True,,2026-08-12T15:35:12.425Z,,,-12.425,,0.002,0.29,,,,,,,,
btc-updown-5m-1786548600,btc-5m,2026-08-12 15:25:04.971000+00:00,2026-08-12 15:41:22.531000+00:00,2026-08-12,23,295.029000043869,2.65,2.35,True,False,2026-08-12T15:31:55.902Z,2026-08-12T15:30:45.272Z,2026-08-12T15:31:55.902Z,-115.902,-45.272,0.008,0.011,0.29,,,,,,,,
btc-updown-15m-1786547700,btc-15m,2026-08-12 15:00:05.032000+00:00,2026-08-12 15:37:10.055000+00:00,2026-08-12,23,894.9679999351501,1.9,3.1,True,False,2026-08-12T15:22:41.463Z,2026-08-12T15:19:51.984Z,2026-08-12T15:22:41.463Z,-461.463,-291.984,0.013,0.02,0.31,,,,,,,,
btc-updown-5m-1786548300,btc-5m,2026-08-12 15:20:05.052000+00:00,2026-08-12 15:35:00.340000+00:00,2026-08-12,23,294.94799995422363,2.55,2.45,True,False,2026-08-12T15:26:47.710Z,2026-08-12T15:29:28.105Z,2026-08-12T15:29:28.105Z,-268.105,-107.71,0.012,0.007,0.29,,,,,,,,
btc-updown-5m-1786548000,btc-5m,2026-08-12 15:15:06.438000+00:00,2026-08-12 15:31:29.566000+00:00,2026-08-12,23,293.5620000362396,-1.4,1.4,False,True,2026-08-12T15:20:41.636Z,,,,-41.636,0.018,,0.29,,,,,,,,
btc-updown-5m-1786547700,btc-5m,2026-08-12 15:10:03.782000+00:00,2026-08-12 15:26:19.631000+00:00,2026-08-12,23,296.21799993515015,-1.4,1.4,False,True,,2026-08-12T15:16:39.942Z,,,-99.942,,0.002,0.29,,,,,,,,
btc-updown-15m-1786546800,btc-15m,2026-08-12 14:45:08+00:00,2026-08-12 15:21:23.506000+00:00,2026-08-12,22,892.0,-1.55,1.55,False,True,,2026-08-12T15:02:59.556Z,,,-179.556,,0.008,0.31,,,,,,,,
btc-updown-5m-1786547400,btc-5m,2026-08-12 15:05:04.230000+00:00,2026-08-12 15:21:06.023000+00:00,2026-08-12,23,295.7699999809265,-1.3,1.3,False,True,,2026-08-12T15:11:13.055Z,,,-73.055,,0.008,0.29,,,,,,,,
btc-updown-5m-1786547100,btc-5m,2026-08-12 15:00:07.302000+00:00,2026-08-12 15:16:19.051000+00:00,2026-08-12,23,292.69799995422363,3.15,1.85,True,False,2026-08-12T15:09:47.019Z,2026-08-12T15:07:01.291Z,2026-08-12T15:09:47.019Z,-287.019,-121.291,0.003,0.014,0.29,,,,,,,,
btc-updown-5m-1786546800,btc-5m,2026-08-12 14:55:04.140000+00:00,2026-08-12 15:09:12.463000+00:00,2026-08-12,22,295.8599998950958,-1.3,1.3,False,True,,2026-08-12T15:02:01.126Z,,,-121.126,,1.484,0.29,,,,,,,,
btc-updown-15m-1786545900,btc-15m,2026-08-12 14:30:08.757000+00:00,2026-08-12 15:06:29.732000+00:00,2026-08-12,22,891.2430000305176,-1.3,1.3,False,True,2026-08-12T14:51:36.684Z,,,,-396.684,0.011,,0.31,,,,,,,,
btc-updown-5m-1786546500,btc-5m,2026-08-12 14:50:05.750000+00:00,2026-08-12 15:05:11.838000+00:00,2026-08-12,22,294.25,-1.1,1.1,False,True,2026-08-12T14:56:21.248Z,,,,-81.248,0.002,,0.29,,,,,,,,
btc-updown-5m-1786546200,btc-5m,2026-08-12 14:45:05.474000+00:00,2026-08-12 15:01:04.048000+00:00,2026-08-12,22,294.5260000228882,-1.35,1.35,False,True,2026-08-12T14:51:22.857Z,,,,-82.857,0.003,,0.29,,,,,,,,
btc-updown-5m-1786545900,btc-5m,2026-08-12 14:40:06.329000+00:00,2026-08-12 14:57:06.334000+00:00,2026-08-12,22,293.6710000038147,-1.15,1.15,False,True,2026-08-12T14:47:53.651Z,,,,-173.651,0.007,,0.29,,,,,,,,
btc-updown-15m-1786545000,btc-15m,2026-08-12 14:15:07.360000+00:00,2026-08-12 14:53:07.433000+00:00,2026-08-12,22,892.6400001049042,-1.15,1.15,False,True,2026-08-12T14:31:15.439Z,,,,-75.439,0.007,,0.31,,,,,,,,
btc-updown-5m-1786545600,btc-5m,2026-08-12 14:35:03.739000+00:00,2026-08-12 14:51:04.742000+00:00,2026-08-12,22,296.260999917984,2.15,2.85,True,False,2026-08-12T14:43:04.673Z,2026-08-12T14:41:25.991Z,2026-08-12T14:43:04.673Z,-184.673,-85.991,0.002,0.017,0.29,,,,,,,,
btc-updown-5m-1786545300,btc-5m,2026-08-12 14:30:06.774000+00:00,2026-08-12 14:45:55.074000+00:00,2026-08-12,22,293.2260000705719,2.75,2.25,True,False,2026-08-12T14:39:17.310Z,2026-08-12T14:37:54.708Z,2026-08-12T14:39:17.310Z,-257.31,-174.708,0.003,0.019,0.29,,,,,,,,
btc-updown-5m-1786545000,btc-5m,2026-08-12 14:25:05.910000+00:00,2026-08-12 14:42:39.317000+00:00,2026-08-12,22,294.0899999141693,-0.75,0.75,False,True,2026-08-12T14:31:13.364Z,,,,-73.364,0.006,,0.29,,,,,,,,
btc-updown-5m-1786544700,btc-5m,2026-08-12 14:20:03.075000+00:00,2026-08-12 14:37:41.749000+00:00,2026-08-12,22,296.9249999523163,2.8,2.2,True,False,2026-08-12T14:26:15.320Z,2026-08-12T14:28:17.708Z,2026-08-12T14:28:17.708Z,-197.708,-75.32,1.174,0.003,0.29,,,,,,,,
btc-updown-15m-1786544100,btc-15m,2026-08-12 14:00:05.164000+00:00,2026-08-12 14:35:42.257000+00:00,2026-08-12,22,894.8359999656677,-1.4,1.4,False,True,2026-08-12T14:20:42.913Z,,,,-342.913,0.021,,0.31,,,,,,,,
btc-updown-5m-1786544400,btc-5m,2026-08-12 14:15:05.386000+00:00,2026-08-12 14:28:13.923000+00:00,2026-08-12,22,294.614000082016,-1.3,1.3,False,True,2026-08-12T14:20:23.181Z,,,,-23.181,0.009,,0.29,,,,,,,,
btc-updown-5m-1786544100,btc-5m,2026-08-12 14:10:03.548000+00:00,2026-08-12 14:25:35.454000+00:00,2026-08-12,22,296.4519999027252,-1.45,1.45,False,True,,2026-08-12T14:18:25.414Z,,,-205.414,,0.014,0.29,,,,,,,,
btc-updown-15m-1786543200,btc-15m,2026-08-12 13:45:06.271000+00:00,2026-08-12 14:23:24.942000+00:00,2026-08-12,21,893.7290000915527,2.2,2.8,True,False,2026-08-12T14:01:25.337Z,2026-08-12T14:11:38.479Z,2026-08-12T14:11:38.479Z,-698.479,-85.337,0.026,0.019,0.31,,,,,,,,
btc-updown-5m-1786543800,btc-5m,2026-08-12 14:05:03.217000+00:00,2026-08-12 14:18:58.525000+00:00,2026-08-12,22,296.7829999923706,-1.15,1.15,False,True,,2026-08-12T14:10:28.382Z,,,-28.382,,0.01,0.29,,,,,,,,
btc-updown-5m-1786543500,btc-5m,2026-08-12 14:00:03.125000+00:00,2026-08-12 14:15:37.397000+00:00,2026-08-12,22,296.875,2.15,2.85,True,False,2026-08-12T14:08:07.568Z,2026-08-12T14:08:52.628Z,2026-08-12T14:08:52.628Z,-232.628,-187.568,0.013,0.005,0.29,,,,,,,,
btc-updown-5m-1786543200,btc-5m,2026-08-12 13:55:04.750000+00:00,2026-08-12 14:12:23.067000+00:00,2026-08-12,21,295.25,-1.3,1.3,False,True,2026-08-12T14:00:13.543Z,,,,-13.543,0.009,,0.29,,,,,,,,
btc-updown-15m-1786542300,btc-15m,2026-08-12 13:30:03.598000+00:00,2026-08-12 14:07:32.222000+00:00,2026-08-12,21,896.4019999504089,2.15,2.85,True,False,2026-08-12T13:52:27.048Z,2026-08-12T13:45:35.893Z,2026-08-12T13:52:27.048Z,-447.048,-35.893,0.002,0.036,0.31,,,,,,,,
btc-updown-5m-1786542900,btc-5m,2026-08-12 13:50:06.886000+00:00,2026-08-12 14:06:40.747000+00:00,2026-08-12,21,293.114000082016,2.4,2.6,True,False,2026-08-12T13:56:54.829Z,2026-08-12T13:57:31.864Z,2026-08-12T13:57:31.864Z,-151.864,-114.829,0.816,0.003,0.29,,,,,,,,
btc-updown-5m-1786542600,btc-5m,2026-08-12 13:45:08.786000+00:00,2026-08-12 14:00:20.743000+00:00,2026-08-12,21,291.21399998664856,-1.35,1.35,False,True,2026-08-12T13:50:33.536Z,,,,-33.536,0.004,,0.29,,,,,,,,
btc-updown-5m-1786542300,btc-5m,2026-08-12 13:40:02.794000+00:00,2026-08-12 13:55:00.240000+00:00,2026-08-12,21,297.2060000896454,-1.45,1.45,False,True,,2026-08-12T13:45:18.028Z,,,-18.028,,0.002,0.29,,,,,,,,
btc-updown-15m-1786541400,btc-15m,2026-08-12 13:15:08.647000+00:00,2026-08-12 13:52:14.843000+00:00,2026-08-12,21,891.3529999256134,1.95,3.05,True,False,2026-08-12T13:40:28.668Z,2026-08-12T13:32:58.225Z,2026-08-12T13:40:28.668Z,-628.668,-178.225,0.01,0.006,0.31,,,,,,,,
btc-updown-5m-1786542000,btc-5m,2026-08-12 13:35:06.465000+00:00,2026-08-12 13:49:57.250000+00:00,2026-08-12,21,293.5350000858307,2.35,2.65,True,False,2026-08-12T13:40:35.198Z,2026-08-12T13:41:50.411Z,2026-08-12T13:41:50.411Z,-110.411,-35.198,0.005,0.002,0.29,,,,,,,,
btc-updown-5m-1786541700,btc-5m,2026-08-12 13:30:05.983000+00:00,2026-08-12 13:45:10.542000+00:00,2026-08-12,21,294.0169999599457,2.8,2.2,True,False,2026-08-12T13:39:35.904Z,2026-08-12T13:36:18.048Z,2026-08-12T13:39:35.904Z,-275.904,-78.048,0.006,0.011,0.29,,,,,,,,
btc-updown-5m-1786541400,btc-5m,2026-08-12 13:25:08.245000+00:00,2026-08-12 13:39:24.324000+00:00,2026-08-12,21,291.7550001144409,2.2,2.8,True,False,2026-08-12T13:31:12.148Z,2026-08-12T13:30:15.722Z,2026-08-12T13:31:12.148Z,-72.148,-15.722,0.006,0.008,0.29,,,,,,,,
btc-updown-5m-1786541100,btc-5m,2026-08-12 13:20:05.469000+00:00,2026-08-12 13:37:51.188000+00:00,2026-08-12,21,294.5309998989105,-1.45,1.45,False,True,2026-08-12T13:25:01.671Z,,,,-1.671,0.411,,0.29,,,,,,,,
btc-updown-15m-1786540500,btc-15m,2026-08-12 13:00:06.693000+00:00,2026-08-12 13:37:42.374000+00:00,2026-08-12,21,893.3069999217987,2.1,2.9,True,False,2026-08-12T13:27:25.678Z,2026-08-12T13:15:18.925Z,2026-08-12T13:27:25.678Z,-745.678,-18.925,0.976,0.003,0.31,,,,,,,,
btc-updown-5m-1786540800,btc-5m,2026-08-12 13:15:10.579000+00:00,2026-08-12 13:33:05.004000+00:00,2026-08-12,21,289.4210000038147,2.2,2.8,True,False,2026-08-12T13:22:42.344Z,2026-08-12T13:20:57.057Z,2026-08-12T13:22:42.344Z,-162.344,-57.057,0.027,0.002,0.29,,,,,,,,
btc-updown-5m-1786540500,btc-5m,2026-08-12 13:10:02.568000+00:00,2026-08-12 13:25:04.369000+00:00,2026-08-12,21,297.4319999217987,-1.45,1.45,False,True,,2026-08-12T13:15:06.764Z,,,-6.764,,0.512,0.29,,,,,,,,
btc-updown-15m-1786539600,btc-15m,2026-08-12 12:45:03.378000+00:00,2026-08-12 13:22:36.303000+00:00,2026-08-12,20,896.6219999790192,-1.5,1.5,False,True,2026-08-12T13:02:06.799Z,,,,-126.799,0.003,,0.31,,,,,,,,
btc-updown-5m-1786540200,btc-5m,2026-08-12 13:05:05.208000+00:00,2026-08-12 13:18:49.439000+00:00,2026-08-12,21,294.7920000553131,2.1,2.9,True,False,2026-08-12T13:11:19.250Z,2026-08-12T13:10:22.799Z,2026-08-12T13:11:19.250Z,-79.25,-22.799,0.009,0.815,0.29,,,,,,,,
btc-updown-5m-1786539900,btc-5m,2026-08-12 13:00:09.523000+00:00,2026-08-12 13:17:46.511000+00:00,2026-08-12,21,290.47699999809265,2.2,2.8,True,False,2026-08-12T13:05:51.317Z,2026-08-12T13:07:02.179Z,2026-08-12T13:07:02.179Z,-122.179,-51.317,0.003,0.002,0.29,,,,,,,,
btc-updown-5m-1786539600,btc-5m,2026-08-12 12:55:03.185000+00:00,2026-08-12 13:12:56.785000+00:00,2026-08-12,20,296.81500005722046,2.45,2.55,True,False,2026-08-12T13:01:56.568Z,2026-08-12T13:00:13.203Z,2026-08-12T13:01:56.568Z,-116.568,-13.203,0.002,0.029,0.29,,,,,,,,
btc-updown-5m-1786539300,btc-5m,2026-08-12 12:50:06.533000+00:00,2026-08-12 13:07:57.039000+00:00,2026-08-12,20,293.4670000076294,-1.25,1.25,False,True,2026-08-12T12:56:25.084Z,,,,-85.084,0.883,,0.29,,,,,,,,
btc-updown-15m-1786538700,btc-15m,2026-08-12 12:30:03.956000+00:00,2026-08-12 13:05:04.172000+00:00,2026-08-12,20,896.0439999103546,2.45,2.55,True,False,2026-08-12T12:46:19.331Z,2026-08-12T12:53:32.399Z,2026-08-12T12:53:32.399Z,-512.399,-79.331,0.01,0.004,0.29,,,,,,,,
btc-updown-5m-1786539000,btc-5m,2026-08-12 12:45:05.449000+00:00,2026-08-12 12:59:49.039000+00:00,2026-08-12,20,294.5510001182556,-1.45,1.45,False,True,,2026-08-12T12:50:40.222Z,,,-40.222,,0.015,0.29,,,,,,,,
btc-updown-5m-1786538700,btc-5m,2026-08-12 12:40:06.223000+00:00,2026-08-12 12:57:53.729000+00:00,2026-08-12,20,293.77699995040894,-1.45,1.45,False,True,2026-08-12T12:45:50.111Z,,,,-50.111,0.004,,0.29,,,,,,,,
btc-updown-15m-1786537800,btc-15m,2026-08-12 12:15:05.768000+00:00,2026-08-12 12:50:02.031000+00:00,2026-08-12,20,894.2320001125336,-1.2,1.2,False,True,2026-08-12T12:30:12.116Z,,,,-12.116,0.011,,0.29,,,,,,,,
btc-updown-5m-1786538400,btc-5m,2026-08-12 12:35:05.087000+00:00,2026-08-12 12:48:50.825000+00:00,2026-08-12,20,294.9130001068115,-1.45,1.45,False,True,,2026-08-12T12:40:49.391Z,,,-49.391,,0.009,0.29,,,,,,,,
btc-updown-5m-1786538100,btc-5m,2026-08-12 12:30:06.353000+00:00,2026-08-12 12:44:37.359000+00:00,2026-08-12,20,293.6470000743866,-1.35,1.35,False,True,2026-08-12T12:35:26.772Z,,,,-26.772,0.003,,0.29,,,,,,,,
btc-updown-5m-1786537800,btc-5m,2026-08-12 12:25:05.089000+00:00,2026-08-12 12:39:51.348000+00:00,2026-08-12,20,294.91100001335144,-0.75,0.75,False,True,2026-08-12T12:30:10.032Z,,,,-10.032,0.005,,0.29,,,,,,,,
btc-updown-15m-1786536900,btc-15m,2026-08-12 12:00:09.140000+00:00,2026-08-12 12:34:59.616000+00:00,2026-08-12,20,890.8599998950958,-1.15,1.15,False,True,,2026-08-12T12:16:15.707Z,,,-75.707,,0.011,0.29,,,,,,,,
btc-updown-5m-1786537500,btc-5m,2026-08-12 12:20:05.943000+00:00,2026-08-12 12:34:43.044000+00:00,2026-08-12,20,294.0569999217987,-1.15,1.15,False,True,,2026-08-12T12:27:31.053Z,,,-151.053,,0.003,0.29,,,,,,,,
btc-updown-5m-1786537200,btc-5m,2026-08-12 12:15:07.762000+00:00,2026-08-12 12:28:48.944000+00:00,2026-08-12,20,292.23799991607666,2.2,2.8,True,False,2026-08-12T12:23:27.195Z,2026-08-12T12:20:18.294Z,2026-08-12T12:23:27.195Z,-207.195,-18.294,0.01,0.01,0.29,,,,,,,,
btc-updown-5m-1786536900,btc-5m,2026-08-12 12:10:04.002000+00:00,2026-08-12 12:25:24.462000+00:00,2026-08-12,20,295.9979999065399,-1.35,1.35,False,True,,2026-08-12T12:15:41.156Z,,,-41.156,,0.014,0.29,,,,,,,,
btc-updown-5m-1786536600,btc-5m,2026-08-12 12:05:02.654000+00:00,2026-08-12 12:20:21.179000+00:00,2026-08-12,20,297.345999956131,-0.85,0.85,False,True,2026-08-12T12:10:07.485Z,,,,-7.485,0.019,,0.29,,,,,,,,
btc-updown-15m-1786536000,btc-15m,2026-08-12 11:45:07.504000+00:00,2026-08-12 12:19:54.634000+00:00,2026-08-12,19,892.4960000514984,-1.45,1.45,False,True,,2026-08-12T12:04:30.976Z,,,-270.976,,0.004,0.29,,,,,,,,
btc-updown-5m-1786536300,btc-5m,2026-08-12 12:00:07.077000+00:00,2026-08-12 12:16:40.430000+00:00,2026-08-12,20,292.9230000972748,2.1,2.9,True,False,2026-08-12T12:05:50.876Z,2026-08-12T12:08:23.243Z,2026-08-12T12:08:23.243Z,-203.243,-50.876,0.019,0.01,0.29,,,,,,,,
btc-updown-5m-1786536000,btc-5m,2026-08-12 11:55:06.887000+00:00,2026-08-12 12:10:35.654000+00:00,2026-08-12,19,293.11299991607666,2.2,2.8,True,False,2026-08-12T12:01:13.954Z,2026-08-12T12:00:50.496Z,2026-08-12T12:01:13.954Z,-73.954,-50.496,0.006,0.306,0.29,,,,,,,,
btc-updown-5m-1786535700,btc-5m,2026-08-12 11:50:07.802000+00:00,2026-08-12 12:04:58.271000+00:00,2026-08-12,19,292.19799995422363,2.15,2.85,True,False,2026-08-12T11:56:48.324Z,2026-08-12T11:59:01.751Z,2026-08-12T11:59:01.751Z,-241.751,-108.324,0.009,0.024,0.29,,,,,,,,
btc-updown-15m-1786535100,btc-15m,2026-08-12 11:30:08.403000+00:00,2026-08-12 12:04:40.986000+00:00,2026-08-12,19,891.5969998836517,-1.4,1.4,False,True,,2026-08-12T11:47:26.128Z,,,-146.128,,0.828,0.29,,,,,,,,
btc-updown-5m-1786535400,btc-5m,2026-08-12 11:45:05.594000+00:00,2026-08-12 11:59:19.375000+00:00,2026-08-12,19,294.4059998989105,-1.25,1.25,False,True,,2026-08-12T11:50:25.891Z,,,-25.891,,0.002,0.29,,,,,,,,
btc-updown-5m-1786535100,btc-5m,2026-08-12 11:40:04.847000+00:00,2026-08-12 11:56:54.923000+00:00,2026-08-12,19,295.15300011634827,-1.35,1.35,False,True,,2026-08-12T11:46:49.385Z,,,-109.385,,0.018,0.29,,,,,,,,
btc-updown-5m-1786534800,btc-5m,2026-08-12 11:35:05.250000+00:00,2026-08-12 11:49:20.649000+00:00,2026-08-12,19,294.75,-0.75,0.75,False,True,2026-08-12T11:43:46.581Z,,,,-226.581,0.002,,0.29,,,,,,,,
btc-updown-15m-1786534200,btc-15m,2026-08-12 11:15:05.229000+00:00,2026-08-12 11:49:09.471000+00:00,2026-08-12,19,894.7709999084473,-1.15,1.15,False,True,2026-08-12T11:35:09.596Z,,,,-309.596,0.794,,0.29,,,,,,,,
btc-updown-5m-1786534500,btc-5m,2026-08-12 11:30:06.374000+00:00,2026-08-12 11:43:57.570000+00:00,2026-08-12,19,293.62599992752075,2.8,2.2,True,False,2026-08-12T11:35:08.817Z,2026-08-12T11:39:11.345Z,2026-08-12T11:39:11.345Z,-251.345,-8.817,0.015,2.082,0.29,,,,,,,,
btc-updown-5m-1786534200,btc-5m,2026-08-12 11:25:06.870000+00:00,2026-08-12 11:39:13.657000+00:00,2026-08-12,19,293.1300001144409,2.65,2.35,True,False,2026-08-12T11:33:02.529Z,2026-08-12T11:31:53.682Z,2026-08-12T11:33:02.529Z,-182.529,-113.682,0.029,0.022,0.29,,,,,,,,
btc-updown-15m-1786533300,btc-15m,2026-08-12 11:00:08.691000+00:00,2026-08-12 11:37:24.851000+00:00,2026-08-12,19,891.3090000152588,-1.45,1.45,False,True,,2026-08-12T11:20:09.793Z,,,-309.793,,0.011,0.29,,,,,,,,
btc-updown-5m-1786533900,btc-5m,2026-08-12 11:20:04.850000+00:00,2026-08-12 11:35:12.765000+00:00,2026-08-12,19,295.15000009536743,2.8,2.2,True,False,2026-08-12T11:25:41.959Z,2026-08-12T11:27:25.628Z,2026-08-12T11:27:25.628Z,-145.628,-41.959,0.014,0.008,0.29,,,,,,,,
btc-updown-5m-1786533600,btc-5m,2026-08-12 11:15:07.203000+00:00,2026-08-12 11:30:10.095000+00:00,2026-08-12,19,292.79699993133545,-1.45,1.45,False,True,,2026-08-12T11:22:38.061Z,,,-158.061,,1.041,0.29,,,,,,,,
btc-updown-15m-1786532400,btc-15m,2026-08-12 10:45:09.377000+00:00,2026-08-12 11:23:55.772000+00:00,2026-08-12,18,890.6229999065399,2.2,2.8,True,False,2026-08-12T11:06:29.898Z,2026-08-12T11:00:04.082Z,2026-08-12T11:06:29.898Z,-389.898,-4.082,0.01,0.548,0.29,,,,,,,,
btc-updown-5m-1786533300,btc-5m,2026-08-12 11:10:03.243000+00:00,2026-08-12 11:23:48.515000+00:00,2026-08-12,19,296.7569999694824,-0.5,0.5,False,True,,2026-08-12T11:18:16.059Z,,,-196.059,,0.013,0.29,,,,,,,,
btc-updown-5m-1786533000,btc-5m,2026-08-12 11:05:04.323000+00:00,2026-08-12 11:19:05.835000+00:00,2026-08-12,19,295.67700004577637,2.3,2.7,True,False,2026-08-12T11:10:53.617Z,2026-08-12T11:11:47.566Z,2026-08-12T11:11:47.566Z,-107.566,-53.617,0.009,0.009,0.29,,,,,,,,
btc-updown-5m-1786532700,btc-5m,2026-08-12 11:00:10.769000+00:00,2026-08-12 11:16:13.254000+00:00,2026-08-12,19,289.23099994659424,2.75,2.25,True,False,2026-08-12T11:06:06.952Z,2026-08-12T11:08:22.452Z,2026-08-12T11:08:22.452Z,-202.452,-66.952,0.026,0.01,0.29,,,,,,,,
btc-updown-5m-1786532400,btc-5m,2026-08-12 10:55:05.686000+00:00,2026-08-12 11:13:31.538000+00:00,2026-08-12,18,294.3139998912811,2.7,2.3,True,False,2026-08-12T11:03:26.905Z,2026-08-12T11:00:06.198Z,2026-08-12T11:03:26.905Z,-206.905,-6.198,0.012,0.817,0.29,,,,,,,,
btc-updown-15m-1786531500,btc-15m,2026-08-12 10:30:06.216000+00:00,2026-08-12 11:08:33.367000+00:00,2026-08-12,18,893.7839999198914,-1.45,1.45,False,True,2026-08-12T10:46:16.432Z,,,,-76.432,0.001,,0.29,,,,,,,,
btc-updown-5m-1786532100,btc-5m,2026-08-12 10:50:06.555000+00:00,2026-08-12 11:03:24.934000+00:00,2026-08-12,18,293.4449999332428,-1.1,1.1,False,True,2026-08-12T10:56:39.301Z,,,,-99.301,0.003,,0.29,,,,,,,,
btc-updown-5m-1786531800,btc-5m,2026-08-12 10:45:07.377000+00:00,2026-08-12 10:59:45.597000+00:00,2026-08-12,18,292.6229999065399,-1.25,1.25,False,True,,2026-08-12T10:50:17.909Z,,,-17.909,,0.002,0.29,,,,,,,,
btc-updown-5m-1786531500,btc-5m,2026-08-12 10:40:03.490000+00:00,2026-08-12 10:58:11.582000+00:00,2026-08-12,18,296.50999999046326,2.4,2.6,True,False,2026-08-12T10:45:56.379Z,2026-08-12T10:48:12.296Z,2026-08-12T10:48:12.296Z,-192.296,-56.379,0.003,0.003,0.29,,,,,,,,
btc-updown-5m-1786531200,btc-5m,2026-08-12 10:35:06.819000+00:00,2026-08-12 10:50:41.997000+00:00,2026-08-12,18,293.18099999427795,-1.15,1.15,False,True,,2026-08-12T10:40:34.626Z,,,-34.626,,0.025,0.29,,,,,,,,
btc-updown-15m-1786530600,btc-15m,2026-08-12 10:15:07.218000+00:00,2026-08-12 10:50:10.875000+00:00,2026-08-12,18,892.7820000648499,-1.4,1.4,False,True,,2026-08-12T10:31:37.316Z,,,-97.316,,0.014,0.29,,,,,,,,
btc-updown-5m-1786530900,btc-5m,2026-08-12 10:30:07.528000+00:00,2026-08-12 10:44:42.307000+00:00,2026-08-12,18,292.47199988365173,-1.4,1.4,False,True,2026-08-12T10:36:19.365Z,,,,-79.365,0.005,,0.29,,,,,,,,
btc-updown-5m-1786530600,btc-5m,2026-08-12 10:25:05.531000+00:00,2026-08-12 10:38:25.774000+00:00,2026-08-12,18,294.4690001010895,-1.4,1.4,False,True,,2026-08-12T10:30:37.561Z,,,-37.561,,0.011,0.29,,,,,,,,
btc-updown-5m-1786530300,btc-5m,2026-08-12 10:20:04.890000+00:00,2026-08-12 10:37:17.830000+00:00,2026-08-12,18,295.1099998950958,-1.35,1.35,False,True,2026-08-12T10:25:37.150Z,,,,-37.15,0.008,,0.29,,,,,,,,
btc-updown-15m-1786529700,btc-15m,2026-08-12 10:00:05.538000+00:00,2026-08-12 10:33:55.915000+00:00,2026-08-12,18,894.4619998931885,-1.3,1.3,False,True,2026-08-12T10:16:50.684Z,,,,-110.684,0.008,,0.29,,,,,,,,
btc-updown-5m-1786530000,btc-5m,2026-08-12 10:15:10.163000+00:00,2026-08-12 10:30:09.144000+00:00,2026-08-12,18,289.8369998931885,-0.8,0.8,False,True,,2026-08-12T10:20:34.543Z,,,-34.543,,0.004,0.29,,,,,,,,
btc-updown-5m-1786529700,btc-5m,2026-08-12 10:10:06.932000+00:00,2026-08-12 10:28:14.039000+00:00,2026-08-12,18,293.0680000782013,-1.35,1.35,False,True,2026-08-12T10:15:53.588Z,,,,-53.588,0.016,,0.29,,,,,,,,
btc-updown-15m-1786528800,btc-15m,2026-08-12 09:45:03.460000+00:00,2026-08-12 10:23:29.643000+00:00,2026-08-12,17,896.539999961853,-1.35,1.35,False,True,,2026-08-12T10:02:03.733Z,,,-123.733,,0.008,0.29,,,,,,,,
btc-updown-5m-1786529400,btc-5m,2026-08-12 10:05:04.895000+00:00,2026-08-12 10:23:00.293000+00:00,2026-08-12,18,295.1050000190735,-1.2,1.2,False,True,,2026-08-12T10:10:57.019Z,,,-57.019,,0.016,0.29,,,,,,,,
btc-updown-5m-1786529100,btc-5m,2026-08-12 10:00:03.589000+00:00,2026-08-12 10:15:32.845000+00:00,2026-08-12,18,296.41100001335144,-1.25,1.25,False,True,2026-08-12T10:05:23.414Z,,,,-23.414,0.016,,0.29,,,,,,,,
btc-updown-5m-1786528800,btc-5m,2026-08-12 09:55:05.685000+00:00,2026-08-12 10:10:28.275000+00:00,2026-08-12,17,294.31500005722046,-1.45,1.45,False,True,,2026-08-12T10:01:09.358Z,,,-69.358,,0.007,0.29,,,,,,,,
btc-updown-15m-1786527900,btc-15m,2026-08-12 09:30:03.944000+00:00,2026-08-12 10:09:59.613000+00:00,2026-08-12,17,896.055999994278,-1.35,1.35,False,True,,2026-08-12T09:50:08.624Z,,,-308.624,,1.027,0.29,,,,,,,,
btc-updown-5m-1786528500,btc-5m,2026-08-12 09:50:03.915000+00:00,2026-08-12 10:05:25.719000+00:00,2026-08-12,17,296.085000038147,-1.0,1.0,False,True,,2026-08-12T09:56:19.829Z,,,-79.829,,0.002,0.29,,,,,,,,
btc-updown-5m-1786528200,btc-5m,2026-08-12 09:45:05.902000+00:00,2026-08-12 10:03:27.131000+00:00,2026-08-12,17,294.09800004959106,2.2,2.8,True,False,2026-08-12T09:52:01.875Z,2026-08-12T09:50:07.631Z,2026-08-12T09:52:01.875Z,-121.875,-7.631,0.017,0.013,0.29,,,,,,,,
btc-updown-5m-1786527900,btc-5m,2026-08-12 09:40:05.984000+00:00,2026-08-12 09:53:08.934000+00:00,2026-08-12,17,294.0160000324249,-1.3,1.3,False,True,,2026-08-12T09:47:10.488Z,,,-130.488,,0.012,0.29,,,,,,,,
btc-updown-5m-1786527600,btc-5m,2026-08-12 09:35:04.068000+00:00,2026-08-12 09:53:05.838000+00:00,2026-08-12,17,295.9319999217987,-1.3,1.3,False,True,2026-08-12T09:40:13.543Z,,,,-13.543,0.003,,0.29,,,,,,,,
btc-updown-15m-1786527000,btc-15m,2026-08-12 09:15:05.028000+00:00,2026-08-12 09:49:34.569000+00:00,2026-08-12,17,894.9719998836517,-1.45,1.45,False,True,,2026-08-12T09:30:42.879Z,,,-42.879,,0.008,0.29,,,,,,,,
btc-updown-5m-1786527300,btc-5m,2026-08-12 09:30:06.056000+00:00,2026-08-12 09:47:51.618000+00:00,2026-08-12,17,293.94400000572205,-1.4,1.4,False,True,,2026-08-12T09:36:19.177Z,,,-79.177,,0.019,0.29,,,,,,,,
btc-updown-5m-1786527000,btc-5m,2026-08-12 09:25:02.474000+00:00,2026-08-12 09:40:36.418000+00:00,2026-08-12,17,297.5260000228882,-1.4,1.4,False,True,,2026-08-12T09:30:02.321Z,,,-2.321,,0.575,0.29,,,,,,,,
btc-updown-5m-1786526700,btc-5m,2026-08-12 09:20:04.538000+00:00,2026-08-12 09:37:50.241000+00:00,2026-08-12,17,295.4619998931885,2.2,2.8,True,False,2026-08-12T09:26:43.429Z,2026-08-12T09:25:10.919Z,2026-08-12T09:26:43.429Z,-103.429,-10.919,0.006,0.003,0.29,,,,,,,,
btc-updown-15m-1786526100,btc-15m,2026-08-12 09:00:06.598000+00:00,2026-08-12 09:34:56.571000+00:00,2026-08-12,17,893.4019999504089,-1.45,1.45,False,True,,2026-08-12T09:19:16.627Z,,,-256.627,,0.003,0.29,,,,,,,,
btc-updown-5m-1786526400,btc-5m,2026-08-12 09:15:07.158000+00:00,2026-08-12 09:30:46.245000+00:00,2026-08-12,17,292.8420000076294,2.35,2.65,True,False,2026-08-12T09:22:25.065Z,2026-08-12T09:20:05.928Z,2026-08-12T09:22:25.065Z,-145.065,-5.928,0.003,0.015,0.29,,,,,,,,
btc-updown-5m-1786526100,btc-5m,2026-08-12 09:10:06.974000+00:00,2026-08-12 09:25:22.301000+00:00,2026-08-12,17,293.0260000228882,-0.65,0.65,False,True,,2026-08-12T09:17:24.935Z,,,-144.935,,0.007,0.29,,,,,,,,
btc-updown-15m-1786525200,btc-15m,2026-08-12 08:45:04.513000+00:00,2026-08-12 09:22:46.226000+00:00,2026-08-12,16,895.4869999885559,2.75,2.25,True,False,2026-08-12T09:02:04.352Z,2026-08-12T09:07:05.282Z,2026-08-12T09:07:05.282Z,-425.282,-124.352,0.012,0.006,0.29,,,,,,,,
btc-updown-5m-1786525800,btc-5m,2026-08-12 09:05:04.096000+00:00,2026-08-12 09:20:13.064000+00:00,2026-08-12,17,295.904000043869,-1.05,1.05,False,True,,2026-08-12T09:10:45.455Z,,,-45.455,,0.012,0.29,,,,,,,,
btc-updown-5m-1786525500,btc-5m,2026-08-12 09:00:04.532000+00:00,2026-08-12 09:13:44.239000+00:00,2026-08-12,17,295.46799993515015,-1.35,1.35,False,True,,2026-08-12T09:07:02.925Z,,,-122.925,,0.002,0.29,,,,,,,,
btc-updown-5m-1786525200,btc-5m,2026-08-12 08:55:06.294000+00:00,2026-08-12 09:08:31.612000+00:00,2026-08-12,16,293.7060000896454,3.35,1.65,True,False,2026-08-12T09:01:22.640Z,2026-08-12T09:04:09.642Z,2026-08-12T09:04:09.642Z,-249.642,-82.64,0.018,0.005,0.29,,,,,,,,
btc-updown-5m-1786524900,btc-5m,2026-08-12 08:50:05.698000+00:00,2026-08-12 09:07:59.687000+00:00,2026-08-12,16,294.30200004577637,2.25,2.75,True,False,2026-08-12T08:55:09.609Z,2026-08-12T08:58:24.720Z,2026-08-12T08:58:24.720Z,-204.72,-9.609,0.02,0.014,0.29,,,,,,,,
btc-updown-15m-1786524300,btc-15m,2026-08-12 08:30:05.537000+00:00,2026-08-12 09:06:40.352000+00:00,2026-08-12,16,894.4630000591278,-1.2,1.2,False,True,,2026-08-12T08:46:27.905Z,,,-87.905,,0.014,0.29,,,,,,,,
btc-updown-5m-1786524600,btc-5m,2026-08-12 08:45:02.709000+00:00,2026-08-12 08:59:58.238000+00:00,2026-08-12,16,297.2909998893738,-1.15,1.15,False,True,2026-08-12T08:50:33.137Z,,,,-33.137,0.004,,0.29,,,,,,,,
btc-updown-5m-1786524300,btc-5m,2026-08-12 08:40:02.696000+00:00,2026-08-12 08:57:10.826000+00:00,2026-08-12,16,297.30399990081787,-1.25,1.25,False,True,,2026-08-12T08:46:23.829Z,,,-83.829,,0.005,0.29,,,,,,,,
btc-updown-5m-1786524000,btc-5m,2026-08-12 08:35:03.711000+00:00,2026-08-12 08:50:31.123000+00:00,2026-08-12,16,296.2890000343323,-1.45,1.45,False,True,2026-08-12T08:40:23.704Z,,,,-23.704,0.023,,0.29,,,,,,,,
btc-updown-15m-1786523400,btc-15m,2026-08-12 08:15:04.634000+00:00,2026-08-12 08:49:07.561000+00:00,2026-08-12,16,895.3659999370575,-1.35,1.35,False,True,2026-08-12T08:30:42.745Z,,,,-42.745,0.007,,0.29,,,,,,,,
btc-updown-5m-1786523700,btc-5m,2026-08-12 08:30:03.404000+00:00,2026-08-12 08:45:35.546000+00:00,2026-08-12,16,296.595999956131,2.65,2.35,True,False,2026-08-12T08:36:29.472Z,2026-08-12T08:38:47.497Z,2026-08-12T08:38:47.497Z,-227.497,-89.472,0.016,0.001,0.29,,,,,,,,
btc-updown-5m-1786523400,btc-5m,2026-08-12 08:25:05.969000+00:00,2026-08-12 08:42:27.311000+00:00,2026-08-12,16,294.0309998989105,-1.2,1.2,False,True,2026-08-12T08:30:28.489Z,,,,-28.489,0.007,,0.29,,,,,,,,
btc-updown-5m-1786523100,btc-5m,2026-08-12 08:20:03.535000+00:00,2026-08-12 08:34:36.891000+00:00,2026-08-12,16,296.4649999141693,-1.4,1.4,False,True,2026-08-12T08:26:06.202Z,,,,-66.202,0.011,,0.29,,,,,,,,
btc-updown-15m-1786522500,btc-15m,2026-08-12 08:00:02.809000+00:00,2026-08-12 08:34:05.838000+00:00,2026-08-12,16,897.1909999847412,-1.45,1.45,False,True,,2026-08-12T08:18:14.680Z,,,-194.68,,0.091,0.29,,,,,,,,
btc-updown-5m-1786522800,btc-5m,2026-08-12 08:15:06.681000+00:00,2026-08-12 08:27:13.743000+00:00,2026-08-12,16,293.31900000572205,3.1,1.9,True,False,2026-08-12T08:21:55.790Z,2026-08-12T08:20:48.183Z,2026-08-12T08:21:55.790Z,-115.79,-48.183,0.005,0.023,0.29,,,,,,,,
btc-updown-5m-1786522500,btc-5m,2026-08-12 08:10:04.711000+00:00,2026-08-12 08:26:41.838000+00:00,2026-08-12,16,295.2890000343323,-1.35,1.35,False,True,,2026-08-12T08:15:37.741Z,,,-37.741,,0.004,0.29,,,,,,,,
btc-updown-5m-1786522200,btc-5m,2026-08-12 08:05:03.064000+00:00,2026-08-12 08:23:19.469000+00:00,2026-08-12,16,296.9360001087189,-1.45,1.45,False,True,2026-08-12T08:10:06.205Z,,,,-6.205,0.018,,0.29,,,,,,,,
btc-updown-15m-1786521600,btc-15m,2026-08-12 07:45:05.040000+00:00,2026-08-12 08:21:31.348000+00:00,2026-08-12,15,894.960000038147,2.15,2.85,True,False,2026-08-12T08:01:12.790Z,2026-08-12T08:03:09.517Z,2026-08-12T08:03:09.517Z,-189.517,-72.79,0.011,0.003,0.29,,,,,,,,
btc-updown-5m-1786521900,btc-5m,2026-08-12 08:00:05.555000+00:00,2026-08-12 08:14:19.693000+00:00,2026-08-12,16,294.4449999332428,2.95,2.05,True,False,2026-08-12T08:09:35.500Z,2026-08-12T08:06:57.702Z,2026-08-12T08:09:35.500Z,-275.5,-117.702,0.009,0.012,0.29,,,,,,,,
btc-updown-5m-1786521600,btc-5m,2026-08-12 07:55:04.223000+00:00,2026-08-12 08:12:02.131000+00:00,2026-08-12,15,295.77699995040894,2.75,2.25,True,False,2026-08-12T08:00:49.471Z,2026-08-12T08:03:04.368Z,2026-08-12T08:03:04.368Z,-184.368,-49.471,0.016,0.002,0.29,,,,,,,,
btc-updown-5m-1786521300,btc-5m,2026-08-12 07:50:05.272000+00:00,2026-08-12 08:04:13.835000+00:00,2026-08-12,15,294.7279999256134,-1.3,1.3,False,True,,2026-08-12T07:55:16.902Z,,,-16.902,,0.002,0.29,,,,,,,,
btc-updown-15m-1786520700,btc-15m,2026-08-12 07:30:09.474000+00:00,2026-08-12 08:04:05.532000+00:00,2026-08-12,15,890.5260000228882,2.2,2.8,True,False,2026-08-12T07:45:23.423Z,2026-08-12T07:51:37.505Z,2026-08-12T07:51:37.505Z,-397.505,-23.423,0.009,0.01,0.29,,,,,,,,
btc-updown-5m-1786521000,btc-5m,2026-08-12 07:45:03.115000+00:00,2026-08-12 08:02:49.710000+00:00,2026-08-12,15,296.88499999046326,-1.05,1.05,False,True,,2026-08-12T07:51:09.668Z,,,-69.668,,0.002,0.29,,,,,,,,
btc-updown-5m-1786520700,btc-5m,2026-08-12 07:40:06.035000+00:00,2026-08-12 07:54:12.641000+00:00,2026-08-12,15,293.9649999141693,-1.45,1.45,False,True,2026-08-12T07:45:14.420Z,,,,-14.42,0.003,,0.29,,,,,,,,
btc-updown-15m-1786519800,btc-15m,2026-08-12 07:15:07.393000+00:00,2026-08-12 07:52:39.602000+00:00,2026-08-12,15,892.6070001125336,2.25,2.75,True,False,2026-08-12T07:37:00.336Z,2026-08-12T07:32:03.988Z,2026-08-12T07:37:00.336Z,-420.336,-123.988,0.008,0.015,0.29,,,,,,,,
btc-updown-5m-1786520400,btc-5m,2026-08-12 07:35:03.562000+00:00,2026-08-12 07:49:50.438000+00:00,2026-08-12,15,296.4379999637604,-1.3,1.3,False,True,2026-08-12T07:41:03.334Z,,,,-63.334,0.013,,0.29,,,,,,,,
btc-updown-5m-1786520100,btc-5m,2026-08-12 07:30:07.430000+00:00,2026-08-12 07:44:49.400000+00:00,2026-08-12,15,292.5699999332428,-1.3,1.3,False,True,2026-08-12T07:36:04.029Z,,,,-64.029,1.379,,0.29,,,,,,,,
btc-updown-15m-1786518900,btc-15m,2026-08-12 07:00:07.637000+00:00,2026-08-12 07:39:41.352000+00:00,2026-08-12,15,892.3629999160767,-1.35,1.35,False,True,2026-08-12T07:18:20.632Z,,,,-200.632,0.02,,0.29,,,,,,,,
btc-updown-5m-1786519800,btc-5m,2026-08-12 07:25:05.184000+00:00,2026-08-12 07:39:03.578000+00:00,2026-08-12,15,294.8159999847412,-1.2,1.2,False,True,,2026-08-12T07:31:25.874Z,,,-85.874,,0.013,0.29,,,,,,,,
btc-updown-5m-1786519500,btc-5m,2026-08-12 07:20:06.350000+00:00,2026-08-12 07:37:46.684000+00:00,2026-08-12,15,293.65000009536743,-1.45,1.45,False,True,,2026-08-12T07:24:46.520Z,,,13.48,,0.01,0.29,,,,,,,,
btc-updown-5m-1786519200,btc-5m,2026-08-12 07:15:05.396000+00:00,2026-08-12 07:28:30.802000+00:00,2026-08-12,15,294.60400009155273,-1.4,1.4,False,True,2026-08-12T07:22:03.038Z,,,,-123.038,0.028,,0.29,,,,,,,,
btc-updown-5m-1786518900,btc-5m,2026-08-12 07:10:04.421000+00:00,2026-08-12 07:23:45.920000+00:00,2026-08-12,15,295.5789999961853,-1.4,1.4,False,True,2026-08-12T07:15:16.816Z,,,,-16.816,0.003,,0.29,,,,,,,,
btc-updown-15m-1786518000,btc-15m,2026-08-12 06:45:07.370000+00:00,2026-08-12 07:22:45.718000+00:00,2026-08-12,14,892.6300001144409,-1.9,1.9,False,True,,2026-08-12T07:00:03.221Z,,,-3.221,,0.598,0.39,,,,,,,,
btc-updown-5m-1786518600,btc-5m,2026-08-12 07:05:05.522000+00:00,2026-08-12 07:19:51.271000+00:00,2026-08-12,15,294.4779999256134,-1.45,1.45,False,True,2026-08-12T07:10:07.908Z,,,,-7.908,0.016,,0.29,,,,,,,,
btc-updown-5m-1786518300,btc-5m,2026-08-12 07:00:05.546000+00:00,2026-08-12 07:15:47.122000+00:00,2026-08-12,15,294.4539999961853,-0.8,0.8,False,True,,2026-08-12T07:07:04.776Z,,,-124.776,,0.448,0.29,,,,,,,,
btc-updown-5m-1786518000,btc-5m,2026-08-12 06:55:08.011000+00:00,2026-08-12 07:13:06.039000+00:00,2026-08-12,14,291.989000082016,-1.05,1.05,False,True,,2026-08-12T07:00:12.444Z,,,-12.444,,0.008,0.29,,,,,,,,
btc-updown-5m-1786517700,btc-5m,2026-08-12 06:50:06.651000+00:00,2026-08-12 07:07:56.531000+00:00,2026-08-12,14,293.3489999771118,-0.75,0.75,False,True,,2026-08-12T06:55:51.296Z,,,-51.296,,0.003,0.29,,,,,,,,
btc-updown-15m-1786517100,btc-15m,2026-08-12 06:30:04.757000+00:00,2026-08-12 07:07:29.224000+00:00,2026-08-12,14,895.2430000305176,2.2,2.8,True,False,2026-08-12T06:54:44.220Z,2026-08-12T06:45:36.987Z,2026-08-12T06:54:44.220Z,-584.22,-36.987,0.386,0.023,0.29,,,,,,,,
btc-updown-5m-1786517400,btc-5m,2026-08-12 06:45:05.451000+00:00,2026-08-12 06:58:29.776000+00:00,2026-08-12,14,294.54900002479553,-1.2,1.2,False,True,2026-08-12T06:51:06.138Z,,,,-66.138,0.009,,0.29,,,,,,,,
btc-updown-5m-1786516800,btc-5m,2026-08-12 06:35:04.333000+00:00,2026-08-12 06:54:16.251000+00:00,2026-08-12,14,295.6670000553131,-1.45,1.45,False,True,2026-08-12T06:41:02.177Z,,,,-62.177,0.013,,0.29,,,,,,,,
btc-updown-5m-1786517100,btc-5m,2026-08-12 06:40:03.519000+00:00,2026-08-12 06:52:53.322000+00:00,2026-08-12,14,296.48099994659424,-1.15,1.15,False,True,,2026-08-12T06:45:23.602Z,,,-23.602,,0.435,0.29,,,,,,,,
btc-updown-15m-1786516200,btc-15m,2026-08-12 06:15:04.598000+00:00,2026-08-12 06:50:59.820000+00:00,2026-08-12,14,895.4019999504089,2.1,2.9,True,False,2026-08-12T06:32:24.270Z,2026-08-12T06:34:49.820Z,2026-08-12T06:34:49.820Z,-289.82,-144.27,0.014,0.011,0.29,,,,,,,,
btc-updown-5m-1786516500,btc-5m,2026-08-12 06:30:06.138000+00:00,2026-08-12 06:49:14.833000+00:00,2026-08-12,14,293.8619999885559,-1.4,1.4,False,True,,2026-08-12T06:35:08.600Z,,,-8.6,,0.012,0.29,,,,,,,,
btc-updown-5m-1786516200,btc-5m,2026-08-12 06:25:02.480000+00:00,2026-08-12 06:38:00.503000+00:00,2026-08-12,14,297.5199999809265,2.4,2.6,True,False,2026-08-12T06:30:28.673Z,2026-08-12T06:34:45.997Z,2026-08-12T06:34:45.997Z,-285.997,-28.673,0.007,0.002,0.29,,,,,,,,
btc-updown-5m-1786515900,btc-5m,2026-08-12 06:20:04.226000+00:00,2026-08-12 06:37:57.894000+00:00,2026-08-12,14,295.7739999294281,-1.25,1.25,False,True,,2026-08-12T06:27:31.221Z,,,-151.221,,0.016,0.29,,,,,,,,
btc-updown-15m-1786515300,btc-15m,2026-08-12 06:00:07.438000+00:00,2026-08-12 06:35:52.068000+00:00,2026-08-12,14,892.5620000362396,1.6,3.4,True,False,2026-08-12T06:15:16.189Z,2026-08-12T06:16:59.959Z,2026-08-12T06:16:59.959Z,-119.959,-16.189,0.002,0.007,0.39,,,,,,,,
btc-updown-5m-1786515600,btc-5m,2026-08-12 06:15:06.745000+00:00,2026-08-12 06:31:33.989000+00:00,2026-08-12,14,293.2550001144409,2.25,2.75,True,False,2026-08-12T06:20:16.639Z,2026-08-12T06:20:01.744Z,2026-08-12T06:20:16.639Z,-16.639,-1.744,0.005,0.459,0.29,,,,,,,,
btc-updown-5m-1786515300,btc-5m,2026-08-12 06:10:05.153000+00:00,2026-08-12 06:28:12.015000+00:00,2026-08-12,14,294.84699988365173,-1.1,1.1,False,True,,2026-08-12T06:16:54.726Z,,,-114.726,,0.022,0.29,,,,,,,,
btc-updown-5m-1786515000,btc-5m,2026-08-12 06:05:05.883000+00:00,2026-08-12 06:21:40.768000+00:00,2026-08-12,14,294.1170001029968,-1.35,1.35,False,True,2026-08-12T06:11:07.499Z,,,,-67.499,0.019,,0.29,,,,,,,,
btc-updown-15m-1786514400,btc-15m,2026-08-12 05:45:05.372000+00:00,2026-08-12 06:20:39.876000+00:00,2026-08-12,13,894.6280000209808,-1.65,1.65,False,True,2026-08-12T06:00:05.605Z,,,,-5.605,0.414,,0.39,,,,,,,,
btc-updown-5m-1786514700,btc-5m,2026-08-12 06:00:09.821000+00:00,2026-08-12 06:16:03.901000+00:00,2026-08-12,14,290.17899990081787,-1.3,1.3,False,True,2026-08-12T06:07:45.026Z,,,,-165.026,0.041,,0.29,,,,,,,,
btc-updown-5m-1786514400,btc-5m,2026-08-12 05:55:04.589000+00:00,2026-08-12 06:09:01.368000+00:00,2026-08-12,13,295.41100001335144,-0.95,0.95,False,True,2026-08-12T06:00:04.452Z,,,,-4.452,0.401,,0.29,,,,,,,,
btc-updown-5m-1786514100,btc-5m,2026-08-12 05:50:06.799000+00:00,2026-08-12 06:05:30.521000+00:00,2026-08-12,13,293.20099997520447,-1.4,1.4,False,True,,2026-08-12T05:55:52.259Z,,,-52.259,,0.002,0.29,,,,,,,,
btc-updown-15m-1786513500,btc-15m,2026-08-12 05:30:04.438000+00:00,2026-08-12 06:05:09.585000+00:00,2026-08-12,13,895.5620000362396,1.4,3.6,True,False,2026-08-12T05:50:03.627Z,2026-08-12T05:48:12.321Z,2026-08-12T05:50:03.627Z,-303.627,-192.321,0.011,0.014,0.39,,,,,,,,
btc-updown-5m-1786513800,btc-5m,2026-08-12 05:45:07.238000+00:00,2026-08-12 05:58:58.268000+00:00,2026-08-12,13,292.76200008392334,-0.55,0.55,False,True,2026-08-12T05:50:11.912Z,,,,-11.912,0.002,,0.29,,,,,,,,
btc-updown-5m-1786513500,btc-5m,2026-08-12 05:40:06.354000+00:00,2026-08-12 05:57:42.130000+00:00,2026-08-12,13,293.64599990844727,3.65,1.35,True,False,2026-08-12T05:49:35.510Z,2026-08-12T05:48:11.431Z,2026-08-12T05:49:35.510Z,-275.51,-191.431,0.008,0.006,0.29,,,,,,,,
btc-updown-5m-1786513200,btc-5m,2026-08-12 05:35:05.276000+00:00,2026-08-12 05:51:00.137000+00:00,2026-08-12,13,294.7239999771118,-1.25,1.25,False,True,2026-08-12T05:40:33.432Z,,,,-33.432,0.021,,0.29,,,,,,,,
btc-updown-15m-1786512600,btc-15m,2026-08-12 05:15:02.034000+00:00,2026-08-12 05:50:32.627000+00:00,2026-08-12,13,897.9660000801086,1.4,3.6,True,False,2026-08-12T05:41:20.308Z,2026-08-12T05:30:51.624Z,2026-08-12T05:41:20.308Z,-680.308,-51.624,0.016,0.002,0.39,,,,,,,,
btc-updown-5m-1786512900,btc-5m,2026-08-12 05:30:06.353000+00:00,2026-08-12 05:46:00.688000+00:00,2026-08-12,13,293.6470000743866,-0.95,0.95,False,True,2026-08-12T05:35:34.007Z,,,,-34.007,0.007,,0.29,,,,,,,,
btc-updown-5m-1786512600,btc-5m,2026-08-12 05:25:02.646000+00:00,2026-08-12 05:42:40.886000+00:00,2026-08-12,13,297.35400009155273,-0.9,0.9,False,True,,2026-08-12T05:30:53.728Z,,,-53.728,,2.111,0.29,,,,,,,,
btc-updown-15m-1786511700,btc-15m,2026-08-12 05:00:01.853000+00:00,2026-08-12 05:35:25.734000+00:00,2026-08-12,13,898.1470000743866,-1.95,1.95,False,True,,2026-08-12T05:16:15.845Z,,,-75.845,,0.823,0.39,,,,,,,,
btc-updown-5m-1786512000,btc-5m,2026-08-12 05:15:03.558000+00:00,2026-08-12 05:32:37.469000+00:00,2026-08-12,13,296.44199991226196,3.0,2.0,True,False,2026-08-12T05:20:46.433Z,2026-08-12T05:22:55.455Z,2026-08-12T05:22:55.455Z,-175.455,-46.433,0.004,0.014,0.29,,,,,,,,
btc-updown-5m-1786512300,btc-5m,2026-08-12 05:20:06.094000+00:00,2026-08-12 05:32:36.305000+00:00,2026-08-12,13,293.9059998989105,-1.2,1.2,False,True,,2026-08-12T05:25:16.043Z,,,-16.043,,0.009,0.29,,,,,,,,
btc-updown-5m-1786511700,btc-5m,2026-08-12 05:10:02.919000+00:00,2026-08-12 05:28:48.287000+00:00,2026-08-12,13,297.0810000896454,-1.35,1.35,False,True,,2026-08-12T05:16:15.028Z,,,-75.028,,0.007,0.29,,,,,,,,
btc-updown-15m-1786510800,btc-15m,2026-08-12 04:45:05.583000+00:00,2026-08-12 05:22:21.020000+00:00,2026-08-12,12,894.4170000553131,1.85,3.15,True,False,2026-08-12T05:02:26.010Z,2026-08-12T05:09:39.512Z,2026-08-12T05:09:39.512Z,-579.512,-146.01,0.01,0.02,0.39,,,,,,,,
btc-updown-5m-1786511400,btc-5m,2026-08-12 05:05:05.258000+00:00,2026-08-12 05:19:00.108000+00:00,2026-08-12,13,294.7420001029968,-1.45,1.45,False,True,,2026-08-12T05:10:10.772Z,,,-10.772,,0.006,0.29,,,,,,,,
btc-updown-5m-1786511100,btc-5m,2026-08-12 05:00:03.745000+00:00,2026-08-12 05:17:32.215000+00:00,2026-08-12,13,296.2550001144409,2.3,2.7,True,False,2026-08-12T05:05:28.311Z,2026-08-12T05:08:19.865Z,2026-08-12T05:08:19.865Z,-199.865,-28.311,0.002,0.017,0.29,,,,,,,,
btc-updown-5m-1786510800,btc-5m,2026-08-12 04:55:06.678000+00:00,2026-08-12 05:12:30.946000+00:00,2026-08-12,12,293.3220000267029,-0.8,0.8,False,True,2026-08-12T05:02:27.958Z,,,,-147.958,0.008,,0.29,,,,,,,,
btc-updown-15m-1786509900,btc-15m,2026-08-12 04:30:04.956000+00:00,2026-08-12 05:07:21.175000+00:00,2026-08-12,12,895.0439999103546,1.3,3.7,True,False,2026-08-12T04:45:03.740Z,2026-08-12T04:47:02.913Z,2026-08-12T04:47:02.913Z,-122.913,-3.74,0.341,0.007,0.39,,,,,,,,
btc-updown-5m-1786510500,btc-5m,2026-08-12 04:50:05.505000+00:00,2026-08-12 05:03:52.181000+00:00,2026-08-12,12,294.4949998855591,-0.85,0.85,False,True,2026-08-12T04:56:13.912Z,,,,-73.912,0.002,,0.29,,,,,,,,
btc-updown-5m-1786510200,btc-5m,2026-08-12 04:45:07.066000+00:00,2026-08-12 05:03:44.670000+00:00,2026-08-12,12,292.9340000152588,-1.0,1.0,False,True,,2026-08-12T04:51:33.246Z,,,-93.246,,0.009,0.29,,,,,,,,
btc-updown-5m-1786509900,btc-5m,2026-08-12 04:40:05.053000+00:00,2026-08-12 04:57:27.006000+00:00,2026-08-12,12,294.9470000267029,-1.4,1.4,False,True,,2026-08-12T04:46:51.921Z,,,-111.921,,0.005,0.29,,,,,,,,
btc-updown-15m-1786509000,btc-15m,2026-08-12 04:15:05.529000+00:00,2026-08-12 04:53:20.793000+00:00,2026-08-12,12,894.470999956131,-1.5,1.5,False,True,2026-08-12T04:30:11.897Z,,,,-11.897,0.007,,0.38,,,,,,,,
btc-updown-5m-1786509600,btc-5m,2026-08-12 04:35:04.519000+00:00,2026-08-12 04:52:25.446000+00:00,2026-08-12,12,295.48099994659424,-0.9,0.9,False,True,,2026-08-12T04:41:03.243Z,,,-63.243,,0.081,0.29,,,,,,,,
btc-updown-5m-1786509300,btc-5m,2026-08-12 04:30:07.114000+00:00,2026-08-12 04:47:22.556000+00:00,2026-08-12,12,292.885999917984,-1.1,1.1,False,True,,2026-08-12T04:38:58.097Z,,,-238.097,,0.013,0.29,,,,,,,,
btc-updown-5m-1786509000,btc-5m,2026-08-12 04:25:03.125000+00:00,2026-08-12 04:42:01.663000+00:00,2026-08-12,12,296.875,-1.25,1.25,False,True,2026-08-12T04:30:03.195Z,,,,-3.195,0.416,,0.29,,,,,,,,
btc-updown-5m-1786508700,btc-5m,2026-08-12 04:20:04.959000+00:00,2026-08-12 04:37:01.091000+00:00,2026-08-12,12,295.0409998893738,-1.2,1.2,False,True,2026-08-12T04:25:12.793Z,,,,-12.793,0.005,,0.29,,,,,,,,
btc-updown-15m-1786508100,btc-15m,2026-08-12 04:00:07.874000+00:00,2026-08-12 04:34:07.142000+00:00,2026-08-12,12,892.1259999275208,-1.85,1.85,False,True,,2026-08-12T04:16:39.679Z,,,-99.679,,0.815,0.38,,,,,,,,
btc-updown-5m-1786508400,btc-5m,2026-08-12 04:15:07.902000+00:00,2026-08-12 04:28:34.404000+00:00,2026-08-12,12,292.09800004959106,-0.95,0.95,False,True,,2026-08-12T04:20:35.410Z,,,-35.41,,0.001,0.29,,,,,,,,
btc-updown-15m-1786507200,btc-15m,2026-08-12 03:45:04.919000+00:00,2026-08-12 04:23:51.065000+00:00,2026-08-12,11,895.0810000896454,-1.2,1.2,False,True,2026-08-12T04:08:06.620Z,,,,-486.62,0.003,,0.38,,,,,,,,
btc-updown-5m-1786508100,btc-5m,2026-08-12 04:10:04.106000+00:00,2026-08-12 04:23:32.964000+00:00,2026-08-12,12,295.89400005340576,-1.2,1.2,False,True,,2026-08-12T04:16:38.880Z,,,-98.88,,0.014,0.29,,,,,,,,
btc-updown-5m-1786507800,btc-5m,2026-08-12 04:05:05.454000+00:00,2026-08-12 04:21:33.354000+00:00,2026-08-12,12,294.5460000038147,-1.45,1.45,False,True,2026-08-12T04:11:21.827Z,,,,-81.827,0.002,,0.29,,,,,,,,
btc-updown-5m-1786507500,btc-5m,2026-08-12 04:00:05.930000+00:00,2026-08-12 04:16:37.385000+00:00,2026-08-12,12,294.0699999332428,-0.75,0.75,False,True,2026-08-12T04:08:01.227Z,,,,-181.227,0.001,,0.29,,,,,,,,
btc-updown-5m-1786507200,btc-5m,2026-08-12 03:55:05.824000+00:00,2026-08-12 04:12:12.380000+00:00,2026-08-12,11,294.1760001182556,2.15,2.85,True,False,2026-08-12T04:03:01.255Z,2026-08-12T04:04:26.057Z,2026-08-12T04:04:26.057Z,-266.057,-181.255,0.006,0.041,0.29,,,,,,,,
btc-updown-15m-1786506300,btc-15m,2026-08-12 03:30:07.651000+00:00,2026-08-12 04:08:48.142000+00:00,2026-08-12,11,892.3489999771118,1.85,3.15,True,False,2026-08-12T03:45:09.340Z,2026-08-12T03:57:59.144Z,2026-08-12T03:57:59.144Z,-779.144,-9.34,0.834,0.002,0.38,,,,,,,,
btc-updown-5m-1786506900,btc-5m,2026-08-12 03:50:05.472000+00:00,2026-08-12 04:07:05.118000+00:00,2026-08-12,11,294.52800011634827,2.8,2.2,True,False,2026-08-12T03:56:53.451Z,2026-08-12T03:56:26.517Z,2026-08-12T03:56:53.451Z,-113.451,-86.517,0.001,0.003,0.29,,,,,,,,
btc-updown-5m-1786506600,btc-5m,2026-08-12 03:45:02.684000+00:00,2026-08-12 04:01:46.519000+00:00,2026-08-12,11,297.3159999847412,-1.35,1.35,False,True,2026-08-12T03:50:04.138Z,,,,-4.138,0.477,,0.29,,,,,,,,
btc-updown-5m-1786506300,btc-5m,2026-08-12 03:40:05.953000+00:00,2026-08-12 03:56:40.492000+00:00,2026-08-12,11,294.04699993133545,2.4,2.6,True,False,2026-08-12T03:45:08.531Z,2026-08-12T03:48:58.590Z,2026-08-12T03:48:58.590Z,-238.59,-8.531,0.026,0.009,0.29,,,,,,,,
btc-updown-5m-1786506000,btc-5m,2026-08-12 03:35:04.854000+00:00,2026-08-12 03:53:13.699000+00:00,2026-08-12,11,295.14599990844727,-1.4,1.4,False,True,2026-08-12T03:43:04.700Z,,,,-184.7,0.01,,0.29,,,,,,,,
btc-updown-15m-1786505400,btc-15m,2026-08-12 03:15:07.464000+00:00,2026-08-12 03:52:17.523000+00:00,2026-08-12,11,892.5360000133514,1.35,3.65,True,False,2026-08-12T03:30:05.282Z,2026-08-12T03:31:10.596Z,2026-08-12T03:31:10.596Z,-70.596,-5.282,0.458,0.013,0.38,,,,,,,,
btc-updown-5m-1786505700,btc-5m,2026-08-12 03:30:09.692000+00:00,2026-08-12 03:48:06.367000+00:00,2026-08-12,11,290.30800008773804,-1.2,1.2,False,True,,2026-08-12T03:35:08.310Z,,,-8.31,,0.019,0.29,,,,,,,,
btc-updown-5m-1786505400,btc-5m,2026-08-12 03:25:04.478000+00:00,2026-08-12 03:43:07.594000+00:00,2026-08-12,11,295.5220000743866,2.1,2.9,True,False,2026-08-12T03:30:29.305Z,2026-08-12T03:31:06.648Z,2026-08-12T03:31:06.648Z,-66.648,-29.305,1.873,0.002,0.29,,,,,,,,
btc-updown-15m-1786504500,btc-15m,2026-08-12 03:00:08.140000+00:00,2026-08-12 03:37:56.573000+00:00,2026-08-12,11,891.8599998950958,-1.75,1.75,False,True,,2026-08-12T03:15:47.733Z,,,-47.733,,0.013,0.38,,,,,,,,
btc-updown-5m-1786505100,btc-5m,2026-08-12 03:20:03.606000+00:00,2026-08-12 03:36:40.076000+00:00,2026-08-12,11,296.39400005340576,2.25,2.75,True,False,2026-08-12T03:27:31.902Z,2026-08-12T03:25:47.764Z,2026-08-12T03:27:31.902Z,-151.902,-47.764,0.013,0.002,0.29,,,,,,,,
btc-updown-5m-1786504800,btc-5m,2026-08-12 03:15:09.336000+00:00,2026-08-12 03:31:53.614000+00:00,2026-08-12,11,290.6640000343323,-1.45,1.45,False,True,,2026-08-12T03:21:24.747Z,,,-84.747,,0.008,0.29,,,,,,,,
btc-updown-5m-1786504500,btc-5m,2026-08-12 03:10:06.736000+00:00,2026-08-12 03:26:27.434000+00:00,2026-08-12,11,293.26399993896484,-1.1,1.1,False,True,,2026-08-12T03:15:49.819Z,,,-49.819,,0.003,0.29,,,,,,,,
btc-updown-15m-1786503600,btc-15m,2026-08-12 02:45:05.527000+00:00,2026-08-12 03:22:03.102000+00:00,2026-08-12,10,894.4730000495911,1.45,3.55,True,False,2026-08-12T03:10:50.350Z,2026-08-12T03:00:04.551Z,2026-08-12T03:10:50.350Z,-650.35,-4.551,0.014,0.47,0.38,,,,,,,,
btc-updown-5m-1786504200,btc-5m,2026-08-12 03:05:02.033000+00:00,2026-08-12 03:21:26.684000+00:00,2026-08-12,11,297.9670000076294,-0.85,0.85,False,True,2026-08-12T03:10:27.135Z,,,,-27.135,0.005,,0.29,,,,,,,,
btc-updown-5m-1786503900,btc-5m,2026-08-12 03:00:06.275000+00:00,2026-08-12 03:16:05.299000+00:00,2026-08-12,11,293.72499990463257,-1.35,1.35,False,True,2026-08-12T03:06:38.666Z,,,,-98.666,0.002,,0.29,,,,,,,,
btc-updown-5m-1786503600,btc-5m,2026-08-12 02:55:03+00:00,2026-08-12 03:11:06.842000+00:00,2026-08-12,10,297.0,-0.75,0.75,False,True,,2026-08-12T03:00:12.401Z,,,-12.401,,0.008,0.29,,,,,,,,
btc-updown-5m-1786503300,btc-5m,2026-08-12 02:50:05.631000+00:00,2026-08-12 03:05:22.543000+00:00,2026-08-12,10,294.36899995803833,-1.45,1.45,False,True,2026-08-12T02:55:30.521Z,,,,-30.521,0.008,,0.29,,,,,,,,
btc-updown-15m-1786502700,btc-15m,2026-08-12 02:30:07.191000+00:00,2026-08-12 03:04:28.609000+00:00,2026-08-12,10,892.8090000152588,0.2,4.8,True,False,2026-08-12T02:30:12.818Z,2026-08-12T02:45:07.058Z,2026-08-12T02:45:07.058Z,-7.058,887.182,2.009,0.021,0.49,,,,,,,,
btc-updown-5m-1786503000,btc-5m,2026-08-12 02:45:03.554000+00:00,2026-08-12 03:00:18.563000+00:00,2026-08-12,10,296.44600009918213,-0.75,0.75,False,True,2026-08-12T02:53:16.704Z,,,,-196.704,0.011,,0.29,,,,,,,,
btc-updown-5m-1786502700,btc-5m,2026-08-12 02:40:02.718000+00:00,2026-08-12 02:55:20.040000+00:00,2026-08-12,10,297.28200006484985,2.5,2.5,True,False,2026-08-12T02:46:07.444Z,2026-08-12T02:48:20.085Z,2026-08-12T02:48:20.085Z,-200.085,-67.444,0.028,0.011,0.29,,,,,,,,
btc-updown-15m-1786501800,btc-15m,2026-08-12 02:15:05.271000+00:00,2026-08-12 02:51:02.961000+00:00,2026-08-12,10,894.7290000915527,1.2,3.8,True,False,2026-08-12T02:31:00.813Z,2026-08-12T02:30:03.502Z,2026-08-12T02:31:00.813Z,-60.813,-3.502,1.972,0.479,0.38,,,,,,,,
btc-updown-5m-1786502400,btc-5m,2026-08-12 02:35:07.117000+00:00,2026-08-12 02:49:35.883000+00:00,2026-08-12,10,292.8829998970032,-1.45,1.45,False,True,2026-08-12T02:40:48.716Z,,,,-48.716,0.015,,0.29,,,,,,,,
btc-updown-5m-1786502100,btc-5m,2026-08-12 02:30:04.971000+00:00,2026-08-12 02:45:19.126000+00:00,2026-08-12,10,295.029000043869,-1.3,1.3,False,True,2026-08-12T02:36:02.111Z,,,,-62.111,0.009,,0.29,,,,,,,,
btc-updown-5m-1786501800,btc-5m,2026-08-12 02:25:05.133000+00:00,2026-08-12 02:40:12.103000+00:00,2026-08-12,10,294.8670001029968,2.6,2.4,True,False,2026-08-12T02:30:58.844Z,2026-08-12T02:30:10.876Z,2026-08-12T02:30:58.844Z,-58.844,-10.876,0.002,0.005,0.29,,,,,,,,
btc-updown-15m-1786500900,btc-15m,2026-08-12 02:00:06.613000+00:00,2026-08-12 02:36:03.811000+00:00,2026-08-12,10,893.3870000839233,1.45,3.55,True,False,2026-08-12T02:20:07.546Z,2026-08-12T02:28:24.851Z,2026-08-12T02:28:24.851Z,-804.851,-307.546,0.012,0.003,0.38,,,,,,,,
btc-updown-5m-1786501500,btc-5m,2026-08-12 02:20:03.993000+00:00,2026-08-12 02:34:56.974000+00:00,2026-08-12,10,296.0069999694824,-1.1,1.1,False,True,,2026-08-12T02:25:08.495Z,,,-8.495,,0.01,0.29,,,,,,,,
btc-updown-5m-1786501200,btc-5m,2026-08-12 02:15:03.212000+00:00,2026-08-12 02:30:08.946000+00:00,2026-08-12,10,296.7880001068115,-1.45,1.45,False,True,2026-08-12T02:20:25.771Z,,,,-25.771,0.002,,0.29,,,,,,,,
btc-updown-5m-1786500900,btc-5m,2026-08-12 02:10:04.491000+00:00,2026-08-12 02:29:27.497000+00:00,2026-08-12,10,295.5090000629425,-1.45,1.45,False,True,2026-08-12T02:17:42.921Z,,,,-162.921,0.015,,0.29,,,,,,,,
btc-updown-5m-1786500300,btc-5m,2026-08-12 02:00:08.642000+00:00,2026-08-12 02:20:18.906000+00:00,2026-08-12,10,291.3580000400543,-0.7,0.7,False,True,,2026-08-12T02:06:51.933Z,,,-111.933,,0.004,0.29,,,,,,,,
btc-updown-5m-1786500600,btc-5m,2026-08-12 02:05:04.362000+00:00,2026-08-12 02:20:05.570000+00:00,2026-08-12,10,295.6380000114441,2.6,2.4,True,False,2026-08-12T02:11:27.620Z,2026-08-12T02:14:15.591Z,2026-08-12T02:14:15.591Z,-255.591,-87.62,0.018,0.001,0.29,,,,,,,,
btc-updown-15m-1786500000,btc-15m,2026-08-12 01:45:03.117000+00:00,2026-08-12 02:18:15.609000+00:00,2026-08-12,9,896.8829998970032,0.6,4.4,True,False,2026-08-12T01:45:08.996Z,2026-08-12T02:00:04.244Z,2026-08-12T02:00:04.244Z,-4.244,891.004,0.942,1.001,0.49,,,,,,,,
btc-updown-5m-1786500000,btc-5m,2026-08-12 01:55:02.997000+00:00,2026-08-12 02:11:03.795000+00:00,2026-08-12,9,297.00300002098083,-1.25,1.25,False,True,,2026-08-12T02:00:35.344Z,,,-35.344,,0.014,0.29,,,,,,,,
btc-updown-5m-1786499700,btc-5m,2026-08-12 01:50:03.549000+00:00,2026-08-12 02:04:59.639000+00:00,2026-08-12,9,296.45099997520447,2.25,2.75,True,False,2026-08-12T01:55:24.118Z,2026-08-12T01:58:09.096Z,2026-08-12T01:58:09.096Z,-189.096,-24.118,0.005,0.004,0.29,,,,,,,,
btc-updown-15m-1786499100,btc-15m,2026-08-12 01:30:05.182000+00:00,2026-08-12 02:03:11.627000+00:00,2026-08-12,9,894.8180000782013,0.1,4.9,True,False,2026-08-12T01:40:11.617Z,2026-08-12T01:47:09.560Z,2026-08-12T01:47:09.560Z,-129.56,288.383,1.736,0.013,0.49,,,,,,,,
btc-updown-5m-1786499400,btc-5m,2026-08-12 01:45:05.551000+00:00,2026-08-12 02:00:33.378000+00:00,2026-08-12,9,294.4489998817444,2.3,2.7,True,False,2026-08-12T01:53:44.011Z,2026-08-12T01:51:02.330Z,2026-08-12T01:53:44.011Z,-224.011,-62.33,0.004,0.011,0.29,,,,,,,,
btc-updown-5m-1786499100,btc-5m,2026-08-12 01:40:06.733000+00:00,2026-08-12 01:57:18.658000+00:00,2026-08-12,9,293.2669999599457,2.15,2.85,True,False,2026-08-12T01:45:50.484Z,2026-08-12T01:47:55.405Z,2026-08-12T01:47:55.405Z,-175.405,-50.484,0.012,0.012,0.29,,,,,,,,
btc-updown-15m-1786498200,btc-15m,2026-08-12 01:15:07.379000+00:00,2026-08-12 01:52:39.752000+00:00,2026-08-12,9,892.6210000514984,0.25,4.75,True,False,2026-08-12T01:26:19.667Z,2026-08-12T01:38:41.059Z,2026-08-12T01:38:41.059Z,-521.059,220.333,2.237,0.014,0.49,,,,,,,,
btc-updown-5m-1786498800,btc-5m,2026-08-12 01:35:03.460000+00:00,2026-08-12 01:51:55.987000+00:00,2026-08-12,9,296.539999961853,-1.3,1.3,False,True,,2026-08-12T01:40:15.978Z,,,-15.978,,0.018,0.29,,,,,,,,
btc-updown-5m-1786498500,btc-5m,2026-08-12 01:30:07.200000+00:00,2026-08-12 01:46:01.322000+00:00,2026-08-12,9,292.7999999523163,-1.2,1.2,False,True,,2026-08-12T01:36:35.395Z,,,-95.395,,0.011,0.29,,,,,,,,
btc-updown-5m-1786498200,btc-5m,2026-08-12 01:25:05.564000+00:00,2026-08-12 01:40:08.236000+00:00,2026-08-12,9,294.4360001087189,-1.4,1.4,False,True,2026-08-12T01:30:10.915Z,,,,-10.915,0.005,,0.29,,,,,,,,
btc-updown-15m-1786497300,btc-15m,2026-08-12 01:00:07.634000+00:00,2026-08-12 01:37:02.855000+00:00,2026-08-12,9,892.3659999370575,-2.45,2.45,False,True,2026-08-12T01:06:04.472Z,,,,535.528,1.726,,0.49,,,,,,,,
btc-updown-5m-1786497900,btc-5m,2026-08-12 01:20:03.532000+00:00,2026-08-12 01:34:53.894000+00:00,2026-08-12,9,296.46799993515015,-1.4,1.4,False,True,,2026-08-12T01:25:28.165Z,,,-28.165,,0.01,0.29,,,,,,,,
btc-updown-5m-1786497600,btc-5m,2026-08-12 01:15:05.306000+00:00,2026-08-12 01:30:17.830000+00:00,2026-08-12,9,294.69400000572205,-1.3,1.3,False,True,2026-08-12T01:21:32.538Z,,,,-92.538,0.009,,0.29,,,,,,,,
btc-updown-5m-1786497300,btc-5m,2026-08-12 01:10:04.869000+00:00,2026-08-12 01:24:38.859000+00:00,2026-08-12,9,295.13100004196167,-0.8,0.8,False,True,2026-08-12T01:15:44.045Z,,,,-44.045,0.974,,0.29,,,,,,,,
btc-updown-15m-1786496400,btc-15m,2026-08-12 00:45:02.732000+00:00,2026-08-12 01:20:19.226000+00:00,2026-08-12,8,897.2679998874664,1.25,3.75,True,False,2026-08-12T01:02:43.727Z,2026-08-12T01:00:59.044Z,2026-08-12T01:02:43.727Z,-163.727,-59.044,0.01,0.002,0.38,,,,,,,,
btc-updown-5m-1786497000,btc-5m,2026-08-12 01:05:05.319000+00:00,2026-08-12 01:18:44.618000+00:00,2026-08-12,9,294.68099999427795,-0.95,0.95,False,True,,2026-08-12T01:10:44.008Z,,,-44.008,,0.018,0.29,,,,,,,,
btc-updown-5m-1786496700,btc-5m,2026-08-12 01:00:10.090000+00:00,2026-08-12 01:15:41.918000+00:00,2026-08-12,9,289.9100000858307,-1.0,1.0,False,True,,2026-08-12T01:05:27.115Z,,,-27.115,,0.008,0.29,,,,,,,,
btc-updown-5m-1786496400,btc-5m,2026-08-12 00:55:02.794000+00:00,2026-08-12 01:11:44.835000+00:00,2026-08-12,8,297.2060000896454,2.55,2.45,True,False,2026-08-12T01:02:44.594Z,2026-08-12T01:01:00.822Z,2026-08-12T01:02:44.594Z,-164.594,-60.822,0.002,0.015,0.29,,,,,,,,
btc-updown-15m-1786495500,btc-15m,2026-08-12 00:30:06.846000+00:00,2026-08-12 01:09:17.864000+00:00,2026-08-12,8,893.154000043869,-1.85,1.85,False,True,,2026-08-12T00:46:01.529Z,,,-61.529,,0.021,0.38,,,,,,,,
btc-updown-5m-1786496100,btc-5m,2026-08-12 00:50:07.088000+00:00,2026-08-12 01:08:14.783000+00:00,2026-08-12,8,292.9119999408722,-1.4,1.4,False,True,,2026-08-12T00:58:37.386Z,,,-217.386,,0.013,0.29,,,,,,,,
btc-updown-5m-1786495800,btc-5m,2026-08-12 00:45:04.731000+00:00,2026-08-12 00:59:48.593000+00:00,2026-08-12,8,295.26900005340576,2.15,2.85,True,False,2026-08-12T00:53:55.657Z,2026-08-12T00:53:08.267Z,2026-08-12T00:53:55.657Z,-235.657,-188.267,0.018,0.012,0.29,,,,,,,,
btc-updown-5m-1786495500,btc-5m,2026-08-12 00:40:03.724000+00:00,2026-08-12 00:57:40.934000+00:00,2026-08-12,8,296.2760000228882,-1.4,1.4,False,True,,2026-08-12T00:45:10.666Z,,,-10.666,,0.014,0.29,,,,,,,,
btc-updown-5m-1786495200,btc-5m,2026-08-12 00:35:06.104000+00:00,2026-08-12 00:51:35.147000+00:00,2026-08-12,8,293.89599990844727,-1.45,1.45,False,True,,2026-08-12T00:40:02.346Z,,,-2.346,,0.456,0.29,,,,,,,,
btc-updown-15m-1786494600,btc-15m,2026-08-12 00:15:06.771000+00:00,2026-08-12 00:50:58.741000+00:00,2026-08-12,8,893.2290000915527,0.2,4.8,True,False,2026-08-12T00:28:46.581Z,2026-08-12T00:30:32.739Z,2026-08-12T00:30:32.739Z,-32.739,73.419,2.067,0.874,0.49,,,,,,,,
btc-updown-5m-1786494900,btc-5m,2026-08-12 00:30:04.926000+00:00,2026-08-12 00:46:28.262000+00:00,2026-08-12,8,295.0739998817444,3.3,1.7,True,False,2026-08-12T00:39:24.769Z,2026-08-12T00:36:38.701Z,2026-08-12T00:39:24.769Z,-264.769,-98.701,0.015,0.005,0.29,,,,,,,,
btc-updown-5m-1786494600,btc-5m,2026-08-12 00:25:05.163000+00:00,2026-08-12 00:40:19.901000+00:00,2026-08-12,8,294.8369998931885,-1.05,1.05,False,True,,2026-08-12T00:30:31.873Z,,,-31.873,,0.009,0.29,,,,,,,,
btc-updown-5m-1786494300,btc-5m,2026-08-12 00:20:03.525000+00:00,2026-08-12 00:36:29.466000+00:00,2026-08-12,8,296.47499990463257,3.1,1.9,True,False,2026-08-12T00:29:26.357Z,2026-08-12T00:27:22.760Z,2026-08-12T00:29:26.357Z,-266.357,-142.76,0.002,0.008,0.29,,,,,,,,
btc-updown-15m-1786493700,btc-15m,2026-08-12 00:00:08.755000+00:00,2026-08-12 00:34:29.463000+00:00,2026-08-12,8,891.2449998855591,0.3,4.7,True,False,2026-08-12T00:15:05.312Z,2026-08-12T00:11:05.516Z,2026-08-12T00:15:05.312Z,-5.312,234.484,0.778,1.375,0.49,,,,,,,,
btc-updown-5m-1786494000,btc-5m,2026-08-12 00:15:09.319000+00:00,2026-08-12 00:30:15.906000+00:00,2026-08-12,8,290.68099999427795,-1.45,1.45,False,True,,2026-08-12T00:20:14.413Z,,,-14.413,,0.003,0.29,,,,,,,,
btc-updown-5m-1786493700,btc-5m,2026-08-12 00:10:07.318000+00:00,2026-08-12 00:25:34.182000+00:00,2026-08-12,8,292.6819999217987,2.35,2.65,True,False,2026-08-12T00:15:32.689Z,2026-08-12T00:18:44.930Z,2026-08-12T00:18:44.930Z,-224.93,-32.689,0.002,0.048,0.29,,,,,,,,
btc-updown-15m-1786492800,btc-15m,2026-08-11 23:45:04.645000+00:00,2026-08-12 00:23:28.244000+00:00,2026-08-12,7,895.3550000190735,0.85,4.15,True,False,2026-08-12T00:00:06.766Z,2026-08-11T23:59:10.237Z,2026-08-12T00:00:06.766Z,-6.766,49.763,0.574,0.891,0.49,,,,,,,,
btc-updown-5m-1786493400,btc-5m,2026-08-12 00:05:05.076000+00:00,2026-08-12 00:19:17.584000+00:00,2026-08-12,8,294.92400002479553,2.4,2.6,True,False,2026-08-12T00:10:05.575Z,2026-08-12T00:13:22.100Z,2026-08-12T00:13:22.100Z,-202.1,-5.575,0.307,0.003,0.29,,,,,,,,
btc-updown-5m-1786493100,btc-5m,2026-08-12 00:00:11.405000+00:00,2026-08-12 00:14:44.175000+00:00,2026-08-12,8,288.59500002861023,-1.25,1.25,False,True,2026-08-12T00:05:07.892Z,,,,-7.892,0.003,,0.29,,,,,,,,
btc-updown-5m-1786492800,btc-5m,2026-08-11 23:55:03.551000+00:00,2026-08-12 00:11:03.516000+00:00,2026-08-12,7,296.4489998817444,-1.15,1.15,False,True,2026-08-12T00:00:04.767Z,,,,-4.767,0.636,,0.29,,,,,,,,
btc-updown-15m-1786491900,btc-15m,2026-08-11 23:30:02.672000+00:00,2026-08-12 00:07:48.674000+00:00,2026-08-12,7,897.3280000686646,0.35,4.65,True,False,2026-08-11T23:45:15.843Z,2026-08-11T23:45:48.837Z,2026-08-11T23:45:48.837Z,-48.837,-15.843,0.004,0.018,0.49,,,,,,,,
btc-updown-5m-1786492500,btc-5m,2026-08-11 23:50:05.671000+00:00,2026-08-12 00:04:16.713000+00:00,2026-08-12,7,294.3289999961853,-1.35,1.35,False,True,2026-08-11T23:57:17.517Z,,,,-137.517,0.005,,0.29,,,,,,,,
btc-updown-5m-1786492200,btc-5m,2026-08-11 23:45:06.649000+00:00,2026-08-12 00:04:10.594000+00:00,2026-08-12,7,293.3510000705719,2.3,2.7,True,False,2026-08-11T23:52:52.268Z,2026-08-11T23:51:05.999Z,2026-08-11T23:52:52.268Z,-172.268,-65.999,0.02,0.003,0.29,,,,,,,,
btc-updown-5m-1786491900,btc-5m,2026-08-11 23:40:05.317000+00:00,2026-08-11 23:59:21.123000+00:00,2026-08-12,7,294.68300008773804,-1.2,1.2,False,True,2026-08-11T23:48:08.279Z,,,,-188.279,0.002,,0.29,,,,,,,,
btc-updown-15m-1786491000,btc-15m,2026-08-11 23:15:05.986000+00:00,2026-08-11 23:54:59.295000+00:00,2026-08-12,7,894.0139999389648,0.25,4.75,True,False,2026-08-11T23:31:13.238Z,2026-08-11T23:30:42.741Z,2026-08-11T23:31:13.238Z,-73.238,-42.741,0.004,0.005,0.49,,,,,,,,
btc-updown-5m-1786491600,btc-5m,2026-08-11 23:35:03.905000+00:00,2026-08-11 23:50:07.234000+00:00,2026-08-12,7,296.09500002861023,-1.45,1.45,False,True,,2026-08-11T23:41:12.565Z,,,-72.565,,0.339,0.29,,,,,,,,
btc-updown-5m-1786491300,btc-5m,2026-08-11 23:30:04.410000+00:00,2026-08-11 23:46:10.767000+00:00,2026-08-12,7,295.5899999141693,-1.45,1.45,False,True,,2026-08-11T23:35:37.444Z,,,-37.444,,0.002,0.29,,,,,,,,
btc-updown-5m-1786491000,btc-5m,2026-08-11 23:25:04.495000+00:00,2026-08-11 23:41:08.376000+00:00,2026-08-12,7,295.5050001144409,2.6,2.4,True,False,2026-08-11T23:32:47.134Z,2026-08-11T23:34:12.636Z,2026-08-11T23:34:12.636Z,-252.636,-167.134,0.01,0.008,0.29,,,,,,,,
btc-updown-5m-1786490700,btc-5m,2026-08-11 23:20:05.505000+00:00,2026-08-11 23:35:04.981000+00:00,2026-08-12,7,294.4949998855591,2.95,2.05,True,False,2026-08-11T23:28:19.576Z,2026-08-11T23:26:13.785Z,2026-08-11T23:28:19.576Z,-199.576,-73.785,0.01,0.021,0.29,,,,,,,,
btc-updown-15m-1786490100,btc-15m,2026-08-11 23:00:01.984000+00:00,2026-08-11 23:34:52.740000+00:00,2026-08-12,7,898.0160000324249,0.3,4.7,True,False,2026-08-11T23:15:11.989Z,2026-08-11T23:14:04.468Z,2026-08-11T23:15:11.989Z,-11.989,55.532,0.019,0.536,0.49,,,,,,,,
btc-updown-5m-1786490400,btc-5m,2026-08-11 23:15:08.394000+00:00,2026-08-11 23:30:05.782000+00:00,2026-08-12,7,291.60599994659424,-1.45,1.45,False,True,,2026-08-11T23:20:13.824Z,,,-13.824,,0.011,0.29,,,,,,,,
btc-updown-5m-1786490100,btc-5m,2026-08-11 23:10:02.942000+00:00,2026-08-11 23:25:05.814000+00:00,2026-08-12,7,297.05800008773804,-1.45,1.45,False,True,2026-08-11T23:15:44.661Z,,,,-44.661,0.002,,0.29,,,,,,,,
btc-updown-5m-1786489800,btc-5m,2026-08-11 23:05:03.100000+00:00,2026-08-11 23:22:23.600000+00:00,2026-08-12,7,296.90000009536743,3.2,1.8,True,False,2026-08-11T23:14:45.659Z,2026-08-11T23:10:54.463Z,2026-08-11T23:14:45.659Z,-285.659,-54.463,0.009,0.008,0.29,,,,,,,,
btc-updown-15m-1786489200,btc-15m,2026-08-11 22:45:04.019000+00:00,2026-08-11 23:21:20.424000+00:00,2026-08-12,6,895.9809999465942,-2.3,2.3,False,True,2026-08-11T23:00:09.051Z,,,,-9.051,0.006,,0.49,,,,,,,,
btc-updown-5m-1786489500,btc-5m,2026-08-11 23:00:05.316000+00:00,2026-08-11 23:17:15.804000+00:00,2026-08-12,7,294.6840000152588,-1.4,1.4,False,True,2026-08-11T23:06:25.399Z,,,,-85.399,0.009,,0.29,,,,,,,,
btc-updown-5m-1786489200,btc-5m,2026-08-11 22:55:05.071000+00:00,2026-08-11 23:10:51.498000+00:00,2026-08-12,6,294.92899990081787,-0.85,0.85,False,True,2026-08-11T23:00:16.630Z,,,,-16.63,0.016,,0.29,,,,,,,,
btc-updown-5m-1786488900,btc-5m,2026-08-11 22:50:04.193000+00:00,2026-08-11 23:07:04.974000+00:00,2026-08-12,6,295.8069999217987,-1.1,1.1,False,True,,2026-08-11T22:56:49.196Z,,,-109.196,,0.016,0.29,,,,,,,,
btc-updown-15m-1786488300,btc-15m,2026-08-11 22:30:06.317000+00:00,2026-08-11 23:04:23.193000+00:00,2026-08-12,6,893.683000087738,0.3,4.7,True,False,2026-08-11T22:45:51.221Z,2026-08-11T22:45:05.642Z,2026-08-11T22:45:51.221Z,-51.221,-5.642,0.018,0.021,0.49,,,,,,,,
btc-updown-5m-1786488600,btc-5m,2026-08-11 22:45:02.438000+00:00,2026-08-11 22:59:30.158000+00:00,2026-08-12,6,297.5620000362396,-1.05,1.05,False,True,,2026-08-11T22:51:59.599Z,,,-119.599,,0.009,0.29,,,,,,,,
btc-updown-5m-1786488300,btc-5m,2026-08-11 22:40:04.535000+00:00,2026-08-11 22:57:03.558000+00:00,2026-08-12,6,295.4649999141693,-1.25,1.25,False,True,2026-08-11T22:45:55.898Z,,,,-55.898,0.025,,0.29,,,,,,,,
btc-updown-15m-1786487400,btc-15m,2026-08-11 22:15:06.371000+00:00,2026-08-11 22:54:11.644000+00:00,2026-08-12,6,893.6289999485016,0.55,4.45,True,False,2026-08-11T22:31:04.844Z,2026-08-11T22:30:09.885Z,2026-08-11T22:31:04.844Z,-64.844,-9.885,0.024,0.003,0.49,,,,,,,,
btc-updown-5m-1786488000,btc-5m,2026-08-11 22:35:02.792000+00:00,2026-08-11 22:51:57.311000+00:00,2026-08-12,6,297.2079999446869,-1.45,1.45,False,True,2026-08-11T22:42:06.481Z,,,,-126.481,0.008,,0.29,,,,,,,,
btc-updown-5m-1786487700,btc-5m,2026-08-11 22:30:03.782000+00:00,2026-08-11 22:43:48.741000+00:00,2026-08-12,6,296.21799993515015,-1.2,1.2,False,True,2026-08-11T22:36:04.037Z,,,,-64.037,0.01,,0.29,,,,,,,,
btc-updown-5m-1786487400,btc-5m,2026-08-11 22:25:03.164000+00:00,2026-08-11 22:38:49.509000+00:00,2026-08-12,6,296.8359999656677,2.5,2.5,True,False,2026-08-11T22:31:50.920Z,2026-08-11T22:32:33.176Z,2026-08-11T22:32:33.176Z,-153.176,-110.92,0.002,0.003,0.29,,,,,,,,
btc-updown-15m-1786486500,btc-15m,2026-08-11 22:00:06.647000+00:00,2026-08-11 22:35:00.128000+00:00,2026-08-12,6,893.3529999256134,0.5,4.5,True,False,2026-08-11T22:13:07.810Z,2026-08-11T22:16:14.335Z,2026-08-11T22:16:14.335Z,-74.335,112.19,0.407,0.004,0.49,,,,,,,,
btc-updown-5m-1786487100,btc-5m,2026-08-11 22:20:05.435000+00:00,2026-08-11 22:33:48.174000+00:00,2026-08-12,6,294.56500005722046,-1.45,1.45,False,True,2026-08-11T22:26:23.619Z,,,,-83.619,0.438,,0.29,,,,,,,,
btc-updown-5m-1786486800,btc-5m,2026-08-11 22:15:07.932000+00:00,2026-08-11 22:30:37.954000+00:00,2026-08-12,6,292.0680000782013,-1.2,1.2,False,True,,2026-08-11T22:20:31.201Z,,,-31.201,,0.006,0.29,,,,,,,,
btc-updown-5m-1786486500,btc-5m,2026-08-11 22:10:07.002000+00:00,2026-08-11 22:25:31.538000+00:00,2026-08-12,6,292.9979999065399,3.2,1.8,True,False,2026-08-11T22:18:22.026Z,2026-08-11T22:17:39.715Z,2026-08-11T22:18:22.026Z,-202.026,-159.715,0.003,0.004,0.29,,,,,,,,
btc-updown-15m-1786485600,btc-15m,2026-08-11 21:45:05.924000+00:00,2026-08-11 22:24:00.711000+00:00,2026-08-12,5,894.0759999752045,0.35,4.65,True,False,2026-08-11T22:00:01.684Z,2026-08-11T22:00:10.170Z,2026-08-11T22:00:10.170Z,-10.17,-1.684,0.522,0.024,0.49,,,,,,,,
btc-updown-5m-1786486200,btc-5m,2026-08-11 22:05:03.650000+00:00,2026-08-11 22:20:33.424000+00:00,2026-08-12,6,296.34999990463257,2.55,2.45,True,False,2026-08-11T22:10:24.659Z,2026-08-11T22:11:27.202Z,2026-08-11T22:11:27.202Z,-87.202,-24.659,0.015,0.002,0.29,,,,,,,,
btc-updown-5m-1786485900,btc-5m,2026-08-11 22:00:04.308000+00:00,2026-08-11 22:15:33.770000+00:00,2026-08-12,6,295.69199991226196,2.45,2.55,True,False,2026-08-11T22:09:01.673Z,2026-08-11T22:07:13.032Z,2026-08-11T22:09:01.673Z,-241.673,-133.032,0.011,0.002,0.29,,,,,,,,
btc-updown-5m-1786485600,btc-5m,2026-08-11 21:55:03.384000+00:00,2026-08-11 22:11:28.881000+00:00,2026-08-12,5,296.6159999370575,-1.4,1.4,False,True,,2026-08-11T22:00:25.184Z,,,-25.184,,0.008,0.29,,,,,,,,
btc-updown-15m-1786484700,btc-15m,2026-08-11 21:30:04.106000+00:00,2026-08-11 22:08:48.013000+00:00,2026-08-12,5,895.8940000534058,0.15,4.85,True,False,2026-08-11T21:45:20.726Z,2026-08-11T21:44:05.555Z,2026-08-11T21:45:20.726Z,-20.726,54.445,0.029,0.1,0.49,,,,,,,,
btc-updown-5m-1786485300,btc-5m,2026-08-11 21:50:03.708000+00:00,2026-08-11 22:05:11.273000+00:00,2026-08-12,5,296.2920000553131,-1.4,1.4,False,True,,2026-08-11T21:57:19.117Z,,,-139.117,,0.011,0.29,,,,,,,,
btc-updown-5m-1786485000,btc-5m,2026-08-11 21:45:07.981000+00:00,2026-08-11 22:01:22.511000+00:00,2026-08-12,5,292.01900005340576,-1.45,1.45,False,True,,2026-08-11T21:53:27.271Z,,,-207.271,,0.009,0.29,,,,,,,,
btc-updown-5m-1786484700,btc-5m,2026-08-11 21:40:05.765000+00:00,2026-08-11 21:56:21.897000+00:00,2026-08-12,5,294.2349998950958,2.7,2.3,True,False,2026-08-11T21:46:22.219Z,2026-08-11T21:47:46.711Z,2026-08-11T21:47:46.711Z,-166.711,-82.219,0.01,0.002,0.29,,,,,,,,
btc-updown-5m-1786484400,btc-5m,2026-08-11 21:35:03.751000+00:00,2026-08-11 21:51:22.351000+00:00,2026-08-12,5,296.24900007247925,-1.45,1.45,False,True,,2026-08-11T21:41:24.075Z,,,-84.075,,0.007,0.29,,,,,,,,
btc-updown-15m-1786483800,btc-15m,2026-08-11 21:15:02.903000+00:00,2026-08-11 21:51:11.722000+00:00,2026-08-12,5,897.0969998836517,0.3,4.7,True,False,2026-08-11T21:30:11.279Z,2026-08-11T21:42:05.209Z,2026-08-11T21:42:05.209Z,-725.209,-11.279,0.002,0.007,0.49,,,,,,,,
btc-updown-5m-1786484100,btc-5m,2026-08-11 21:30:06.414000+00:00,2026-08-11 21:45:51.696000+00:00,2026-08-12,5,293.5859999656677,2.65,2.35,True,False,2026-08-11T21:35:15.498Z,2026-08-11T21:37:14.102Z,2026-08-11T21:37:14.102Z,-134.102,-15.498,0.002,0.966,0.29,,,,,,,,
btc-updown-5m-1786483800,btc-5m,2026-08-11 21:25:05.543000+00:00,2026-08-11 21:39:43.172000+00:00,2026-08-12,5,294.45700001716614,-1.05,1.05,False,True,2026-08-11T21:31:03.784Z,,,,-63.784,0.007,,0.29,,,,,,,,
btc-updown-15m-1786482900,btc-15m,2026-08-11 21:00:03.646000+00:00,2026-08-11 21:36:51.595000+00:00,2026-08-12,5,896.3540000915527,0.55,4.45,True,False,2026-08-11T21:05:04.932Z,2026-08-11T21:15:11.224Z,2026-08-11T21:15:11.224Z,-11.224,595.068,0.082,0.002,0.49,,,,,,,,
btc-updown-5m-1786483500,btc-5m,2026-08-11 21:20:03.155000+00:00,2026-08-11 21:34:20.586000+00:00,2026-08-12,5,296.84500002861023,-1.3,1.3,False,True,,2026-08-11T21:25:16.527Z,,,-16.527,,0.005,0.29,,,,,,,,
btc-updown-5m-1786483200,btc-5m,2026-08-11 21:15:05.001000+00:00,2026-08-11 21:31:07.209000+00:00,2026-08-12,5,294.99900007247925,-1.05,1.05,False,True,2026-08-11T21:22:03.975Z,,,,-123.975,0.006,,0.29,,,,,,,,
btc-updown-5m-1786482900,btc-5m,2026-08-11 21:10:07.146000+00:00,2026-08-11 21:24:33.505000+00:00,2026-08-12,5,292.85400009155273,2.9,2.1,True,False,2026-08-11T21:16:23.560Z,2026-08-11T21:15:09.073Z,2026-08-11T21:16:23.560Z,-83.56,-9.073,0.011,0.003,0.29,,,,,,,,
btc-updown-15m-1786482000,btc-15m,2026-08-11 20:45:05.322000+00:00,2026-08-11 21:23:52.733000+00:00,2026-08-12,4,894.6779999732971,0.15,4.85,True,False,2026-08-11T20:58:09.070Z,2026-08-11T21:00:54.691Z,2026-08-11T21:00:54.691Z,-54.691,110.93,0.027,0.006,0.49,,,,,,,,
btc-updown-5m-1786482600,btc-5m,2026-08-11 21:05:07.760000+00:00,2026-08-11 21:20:46.094000+00:00,2026-08-12,5,292.24000000953674,2.6,2.4,True,False,2026-08-11T21:13:26.492Z,2026-08-11T21:11:33.570Z,2026-08-11T21:13:26.492Z,-206.492,-93.57,0.002,0.017,0.29,,,,,,,,
btc-updown-5m-1786482300,btc-5m,2026-08-11 21:00:05.897000+00:00,2026-08-11 21:16:02.961000+00:00,2026-08-12,5,294.1029999256134,-1.4,1.4,False,True,2026-08-11T21:09:27.503Z,,,,-267.503,0.004,,0.29,,,,,,,,
btc-updown-5m-1786482000,btc-5m,2026-08-11 20:55:05.464000+00:00,2026-08-11 21:12:28.843000+00:00,2026-08-12,4,294.53600001335144,-1.4,1.4,False,True,,2026-08-11T21:04:32.461Z,,,-272.461,,0.008,0.29,,,,,,,,
btc-updown-15m-1786481100,btc-15m,2026-08-11 20:30:10.920000+00:00,2026-08-11 21:07:53.651000+00:00,2026-08-12,4,889.079999923706,0.55,4.45,True,False,2026-08-11T20:40:42.797Z,2026-08-11T20:45:10.791Z,2026-08-11T20:45:10.791Z,-10.791,257.203,0.034,0.005,0.49,,,,,,,,
btc-updown-5m-1786481700,btc-5m,2026-08-11 20:50:05.862000+00:00,2026-08-11 21:05:45.984000+00:00,2026-08-12,4,294.1380000114441,-1.35,1.35,False,True,,2026-08-11T20:55:33.816Z,,,-33.816,,0.247,0.29,,,,,,,,
btc-updown-5m-1786481400,btc-5m,2026-08-11 20:45:07.204000+00:00,2026-08-11 21:02:17.867000+00:00,2026-08-12,4,292.7960000038147,-1.05,1.05,False,True,,2026-08-11T20:53:48.534Z,,,-228.534,,0.013,0.29,,,,,,,,
btc-updown-5m-1786481100,btc-5m,2026-08-11 20:40:03.629000+00:00,2026-08-11 20:53:47.876000+00:00,2026-08-12,4,296.3710000514984,-1.35,1.35,False,True,,2026-08-11T20:46:06.542Z,,,-66.542,,0.007,0.29,,,,,,,,
btc-updown-15m-1786480200,btc-15m,2026-08-11 20:15:05.112000+00:00,2026-08-11 20:52:42.950000+00:00,2026-08-12,4,894.8880000114441,1.0,4.0,True,False,2026-08-11T20:15:31.813Z,2026-08-11T20:30:06.536Z,2026-08-11T20:30:06.536Z,-6.536,868.187,0.658,0.065,0.49,,,,,,,,
btc-updown-5m-1786480800,btc-5m,2026-08-11 20:35:04.307000+00:00,2026-08-11 20:48:47+00:00,2026-08-12,4,295.6930000782013,2.65,2.35,True,False,2026-08-11T20:42:22.553Z,2026-08-11T20:41:01.398Z,2026-08-11T20:42:22.553Z,-142.553,-61.398,0.004,0.011,0.29,,,,,,,,
btc-updown-5m-1786480500,btc-5m,2026-08-11 20:30:08.366000+00:00,2026-08-11 20:43:46.047000+00:00,2026-08-12,4,291.6340000629425,-1.35,1.35,False,True,,2026-08-11T20:37:51.009Z,,,-171.009,,0.002,0.29,,,,,,,,
btc-updown-5m-1786480200,btc-5m,2026-08-11 20:25:03.728000+00:00,2026-08-11 20:40:35.588000+00:00,2026-08-12,4,296.2720000743866,-1.25,1.25,False,True,,2026-08-11T20:30:05.535Z,,,-5.535,,0.097,0.29,,,,,,,,
btc-updown-15m-1786479300,btc-15m,2026-08-11 20:00:03.268000+00:00,2026-08-11 20:37:32.024000+00:00,2026-08-12,4,896.7320001125336,-2.4,2.4,False,True,2026-08-11T20:06:07.375Z,,,,532.625,1.53,,0.49,,,,,,,,
btc-updown-5m-1786479900,btc-5m,2026-08-11 20:20:02.225000+00:00,2026-08-11 20:35:16.529000+00:00,2026-08-12,4,297.77500009536743,2.35,2.65,True,False,2026-08-11T20:25:43.661Z,2026-08-11T20:27:55.769Z,2026-08-11T20:27:55.769Z,-175.769,-43.661,0.016,0.019,0.29,,,,,,,,
btc-updown-5m-1786479600,btc-5m,2026-08-11 20:15:07.022000+00:00,2026-08-11 20:30:17.298000+00:00,2026-08-12,4,292.9779999256134,-1.45,1.45,False,True,,2026-08-11T20:23:24.223Z,,,-204.223,,0.001,0.29,,,,,,,,
btc-updown-5m-1786479300,btc-5m,2026-08-11 20:10:04.716000+00:00,2026-08-11 20:25:11.159000+00:00,2026-08-12,4,295.28399991989136,-1.05,1.05,False,True,2026-08-11T20:16:51.483Z,,,,-111.483,0.004,,0.29,,,,,,,,
btc-updown-15m-1786478400,btc-15m,2026-08-11 19:45:08.710000+00:00,2026-08-11 20:23:08.175000+00:00,2026-08-12,3,891.289999961853,0.75,4.25,True,False,2026-08-11T19:59:04.244Z,2026-08-11T20:00:09.165Z,2026-08-11T20:00:09.165Z,-9.165,55.756,0.227,0.015,0.49,,,,,,,,
btc-updown-5m-1786479000,btc-5m,2026-08-11 20:05:03.022000+00:00,2026-08-11 20:23:00.298000+00:00,2026-08-12,4,296.9779999256134,-1.3,1.3,False,True,2026-08-11T20:12:02.601Z,,,,-122.601,0.002,,0.29,,,,,,,,
btc-updown-5m-1786478700,btc-5m,2026-08-11 20:00:05.113000+00:00,2026-08-11 20:15:25.606000+00:00,2026-08-12,4,294.88700008392334,-1.4,1.4,False,True,,2026-08-11T20:06:49.166Z,,,-109.166,,0.376,0.29,,,,,,,,
btc-updown-5m-1786478400,btc-5m,2026-08-11 19:55:02.545000+00:00,2026-08-11 20:10:00.224000+00:00,2026-08-12,3,297.45499992370605,-1.4,1.4,False,True,,2026-08-11T20:00:11.222Z,,,-11.222,,0.016,0.29,,,,,,,,
btc-updown-15m-1786477500,btc-15m,2026-08-11 19:30:05.910000+00:00,2026-08-11 20:06:48.794000+00:00,2026-08-12,3,894.0899999141693,0.5,4.5,True,False,2026-08-11T19:44:28.374Z,2026-08-11T19:45:04.446Z,2026-08-11T19:45:04.446Z,-4.446,31.626,0.113,0.442,0.49,,,,,,,,
btc-updown-5m-1786478100,btc-5m,2026-08-11 19:50:03.715000+00:00,2026-08-11 20:05:04.401000+00:00,2026-08-12,3,296.2850000858307,-1.45,1.45,False,True,,2026-08-11T19:56:36.776Z,,,-96.776,,0.002,0.29,,,,,,,,
btc-updown-5m-1786477800,btc-5m,2026-08-11 19:45:06.696000+00:00,2026-08-11 19:59:58.046000+00:00,2026-08-12,3,293.30399990081787,2.1,2.9,True,False,2026-08-11T19:50:20.824Z,2026-08-11T19:52:45.684Z,2026-08-11T19:52:45.684Z,-165.684,-20.824,0.002,0.008,0.29,,,,,,,,
btc-updown-5m-1786477500,btc-5m,2026-08-11 19:40:06.680000+00:00,2026-08-11 19:55:03.676000+00:00,2026-08-12,3,293.3199999332428,2.75,2.25,True,False,2026-08-11T19:48:16.349Z,2026-08-11T19:46:00.961Z,2026-08-11T19:48:16.349Z,-196.349,-60.961,0.019,0.013,0.29,,,,,,,,
btc-updown-15m-1786476600,btc-15m,2026-08-11 19:15:07.401000+00:00,2026-08-11 19:53:00.448000+00:00,2026-08-12,3,892.5989999771118,-2.45,2.45,False,True,,2026-08-11T19:19:12.869Z,,,647.131,,0.032,0.49,,,,,,,,
btc-updown-5m-1786477200,btc-5m,2026-08-11 19:35:07.168000+00:00,2026-08-11 19:52:41.718000+00:00,2026-08-12,3,292.83200001716614,2.15,2.85,True,False,2026-08-11T19:40:41.379Z,2026-08-11T19:42:34.503Z,2026-08-11T19:42:34.503Z,-154.503,-41.379,0.97,0.005,0.29,,,,,,,,
btc-updown-5m-1786476900,btc-5m,2026-08-11 19:30:04.087000+00:00,2026-08-11 19:46:26.603000+00:00,2026-08-12,3,295.9130001068115,-1.0,1.0,False,True,,2026-08-11T19:37:36.767Z,,,-156.767,,0.001,0.29,,,,,,,,
btc-updown-5m-1786476600,btc-5m,2026-08-11 19:25:03.694000+00:00,2026-08-11 19:42:28.609000+00:00,2026-08-12,3,296.30599999427795,-1.25,1.25,False,True,,2026-08-11T19:30:32.485Z,,,-32.485,,0.012,0.29,,,,,,,,
btc-updown-15m-1786475700,btc-15m,2026-08-11 19:00:08.601000+00:00,2026-08-11 19:39:06.368000+00:00,2026-08-12,3,891.3989999294281,0.4,4.6,True,False,2026-08-11T19:15:12.215Z,2026-08-11T19:10:00.059Z,2026-08-11T19:15:12.215Z,-12.215,299.941,0.007,0.026,0.49,,,,,,,,
btc-updown-5m-1786476300,btc-5m,2026-08-11 19:20:04.821000+00:00,2026-08-11 19:33:39.228000+00:00,2026-08-12,3,295.17899990081787,-1.35,1.35,False,True,,2026-08-11T19:25:52.626Z,,,-52.626,,0.018,0.29,,,,,,,,
btc-updown-5m-1786476000,btc-5m,2026-08-11 19:15:05.461000+00:00,2026-08-11 19:31:07.773000+00:00,2026-08-12,3,294.5390000343323,-1.3,1.3,False,True,,2026-08-11T19:21:22.891Z,,,-82.891,,0.013,0.29,,,,,,,,
btc-updown-5m-1786475700,btc-5m,2026-08-11 19:10:06.161000+00:00,2026-08-11 19:27:42.172000+00:00,2026-08-12,3,293.83899998664856,-1.3,1.3,False,True,,2026-08-11T19:16:07.371Z,,,-67.371,,0.011,0.29,,,,,,,,
btc-updown-5m-1786475400,btc-5m,2026-08-11 19:05:04.357000+00:00,2026-08-11 19:24:03.624000+00:00,2026-08-12,3,295.64299988746643,2.35,2.65,True,False,2026-08-11T19:11:32.774Z,2026-08-11T19:13:19.134Z,2026-08-11T19:13:19.134Z,-199.134,-92.774,0.003,0.012,0.29,,,,,,,,
btc-updown-15m-1786474800,btc-15m,2026-08-11 18:45:08.047000+00:00,2026-08-11 19:22:30.590000+00:00,2026-08-12,2,891.9530000686646,-1.75,1.75,False,True,2026-08-11T19:02:06.048Z,,,,-126.048,0.005,,0.39,,,,,,,,
btc-updown-5m-1786475100,btc-5m,2026-08-11 19:00:05.814000+00:00,2026-08-11 19:14:13.983000+00:00,2026-08-12,3,294.1860001087189,-1.3,1.3,False,True,2026-08-11T19:06:00.761Z,,,,-60.761,0.003,,0.29,,,,,,,,
btc-updown-5m-1786474800,btc-5m,2026-08-11 18:55:03.667000+00:00,2026-08-11 19:08:58.893000+00:00,2026-08-12,2,296.3329999446869,-1.45,1.45,False,True,2026-08-11T19:00:43.761Z,,,,-43.761,0.004,,0.29,,,,,,,,
btc-updown-15m-1786473900,btc-15m,2026-08-11 18:30:08.534000+00:00,2026-08-11 19:07:19.560000+00:00,2026-08-12,2,891.4660000801086,0.3,4.7,True,False,2026-08-11T18:45:03.684Z,2026-08-11T18:34:13.720Z,2026-08-11T18:45:03.684Z,-3.684,646.28,0.415,1.729,0.49,,,,,,,,
btc-updown-5m-1786474500,btc-5m,2026-08-11 18:50:05.727000+00:00,2026-08-11 19:03:55.610000+00:00,2026-08-12,2,294.27300000190735,2.3,2.7,True,False,2026-08-11T18:55:40.283Z,2026-08-11T18:58:10.197Z,2026-08-11T18:58:10.197Z,-190.197,-40.283,0.028,0.002,0.29,,,,,,,,
btc-updown-5m-1786474200,btc-5m,2026-08-11 18:45:06.258000+00:00,2026-08-11 18:59:03.168000+00:00,2026-08-12,2,293.7420001029968,-1.35,1.35,False,True,,2026-08-11T18:51:21.901Z,,,-81.901,,0.003,0.29,,,,,,,,
btc-updown-5m-1786473900,btc-5m,2026-08-11 18:40:03.823000+00:00,2026-08-11 18:56:16.538000+00:00,2026-08-12,2,296.17700004577637,-1.25,1.25,False,True,,2026-08-11T18:47:39.052Z,,,-159.052,,0.001,0.29,,,,,,,,
btc-updown-15m-1786473000,btc-15m,2026-08-11 18:15:05.968000+00:00,2026-08-11 18:52:06.515000+00:00,2026-08-12,2,894.0320000648499,0.4,4.6,True,False,2026-08-11T18:30:03.852Z,2026-08-11T18:27:49.775Z,2026-08-11T18:30:03.852Z,-3.852,130.225,0.962,0.008,0.49,,,,,,,,
btc-updown-5m-1786473600,btc-5m,2026-08-11 18:35:04.195000+00:00,2026-08-11 18:48:54.308000+00:00,2026-08-12,2,295.8050000667572,-1.4,1.4,False,True,2026-08-11T18:40:14.962Z,,,,-14.962,0.008,,0.29,,,,,,,,
btc-updown-5m-1786473300,btc-5m,2026-08-11 18:30:06.572000+00:00,2026-08-11 18:43:45.092000+00:00,2026-08-12,2,293.4279999732971,3.05,1.95,True,False,2026-08-11T18:38:40.946Z,2026-08-11T18:35:08.625Z,2026-08-11T18:38:40.946Z,-220.946,-8.625,0.01,0.002,0.29,,,,,,,,
btc-updown-5m-1786473000,btc-5m,2026-08-11 18:25:04.864000+00:00,2026-08-11 18:43:27.910000+00:00,2026-08-12,2,295.135999917984,2.85,2.15,True,False,2026-08-11T18:33:28.369Z,2026-08-11T18:31:49.934Z,2026-08-11T18:33:28.369Z,-208.369,-109.934,0.016,0.007,0.29,,,,,,,,
btc-updown-5m-1786472700,btc-5m,2026-08-11 18:20:05.641000+00:00,2026-08-11 18:37:14.596000+00:00,2026-08-12,2,294.3589999675751,-1.3,1.3,False,True,2026-08-11T18:25:35.007Z,,,,-35.007,0.013,,0.29,,,,,,,,
btc-updown-15m-1786472100,btc-15m,2026-08-11 18:00:09.462000+00:00,2026-08-11 18:36:04.634000+00:00,2026-08-12,2,890.5380001068115,0.8,4.2,True,False,2026-08-11T18:15:04.601Z,2026-08-11T18:15:41.412Z,2026-08-11T18:15:41.412Z,-41.412,-4.601,0.458,0.006,0.49,,,,,,,,
btc-updown-5m-1786472400,btc-5m,2026-08-11 18:15:08.379000+00:00,2026-08-11 18:28:51.138000+00:00,2026-08-12,2,291.6210000514984,-0.9,0.9,False,True,2026-08-11T18:21:27.113Z,,,,-87.113,1.119,,0.29,,,,,,,,
btc-updown-5m-1786472100,btc-5m,2026-08-11 18:10:04.530000+00:00,2026-08-11 18:23:22.470000+00:00,2026-08-12,2,295.47000002861023,-1.35,1.35,False,True,,2026-08-11T18:17:14.392Z,,,-134.392,,0.003,0.29,,,,,,,,
btc-updown-5m-1786471800,btc-5m,2026-08-11 18:05:04.491000+00:00,2026-08-11 18:22:05.352000+00:00,2026-08-12,2,295.5090000629425,-1.15,1.15,False,True,,2026-08-11T18:12:19.328Z,,,-139.328,,0.004,0.29,,,,,,,,
btc-updown-15m-1786471200,btc-15m,2026-08-11 17:45:08.999000+00:00,2026-08-11 18:20:52.525000+00:00,2026-08-12,1,891.0009999275208,0.65,4.35,True,False,2026-08-11T18:00:05.381Z,2026-08-11T17:59:11.808Z,2026-08-11T18:00:05.381Z,-5.381,48.192,0.472,0.012,0.49,,,,,,,,
btc-updown-5m-1786471500,btc-5m,2026-08-11 18:00:07.477000+00:00,2026-08-11 18:13:44.385000+00:00,2026-08-12,2,292.52300000190735,-1.4,1.4,False,True,2026-08-11T18:06:44.127Z,,,,-104.127,0.002,,0.29,,,,,,,,
btc-updown-5m-1786471200,btc-5m,2026-08-11 17:55:05.037000+00:00,2026-08-11 18:08:41.808000+00:00,2026-08-12,1,294.9630000591278,2.4,2.6,True,False,2026-08-11T18:01:13.028Z,2026-08-11T18:02:08.081Z,2026-08-11T18:02:08.081Z,-128.081,-73.028,0.002,0.008,0.29,,,,,,,,
btc-updown-5m-1786470900,btc-5m,2026-08-11 17:50:05.621000+00:00,2026-08-11 18:07:00.743000+00:00,2026-08-12,1,294.3789999485016,-1.35,1.35,False,True,,2026-08-11T17:55:17.077Z,,,-17.077,,0.002,0.29,,,,,,,,
btc-updown-15m-1786470300,btc-15m,2026-08-11 17:30:06.102000+00:00,2026-08-11 18:05:27.506000+00:00,2026-08-12,1,893.8980000019073,0.85,4.15,True,False,2026-08-11T17:45:06.659Z,2026-08-11T17:44:46.846Z,2026-08-11T17:45:06.659Z,-6.659,13.154,0.44,0.538,0.49,,,,,,,,
btc-updown-5m-1786470600,btc-5m,2026-08-11 17:45:11+00:00,2026-08-11 18:01:21.856000+00:00,2026-08-12,1,289.0,2.1,2.9,True,False,2026-08-11T17:50:04.406Z,2026-08-11T17:52:16.206Z,2026-08-11T17:52:16.206Z,-136.206,-4.406,0.477,0.029,0.29,,,,,,,,
btc-updown-5m-1786470300,btc-5m,2026-08-11 17:40:04.305000+00:00,2026-08-11 17:56:41.786000+00:00,2026-08-12,1,295.6949999332428,2.35,2.65,True,False,2026-08-11T17:45:05.308Z,2026-08-11T17:46:40.300Z,2026-08-11T17:46:40.300Z,-100.3,-5.308,0.498,0.018,0.29,,,,,,,,
btc-updown-5m-1786470000,btc-5m,2026-08-11 17:35:06.259000+00:00,2026-08-11 17:49:38.655000+00:00,2026-08-12,1,293.7409999370575,2.2,2.8,True,False,2026-08-11T17:40:53.861Z,2026-08-11T17:41:33.709Z,2026-08-11T17:41:33.709Z,-93.709,-53.861,0.004,0.002,0.29,,,,,,,,
btc-updown-15m-1786469400,btc-15m,2026-08-11 17:15:06.244000+00:00,2026-08-11 17:49:19.484000+00:00,2026-08-12,1,893.7560000419617,0.2,4.8,True,False,2026-08-11T17:30:58.691Z,2026-08-11T17:29:48.332Z,2026-08-11T17:30:58.691Z,-58.691,11.668,0.015,0.172,0.49,,,,,,,,
btc-updown-5m-1786469700,btc-5m,2026-08-11 17:30:04.078000+00:00,2026-08-11 17:46:25.137000+00:00,2026-08-12,1,295.92199993133545,-1.4,1.4,False,True,2026-08-11T17:37:15.205Z,,,,-135.205,0.004,,0.29,,,,,,,,
btc-updown-5m-1786469400,btc-5m,2026-08-11 17:25:03.456000+00:00,2026-08-11 17:41:21.063000+00:00,2026-08-12,1,296.5439999103546,2.6,2.4,True,False,2026-08-11T17:32:55.672Z,2026-08-11T17:33:43.299Z,2026-08-11T17:33:43.299Z,-223.299,-175.672,0.023,0.006,0.29,,,,,,,,
btc-updown-15m-1786468500,btc-15m,2026-08-11 17:00:04.876000+00:00,2026-08-11 17:35:17.140000+00:00,2026-08-12,1,895.1240000724792,0.3,4.7,True,False,2026-08-11T17:15:09.868Z,2026-08-11T17:00:55.250Z,2026-08-11T17:15:09.868Z,-9.868,844.75,0.008,0.002,0.49,,,,,,,,
btc-updown-5m-1786469100,btc-5m,2026-08-11 17:20:05.859000+00:00,2026-08-11 17:34:31.175000+00:00,2026-08-12,1,294.1410000324249,2.7,2.3,True,False,2026-08-11T17:28:19.260Z,2026-08-11T17:25:26.538Z,2026-08-11T17:28:19.260Z,-199.26,-26.538,0.013,0.003,0.29,,,,,,,,
btc-updown-5m-1786468800,btc-5m,2026-08-11 17:15:04.271000+00:00,2026-08-11 17:32:42.636000+00:00,2026-08-12,1,295.72900009155273,-1.25,1.25,False,True,,2026-08-11T17:23:31.519Z,,,-211.519,,0.003,0.29,,,,,,,,
btc-updown-5m-1786468500,btc-5m,2026-08-11 17:10:04.659000+00:00,2026-08-11 17:28:10.574000+00:00,2026-08-12,1,295.34100008010864,2.45,2.55,True,False,2026-08-11T17:16:05.987Z,2026-08-11T17:17:25.770Z,2026-08-11T17:17:25.770Z,-145.77,-65.987,0.004,0.011,0.29,,,,,,,,
btc-updown-5m-1786468200,btc-5m,2026-08-11 17:05:05.102000+00:00,2026-08-11 17:21:29.679000+00:00,2026-08-12,1,294.89800000190735,-1.05,1.05,False,True,,2026-08-11T17:11:04.072Z,,,-64.072,,0.015,0.29,,,,,,,,
btc-updown-15m-1786467600,btc-15m,2026-08-11 16:45:03.164000+00:00,2026-08-11 17:20:10.102000+00:00,2026-08-12,0,896.8359999656677,0.6,4.4,True,False,2026-08-11T17:04:24.532Z,2026-08-11T16:55:04.882Z,2026-08-11T17:04:24.532Z,-264.532,295.118,0.01,0.108,0.49,,,,,,,,
btc-updown-5m-1786467900,btc-5m,2026-08-11 17:00:02.826000+00:00,2026-08-11 17:17:42.201000+00:00,2026-08-12,1,297.17400002479553,-1.35,1.35,False,True,2026-08-11T17:06:33.768Z,,,,-93.768,0.002,,0.29,,,,,,,,
btc-updown-5m-1786467600,btc-5m,2026-08-11 16:55:03.307000+00:00,2026-08-11 17:12:28.737000+00:00,2026-08-12,0,296.6930000782013,3.7,1.3,True,False,2026-08-11T17:04:26.695Z,2026-08-11T17:00:36.777Z,2026-08-11T17:04:26.695Z,-266.695,-36.777,0.002,0.005,0.29,,,,,,,,
btc-updown-5m-1786467300,btc-5m,2026-08-11 16:50:02.601000+00:00,2026-08-11 17:07:28.690000+00:00,2026-08-12,0,297.3989999294281,2.25,2.75,True,False,2026-08-11T16:59:15.543Z,2026-08-11T16:58:05.569Z,2026-08-11T16:59:15.543Z,-255.543,-185.569,0.001,0.036,0.29,,,,,,,,
btc-updown-15m-1786466700,btc-15m,2026-08-11 16:30:05.705000+00:00,2026-08-11 17:05:11.716000+00:00,2026-08-12,0,894.295000076294,0.55,4.45,True,False,2026-08-11T16:45:51.553Z,2026-08-11T16:42:36.289Z,2026-08-11T16:45:51.553Z,-51.553,143.711,0.001,0.883,0.49,,,,,,,,
btc-updown-5m-1786467000,btc-5m,2026-08-11 16:45:05.230000+00:00,2026-08-11 17:02:22.535000+00:00,2026-08-12,0,294.7699999809265,2.15,2.85,True,False,2026-08-11T16:52:41.328Z,2026-08-11T16:51:06.055Z,2026-08-11T16:52:41.328Z,-161.328,-66.055,0.007,0.001,0.29,,,,,,,,
btc-updown-5m-1786466700,btc-5m,2026-08-11 16:40:04.031000+00:00,2026-08-11 16:57:33.580000+00:00,2026-08-12,0,295.9690001010895,2.2,2.8,True,False,2026-08-11T16:46:10.988Z,2026-08-11T16:48:10.388Z,2026-08-11T16:48:10.388Z,-190.388,-70.988,0.002,0.013,0.29,,,,,,,,
btc-updown-5m-1786466400,btc-5m,2026-08-11 16:35:03.827000+00:00,2026-08-11 16:52:32.192000+00:00,2026-08-12,0,296.1730000972748,-0.9,0.9,False,True,2026-08-11T16:42:31.353Z,,,,-151.353,0.253,,0.29,,,,,,,,
btc-updown-5m-1786466100,btc-5m,2026-08-11 16:30:03.978000+00:00,2026-08-11 16:48:50.846000+00:00,2026-08-12,0,296.0220000743866,2.15,2.85,True,False,2026-08-11T16:35:56.711Z,2026-08-11T16:37:26.790Z,2026-08-11T16:37:26.790Z,-146.79,-56.711,0.008,0.008,0.29,,,,,,,,
btc-updown-15m-1786465800,btc-15m,2026-08-11 16:15:04.630000+00:00,2026-08-11 16:48:08.443000+00:00,2026-08-12,0,895.3699998855591,0.1,4.9,True,False,2026-08-11T16:30:14.772Z,2026-08-11T16:15:13.924Z,2026-08-11T16:30:14.772Z,-14.772,886.076,0.005,1.156,0.49,,,,,,,,
btc-updown-5m-1786465800,btc-5m,2026-08-11 16:25:06.345000+00:00,2026-08-11 16:40:35.619000+00:00,2026-08-12,0,293.65499997138977,2.5,2.5,True,False,2026-08-11T16:32:47.270Z,2026-08-11T16:31:08.629Z,2026-08-11T16:32:47.270Z,-167.27,-68.629,0.013,0.008,0.29,,,,,,,,
btc-updown-5m-1786465500,btc-5m,2026-08-11 16:20:04.802000+00:00,2026-08-11 16:35:33.226000+00:00,2026-08-12,0,295.19799995422363,-1.4,1.4,False,True,2026-08-11T16:26:39.363Z,,,,-99.363,0.013,,0.29,,,,,,,,
btc-updown-15m-1786464900,btc-15m,2026-08-11 16:00:08.647000+00:00,2026-08-11 16:35:15.598000+00:00,2026-08-12,0,891.3529999256134,0.2,4.8,True,False,2026-08-11T16:15:22.792Z,2026-08-11T16:10:55.149Z,2026-08-11T16:15:22.792Z,-22.792,244.851,0.02,0.903,0.49,,,,,,,,
btc-updown-5m-1786465200,btc-5m,2026-08-11 16:15:02.806000+00:00,2026-08-11 16:31:50.923000+00:00,2026-08-12,0,297.19400000572205,-1.1,1.1,False,True,2026-08-11T16:23:48.182Z,,,,-228.182,0.01,,0.29,,,,,,,,
btc-updown-5m-1786464900,btc-5m,2026-08-11 16:10:05.637000+00:00,2026-08-11 16:26:37.405000+00:00,2026-08-12,0,294.36299991607666,-1.05,1.05,False,True,,2026-08-11T16:17:58.430Z,,,-178.43,,0.012,0.29,,,,,,,,
btc-updown-5m-1786464600,btc-5m,2026-08-11 16:05:06.438000+00:00,2026-08-11 16:20:37.692000+00:00,2026-08-12,0,293.5620000362396,2.8,2.2,True,False,2026-08-11T16:13:31.463Z,2026-08-11T16:10:03.862Z,2026-08-11T16:13:31.463Z,-211.463,-3.862,0.006,0.469,0.29,,,,,,,,
btc-updown-15m-1786464000,btc-15m,2026-08-11 15:45:03.261000+00:00,2026-08-11 16:18:17.653000+00:00,2026-08-11,23,896.739000082016,0.5,4.5,True,False,2026-08-11T16:00:04.627Z,2026-08-11T15:45:06.736Z,2026-08-11T16:00:04.627Z,-4.627,893.264,0.483,0.173,0.49,,,,,,,,
btc-updown-5m-1786464300,btc-5m,2026-08-11 16:00:06.284000+00:00,2026-08-11 16:15:26.032000+00:00,2026-08-12,0,293.71600008010864,-1.45,1.45,False,True,2026-08-11T16:07:00.247Z,,,,-120.247,0.016,,0.29,,,,,,,,
btc-updown-5m-1786464000,btc-5m,2026-08-11 15:55:06.839000+00:00,2026-08-11 16:13:42.021000+00:00,2026-08-11,23,293.16100001335144,2.65,2.35,True,False,2026-08-11T16:00:11.951Z,2026-08-11T16:04:10.892Z,2026-08-11T16:04:10.892Z,-250.892,-11.951,0.014,1.141,0.29,,,,,,,,
btc-updown-15m-1786463100,btc-15m,2026-08-11 15:30:06.426000+00:00,2026-08-11 16:07:48.127000+00:00,2026-08-11,23,893.5739998817444,0.15,4.85,True,False,2026-08-11T15:49:23.381Z,2026-08-11T15:38:12.841Z,2026-08-11T15:49:23.381Z,-263.381,407.159,0.002,1.658,0.49,,,,,,,,
btc-updown-5m-1786463700,btc-5m,2026-08-11 15:50:06.711000+00:00,2026-08-11 16:05:12.155000+00:00,2026-08-11,23,293.2890000343323,2.45,2.55,True,False,2026-08-11T15:55:31.167Z,2026-08-11T15:56:14.035Z,2026-08-11T15:56:14.035Z,-74.035,-31.167,0.008,0.026,0.29,,,,,,,,
btc-updown-5m-1786463400,btc-5m,2026-08-11 15:45:01.339000+00:00,2026-08-11 15:58:43.860000+00:00,2026-08-11,23,298.66100001335144,2.45,2.55,True,False,2026-08-11T15:51:40.103Z,2026-08-11T15:50:58.580Z,2026-08-11T15:51:40.103Z,-100.103,-58.58,0.008,0.004,0.29,,,,,,,,
btc-updown-5m-1786463100,btc-5m,2026-08-11 15:40:03.399000+00:00,2026-08-11 15:55:08.101000+00:00,2026-08-11,23,296.6010000705719,2.5,2.5,True,False,2026-08-11T15:49:22.514Z,2026-08-11T15:46:14.464Z,2026-08-11T15:49:22.514Z,-262.514,-74.464,0.017,0.003,0.29,,,,,,,,
btc-updown-15m-1786462200,btc-15m,2026-08-11 15:15:06.888000+00:00,2026-08-11 15:53:35.801000+00:00,2026-08-11,23,893.1119999885559,0.15,4.85,True,False,2026-08-11T15:30:03.167Z,2026-08-11T15:23:10.859Z,2026-08-11T15:30:03.167Z,-3.167,409.141,0.463,0.045,0.49,,,,,,,,
btc-updown-5m-1786462800,btc-5m,2026-08-11 15:35:02.671000+00:00,2026-08-11 15:52:11.998000+00:00,2026-08-11,23,297.3289999961853,2.35,2.65,True,False,2026-08-11T15:41:34.263Z,2026-08-11T15:43:37.263Z,2026-08-11T15:43:37.263Z,-217.263,-94.263,0.376,0.013,0.29,,,,,,,,
btc-updown-5m-1786462500,btc-5m,2026-08-11 15:30:04.941000+00:00,2026-08-11 15:46:08.475000+00:00,2026-08-11,23,295.0590000152588,-1.35,1.35,False,True,2026-08-11T15:36:01.115Z,,,,-61.115,0.009,,0.29,,,,,,,,
btc-updown-5m-1786462200,btc-5m,2026-08-11 15:25:02.638000+00:00,2026-08-11 15:39:44.226000+00:00,2026-08-11,23,297.3619999885559,-1.2,1.2,False,True,2026-08-11T15:30:46.181Z,,,,-46.181,0.012,,0.29,,,,,,,,
btc-updown-15m-1786461300,btc-15m,2026-08-11 15:00:05.669000+00:00,2026-08-11 15:38:32.904000+00:00,2026-08-11,23,894.3310000896454,0.25,4.75,True,False,2026-08-11T15:15:12.496Z,2026-08-11T15:00:14.190Z,2026-08-11T15:15:12.496Z,-12.496,885.81,0.019,0.475,0.49,,,,,,,,
btc-updown-5m-1786461900,btc-5m,2026-08-11 15:20:05.370000+00:00,2026-08-11 15:38:16.306000+00:00,2026-08-11,23,294.6300001144409,-1.45,1.45,False,True,,2026-08-11T15:25:09.283Z,,,-9.283,,0.005,0.29,,,,,,,,
btc-updown-5m-1786461600,btc-5m,2026-08-11 15:15:08.940000+00:00,2026-08-11 15:33:36.058000+00:00,2026-08-11,23,291.05999994277954,2.7,2.3,True,False,2026-08-11T15:20:28.663Z,2026-08-11T15:21:51.739Z,2026-08-11T15:21:51.739Z,-111.739,-28.663,0.01,0.012,0.29,,,,,,,,
btc-updown-5m-1786461300,btc-5m,2026-08-11 15:10:06.390000+00:00,2026-08-11 15:26:41.844000+00:00,2026-08-11,23,293.6099998950958,-1.3,1.3,False,True,2026-08-11T15:15:32.736Z,,,,-32.736,0.002,,0.29,,,,,,,,
btc-updown-5m-1786461000,btc-5m,2026-08-11 15:05:03.892000+00:00,2026-08-11 15:19:38.064000+00:00,2026-08-11,23,296.1080000400543,-1.45,1.45,False,True,2026-08-11T15:11:07.551Z,,,,-67.551,0.005,,0.29,,,,,,,,
btc-updown-15m-1786460400,btc-15m,2026-08-11 14:45:04.535000+00:00,2026-08-11 15:18:22.030000+00:00,2026-08-11,22,895.4649999141693,0.5,4.5,True,False,2026-08-11T15:11:45.759Z,2026-08-11T14:45:10.226Z,2026-08-11T15:11:45.759Z,-705.759,889.774,0.012,0.669,0.49,,,,,,,,
btc-updown-5m-1786460700,btc-5m,2026-08-11 15:00:08.936000+00:00,2026-08-11 15:14:33.554000+00:00,2026-08-11,23,291.0639998912811,2.25,2.75,True,False,2026-08-11T15:04:57.799Z,2026-08-11T15:07:36.794Z,2026-08-11T15:07:36.794Z,-156.794,2.201,0.023,0.034,0.29,,,,,,,,
btc-updown-5m-1786460400,btc-5m,2026-08-11 14:55:05.321000+00:00,2026-08-11 15:09:35.454000+00:00,2026-08-11,22,294.67899990081787,-1.4,1.4,False,True,,2026-08-11T15:01:58.664Z,,,-118.664,,0.011,0.29,,,,,,,,
btc-updown-15m-1786459500,btc-15m,2026-08-11 14:30:08.289000+00:00,2026-08-11 15:07:49.463000+00:00,2026-08-11,22,891.7109999656677,0.2,4.8,True,False,2026-08-11T14:49:12.075Z,2026-08-11T14:30:13.579Z,2026-08-11T14:49:12.075Z,-252.075,886.421,0.007,1.897,0.49,,,,,,,,
btc-updown-5m-1786460100,btc-5m,2026-08-11 14:50:03.347000+00:00,2026-08-11 15:07:34.861000+00:00,2026-08-11,22,296.65300011634827,2.3,2.7,True,False,2026-08-11T14:57:35.154Z,2026-08-11T14:56:54.174Z,2026-08-11T14:57:35.154Z,-155.154,-114.174,0.01,0.006,0.29,,,,,,,,
btc-updown-5m-1786459800,btc-5m,2026-08-11 14:45:06.523000+00:00,2026-08-11 14:58:48.525000+00:00,2026-08-11,22,293.47699999809265,-0.95,0.95,False,True,2026-08-11T14:50:11.425Z,,,,-11.425,0.016,,0.29,,,,,,,,
btc-updown-5m-1786459500,btc-5m,2026-08-11 14:40:04.662000+00:00,2026-08-11 14:54:22.183000+00:00,2026-08-11,22,295.3380000591278,2.1,2.9,True,False,2026-08-11T14:49:10.088Z,2026-08-11T14:45:41.460Z,2026-08-11T14:49:10.088Z,-250.088,-41.46,0.001,0.002,0.29,,,,,,,,
btc-updown-15m-1786458600,btc-15m,2026-08-11 14:15:07.737000+00:00,2026-08-11 14:51:04.402000+00:00,2026-08-11,22,892.2630000114441,0.45,4.55,True,False,2026-08-11T14:30:13.579Z,2026-08-11T14:23:05.643Z,2026-08-11T14:30:13.579Z,-13.579,414.357,0.009,0.815,0.49,,,,,,,,
btc-updown-5m-1786459200,btc-5m,2026-08-11 14:35:05.587000+00:00,2026-08-11 14:47:50.588000+00:00,2026-08-11,22,294.4130001068115,2.1,2.9,True,False,2026-08-11T14:40:38.381Z,2026-08-11T14:42:10.377Z,2026-08-11T14:42:10.377Z,-130.377,-38.381,0.014,0.017,0.29,,,,,,,,
btc-updown-5m-1786458900,btc-5m,2026-08-11 14:30:06.491000+00:00,2026-08-11 14:43:37.703000+00:00,2026-08-11,22,293.5090000629425,2.3,2.7,True,False,2026-08-11T14:37:50.063Z,2026-08-11T14:35:29.906Z,2026-08-11T14:37:50.063Z,-170.063,-29.906,0.008,0.006,0.29,,,,,,,,
btc-updown-5m-1786458600,btc-5m,2026-08-11 14:25:06.711000+00:00,2026-08-11 14:39:14.942000+00:00,2026-08-11,22,293.2890000343323,-1.45,1.45,False,True,2026-08-11T14:30:18.262Z,,,,-18.262,0.004,,0.29,,,,,,,,
btc-updown-15m-1786457700,btc-15m,2026-08-11 14:00:05.546000+00:00,2026-08-11 14:37:22.758000+00:00,2026-08-11,22,894.4539999961853,0.2,4.8,True,False,2026-08-11T14:17:24.555Z,2026-08-11T14:15:09.503Z,2026-08-11T14:17:24.555Z,-144.555,-9.503,0.002,0.118,0.49,,,,,,,,
btc-updown-5m-1786458300,btc-5m,2026-08-11 14:20:05.928000+00:00,2026-08-11 14:34:06.918000+00:00,2026-08-11,22,294.0720000267029,2.25,2.75,True,False,2026-08-11T14:25:05.224Z,2026-08-11T14:26:01.072Z,2026-08-11T14:26:01.072Z,-61.072,-5.224,0.366,0.002,0.29,,,,,,,,
btc-updown-5m-1786458000,btc-5m,2026-08-11 14:15:05.886000+00:00,2026-08-11 14:30:02.430000+00:00,2026-08-11,22,294.114000082016,-1.35,1.35,False,True,2026-08-11T14:21:23.462Z,,,,-83.462,0.002,,0.29,,,,,,,,
btc-updown-5m-1786457700,btc-5m,2026-08-11 14:10:02.917000+00:00,2026-08-11 14:24:02.883000+00:00,2026-08-11,22,297.0829999446869,2.25,2.75,True,False,2026-08-11T14:17:59.193Z,2026-08-11T14:16:00.380Z,2026-08-11T14:17:59.193Z,-179.193,-60.38,1.223,0.008,0.29,,,,,,,,
btc-updown-15m-1786456800,btc-15m,2026-08-11 13:45:07.593000+00:00,2026-08-11 14:23:19.398000+00:00,2026-08-11,21,892.4070000648499,0.1,4.9,True,False,2026-08-11T13:59:55.325Z,2026-08-11T13:51:10.598Z,2026-08-11T13:59:55.325Z,4.675,529.402,0.649,1.247,0.49,,,,,,,,
btc-updown-5m-1786457400,btc-5m,2026-08-11 14:05:02.389000+00:00,2026-08-11 14:18:18.396000+00:00,2026-08-11,22,297.61100006103516,-1.2,1.2,False,True,,2026-08-11T14:12:30.572Z,,,-150.572,,0.035,0.29,,,,,,,,
btc-updown-5m-1786457100,btc-5m,2026-08-11 14:00:07.552000+00:00,2026-08-11 14:13:57.836000+00:00,2026-08-11,22,292.44799995422363,2.6,2.4,True,False,2026-08-11T14:07:16.630Z,2026-08-11T14:06:20.939Z,2026-08-11T14:07:16.630Z,-136.63,-80.939,0.007,0.01,0.29,,,,,,,,
btc-updown-5m-1786456800,btc-5m,2026-08-11 13:55:05.853000+00:00,2026-08-11 14:09:36.163000+00:00,2026-08-11,21,294.1470000743866,-1.3,1.3,False,True,2026-08-11T14:00:15.656Z,,,,-15.656,0.002,,0.29,,,,,,,,
btc-updown-15m-1786455900,btc-15m,2026-08-11 13:30:05.573000+00:00,2026-08-11 14:06:55.585000+00:00,2026-08-11,21,894.4270000457764,0.3,4.7,True,False,2026-08-11T13:45:57.632Z,2026-08-11T13:36:06.447Z,2026-08-11T13:45:57.632Z,-57.632,533.553,1.193,0.801,0.49,,,,,,,,
btc-updown-5m-1786456500,btc-5m,2026-08-11 13:50:05.255000+00:00,2026-08-11 14:05:54.630000+00:00,2026-08-11,21,294.7449998855591,-1.05,1.05,False,True,,2026-08-11T13:56:34.894Z,,,-94.894,,0.006,0.29,,,,,,,,
btc-updown-5m-1786456200,btc-5m,2026-08-11 13:45:05.485000+00:00,2026-08-11 14:02:36.791000+00:00,2026-08-11,21,294.5150001049042,-1.45,1.45,False,True,2026-08-11T13:50:40.752Z,,,,-40.752,0.02,,0.29,,,,,,,,
btc-updown-5m-1786455900,btc-5m,2026-08-11 13:40:04.889000+00:00,2026-08-11 13:55:58.338000+00:00,2026-08-11,21,295.11100006103516,2.4,2.6,True,False,2026-08-11T13:48:17.317Z,2026-08-11T13:47:14.312Z,2026-08-11T13:48:17.317Z,-197.317,-134.312,0.011,0.004,0.29,,,,,,,,
btc-updown-5m-1786455600,btc-5m,2026-08-11 13:35:04.263000+00:00,2026-08-11 13:53:17.939000+00:00,2026-08-11,21,295.7369999885559,-1.4,1.4,False,True,,2026-08-11T13:40:08.198Z,,,-8.198,,0.044,0.29,,,,,,,,
btc-updown-15m-1786455000,btc-15m,2026-08-11 13:15:05.396000+00:00,2026-08-11 13:51:56.301000+00:00,2026-08-11,21,894.6040000915527,0.35,4.65,True,False,2026-08-11T13:31:26.180Z,2026-08-11T13:29:02.025Z,2026-08-11T13:31:26.180Z,-86.18,57.975,0.006,0.714,0.49,,,,,,,,
btc-updown-5m-1786455300,btc-5m,2026-08-11 13:30:03.438000+00:00,2026-08-11 13:45:49.804000+00:00,2026-08-11,21,296.5620000362396,2.55,2.45,True,False,2026-08-11T13:36:03.708Z,2026-08-11T13:37:52.945Z,2026-08-11T13:37:52.945Z,-172.945,-63.708,0.003,0.008,0.29,,,,,,,,
btc-updown-5m-1786455000,btc-5m,2026-08-11 13:25:05.929000+00:00,2026-08-11 13:41:03.092000+00:00,2026-08-11,21,294.07100009918213,2.45,2.55,True,False,2026-08-11T13:31:23.989Z,2026-08-11T13:30:17.759Z,2026-08-11T13:31:23.989Z,-83.989,-17.759,0.007,0.013,0.29,,,,,,,,
btc-updown-15m-1786454100,btc-15m,2026-08-11 13:00:07.430000+00:00,2026-08-11 13:36:08.278000+00:00,2026-08-11,21,892.5699999332428,0.5,4.5,True,False,2026-08-11T13:15:10.320Z,2026-08-11T13:13:24.055Z,2026-08-11T13:15:10.320Z,-10.32,95.945,0.003,0.026,0.49,,,,,,,,
btc-updown-5m-1786454700,btc-5m,2026-08-11 13:20:03.722000+00:00,2026-08-11 13:35:20.068000+00:00,2026-08-11,21,296.27800011634827,-1.4,1.4,False,True,2026-08-11T13:25:10.031Z,,,,-10.031,0.002,,0.29,,,,,,,,
btc-updown-5m-1786454400,btc-5m,2026-08-11 13:15:03.469000+00:00,2026-08-11 13:30:45.573000+00:00,2026-08-11,21,296.5309998989105,-1.3,1.3,False,True,2026-08-11T13:22:44.456Z,,,,-164.456,0.012,,0.29,,,,,,,,
btc-updown-5m-1786454100,btc-5m,2026-08-11 13:10:02.507000+00:00,2026-08-11 13:24:16.182000+00:00,2026-08-11,21,297.4930000305176,-1.4,1.4,False,True,2026-08-11T13:15:15.649Z,,,,-15.649,0.002,,0.29,,,,,,,,
btc-updown-15m-1786453200,btc-15m,2026-08-11 12:45:08.620000+00:00,2026-08-11 13:21:18.320000+00:00,2026-08-11,20,891.3800001144409,0.35,4.65,True,False,2026-08-11T13:00:03.575Z,2026-08-11T13:00:52.778Z,2026-08-11T13:00:52.778Z,-52.778,-3.575,0.507,0.036,0.49,,,,,,,,
btc-updown-5m-1786453800,btc-5m,2026-08-11 13:05:06.167000+00:00,2026-08-11 13:19:18.805000+00:00,2026-08-11,21,293.8329999446869,-1.25,1.25,False,True,2026-08-11T13:11:14.407Z,,,,-74.407,0.002,,0.29,,,,,,,,
btc-updown-5m-1786453500,btc-5m,2026-08-11 13:00:05.395000+00:00,2026-08-11 13:16:26.104000+00:00,2026-08-11,21,294.6050000190735,2.4,2.6,True,False,2026-08-11T13:05:21.241Z,2026-08-11T13:07:01.079Z,2026-08-11T13:07:01.079Z,-121.079,-21.241,0.003,0.003,0.29,,,,,,,,
btc-updown-5m-1786453200,btc-5m,2026-08-11 12:55:03.659000+00:00,2026-08-11 13:12:03.279000+00:00,2026-08-11,20,296.34100008010864,-1.3,1.3,False,True,2026-08-11T13:02:05.727Z,,,,-125.727,0.007,,0.29,,,,,,,,
btc-updown-15m-1786452300,btc-15m,2026-08-11 12:30:02.908000+00:00,2026-08-11 13:05:52.104000+00:00,2026-08-11,20,897.0920000076294,0.1,4.9,True,False,2026-08-11T12:44:54.720Z,2026-08-11T12:45:16.017Z,2026-08-11T12:45:16.017Z,-16.017,5.28,0.02,1.043,0.49,,,,,,,,
btc-updown-5m-1786452900,btc-5m,2026-08-11 12:50:02.292000+00:00,2026-08-11 13:05:37.278000+00:00,2026-08-11,20,297.7079999446869,-1.45,1.45,False,True,,2026-08-11T12:59:04.796Z,,,-244.796,,0.019,0.29,,,,,,,,
btc-updown-5m-1786452600,btc-5m,2026-08-11 12:45:06.624000+00:00,2026-08-11 13:01:29.204000+00:00,2026-08-11,20,293.37599992752075,2.3,2.7,True,False,2026-08-11T12:54:10.509Z,2026-08-11T12:52:09.100Z,2026-08-11T12:54:10.509Z,-250.509,-129.1,0.004,0.024,0.29,,,,,,,,
btc-updown-5m-1786452300,btc-5m,2026-08-11 12:40:05.081000+00:00,2026-08-11 12:57:13.616000+00:00,2026-08-11,20,294.9189999103546,2.5,2.5,True,False,2026-08-11T12:49:32.657Z,2026-08-11T12:48:18.751Z,2026-08-11T12:49:32.657Z,-272.657,-198.751,0.002,0.01,0.29,,,,,,,,
btc-updown-15m-1786451400,btc-15m,2026-08-11 12:15:07.384000+00:00,2026-08-11 12:54:16.575000+00:00,2026-08-11,20,892.6159999370575,0.75,4.25,True,False,2026-08-11T12:15:11.312Z,2026-08-11T12:30:09.933Z,2026-08-11T12:30:09.933Z,-9.933,888.688,0.033,0.032,0.49,,,,,,,,
btc-updown-5m-1786452000,btc-5m,2026-08-11 12:35:03.042000+00:00,2026-08-11 12:51:26.896000+00:00,2026-08-11,20,296.9579999446869,-1.2,1.2,False,True,2026-08-11T12:40:54.371Z,,,,-54.371,0.009,,0.29,,,,,,,,
btc-updown-5m-1786451400,btc-5m,2026-08-11 12:25:04.607000+00:00,2026-08-11 12:43:07.312000+00:00,2026-08-11,20,295.39299988746643,-1.0,1.0,False,True,,2026-08-11T12:33:04.159Z,,,-184.159,,0.027,0.29,,,,,,,,
btc-updown-5m-1786451700,btc-5m,2026-08-11 12:30:05.133000+00:00,2026-08-11 12:43:01.284000+00:00,2026-08-11,20,294.8670001029968,-1.1,1.1,False,True,,2026-08-11T12:35:06.466Z,,,-6.466,,0.015,0.29,,,,,,,,
btc-updown-5m-1786451100,btc-5m,2026-08-11 12:20:03.520000+00:00,2026-08-11 12:37:08.319000+00:00,2026-08-11,20,296.4800000190735,-1.35,1.35,False,True,,2026-08-11T12:26:50.264Z,,,-110.264,,0.007,0.29,,,,,,,,
btc-updown-15m-1786450500,btc-15m,2026-08-11 12:00:08.280000+00:00,2026-08-11 12:34:07.292000+00:00,2026-08-11,20,891.7200000286102,-2.35,2.35,False,True,2026-08-11T12:00:13.848Z,,,,886.152,1.295,,0.49,,,,,,,,
btc-updown-5m-1786450800,btc-5m,2026-08-11 12:15:05.090000+00:00,2026-08-11 12:31:14.974000+00:00,2026-08-11,20,294.9100000858307,-1.4,1.4,False,True,2026-08-11T12:20:49.908Z,,,,-49.908,0.013,,0.29,,,,,,,,
btc-updown-5m-1786450500,btc-5m,2026-08-11 12:10:07.269000+00:00,2026-08-11 12:26:12.535000+00:00,2026-08-11,20,292.73099994659424,-1.45,1.45,False,True,2026-08-11T12:15:21.131Z,,,,-21.131,0.016,,0.29,,,,,,,,
btc-updown-5m-1786450200,btc-5m,2026-08-11 12:05:05.114000+00:00,2026-08-11 12:19:52.922000+00:00,2026-08-11,20,294.885999917984,-0.85,0.85,False,True,,2026-08-11T12:10:08.789Z,,,-8.789,,0.011,0.29,,,,,,,,
btc-updown-15m-1786449600,btc-15m,2026-08-11 11:45:07.543000+00:00,2026-08-11 12:19:03.618000+00:00,2026-08-11,19,892.4570000171661,0.65,4.35,True,False,2026-08-11T11:55:12.423Z,2026-08-11T12:00:05.662Z,2026-08-11T12:00:05.662Z,-5.662,287.577,0.793,0.478,0.49,,,,,,,,
btc-updown-5m-1786449900,btc-5m,2026-08-11 12:00:10.376000+00:00,2026-08-11 12:14:54.441000+00:00,2026-08-11,20,289.62400007247925,-1.25,1.25,False,True,,2026-08-11T12:05:29.379Z,,,-29.379,,0.012,0.29,,,,,,,,
btc-updown-5m-1786449600,btc-5m,2026-08-11 11:55:03.685000+00:00,2026-08-11 12:12:07.626000+00:00,2026-08-11,19,296.31500005722046,-1.1,1.1,False,True,,2026-08-11T12:00:03.766Z,,,-3.766,,0.447,0.29,,,,,,,,
btc-updown-5m-1786449300,btc-5m,2026-08-11 11:50:04.572000+00:00,2026-08-11 12:05:41.307000+00:00,2026-08-11,19,295.4279999732971,-1.2,1.2,False,True,,2026-08-11T11:55:16.832Z,,,-16.832,,0.01,0.29,,,,,,,,
btc-updown-15m-1786448700,btc-15m,2026-08-11 11:30:07.425000+00:00,2026-08-11 12:03:57.911000+00:00,2026-08-11,19,892.5750000476837,0.2,4.8,True,False,2026-08-11T11:43:07.202Z,2026-08-11T11:45:20.112Z,2026-08-11T11:45:20.112Z,-20.112,112.798,0.023,0.002,0.49,,,,,,,,
btc-updown-5m-1786449000,btc-5m,2026-08-11 11:45:05.746000+00:00,2026-08-11 11:59:56.432000+00:00,2026-08-11,19,294.2539999485016,-1.1,1.1,False,True,,2026-08-11T11:50:54.470Z,,,-54.47,,0.002,0.29,,,,,,,,
btc-updown-5m-1786448700,btc-5m,2026-08-11 11:40:05.821000+00:00,2026-08-11 11:55:55.029000+00:00,2026-08-11,19,294.17899990081787,3.2,1.8,True,False,2026-08-11T11:46:30.130Z,2026-08-11T11:49:31.159Z,2026-08-11T11:49:31.159Z,-271.159,-90.13,0.02,0.019,0.29,,,,,,,,
btc-updown-5m-1786448400,btc-5m,2026-08-11 11:35:03.811000+00:00,2026-08-11 11:54:09.836000+00:00,2026-08-11,19,296.1889998912811,-1.45,1.45,False,True,,2026-08-11T11:41:37.224Z,,,-97.224,,0.005,0.29,,,,,,,,
btc-updown-15m-1786447800,btc-15m,2026-08-11 11:15:05.521000+00:00,2026-08-11 11:51:33.093000+00:00,2026-08-11,19,894.4790000915527,0.15,4.85,True,False,2026-08-11T11:28:12.518Z,2026-08-11T11:30:45.925Z,2026-08-11T11:30:45.925Z,-45.925,107.482,0.051,0.019,0.49,,,,,,,,
btc-updown-5m-1786448100,btc-5m,2026-08-11 11:30:05.378000+00:00,2026-08-11 11:43:43.730000+00:00,2026-08-11,19,294.62199997901917,-1.3,1.3,False,True,,2026-08-11T11:35:26.271Z,,,-26.271,,0.024,0.29,,,,,,,,
btc-updown-5m-1786447800,btc-5m,2026-08-11 11:25:05.882000+00:00,2026-08-11 11:39:20.702000+00:00,2026-08-11,19,294.1180000305176,2.25,2.75,True,False,2026-08-11T11:34:06.158Z,2026-08-11T11:31:05.151Z,2026-08-11T11:34:06.158Z,-246.158,-65.151,0.008,0.002,0.29,,,,,,,,
btc-updown-5m-1786447500,btc-5m,2026-08-11 11:20:04.718000+00:00,2026-08-11 11:34:25.700000+00:00,2026-08-11,19,295.28200006484985,2.25,2.75,True,False,2026-08-11T11:29:01.498Z,2026-08-11T11:27:43.394Z,2026-08-11T11:29:01.498Z,-241.498,-163.394,0.011,0.02,0.29,,,,,,,,
btc-updown-15m-1786446900,btc-15m,2026-08-11 11:00:08.507000+00:00,2026-08-11 11:33:27.864000+00:00,2026-08-11,19,891.4930000305176,-2.4,2.4,False,True,2026-08-11T11:11:47.591Z,,,,192.409,0.048,,0.49,,,,,,,,
btc-updown-5m-1786447200,btc-5m,2026-08-11 11:15:07.401000+00:00,2026-08-11 11:29:02.850000+00:00,2026-08-11,19,292.5989999771118,-1.15,1.15,False,True,,2026-08-11T11:21:22.945Z,,,-82.945,,0.005,0.29,,,,,,,,
btc-updown-5m-1786446900,btc-5m,2026-08-11 11:10:03.086000+00:00,2026-08-11 11:26:36.466000+00:00,2026-08-11,19,296.9140000343323,-1.45,1.45,False,True,2026-08-11T11:15:55.979Z,,,,-55.979,0.017,,0.29,,,,,,,,
btc-updown-5m-1786446600,btc-5m,2026-08-11 11:05:02.990000+00:00,2026-08-11 11:19:02.048000+00:00,2026-08-11,19,297.00999999046326,-1.2,1.2,False,True,,2026-08-11T11:10:19.412Z,,,-19.412,,0.001,0.29,,,,,,,,
btc-updown-15m-1786446000,btc-15m,2026-08-11 10:45:02.866000+00:00,2026-08-11 11:18:26.764000+00:00,2026-08-11,18,897.1340000629425,-1.2,1.2,False,True,,2026-08-11T11:00:06.282Z,,,-6.282,,1.696,0.49,,,,,,,,
btc-updown-5m-1786446300,btc-5m,2026-08-11 11:00:10.531000+00:00,2026-08-11 11:16:43.890000+00:00,2026-08-11,19,289.4690001010895,-1.45,1.45,False,True,2026-08-11T11:05:21.252Z,,,,-21.252,0.322,,0.29,,,,,,,,
btc-updown-5m-1786446000,btc-5m,2026-08-11 10:55:06.415000+00:00,2026-08-11 11:11:44.153000+00:00,2026-08-11,18,293.585000038147,-0.75,0.75,False,True,,2026-08-11T11:00:04.962Z,,,-4.962,,0.376,0.29,,,,,,,,
btc-updown-15m-1786445100,btc-15m,2026-08-11 10:30:08.438000+00:00,2026-08-11 11:08:12.228000+00:00,2026-08-11,18,891.5620000362396,0.15,4.85,True,False,2026-08-11T10:30:18.176Z,2026-08-11T10:45:37.988Z,2026-08-11T10:45:37.988Z,-37.988,881.824,0.014,0.017,0.49,,,,,,,,
btc-updown-5m-1786445700,btc-5m,2026-08-11 10:50:03.493000+00:00,2026-08-11 11:06:50.887000+00:00,2026-08-11,18,296.5069999694824,-1.1,1.1,False,True,2026-08-11T10:55:09.533Z,,,,-9.533,0.01,,0.29,,,,,,,,
btc-updown-5m-1786445400,btc-5m,2026-08-11 10:45:04.762000+00:00,2026-08-11 11:03:44.951000+00:00,2026-08-11,18,295.23799991607666,-1.4,1.4,False,True,,2026-08-11T10:50:31.629Z,,,-31.629,,0.053,0.29,,,,,,,,
btc-updown-5m-1786445100,btc-5m,2026-08-11 10:40:04.303000+00:00,2026-08-11 10:53:45.339000+00:00,2026-08-11,18,295.6970000267029,-0.45,0.45,False,True,2026-08-11T10:46:12.067Z,,,,-72.067,0.004,,0.29,,,,,,,,
btc-updown-15m-1786444200,btc-15m,2026-08-11 10:15:07.357000+00:00,2026-08-11 10:53:00.269000+00:00,2026-08-11,18,892.6429998874664,0.2,4.8,True,False,2026-08-11T10:23:09.613Z,2026-08-11T10:30:11.923Z,2026-08-11T10:30:11.923Z,-11.923,410.387,0.483,0.009,0.49,,,,,,,,
btc-updown-5m-1786444800,btc-5m,2026-08-11 10:35:04.825000+00:00,2026-08-11 10:51:57.237000+00:00,2026-08-11,18,295.1749999523163,-1.45,1.45,False,True,,2026-08-11T10:41:34.306Z,,,-94.306,,0.004,0.29,,,,,,,,
btc-updown-5m-1786444500,btc-5m,2026-08-11 10:30:06.596000+00:00,2026-08-11 10:46:52.038000+00:00,2026-08-11,18,293.404000043869,2.45,2.55,True,False,2026-08-11T10:35:39.325Z,2026-08-11T10:36:32.729Z,2026-08-11T10:36:32.729Z,-92.729,-39.325,0.008,0.015,0.29,,,,,,,,
btc-updown-5m-1786444200,btc-5m,2026-08-11 10:25:03.508000+00:00,2026-08-11 10:42:39.844000+00:00,2026-08-11,18,296.4920001029968,-1.15,1.15,False,True,2026-08-11T10:31:17.455Z,,,,-77.455,0.096,,0.29,,,,,,,,
btc-updown-5m-1786443900,btc-5m,2026-08-11 10:20:06.162000+00:00,2026-08-11 10:38:16.304000+00:00,2026-08-11,18,293.8380000591278,-0.75,0.75,False,True,,2026-08-11T10:25:17.910Z,,,-17.91,,0.005,0.29,,,,,,,,
btc-updown-15m-1786443300,btc-15m,2026-08-11 10:00:08.106000+00:00,2026-08-11 10:37:30.792000+00:00,2026-08-11,18,891.8940000534058,1.2,3.8,True,False,2026-08-11T10:03:45.938Z,2026-08-11T10:25:18.738Z,2026-08-11T10:25:18.738Z,-618.738,674.062,0.342,0.833,0.49,,,,,,,,
btc-updown-5m-1786443600,btc-5m,2026-08-11 10:15:05.421000+00:00,2026-08-11 10:31:38.107000+00:00,2026-08-11,18,294.5789999961853,2.65,2.35,True,False,2026-08-11T10:22:03.272Z,2026-08-11T10:23:26.143Z,2026-08-11T10:23:26.143Z,-206.143,-123.272,0.014,0.083,0.29,,,,,,,,
btc-updown-5m-1786443300,btc-5m,2026-08-11 10:10:04.187000+00:00,2026-08-11 10:26:35.150000+00:00,2026-08-11,18,295.8129999637604,-1.4,1.4,False,True,2026-08-11T10:15:52.412Z,,,,-52.412,0.004,,0.29,,,,,,,,
btc-updown-15m-1786442400,btc-15m,2026-08-11 09:45:07.626000+00:00,2026-08-11 10:23:47.071000+00:00,2026-08-11,17,892.3740000724792,0.25,4.75,True,False,2026-08-11T09:45:09.216Z,2026-08-11T10:00:25.979Z,2026-08-11T10:00:25.979Z,-25.979,890.784,0.058,0.003,0.49,,,,,,,,
btc-updown-5m-1786443000,btc-5m,2026-08-11 10:05:06.867000+00:00,2026-08-11 10:21:06.107000+00:00,2026-08-11,18,293.1329998970032,-1.15,1.15,False,True,2026-08-11T10:11:16.105Z,,,,-76.105,0.451,,0.29,,,,,,,,
btc-updown-5m-1786442700,btc-5m,2026-08-11 10:00:05.959000+00:00,2026-08-11 10:15:09.236000+00:00,2026-08-11,18,294.0409998893738,-1.45,1.45,False,True,2026-08-11T10:07:34.227Z,,,,-154.227,0.017,,0.29,,,,,,,,
btc-updown-5m-1786442400,btc-5m,2026-08-11 09:55:06.972000+00:00,2026-08-11 10:13:20.740000+00:00,2026-08-11,17,293.02800011634827,2.7,2.3,True,False,2026-08-11T10:00:43.376Z,2026-08-11T10:02:51.878Z,2026-08-11T10:02:51.878Z,-171.878,-43.376,0.002,0.028,0.29,,,,,,,,
btc-updown-15m-1786441500,btc-15m,2026-08-11 09:30:06.560000+00:00,2026-08-11 10:07:21.583000+00:00,2026-08-11,17,893.4400000572205,0.35,4.65,True,False,2026-08-11T09:30:11.491Z,2026-08-11T09:45:33.197Z,2026-08-11T09:45:33.197Z,-33.197,888.509,0.031,0.002,0.49,,,,,,,,
btc-updown-5m-1786442100,btc-5m,2026-08-11 09:50:04.717000+00:00,2026-08-11 10:06:16.643000+00:00,2026-08-11,17,295.2829999923706,-1.35,1.35,False,True,,2026-08-11T09:55:20.075Z,,,-20.075,,0.001,0.29,,,,,,,,
btc-updown-5m-1786441800,btc-5m,2026-08-11 09:45:05.681000+00:00,2026-08-11 09:59:29.749000+00:00,2026-08-11,17,294.31900000572205,2.2,2.8,True,False,2026-08-11T09:50:08.787Z,2026-08-11T09:51:21.507Z,2026-08-11T09:51:21.507Z,-81.507,-8.787,0.005,0.023,0.29,,,,,,,,
btc-updown-5m-1786441500,btc-5m,2026-08-11 09:40:05.555000+00:00,2026-08-11 09:55:54.062000+00:00,2026-08-11,17,294.4449999332428,-1.3,1.3,False,True,,2026-08-11T09:46:06.458Z,,,-66.458,,0.012,0.29,,,,,,,,
btc-updown-15m-1786440600,btc-15m,2026-08-11 09:15:05.988000+00:00,2026-08-11 09:52:10.444000+00:00,2026-08-11,17,894.0120000839233,0.35,4.65,True,False,2026-08-11T09:22:11.052Z,2026-08-11T09:30:11.491Z,2026-08-11T09:30:11.491Z,-11.491,468.948,0.403,0.001,0.49,,,,,,,,
btc-updown-5m-1786441200,btc-5m,2026-08-11 09:35:02.670000+00:00,2026-08-11 09:51:09.218000+00:00,2026-08-11,17,297.32999992370605,-0.8,0.8,False,True,,2026-08-11T09:41:05.508Z,,,-65.508,,0.014,0.29,,,,,,,,
btc-updown-5m-1786440900,btc-5m,2026-08-11 09:30:08.388000+00:00,2026-08-11 09:44:15.596000+00:00,2026-08-11,17,291.6119999885559,-1.25,1.25,False,True,2026-08-11T09:39:16.225Z,,,,-256.225,0.007,,0.29,,,,,,,,
btc-updown-5m-1786440600,btc-5m,2026-08-11 09:25:03.118000+00:00,2026-08-11 09:40:32.115000+00:00,2026-08-11,17,296.8819999694824,3.25,1.75,True,False,2026-08-11T09:34:32.645Z,2026-08-11T09:30:38.968Z,2026-08-11T09:34:32.645Z,-272.645,-38.968,0.012,0.017,0.29,,,,,,,,
btc-updown-5m-1786440300,btc-5m,2026-08-11 09:20:03.894000+00:00,2026-08-11 09:37:40.698000+00:00,2026-08-11,17,296.10599994659424,-1.3,1.3,False,True,2026-08-11T09:28:52.081Z,,,,-232.081,0.01,,0.29,,,,,,,,
btc-updown-15m-1786439700,btc-15m,2026-08-11 09:00:05.898000+00:00,2026-08-11 09:36:55.131000+00:00,2026-08-11,17,894.1019999980927,0.15,4.85,True,False,2026-08-11T09:01:34.541Z,2026-08-11T09:16:21.912Z,2026-08-11T09:16:21.912Z,-81.912,805.459,1.283,0.007,0.49,,,,,,,,
btc-updown-5m-1786440000,btc-5m,2026-08-11 09:15:08.394000+00:00,2026-08-11 09:29:36.439000+00:00,2026-08-11,17,291.60599994659424,-1.25,1.25,False,True,,2026-08-11T09:20:22.760Z,,,-22.76,,0.002,0.29,,,,,,,,
btc-updown-5m-1786439700,btc-5m,2026-08-11 09:10:06.242000+00:00,2026-08-11 09:22:33.643000+00:00,2026-08-11,17,293.7579998970032,-1.4,1.4,False,True,,2026-08-11T09:17:25.948Z,,,-145.948,,0.006,0.29,,,,,,,,
btc-updown-15m-1786438800,btc-15m,2026-08-11 08:45:04.379000+00:00,2026-08-11 09:19:58.955000+00:00,2026-08-11,16,895.6210000514984,0.15,4.85,True,False,2026-08-11T08:54:49.387Z,2026-08-11T09:00:17.346Z,2026-08-11T09:00:17.346Z,-17.346,310.613,0.014,1.242,0.49,,,,,,,,
btc-updown-5m-1786439400,btc-5m,2026-08-11 09:05:06.231000+00:00,2026-08-11 09:18:46.462000+00:00,2026-08-11,17,293.76900005340576,-1.3,1.3,False,True,2026-08-11T09:11:47.723Z,,,,-107.723,0.014,,0.29,,,,,,,,
btc-updown-5m-1786439100,btc-5m,2026-08-11 09:00:07.875000+00:00,2026-08-11 09:15:55.989000+00:00,2026-08-11,17,292.125,-1.3,1.3,False,True,,2026-08-11T09:05:02.937Z,,,-2.937,,0.5,0.29,,,,,,,,
btc-updown-5m-1786438800,btc-5m,2026-08-11 08:55:06.275000+00:00,2026-08-11 09:10:52.934000+00:00,2026-08-11,16,293.72499990463257,-1.45,1.45,False,True,,2026-08-11T09:02:32.117Z,,,-152.117,,0.024,0.29,,,,,,,,
btc-updown-15m-1786437900,btc-15m,2026-08-11 08:30:04.235000+00:00,2026-08-11 09:06:29.888000+00:00,2026-08-11,16,895.7650001049042,0.15,4.85,True,False,2026-08-11T08:40:39.704Z,2026-08-11T08:45:42.203Z,2026-08-11T08:45:42.203Z,-42.203,260.296,0.032,0.004,0.49,,,,,,,,
btc-updown-5m-1786438500,btc-5m,2026-08-11 08:50:06.470000+00:00,2026-08-11 09:05:45.709000+00:00,2026-08-11,16,293.52999997138977,-1.45,1.45,False,True,2026-08-11T08:56:09.121Z,,,,-69.121,0.005,,0.29,,,,,,,,
btc-updown-5m-1786438200,btc-5m,2026-08-11 08:45:06.410000+00:00,2026-08-11 09:00:42.353000+00:00,2026-08-11,16,293.5899999141693,-1.45,1.45,False,True,,2026-08-11T08:50:33.510Z,,,-33.51,,0.008,0.29,,,,,,,,
btc-updown-5m-1786437900,btc-5m,2026-08-11 08:40:06.261000+00:00,2026-08-11 08:55:07.675000+00:00,2026-08-11,16,293.739000082016,-0.95,0.95,False,True,2026-08-11T08:47:07.386Z,,,,-127.386,0.021,,0.29,,,,,,,,
btc-updown-5m-1786437600,btc-5m,2026-08-11 08:35:05.388000+00:00,2026-08-11 08:52:43.711000+00:00,2026-08-11,16,294.6119999885559,-1.35,1.35,False,True,,2026-08-11T08:40:28.702Z,,,-28.702,,0.336,0.29,,,,,,,,
btc-updown-15m-1786437000,btc-15m,2026-08-11 08:15:05.902000+00:00,2026-08-11 08:51:25.815000+00:00,2026-08-11,16,894.0980000495911,0.25,4.75,True,False,2026-08-11T08:28:54.472Z,2026-08-11T08:30:25.119Z,2026-08-11T08:30:25.119Z,-25.119,65.528,0.037,0.019,0.49,,,,,,,,
btc-updown-5m-1786437300,btc-5m,2026-08-11 08:30:06.546000+00:00,2026-08-11 08:45:08.006000+00:00,2026-08-11,16,293.4539999961853,-0.85,0.85,False,True,,2026-08-11T08:36:09.139Z,,,-69.139,,0.008,0.29,,,,,,,,
btc-updown-5m-1786437000,btc-5m,2026-08-11 08:25:02.192000+00:00,2026-08-11 08:40:07.412000+00:00,2026-08-11,16,297.80800008773804,-1.45,1.45,False,True,,2026-08-11T08:31:19.586Z,,,-79.586,,0.012,0.29,,,,,,,,
btc-updown-15m-1786436100,btc-15m,2026-08-11 08:00:10.492000+00:00,2026-08-11 08:36:01.472000+00:00,2026-08-11,16,889.5079998970032,0.8,4.2,True,False,2026-08-11T08:15:11.612Z,2026-08-11T08:15:32.390Z,2026-08-11T08:15:32.390Z,-32.39,-11.612,0.011,0.374,0.49,,,,,,,,
btc-updown-5m-1786436700,btc-5m,2026-08-11 08:20:03.988000+00:00,2026-08-11 08:35:22.684000+00:00,2026-08-11,16,296.01200008392334,2.35,2.65,True,False,2026-08-11T08:28:38.052Z,2026-08-11T08:25:16.183Z,2026-08-11T08:28:38.052Z,-218.052,-16.183,0.013,0.012,0.29,,,,,,,,
btc-updown-5m-1786436400,btc-5m,2026-08-11 08:15:07.987000+00:00,2026-08-11 08:29:35.202000+00:00,2026-08-11,16,292.0130000114441,-1.4,1.4,False,True,,2026-08-11T08:20:10.894Z,,,-10.894,,0.004,0.29,,,,,,,,
btc-updown-5m-1786436100,btc-5m,2026-08-11 08:10:06.422000+00:00,2026-08-11 08:25:03.741000+00:00,2026-08-11,16,293.57800006866455,2.55,2.45,True,False,2026-08-11T08:19:30.224Z,2026-08-11T08:15:36.414Z,2026-08-11T08:19:30.224Z,-270.224,-36.414,0.003,0.007,0.29,,,,,,,,
btc-updown-15m-1786435200,btc-15m,2026-08-11 07:45:05.363000+00:00,2026-08-11 08:21:19.928000+00:00,2026-08-11,15,894.6370000839233,0.65,4.35,True,False,2026-08-11T07:59:17.766Z,2026-08-11T08:00:07.083Z,2026-08-11T08:00:07.083Z,-7.083,42.234,0.062,0.412,0.49,,,,,,,,
btc-updown-5m-1786435800,btc-5m,2026-08-11 08:05:04.445000+00:00,2026-08-11 08:19:04.851000+00:00,2026-08-11,16,295.5550000667572,-0.8,0.8,False,True,2026-08-11T08:12:15.363Z,,,,-135.363,0.02,,0.29,,,,,,,,
btc-updown-5m-1786435500,btc-5m,2026-08-11 08:00:08.744000+00:00,2026-08-11 08:15:09.536000+00:00,2026-08-11,16,291.25600004196167,2.35,2.65,True,False,2026-08-11T08:08:27.739Z,2026-08-11T08:06:13.903Z,2026-08-11T08:08:27.739Z,-207.739,-73.903,0.012,0.002,0.29,,,,,,,,
btc-updown-5m-1786435200,btc-5m,2026-08-11 07:55:07.123000+00:00,2026-08-11 08:10:07.443000+00:00,2026-08-11,15,292.8770000934601,-1.45,1.45,False,True,,2026-08-11T08:00:05.391Z,,,-5.391,,0.48,0.29,,,,,,,,
btc-updown-15m-1786434300,btc-15m,2026-08-11 07:30:02.345000+00:00,2026-08-11 08:06:13.521000+00:00,2026-08-11,15,897.6549999713898,0.8,4.2,True,False,2026-08-11T07:40:47.011Z,2026-08-11T07:45:29.828Z,2026-08-11T07:45:29.828Z,-29.828,252.989,1.249,0.002,0.49,,,,,,,,
btc-updown-5m-1786434900,btc-5m,2026-08-11 07:50:07.348000+00:00,2026-08-11 08:04:07.134000+00:00,2026-08-11,15,292.65199995040894,-1.35,1.35,False,True,2026-08-11T07:55:05.341Z,,,,-5.341,0.451,,0.29,,,,,,,,
btc-updown-5m-1786434600,btc-5m,2026-08-11 07:45:07.508000+00:00,2026-08-11 07:59:20.835000+00:00,2026-08-11,15,292.4920001029968,2.55,2.45,True,False,2026-08-11T07:54:07.392Z,2026-08-11T07:51:35.341Z,2026-08-11T07:54:07.392Z,-247.392,-95.341,0.002,0.004,0.29,,,,,,,,
btc-updown-5m-1786434300,btc-5m,2026-08-11 07:40:03.733000+00:00,2026-08-11 07:54:12.868000+00:00,2026-08-11,15,296.2669999599457,-0.9,0.9,False,True,,2026-08-11T07:45:27.659Z,,,-27.659,,0.003,0.29,,,,,,,,
btc-updown-15m-1786433400,btc-15m,2026-08-11 07:15:07.773000+00:00,2026-08-11 07:53:51.323000+00:00,2026-08-11,15,892.2269999980927,-2.45,2.45,False,True,,2026-08-11T07:29:00.073Z,,,59.927,,0.016,0.49,,,,,,,,
btc-updown-5m-1786434000,btc-5m,2026-08-11 07:35:03.197000+00:00,2026-08-11 07:49:10.156000+00:00,2026-08-11,15,296.8029999732971,-1.45,1.45,False,True,2026-08-11T07:40:58.004Z,,,,-58.004,0.005,,0.29,,,,,,,,
btc-updown-5m-1786433700,btc-5m,2026-08-11 07:30:05.285000+00:00,2026-08-11 07:43:03.184000+00:00,2026-08-11,15,294.7149999141693,-1.45,1.45,False,True,,2026-08-11T07:35:06.534Z,,,-6.534,,0.021,0.29,,,,,,,,
btc-updown-5m-1786433400,btc-5m,2026-08-11 07:25:06.923000+00:00,2026-08-11 07:41:50.418000+00:00,2026-08-11,15,293.0769999027252,-1.45,1.45,False,True,,2026-08-11T07:30:13.615Z,,,-13.615,,0.007,0.29,,,,,,,,
btc-updown-15m-1786432500,btc-15m,2026-08-11 07:00:02.942000+00:00,2026-08-11 07:38:52.511000+00:00,2026-08-11,15,897.058000087738,-2.4,2.4,False,True,2026-08-11T07:14:07.031Z,,,,52.969,0.013,,0.49,,,,,,,,
btc-updown-5m-1786433100,btc-5m,2026-08-11 07:20:05.821000+00:00,2026-08-11 07:34:34.764000+00:00,2026-08-11,15,294.17899990081787,2.35,2.65,True,False,2026-08-11T07:26:09.739Z,2026-08-11T07:27:34.888Z,2026-08-11T07:27:34.888Z,-154.888,-69.739,0.002,0.004,0.29,,,,,,,,
btc-updown-5m-1786432800,btc-5m,2026-08-11 07:15:10.298000+00:00,2026-08-11 07:33:02.416000+00:00,2026-08-11,15,289.7019999027252,-1.45,1.45,False,True,2026-08-11T07:20:14.120Z,,,,-14.12,0.011,,0.29,,,,,,,,
btc-updown-5m-1786432500,btc-5m,2026-08-11 07:10:05.306000+00:00,2026-08-11 07:27:42.267000+00:00,2026-08-11,15,294.69400000572205,-1.4,1.4,False,True,2026-08-11T07:15:05.294Z,,,,-5.294,0.4,,0.29,,,,,,,,
btc-updown-5m-1786432200,btc-5m,2026-08-11 07:05:02.739000+00:00,2026-08-11 07:23:01.516000+00:00,2026-08-11,15,297.260999917984,-1.45,1.45,False,True,2026-08-11T07:11:16.536Z,,,,-76.536,0.01,,0.29,,,,,,,,
btc-updown-15m-1786431600,btc-15m,2026-08-11 06:45:05.315000+00:00,2026-08-11 07:20:32.297000+00:00,2026-08-11,14,894.6849999427795,-2.4,2.4,False,True,,2026-08-11T06:46:13.095Z,,,826.905,,0.488,0.49,,,,,,,,
btc-updown-5m-1786431900,btc-5m,2026-08-11 07:00:05.094000+00:00,2026-08-11 07:16:43.586000+00:00,2026-08-11,15,294.9059998989105,2.5,2.5,True,False,2026-08-11T07:06:32.820Z,2026-08-11T07:05:09.416Z,2026-08-11T07:06:32.820Z,-92.82,-9.416,0.004,0.008,0.29,,,,,,,,
btc-updown-5m-1786431600,btc-5m,2026-08-11 06:55:06.284000+00:00,2026-08-11 07:12:40.499000+00:00,2026-08-11,14,293.71600008010864,-1.45,1.45,False,True,,2026-08-11T07:00:35.377Z,,,-35.377,,0.008,0.29,,,,,,,,
btc-updown-15m-1786430700,btc-15m,2026-08-11 06:30:04.539000+00:00,2026-08-11 07:05:44.628000+00:00,2026-08-11,14,895.4609999656677,0.3,4.7,True,False,2026-08-11T06:45:16.633Z,2026-08-11T06:32:29.971Z,2026-08-11T06:45:16.633Z,-16.633,750.029,0.005,0.478,0.49,,,,,,,,
btc-updown-5m-1786431300,btc-5m,2026-08-11 06:50:04.107000+00:00,2026-08-11 07:04:22.239000+00:00,2026-08-11,14,295.89299988746643,-1.3,1.3,False,True,,2026-08-11T06:55:14.067Z,,,-14.067,,0.007,0.29,,,,,,,,
btc-updown-5m-1786431000,btc-5m,2026-08-11 06:45:07.615000+00:00,2026-08-11 07:02:49.102000+00:00,2026-08-11,14,292.38499999046326,-1.3,1.3,False,True,2026-08-11T06:51:56.784Z,,,,-116.784,0.003,,0.29,,,,,,,,
btc-updown-5m-1786430700,btc-5m,2026-08-11 06:40:02.912000+00:00,2026-08-11 06:53:14.779000+00:00,2026-08-11,14,297.0880000591278,-1.45,1.45,False,True,,2026-08-11T06:45:48.897Z,,,-48.897,,0.011,0.29,,,,,,,,
btc-updown-5m-1786430400,btc-5m,2026-08-11 06:35:04.366000+00:00,2026-08-11 06:52:45.006000+00:00,2026-08-11,14,295.6340000629425,-1.35,1.35,False,True,2026-08-11T06:42:17.604Z,,,,-137.604,0.326,,0.29,,,,,,,,
btc-updown-15m-1786429800,btc-15m,2026-08-11 06:15:05.707000+00:00,2026-08-11 06:50:35.862000+00:00,2026-08-11,14,894.2929999828339,0.1,4.9,True,False,2026-08-11T06:30:41.484Z,2026-08-11T06:28:04.295Z,2026-08-11T06:30:41.484Z,-41.484,115.705,0.008,1.95,0.49,,,,,,,,
btc-updown-5m-1786430100,btc-5m,2026-08-11 06:30:06.759000+00:00,2026-08-11 06:47:26.367000+00:00,2026-08-11,14,293.2409999370575,-1.3,1.3,False,True,,2026-08-11T06:38:08.474Z,,,-188.474,,0.006,0.29,,,,,,,,
btc-updown-5m-1786429800,btc-5m,2026-08-11 06:25:06.398000+00:00,2026-08-11 06:42:34.412000+00:00,2026-08-11,14,293.60199999809265,-0.65,0.65,False,True,2026-08-11T06:30:49.517Z,,,,-49.517,0.036,,0.29,,,,,,,,
btc-updown-5m-1786429500,btc-5m,2026-08-11 06:20:06.051000+00:00,2026-08-11 06:37:36.067000+00:00,2026-08-11,14,293.9489998817444,-1.3,1.3,False,True,2026-08-11T06:25:22.263Z,,,,-22.263,0.01,,0.29,,,,,,,,
btc-updown-15m-1786428900,btc-15m,2026-08-11 06:00:10.081000+00:00,2026-08-11 06:33:09.500000+00:00,2026-08-11,14,889.9189999103546,0.15,4.85,True,False,2026-08-11T06:14:58.507Z,2026-08-11T06:14:48.560Z,2026-08-11T06:14:58.507Z,1.493,11.44,0.034,0.384,0.49,,,,,,,,
btc-updown-5m-1786429200,btc-5m,2026-08-11 06:15:07.647000+00:00,2026-08-11 06:29:00.798000+00:00,2026-08-11,14,292.3529999256134,-1.2,1.2,False,True,2026-08-11T06:20:03.712Z,,,,-3.712,0.424,,0.29,,,,,,,,
btc-updown-5m-1786428900,btc-5m,2026-08-11 06:10:05.740000+00:00,2026-08-11 06:27:43.788000+00:00,2026-08-11,14,294.25999999046326,-0.8,0.8,False,True,2026-08-11T06:16:13.545Z,,,,-73.545,0.004,,0.29,,,,,,,,
btc-updown-5m-1786428600,btc-5m,2026-08-11 06:05:02.142000+00:00,2026-08-11 06:22:36.352000+00:00,2026-08-11,14,297.8580000400543,2.65,2.35,True,False,2026-08-11T06:14:17.230Z,2026-08-11T06:11:14.376Z,2026-08-11T06:14:17.230Z,-257.23,-74.376,0.008,0.395,0.29,,,,,,,,
btc-updown-15m-1786428000,btc-15m,2026-08-11 05:45:08.121000+00:00,2026-08-11 06:19:36.214000+00:00,2026-08-11,13,891.8789999485016,0.4,4.6,True,False,2026-08-11T06:00:05.747Z,2026-08-11T05:59:22.416Z,2026-08-11T06:00:05.747Z,-5.747,37.584,0.441,0.026,0.49,,,,,,,,
btc-updown-5m-1786428300,btc-5m,2026-08-11 06:00:08.065000+00:00,2026-08-11 06:17:42.086000+00:00,2026-08-11,14,291.93499994277954,-0.85,0.85,False,True,,2026-08-11T06:06:41.040Z,,,-101.04,,0.022,0.29,,,,,,,,
btc-updown-15m-1786427100,btc-15m,2026-08-11 05:30:06.058000+00:00,2026-08-11 06:09:59.627000+00:00,2026-08-11,13,893.941999912262,0.5,4.5,True,False,2026-08-11T05:46:28.306Z,2026-08-11T05:30:13.037Z,2026-08-11T05:46:28.306Z,-88.306,886.963,0.026,1.296,0.49,,,,,,,,
btc-updown-5m-1786428000,btc-5m,2026-08-11 05:55:05.655000+00:00,2026-08-11 06:08:49.138000+00:00,2026-08-11,13,294.34500002861023,2.8,2.2,True,False,2026-08-11T06:02:13.206Z,2026-08-11T06:04:02.022Z,2026-08-11T06:04:02.022Z,-242.022,-133.206,0.006,0.003,0.29,,,,,,,,
btc-updown-5m-1786427400,btc-5m,2026-08-11 05:45:06.279000+00:00,2026-08-11 06:03:26.418000+00:00,2026-08-11,13,293.720999956131,-1.0,1.0,False,True,2026-08-11T05:52:58.508Z,,,,-178.508,0.002,,0.29,,,,,,,,
btc-updown-5m-1786427700,btc-5m,2026-08-11 05:50:05.523000+00:00,2026-08-11 06:03:25.411000+00:00,2026-08-11,13,294.47699999809265,-1.2,1.2,False,True,2026-08-11T05:58:02.971Z,,,,-182.971,0.016,,0.29,,,,,,,,
btc-updown-5m-1786427100,btc-5m,2026-08-11 05:40:02.964000+00:00,2026-08-11 05:57:43.782000+00:00,2026-08-11,13,297.03600001335144,2.35,2.65,True,False,2026-08-11T05:48:55.194Z,2026-08-11T05:45:18.744Z,2026-08-11T05:48:55.194Z,-235.194,-18.744,0.002,0.025,0.29,,,,,,,,
btc-updown-15m-1786426200,btc-15m,2026-08-11 05:15:06.398000+00:00,2026-08-11 05:55:00.430000+00:00,2026-08-11,13,893.6019999980927,0.2,4.8,True,False,2026-08-11T05:30:08.992Z,2026-08-11T05:19:58.165Z,2026-08-11T05:30:08.992Z,-8.992,601.835,0.002,1.177,0.49,,,,,,,,
btc-updown-5m-1786426800,btc-5m,2026-08-11 05:35:05.572000+00:00,2026-08-11 05:53:22.187000+00:00,2026-08-11,13,294.4279999732971,-1.2,1.2,False,True,2026-08-11T05:44:33.568Z,,,,-273.568,0.004,,0.29,,,,,,,,
btc-updown-5m-1786426500,btc-5m,2026-08-11 05:30:04.214000+00:00,2026-08-11 05:44:50.087000+00:00,2026-08-11,13,295.78600001335144,-1.05,1.05,False,True,,2026-08-11T05:35:03.781Z,,,-3.781,,0.048,0.29,,,,,,,,
btc-updown-5m-1786426200,btc-5m,2026-08-11 05:25:02.967000+00:00,2026-08-11 05:42:28.774000+00:00,2026-08-11,13,297.0329999923706,-0.2,0.2,False,True,,2026-08-11T05:33:23.772Z,,,-203.772,,0.001,0.29,,,,,,,,
btc-updown-15m-1786425300,btc-15m,2026-08-11 05:00:05.581000+00:00,2026-08-11 05:36:52.949000+00:00,2026-08-11,13,894.4189999103546,0.45,4.55,True,False,2026-08-11T05:16:06.461Z,2026-08-11T05:00:09.185Z,2026-08-11T05:16:06.461Z,-66.461,890.815,0.043,0.95,0.49,,,,,,,,
btc-updown-5m-1786425900,btc-5m,2026-08-11 05:20:04.058000+00:00,2026-08-11 05:34:17.803000+00:00,2026-08-11,13,295.94199991226196,2.1,2.9,True,False,2026-08-11T05:27:57.459Z,2026-08-11T05:28:36.407Z,2026-08-11T05:28:36.407Z,-216.407,-177.459,0.009,0.004,0.29,,,,,,,,
btc-updown-5m-1786425600,btc-5m,2026-08-11 05:15:04.453000+00:00,2026-08-11 05:32:58.448000+00:00,2026-08-11,13,295.54699993133545,-0.55,0.55,False,True,2026-08-11T05:20:37.618Z,,,,-37.618,0.005,,0.29,,,,,,,,
btc-updown-5m-1786425300,btc-5m,2026-08-11 05:10:04.561000+00:00,2026-08-11 05:27:15.427000+00:00,2026-08-11,13,295.4389998912811,-0.35,0.35,False,True,2026-08-11T05:18:36.931Z,,,,-216.931,0.001,,0.29,,,,,,,,
btc-updown-15m-1786424400,btc-15m,2026-08-11 04:45:06.232000+00:00,2026-08-11 05:22:25.555000+00:00,2026-08-11,12,893.7679998874664,0.7,4.3,True,False,2026-08-11T05:00:09.185Z,2026-08-11T04:55:09.420Z,2026-08-11T05:00:09.185Z,-9.185,290.58,0.01,0.438,0.49,,,,,,,,
btc-updown-5m-1786425000,btc-5m,2026-08-11 05:05:03.421000+00:00,2026-08-11 05:20:48.656000+00:00,2026-08-11,13,296.5789999961853,2.1,2.9,True,False,2026-08-11T05:12:17.771Z,2026-08-11T05:11:14.595Z,2026-08-11T05:12:17.771Z,-137.771,-74.595,0.027,0.012,0.29,,,,,,,,
btc-updown-5m-1786424700,btc-5m,2026-08-11 05:00:03.160000+00:00,2026-08-11 05:15:42.174000+00:00,2026-08-11,13,296.8399999141693,-1.35,1.35,False,True,,2026-08-11T05:07:26.120Z,,,-146.12,,0.009,0.29,,,,,,,,
btc-updown-5m-1786424400,btc-5m,2026-08-11 04:55:03.845000+00:00,2026-08-11 05:12:52.859000+00:00,2026-08-11,12,296.15499997138977,2.1,2.9,True,False,2026-08-11T05:00:15.516Z,2026-08-11T05:03:25.828Z,2026-08-11T05:03:25.828Z,-205.828,-15.516,0.002,0.002,0.29,,,,,,,,
btc-updown-5m-1786424100,btc-5m,2026-08-11 04:50:05.547000+00:00,2026-08-11 05:07:24.179000+00:00,2026-08-11,12,294.45300006866455,-1.4,1.4,False,True,2026-08-11T04:56:06.860Z,,,,-66.86,0.002,,0.29,,,,,,,,
btc-updown-15m-1786423500,btc-15m,2026-08-11 04:30:06.559000+00:00,2026-08-11 05:05:29.885000+00:00,2026-08-11,12,893.4409999847412,0.35,4.65,True,False,2026-08-11T04:47:04.290Z,2026-08-11T04:40:36.506Z,2026-08-11T04:47:04.290Z,-124.29,263.494,0.018,0.173,0.49,,,,,,,,
btc-updown-5m-1786423800,btc-5m,2026-08-11 04:45:04.422000+00:00,2026-08-11 05:03:10.777000+00:00,2026-08-11,12,295.57800006866455,-1.2,1.2,False,True,2026-08-11T04:50:42.383Z,,,,-42.383,0.003,,0.29,,,,,,,,
btc-updown-5m-1786423500,btc-5m,2026-08-11 04:40:06.118000+00:00,2026-08-11 04:57:19.660000+00:00,2026-08-11,12,293.8819999694824,2.5,2.5,True,False,2026-08-11T04:48:06.482Z,2026-08-11T04:45:26.372Z,2026-08-11T04:48:06.482Z,-186.482,-26.372,0.009,0.005,0.29,,,,,,,,
btc-updown-15m-1786422600,btc-15m,2026-08-11 04:15:04.964000+00:00,2026-08-11 04:53:22.430000+00:00,2026-08-11,12,895.0360000133514,0.1,4.9,True,False,2026-08-11T04:30:19.306Z,2026-08-11T04:30:12.572Z,2026-08-11T04:30:19.306Z,-19.306,-12.572,0.002,0.015,0.49,,,,,,,,
btc-updown-5m-1786423200,btc-5m,2026-08-11 04:35:05.054000+00:00,2026-08-11 04:52:07.146000+00:00,2026-08-11,12,294.94600009918213,-1.45,1.45,False,True,2026-08-11T04:43:42.287Z,,,,-222.287,0.005,,0.29,,,,,,,,
btc-updown-5m-1786422900,btc-5m,2026-08-11 04:30:04.673000+00:00,2026-08-11 04:44:16.349000+00:00,2026-08-11,12,295.3269999027252,-1.15,1.15,False,True,2026-08-11T04:39:07.909Z,,,,-247.909,0.003,,0.29,,,,,,,,
btc-updown-5m-1786422600,btc-5m,2026-08-11 04:25:05.271000+00:00,2026-08-11 04:42:04.864000+00:00,2026-08-11,12,294.72900009155273,3.25,1.75,True,False,2026-08-11T04:34:04.188Z,2026-08-11T04:32:47.766Z,2026-08-11T04:34:04.188Z,-244.188,-167.766,0.002,0.006,0.29,,,,,,,,
btc-updown-5m-1786422300,btc-5m,2026-08-11 04:20:03.358000+00:00,2026-08-11 04:39:55.523000+00:00,2026-08-11,12,296.6419999599457,-1.45,1.45,False,True,2026-08-11T04:27:02.975Z,,,,-122.975,0.006,,0.29,,,,,,,,
btc-updown-15m-1786421700,btc-15m,2026-08-11 04:00:05.837000+00:00,2026-08-11 04:37:15.988000+00:00,2026-08-11,12,894.1630001068115,0.1,4.9,True,False,2026-08-11T04:00:41.639Z,2026-08-11T04:15:17.857Z,2026-08-11T04:15:17.857Z,-17.857,858.361,0.035,0.032,0.49,,,,,,,,
btc-updown-5m-1786422000,btc-5m,2026-08-11 04:15:03.124000+00:00,2026-08-11 04:30:15.694000+00:00,2026-08-11,12,296.87599992752075,2.8,2.2,True,False,2026-08-11T04:23:27.051Z,2026-08-11T04:22:00.743Z,2026-08-11T04:23:27.051Z,-207.051,-120.743,0.003,0.011,0.29,,,,,,,,
btc-updown-5m-1786421700,btc-5m,2026-08-11 04:10:03.247000+00:00,2026-08-11 04:25:26.869000+00:00,2026-08-11,12,296.75300002098083,-0.95,0.95,False,True,2026-08-11T04:17:38.784Z,,,,-158.784,0.002,,0.29,,,,,,,,
btc-updown-15m-1786420800,btc-15m,2026-08-11 03:45:06.157000+00:00,2026-08-11 04:22:04.379000+00:00,2026-08-11,11,893.8429999351501,0.5,4.5,True,False,2026-08-11T03:59:05.953Z,2026-08-11T04:01:08.647Z,2026-08-11T04:01:08.647Z,-68.647,54.047,0.033,0.015,0.49,,,,,,,,
btc-updown-5m-1786421400,btc-5m,2026-08-11 04:05:05.030000+00:00,2026-08-11 04:21:31.696000+00:00,2026-08-11,12,294.97000002861023,2.3,2.7,True,False,2026-08-11T04:11:56.088Z,2026-08-11T04:13:36.795Z,2026-08-11T04:13:36.795Z,-216.795,-116.088,0.007,0.224,0.29,,,,,,,,
btc-updown-5m-1786421100,btc-5m,2026-08-11 04:00:03.230000+00:00,2026-08-11 04:16:41.701000+00:00,2026-08-11,12,296.7699999809265,2.65,2.35,True,False,2026-08-11T04:09:01.359Z,2026-08-11T04:09:18.456Z,2026-08-11T04:09:18.456Z,-258.456,-241.359,0.035,0.365,0.29,,,,,,,,
btc-updown-5m-1786420800,btc-5m,2026-08-11 03:55:06.493000+00:00,2026-08-11 04:11:13.501000+00:00,2026-08-11,11,293.5069999694824,-0.45,0.45,False,True,2026-08-11T04:03:28.799Z,,,,-208.799,0.005,,0.29,,,,,,,,
btc-updown-15m-1786419900,btc-15m,2026-08-11 03:30:06.957000+00:00,2026-08-11 04:07:04.209000+00:00,2026-08-11,11,893.0429999828339,0.1,4.9,True,False,2026-08-11T03:40:08.901Z,2026-08-11T03:46:51.028Z,2026-08-11T03:46:51.028Z,-111.028,291.099,0.051,0.019,0.49,,,,,,,,
btc-updown-5m-1786420500,btc-5m,2026-08-11 03:50:06.004000+00:00,2026-08-11 04:06:06.821000+00:00,2026-08-11,11,293.9960000514984,2.85,2.15,True,False,2026-08-11T03:56:43.772Z,2026-08-11T03:58:40.047Z,2026-08-11T03:58:40.047Z,-220.047,-103.772,0.004,0.001,0.29,,,,,,,,
btc-updown-5m-1786420200,btc-5m,2026-08-11 03:45:03.880000+00:00,2026-08-11 04:01:04.330000+00:00,2026-08-11,11,296.1199998855591,-1.1,1.1,False,True,2026-08-11T03:51:12.815Z,,,,-72.815,0.008,,0.29,,,,,,,,
btc-updown-5m-1786419900,btc-5m,2026-08-11 03:40:05.450000+00:00,2026-08-11 03:56:00.958000+00:00,2026-08-11,11,294.5499999523163,2.1,2.9,True,False,2026-08-11T03:48:05.018Z,2026-08-11T03:48:57.939Z,2026-08-11T03:48:57.939Z,-237.939,-185.018,0.015,0.016,0.29,,,,,,,,
btc-updown-5m-1786419600,btc-5m,2026-08-11 03:35:06.091000+00:00,2026-08-11 03:53:42.327000+00:00,2026-08-11,11,293.90899991989136,2.35,2.65,True,False,2026-08-11T03:43:09.243Z,2026-08-11T03:40:10.228Z,2026-08-11T03:43:09.243Z,-189.243,-10.228,0.001,0.003,0.29,,,,,,,,
btc-updown-15m-1786419000,btc-15m,2026-08-11 03:15:07.183000+00:00,2026-08-11 03:51:02.312000+00:00,2026-08-11,11,892.816999912262,0.4,4.6,True,False,2026-08-11T03:15:08.732Z,2026-08-11T03:39:06.458Z,2026-08-11T03:39:06.458Z,-546.458,891.268,0.067,0.024,0.49,,,,,,,,
btc-updown-5m-1786419300,btc-5m,2026-08-11 03:30:05.209000+00:00,2026-08-11 03:46:15.372000+00:00,2026-08-11,11,294.7909998893738,-1.35,1.35,False,True,,2026-08-11T03:38:02.330Z,,,-182.33,,0.004,0.29,,,,,,,,
btc-updown-5m-1786419000,btc-5m,2026-08-11 03:25:05.745000+00:00,2026-08-11 03:44:59.637000+00:00,2026-08-11,11,294.2550001144409,-1.3,1.3,False,True,2026-08-11T03:30:10.498Z,,,,-10.498,0.011,,0.29,,,,,,,,
btc-updown-5m-1786418700,btc-5m,2026-08-11 03:20:05.861000+00:00,2026-08-11 03:36:36.774000+00:00,2026-08-11,11,294.13899993896484,2.5,2.5,True,False,2026-08-11T03:28:36.023Z,2026-08-11T03:26:03.304Z,2026-08-11T03:28:36.023Z,-216.023,-63.304,0.009,0.002,0.29,,,,,,,,
btc-updown-15m-1786418100,btc-15m,2026-08-11 03:00:03.286000+00:00,2026-08-11 03:35:56.888000+00:00,2026-08-11,11,896.7139999866486,0.4,4.6,True,False,2026-08-11T03:13:04.568Z,2026-08-11T03:15:29.174Z,2026-08-11T03:15:29.174Z,-29.174,115.432,0.01,1.029,0.49,,,,,,,,
btc-updown-5m-1786418400,btc-5m,2026-08-11 03:15:05.240000+00:00,2026-08-11 03:31:08.906000+00:00,2026-08-11,11,294.75999999046326,2.2,2.8,True,False,2026-08-11T03:20:41.051Z,2026-08-11T03:22:18.814Z,2026-08-11T03:22:18.814Z,-138.814,-41.051,0.007,0.005,0.29,,,,,,,,
btc-updown-5m-1786418100,btc-5m,2026-08-11 03:10:03.438000+00:00,2026-08-11 03:26:15.894000+00:00,2026-08-11,11,296.5620000362396,-1.45,1.45,False,True,,2026-08-11T03:16:20.083Z,,,-80.083,,0.007,0.29,,,,,,,,
btc-updown-15m-1786417200,btc-15m,2026-08-11 02:45:02.789000+00:00,2026-08-11 03:21:59.092000+00:00,2026-08-11,10,897.2109999656677,0.2,4.8,True,False,2026-08-11T02:59:50.957Z,2026-08-11T03:00:17.627Z,2026-08-11T03:00:17.627Z,-17.627,9.043,0.039,2.016,0.49,,,,,,,,
btc-updown-5m-1786417800,btc-5m,2026-08-11 03:05:02.886000+00:00,2026-08-11 03:20:42.872000+00:00,2026-08-11,11,297.114000082016,-1.25,1.25,False,True,,2026-08-11T03:11:42.112Z,,,-102.112,,0.003,0.29,,,,,,,,
btc-updown-5m-1786417500,btc-5m,2026-08-11 03:00:05.410000+00:00,2026-08-11 03:15:46.131000+00:00,2026-08-11,11,294.5899999141693,2.55,2.45,True,False,2026-08-11T03:05:19.701Z,2026-08-11T03:09:11.288Z,2026-08-11T03:09:11.288Z,-251.288,-19.701,0.008,0.002,0.29,,,,,,,,
btc-updown-5m-1786417200,btc-5m,2026-08-11 02:55:04.443000+00:00,2026-08-11 03:09:44.767000+00:00,2026-08-11,10,295.5569999217987,-1.45,1.45,False,True,,2026-08-11T03:00:24.748Z,,,-24.748,,1.049,0.29,,,,,,,,
btc-updown-15m-1786416300,btc-15m,2026-08-11 02:30:04.224000+00:00,2026-08-11 03:06:36.877000+00:00,2026-08-11,10,895.7760000228882,0.9,4.1,True,False,2026-08-11T02:49:21.532Z,2026-08-11T02:45:10.452Z,2026-08-11T02:49:21.532Z,-261.532,-10.452,0.016,0.003,0.49,,,,,,,,
btc-updown-5m-1786416900,btc-5m,2026-08-11 02:50:06.129000+00:00,2026-08-11 03:05:39.288000+00:00,2026-08-11,10,293.8710000514984,3.15,1.85,True,False,2026-08-11T02:59:43.078Z,2026-08-11T02:56:21.693Z,2026-08-11T02:59:43.078Z,-283.078,-81.693,0.029,0.002,0.29,,,,,,,,
btc-updown-5m-1786416600,btc-5m,2026-08-11 02:45:05.041000+00:00,2026-08-11 03:01:56.997000+00:00,2026-08-11,10,294.9590001106262,2.35,2.65,True,False,2026-08-11T02:51:41.424Z,2026-08-11T02:54:29.162Z,2026-08-11T02:54:29.162Z,-269.162,-101.424,0.002,0.001,0.29,,,,,,,,
btc-updown-5m-1786416300,btc-5m,2026-08-11 02:40:03.673000+00:00,2026-08-11 02:55:30.658000+00:00,2026-08-11,10,296.3269999027252,2.3,2.7,True,False,2026-08-11T02:49:23.397Z,2026-08-11T02:45:08.375Z,2026-08-11T02:49:23.397Z,-263.397,-8.375,1.867,0.008,0.29,,,,,,,,
btc-updown-15m-1786415400,btc-15m,2026-08-11 02:15:03.795000+00:00,2026-08-11 02:53:30.817000+00:00,2026-08-11,10,896.204999923706,0.1,4.9,True,False,2026-08-11T02:29:30.754Z,2026-08-11T02:30:31.595Z,2026-08-11T02:30:31.595Z,-31.595,29.246,0.025,0.007,0.49,,,,,,,,
btc-updown-5m-1786416000,btc-5m,2026-08-11 02:35:05.381000+00:00,2026-08-11 02:50:33.045000+00:00,2026-08-11,10,294.61899995803833,-1.35,1.35,False,True,,2026-08-11T02:40:43.324Z,,,-43.324,,0.037,0.29,,,,,,,,
btc-updown-5m-1786415700,btc-5m,2026-08-11 02:30:02.205000+00:00,2026-08-11 02:46:56.282000+00:00,2026-08-11,10,297.79500007629395,-1.45,1.45,False,True,2026-08-11T02:36:03.764Z,,,,-63.764,0.002,,0.29,,,,,,,,
btc-updown-5m-1786415400,btc-5m,2026-08-11 02:25:03.413000+00:00,2026-08-11 02:40:20.190000+00:00,2026-08-11,10,296.5869998931885,2.15,2.85,True,False,2026-08-11T02:33:56.691Z,2026-08-11T02:32:38.700Z,2026-08-11T02:33:56.691Z,-236.691,-158.7,0.008,0.002,0.29,,,,,,,,
btc-updown-15m-1786414500,btc-15m,2026-08-11 02:00:03.897000+00:00,2026-08-11 02:36:17.944000+00:00,2026-08-11,10,896.1029999256134,0.45,4.55,True,False,2026-08-11T02:00:05.809Z,2026-08-11T02:15:06.612Z,2026-08-11T02:15:06.612Z,-6.612,894.191,0.902,0.021,0.49,,,,,,,,
btc-updown-5m-1786415100,btc-5m,2026-08-11 02:20:03.278000+00:00,2026-08-11 02:35:17.320000+00:00,2026-08-11,10,296.72199988365173,2.35,2.65,True,False,2026-08-11T02:27:36.110Z,2026-08-11T02:27:02.866Z,2026-08-11T02:27:36.110Z,-156.11,-122.866,0.008,0.004,0.29,,,,,,,,
btc-updown-5m-1786414800,btc-5m,2026-08-11 02:15:02.526000+00:00,2026-08-11 02:30:28.016000+00:00,2026-08-11,10,297.4739999771118,-1.3,1.3,False,True,2026-08-11T02:21:58.302Z,,,,-118.302,0.009,,0.29,,,,,,,,
btc-updown-5m-1786414500,btc-5m,2026-08-11 02:10:01.574000+00:00,2026-08-11 02:23:41.878000+00:00,2026-08-11,10,298.4260001182556,-1.45,1.45,False,True,,2026-08-11T02:15:12.904Z,,,-12.904,,0.007,0.29,,,,,,,,
btc-updown-15m-1786413600,btc-15m,2026-08-11 01:45:03.561000+00:00,2026-08-11 02:21:09.851000+00:00,2026-08-11,9,896.4389998912811,0.2,4.8,True,False,2026-08-11T01:54:03.118Z,2026-08-11T02:02:22.371Z,2026-08-11T02:02:22.371Z,-142.371,356.882,1.621,0.008,0.49,,,,,,,,
btc-updown-5m-1786414200,btc-5m,2026-08-11 02:05:03.621000+00:00,2026-08-11 02:21:05.423000+00:00,2026-08-11,10,296.3789999485016,3.8,1.2,True,False,2026-08-11T02:13:22.401Z,2026-08-11T02:13:09.063Z,2026-08-11T02:13:22.401Z,-202.401,-189.063,0.007,0.002,0.29,,,,,,,,
btc-updown-5m-1786413900,btc-5m,2026-08-11 02:00:02.763000+00:00,2026-08-11 02:17:52.655000+00:00,2026-08-11,10,297.2369999885559,3.1,1.9,True,False,2026-08-11T02:07:14.283Z,2026-08-11T02:06:07.442Z,2026-08-11T02:07:14.283Z,-134.283,-67.442,0.004,0.01,0.29,,,,,,,,
btc-updown-5m-1786413600,btc-5m,2026-08-11 01:55:03.174000+00:00,2026-08-11 02:11:03.326000+00:00,2026-08-11,9,296.82599997520447,-1.45,1.45,False,True,,2026-08-11T02:02:27.418Z,,,-147.418,,0.006,0.29,,,,,,,,
btc-updown-5m-1786413300,btc-5m,2026-08-11 01:50:02.459000+00:00,2026-08-11 02:07:21.388000+00:00,2026-08-11,9,297.5409998893738,-1.15,1.15,False,True,,2026-08-11T01:58:01.257Z,,,-181.257,,0.023,0.29,,,,,,,,
btc-updown-15m-1786412700,btc-15m,2026-08-11 01:30:05.166000+00:00,2026-08-11 02:05:28.854000+00:00,2026-08-11,9,894.8340001106262,0.1,4.9,True,False,2026-08-11T01:45:05.311Z,2026-08-11T01:43:00.666Z,2026-08-11T01:45:05.311Z,-5.311,119.334,0.025,0.014,0.49,,,,,,,,
btc-updown-5m-1786413000,btc-5m,2026-08-11 01:45:02.347000+00:00,2026-08-11 02:00:05.535000+00:00,2026-08-11,9,297.65300011634827,-1.0,1.0,False,True,,2026-08-11T01:50:25.478Z,,,-25.478,,0.014,0.29,,,,,,,,
btc-updown-5m-1786412700,btc-5m,2026-08-11 01:40:02.935000+00:00,2026-08-11 01:54:58.374000+00:00,2026-08-11,9,297.06500005722046,-1.45,1.45,False,True,,2026-08-11T01:46:25.737Z,,,-85.737,,0.02,0.29,,,,,,,,
btc-updown-15m-1786411800,btc-15m,2026-08-11 01:15:01.227000+00:00,2026-08-11 01:52:50.280000+00:00,2026-08-11,9,898.7730000019073,-2.45,2.45,False,True,2026-08-11T01:15:04.253Z,,,,895.747,1.954,,0.49,,,,,,,,
btc-updown-5m-1786412400,btc-5m,2026-08-11 01:35:03.597000+00:00,2026-08-11 01:51:30.118000+00:00,2026-08-11,9,296.40300011634827,-1.3,1.3,False,True,2026-08-11T01:40:02.063Z,,,,-2.063,0.197,,0.29,,,,,,,,
btc-updown-5m-1786412100,btc-5m,2026-08-11 01:30:03.485000+00:00,2026-08-11 01:44:29.274000+00:00,2026-08-11,9,296.5150001049042,-1.45,1.45,False,True,2026-08-11T01:38:08.805Z,,,,-188.805,0.005,,0.29,,,,,,,,
btc-updown-5m-1786411800,btc-5m,2026-08-11 01:25:02.243000+00:00,2026-08-11 01:42:57.026000+00:00,2026-08-11,9,297.7569999694824,-1.45,1.45,False,True,2026-08-11T01:30:49.292Z,,,,-49.292,0.006,,0.29,,,,,,,,
btc-updown-15m-1786410900,btc-15m,2026-08-11 01:00:02.766000+00:00,2026-08-11 01:40:49.612000+00:00,2026-08-11,9,897.2339999675751,0.3,4.7,True,False,2026-08-11T01:13:20.068Z,2026-08-11T01:24:03.947Z,2026-08-11T01:24:03.947Z,-543.947,99.932,0.024,0.01,0.49,,,,,,,,
btc-updown-5m-1786411500,btc-5m,2026-08-11 01:20:03.336000+00:00,2026-08-11 01:34:20.997000+00:00,2026-08-11,9,296.6640000343323,2.25,2.75,True,False,2026-08-11T01:25:11.011Z,2026-08-11T01:28:45.299Z,2026-08-11T01:28:45.299Z,-225.299,-11.011,0.009,0.04,0.29,,,,,,,,
btc-updown-5m-1786411200,btc-5m,2026-08-11 01:15:02.578000+00:00,2026-08-11 01:28:40.930000+00:00,2026-08-11,9,297.42199993133545,-1.45,1.45,False,True,,2026-08-11T01:20:17.901Z,,,-17.901,,0.011,0.29,,,,,,,,
btc-updown-5m-1786410900,btc-5m,2026-08-11 01:10:02.785000+00:00,2026-08-11 01:26:54.402000+00:00,2026-08-11,9,297.2149999141693,-0.6,0.6,False,True,2026-08-11T01:15:45.316Z,,,,-45.316,0.002,,0.29,,,,,,,,
btc-updown-5m-1786410600,btc-5m,2026-08-11 01:05:02.078000+00:00,2026-08-11 01:23:19.022000+00:00,2026-08-11,9,297.92199993133545,-1.15,1.15,False,True,,2026-08-11T01:10:05.399Z,,,-5.399,,0.011,0.29,,,,,,,,
btc-updown-15m-1786410000,btc-15m,2026-08-11 00:45:03.828000+00:00,2026-08-11 01:20:11.468000+00:00,2026-08-11,8,896.1719999313354,0.1,4.9,True,False,2026-08-11T00:59:34.056Z,2026-08-11T01:01:00.716Z,2026-08-11T01:01:00.716Z,-60.716,25.944,1.814,0.008,0.49,,,,,,,,
btc-updown-5m-1786410300,btc-5m,2026-08-11 01:00:04.641000+00:00,2026-08-11 01:17:18.502000+00:00,2026-08-11,9,295.3589999675751,-1.35,1.35,False,True,2026-08-11T01:06:20.990Z,,,,-80.99,0.007,,0.29,,,,,,,,
btc-updown-5m-1786410000,btc-5m,2026-08-11 00:55:03.461000+00:00,2026-08-11 01:11:33.028000+00:00,2026-08-11,8,296.5390000343323,-1.35,1.35,False,True,2026-08-11T01:01:12.130Z,,,,-72.13,0.009,,0.29,,,,,,,,
btc-updown-15m-1786409100,btc-15m,2026-08-11 00:30:04.073000+00:00,2026-08-11 01:07:30.370000+00:00,2026-08-11,8,895.9270000457764,-2.45,2.45,False,True,,2026-08-11T00:44:33.940Z,,,26.06,,1.242,0.49,,,,,,,,
btc-updown-5m-1786409700,btc-5m,2026-08-11 00:50:01.811000+00:00,2026-08-11 01:03:27.940000+00:00,2026-08-11,8,298.1889998912811,-1.45,1.45,False,True,,2026-08-11T00:57:15.311Z,,,-135.311,,0.01,0.29,,,,,,,,
btc-updown-5m-1786409400,btc-5m,2026-08-11 00:45:02.329000+00:00,2026-08-11 01:03:24.230000+00:00,2026-08-11,8,297.6710000038147,-1.45,1.45,False,True,,2026-08-11T00:50:57.175Z,,,-57.175,,0.02,0.29,,,,,,,,
btc-updown-5m-1786409100,btc-5m,2026-08-11 00:40:01.987000+00:00,2026-08-11 00:56:42.280000+00:00,2026-08-11,8,298.0130000114441,-1.45,1.45,False,True,,2026-08-11T00:45:26.524Z,,,-26.524,,0.001,0.29,,,,,,,,
btc-updown-5m-1786408800,btc-5m,2026-08-11 00:35:03.086000+00:00,2026-08-11 00:49:21.570000+00:00,2026-08-11,8,296.9140000343323,2.2,2.8,True,False,2026-08-11T00:41:39.080Z,2026-08-11T00:43:35.171Z,2026-08-11T00:43:35.171Z,-215.171,-99.08,0.01,0.012,0.29,,,,,,,,
btc-updown-15m-1786408200,btc-15m,2026-08-11 00:15:04.113000+00:00,2026-08-11 00:48:47.973000+00:00,2026-08-11,8,895.8870000839233,0.1,4.9,True,False,2026-08-11T00:37:02.239Z,2026-08-11T00:29:35.993Z,2026-08-11T00:37:02.239Z,-422.239,24.007,0.008,0.148,0.49,,,,,,,,
btc-updown-5m-1786408500,btc-5m,2026-08-11 00:30:05.251000+00:00,2026-08-11 00:44:02.592000+00:00,2026-08-11,8,294.74900007247925,-0.9,0.9,False,True,2026-08-11T00:36:52.024Z,,,,-112.024,0.004,,0.29,,,,,,,,
btc-updown-5m-1786408200,btc-5m,2026-08-11 00:25:02.423000+00:00,2026-08-11 00:43:18.400000+00:00,2026-08-11,8,297.5769999027252,-1.35,1.35,False,True,,2026-08-11T00:30:02.634Z,,,-2.634,,0.298,0.29,,,,,,,,
btc-updown-5m-1786407900,btc-5m,2026-08-11 00:20:03.086000+00:00,2026-08-11 00:35:16.941000+00:00,2026-08-11,8,296.9140000343323,-1.45,1.45,False,True,,2026-08-11T00:25:33.022Z,,,-33.022,,0.009,0.29,,,,,,,,
btc-updown-15m-1786407300,btc-15m,2026-08-11 00:00:05.196000+00:00,2026-08-11 00:34:12.960000+00:00,2026-08-11,8,894.8039999008179,0.35,4.65,True,False,2026-08-11T00:14:03.534Z,2026-08-11T00:15:05.843Z,2026-08-11T00:15:05.843Z,-5.843,56.466,0.966,0.007,0.49,,,,,,,,
btc-updown-5m-1786407600,btc-5m,2026-08-11 00:15:02.901000+00:00,2026-08-11 00:31:49.022000+00:00,2026-08-11,8,297.0989999771118,-1.45,1.45,False,True,,2026-08-11T00:21:30.254Z,,,-90.254,,0.006,0.29,,,,,,,,
btc-updown-5m-1786407300,btc-5m,2026-08-11 00:10:01.754000+00:00,2026-08-11 00:25:53.584000+00:00,2026-08-11,8,298.2460000514984,-1.4,1.4,False,True,2026-08-11T00:15:46.843Z,,,,-46.843,0.011,,0.29,,,,,,,,
btc-updown-15m-1786406400,btc-15m,2026-08-10 23:45:03.146000+00:00,2026-08-11 00:23:46.234000+00:00,2026-08-11,7,896.8540000915527,0.2,4.8,True,False,2026-08-11T00:00:09.387Z,2026-08-10T23:45:04.794Z,2026-08-11T00:00:09.387Z,-9.387,895.206,0.012,2.003,0.49,,,,,,,,
btc-updown-5m-1786407000,btc-5m,2026-08-11 00:05:03.389000+00:00,2026-08-11 00:23:17.470000+00:00,2026-08-11,8,296.61100006103516,2.7,2.3,True,False,2026-08-11T00:11:38.333Z,2026-08-11T00:12:22.970Z,2026-08-11T00:12:22.970Z,-142.97,-98.333,0.005,0.005,0.29,,,,,,,,
btc-updown-5m-1786406700,btc-5m,2026-08-11 00:00:03.065000+00:00,2026-08-11 00:16:37.115000+00:00,2026-08-11,8,296.93499994277954,3.0,2.0,True,False,2026-08-11T00:06:48.061Z,2026-08-11T00:09:26.117Z,2026-08-11T00:09:26.117Z,-266.117,-108.061,0.005,0.006,0.29,,,,,,,,
btc-updown-5m-1786406400,btc-5m,2026-08-10 23:55:02.390000+00:00,2026-08-11 00:09:51.571000+00:00,2026-08-11,7,297.6099998950958,-1.35,1.35,False,True,2026-08-11T00:00:13.660Z,,,,-13.66,0.018,,0.29,,,,,,,,
btc-updown-15m-1786405500,btc-15m,2026-08-10 23:30:02.277000+00:00,2026-08-11 00:09:41.837000+00:00,2026-08-11,7,897.7230000495911,0.3,4.7,True,False,2026-08-10T23:45:09.516Z,2026-08-10T23:40:05.849Z,2026-08-10T23:45:09.516Z,-9.516,294.151,0.015,1.204,0.49,,,,,,,,
btc-updown-5m-1786406100,btc-5m,2026-08-10 23:50:03.492000+00:00,2026-08-11 00:04:42.652000+00:00,2026-08-11,7,296.5079998970032,-1.25,1.25,False,True,,2026-08-10T23:56:13.776Z,,,-73.776,,0.002,0.29,,,,,,,,
btc-updown-5m-1786405800,btc-5m,2026-08-10 23:45:01.770000+00:00,2026-08-10 23:59:52.074000+00:00,2026-08-11,7,298.2300000190735,-1.15,1.15,False,True,,2026-08-10T23:50:36.120Z,,,-36.12,,0.007,0.29,,,,,,,,
btc-updown-5m-1786405500,btc-5m,2026-08-10 23:40:02.311000+00:00,2026-08-10 23:55:15.858000+00:00,2026-08-11,7,297.6889998912811,-1.45,1.45,False,True,2026-08-10T23:49:07.047Z,,,,-247.047,0.027,,0.29,,,,,,,,
btc-updown-15m-1786404600,btc-15m,2026-08-10 23:15:03.021000+00:00,2026-08-10 23:51:32.041000+00:00,2026-08-11,7,896.9790000915527,0.7,4.3,True,False,2026-08-10T23:30:11.400Z,2026-08-10T23:26:14.074Z,2026-08-10T23:30:11.400Z,-11.4,225.926,0.003,0.052,0.49,,,,,,,,
btc-updown-5m-1786404900,btc-5m,2026-08-10 23:30:01.236000+00:00,2026-08-10 23:50:21.060000+00:00,2026-08-11,7,298.76399993896484,-1.05,1.05,False,True,2026-08-10T23:35:10.032Z,,,,-10.032,0.007,,0.29,,,,,,,,
btc-updown-5m-1786405200,btc-5m,2026-08-10 23:35:05.259000+00:00,2026-08-10 23:50:15.346000+00:00,2026-08-11,7,294.7409999370575,-1.2,1.2,False,True,,2026-08-10T23:41:13.218Z,,,-73.218,,0.009,0.29,,,,,,,,
btc-updown-5m-1786404600,btc-5m,2026-08-10 23:25:02.619000+00:00,2026-08-10 23:40:22.823000+00:00,2026-08-11,7,297.38100004196167,-1.2,1.2,False,True,2026-08-10T23:30:19.613Z,,,,-19.613,0.013,,0.29,,,,,,,,
btc-updown-15m-1786403700,btc-15m,2026-08-10 23:00:04.056000+00:00,2026-08-10 23:38:38.942000+00:00,2026-08-11,7,895.944000005722,0.2,4.8,True,False,2026-08-10T23:19:42.871Z,2026-08-10T23:14:03.411Z,2026-08-10T23:19:42.871Z,-282.871,56.589,0.009,0.393,0.49,,,,,,,,
btc-updown-5m-1786404300,btc-5m,2026-08-10 23:20:03.643000+00:00,2026-08-10 23:35:15.342000+00:00,2026-08-11,7,296.35700011253357,2.9,2.1,True,False,2026-08-10T23:27:34.378Z,2026-08-10T23:28:54.034Z,2026-08-10T23:28:54.034Z,-234.034,-154.378,0.002,0.044,0.29,,,,,,,,
btc-updown-5m-1786404000,btc-5m,2026-08-10 23:15:06.822000+00:00,2026-08-10 23:32:19.150000+00:00,2026-08-11,7,293.1779999732971,-1.05,1.05,False,True,2026-08-10T23:20:51.803Z,,,,-51.803,0.011,,0.29,,,,,,,,
btc-updown-5m-1786403700,btc-5m,2026-08-10 23:10:01.828000+00:00,2026-08-10 23:25:38.489000+00:00,2026-08-11,7,298.17199993133545,-1.25,1.25,False,True,,2026-08-10T23:15:56.092Z,,,-56.092,,0.03,0.29,,,,,,,,
btc-updown-15m-1786402800,btc-15m,2026-08-10 22:45:03.904000+00:00,2026-08-10 23:21:26.598000+00:00,2026-08-11,6,896.095999956131,0.4,4.6,True,False,2026-08-10T23:01:08.179Z,2026-08-10T22:59:50.633Z,2026-08-10T23:01:08.179Z,-68.179,9.367,0.012,0.189,0.49,,,,,,,,
btc-updown-5m-1786403400,btc-5m,2026-08-10 23:05:02.543000+00:00,2026-08-10 23:20:39.374000+00:00,2026-08-11,7,297.45700001716614,-1.0,1.0,False,True,,2026-08-10T23:14:33.406Z,,,-273.406,,0.005,0.29,,,,,,,,
btc-updown-5m-1786403100,btc-5m,2026-08-10 23:00:02.235000+00:00,2026-08-10 23:15:00.734000+00:00,2026-08-11,7,297.7650001049042,-0.8,0.8,False,True,2026-08-10T23:06:15.424Z,,,,-75.424,0.01,,0.29,,,,,,,,
btc-updown-5m-1786402800,btc-5m,2026-08-10 22:55:03.481000+00:00,2026-08-10 23:11:48.337000+00:00,2026-08-11,6,296.51900005340576,-1.35,1.35,False,True,2026-08-10T23:01:17.414Z,,,,-77.414,0.015,,0.29,,,,,,,,
btc-updown-5m-1786402500,btc-5m,2026-08-10 22:50:01.938000+00:00,2026-08-10 23:08:12.907000+00:00,2026-08-11,6,298.0620000362396,-1.3,1.3,False,True,,2026-08-10T22:56:36.550Z,,,-96.55,,0.008,0.29,,,,,,,,
btc-updown-15m-1786401900,btc-15m,2026-08-10 22:30:04.146000+00:00,2026-08-10 23:06:18.991000+00:00,2026-08-11,6,895.8540000915527,-2.45,2.45,False,True,,2026-08-10T22:34:21.238Z,,,638.762,,0.011,0.49,,,,,,,,
btc-updown-5m-1786402200,btc-5m,2026-08-10 22:45:02.473000+00:00,2026-08-10 23:02:36.234000+00:00,2026-08-11,6,297.52699995040894,-1.45,1.45,False,True,,2026-08-10T22:53:58.111Z,,,-238.111,,0.008,0.29,,,,,,,,
btc-updown-5m-1786401600,btc-5m,2026-08-10 22:35:02.623000+00:00,2026-08-10 22:53:20.531000+00:00,2026-08-11,6,297.3770000934601,-1.4,1.4,False,True,,2026-08-10T22:40:28.176Z,,,-28.176,,0.003,0.29,,,,,,,,
btc-updown-5m-1786401900,btc-5m,2026-08-10 22:40:03.313000+00:00,2026-08-10 22:53:20.285000+00:00,2026-08-11,6,296.6870000362396,-1.4,1.4,False,True,,2026-08-10T22:47:32.984Z,,,-152.984,,0.009,0.29,,,,,,,,
btc-updown-15m-1786401000,btc-15m,2026-08-10 22:15:03.089000+00:00,2026-08-10 22:50:05.874000+00:00,2026-08-11,6,896.9110000133514,0.7,4.3,True,False,2026-08-10T22:31:09.326Z,2026-08-10T22:29:53.650Z,2026-08-10T22:31:09.326Z,-69.326,6.35,0.01,0.013,0.49,,,,,,,,
btc-updown-5m-1786401300,btc-5m,2026-08-10 22:30:02.378000+00:00,2026-08-10 22:48:19.218000+00:00,2026-08-11,6,297.62199997901917,-1.45,1.45,False,True,,2026-08-10T22:35:39.263Z,,,-39.263,,0.01,0.29,,,,,,,,
btc-updown-5m-1786401000,btc-5m,2026-08-10 22:25:02.391000+00:00,2026-08-10 22:43:07.870000+00:00,2026-08-11,6,297.6089999675751,-1.35,1.35,False,True,2026-08-10T22:31:08.002Z,,,,-68.002,0.011,,0.29,,,,,,,,
btc-updown-5m-1786400700,btc-5m,2026-08-10 22:20:02.218000+00:00,2026-08-10 22:37:30.780000+00:00,2026-08-11,6,297.78200006484985,2.5,2.5,True,False,2026-08-10T22:29:33.150Z,2026-08-10T22:27:11.124Z,2026-08-10T22:29:33.150Z,-273.15,-131.124,0.013,0.005,0.29,,,,,,,,
btc-updown-15m-1786400100,btc-15m,2026-08-10 22:00:03.046000+00:00,2026-08-10 22:36:13.920000+00:00,2026-08-11,6,896.9539999961853,0.15,4.85,True,False,2026-08-10T22:15:23.095Z,2026-08-10T22:00:06.045Z,2026-08-10T22:15:23.095Z,-23.095,893.955,0.017,0.623,0.49,,,,,,,,
btc-updown-5m-1786400400,btc-5m,2026-08-10 22:15:01.735000+00:00,2026-08-10 22:32:34.012000+00:00,2026-08-11,6,298.2650001049042,-0.95,0.95,False,True,2026-08-10T22:20:50.932Z,,,,-50.932,0.018,,0.29,,,,,,,,
btc-updown-5m-1786400100,btc-5m,2026-08-10 22:10:03.242000+00:00,2026-08-10 22:23:43.281000+00:00,2026-08-11,6,296.7579998970032,-1.4,1.4,False,True,,2026-08-10T22:16:09.140Z,,,-69.14,,0.261,0.29,,,,,,,,
btc-updown-5m-1786399800,btc-5m,2026-08-10 22:05:02.989000+00:00,2026-08-10 22:22:33.946000+00:00,2026-08-11,6,297.010999917984,-1.4,1.4,False,True,,2026-08-10T22:11:22.044Z,,,-82.044,,0.006,0.29,,,,,,,,
btc-updown-15m-1786399200,btc-15m,2026-08-10 21:45:06.835000+00:00,2026-08-10 22:18:17.448000+00:00,2026-08-11,5,893.164999961853,0.4,4.6,True,False,2026-08-10T22:01:06.926Z,2026-08-10T21:48:07.969Z,2026-08-10T22:01:06.926Z,-66.926,712.031,2.814,0.022,0.49,,,,,,,,
btc-updown-5m-1786399500,btc-5m,2026-08-10 22:00:04.559000+00:00,2026-08-10 22:15:04.113000+00:00,2026-08-11,6,295.4409999847412,2.45,2.55,True,False,2026-08-10T22:05:06.058Z,2026-08-10T22:08:38.754Z,2026-08-10T22:08:38.754Z,-218.754,-6.058,0.009,0.01,0.29,,,,,,,,
btc-updown-5m-1786399200,btc-5m,2026-08-10 21:55:02.621000+00:00,2026-08-10 22:12:29.210000+00:00,2026-08-11,5,297.3789999485016,2.3,2.7,True,False,2026-08-10T22:01:10.901Z,2026-08-10T22:00:54.593Z,2026-08-10T22:01:10.901Z,-70.901,-54.593,0.007,0.013,0.29,,,,,,,,
btc-updown-5m-1786398900,btc-5m,2026-08-10 21:50:03.013000+00:00,2026-08-10 22:07:23.735000+00:00,2026-08-11,5,296.9869999885559,2.75,2.25,True,False,2026-08-10T21:59:11.471Z,2026-08-10T21:55:33.316Z,2026-08-10T21:59:11.471Z,-251.471,-33.316,0.011,0.006,0.29,,,,,,,,
btc-updown-5m-1786398600,btc-5m,2026-08-10 21:45:05.613000+00:00,2026-08-10 22:04:12.010000+00:00,2026-08-11,5,294.38700008392334,-1.45,1.45,False,True,2026-08-10T21:53:42.666Z,,,,-222.666,0.004,,0.29,,,,,,,,
btc-updown-15m-1786398300,btc-15m,2026-08-10 21:30:04.457000+00:00,2026-08-10 22:03:10.220000+00:00,2026-08-11,5,895.5429999828339,0.15,4.85,True,False,2026-08-10T21:45:16.886Z,2026-08-10T21:43:50.369Z,2026-08-10T21:45:16.886Z,-16.886,69.631,0.01,1.75,0.49,,,,,,,,
btc-updown-5m-1786398300,btc-5m,2026-08-10 21:40:03.494000+00:00,2026-08-10 21:55:35.471000+00:00,2026-08-11,5,296.50600004196167,-1.0,1.0,False,True,2026-08-10T21:46:05.440Z,,,,-65.44,0.003,,0.29,,,,,,,,
btc-updown-5m-1786398000,btc-5m,2026-08-10 21:35:01.615000+00:00,2026-08-10 21:52:41.760000+00:00,2026-08-11,5,298.38499999046326,-1.15,1.15,False,True,2026-08-10T21:40:47.081Z,,,,-47.081,0.003,,0.29,,,,,,,,
btc-updown-15m-1786397400,btc-15m,2026-08-10 21:15:05.373000+00:00,2026-08-10 21:49:28.266000+00:00,2026-08-11,5,894.6270000934601,0.35,4.65,True,False,2026-08-10T21:31:47.641Z,2026-08-10T21:29:24.490Z,2026-08-10T21:31:47.641Z,-107.641,35.51,0.016,1.567,0.49,,,,,,,,
btc-updown-5m-1786397700,btc-5m,2026-08-10 21:30:03.146000+00:00,2026-08-10 21:44:34.856000+00:00,2026-08-11,5,296.85400009155273,2.2,2.8,True,False,2026-08-10T21:38:22.929Z,2026-08-10T21:36:54.606Z,2026-08-10T21:38:22.929Z,-202.929,-114.606,0.007,0.011,0.29,,,,,,,,
btc-updown-5m-1786397400,btc-5m,2026-08-10 21:25:02.645000+00:00,2026-08-10 21:39:34.386000+00:00,2026-08-11,5,297.3550000190735,-1.4,1.4,False,True,2026-08-10T21:33:03.536Z,,,,-183.536,0.013,,0.29,,,,,,,,
btc-updown-15m-1786396500,btc-15m,2026-08-10 21:00:03.456000+00:00,2026-08-10 21:34:21.351000+00:00,2026-08-11,5,896.5439999103546,0.75,4.25,True,False,2026-08-10T21:16:37.907Z,2026-08-10T21:14:55.760Z,2026-08-10T21:16:37.907Z,-97.907,4.24,0.001,0.021,0.49,,,,,,,,
btc-updown-5m-1786397100,btc-5m,2026-08-10 21:20:02.617000+00:00,2026-08-10 21:33:05.910000+00:00,2026-08-11,5,297.3829998970032,2.25,2.75,True,False,2026-08-10T21:25:07.516Z,2026-08-10T21:27:38.586Z,2026-08-10T21:27:38.586Z,-158.586,-7.516,0.009,0.005,0.29,,,,,,,,
btc-updown-5m-1786396800,btc-5m,2026-08-10 21:15:03.841000+00:00,2026-08-10 21:31:54.702000+00:00,2026-08-11,5,296.15899991989136,-1.45,1.45,False,True,2026-08-10T21:20:09.424Z,,,,-9.424,0.006,,0.29,,,,,,,,
btc-updown-5m-1786396500,btc-5m,2026-08-10 21:10:02.722000+00:00,2026-08-10 21:27:57.519000+00:00,2026-08-11,5,297.27800011634827,2.5,2.5,True,False,2026-08-10T21:16:39.050Z,2026-08-10T21:18:32.355Z,2026-08-10T21:18:32.355Z,-212.355,-99.05,0.005,0.006,0.29,,,,,,,,
btc-updown-5m-1786396200,btc-5m,2026-08-10 21:05:03.316000+00:00,2026-08-10 21:23:27.621000+00:00,2026-08-11,5,296.6840000152588,-1.0,1.0,False,True,2026-08-10T21:10:05.706Z,,,,-5.706,0.018,,0.29,,,,,,,,
btc-updown-15m-1786395600,btc-15m,2026-08-10 20:45:02.104000+00:00,2026-08-10 21:22:44.030000+00:00,2026-08-11,4,897.8959999084473,-2.4,2.4,False,True,2026-08-10T20:45:06.058Z,,,,893.942,0.656,,0.49,,,,,,,,
btc-updown-5m-1786395900,btc-5m,2026-08-10 21:00:04.465000+00:00,2026-08-10 21:16:59.118000+00:00,2026-08-11,5,295.5350000858307,-1.45,1.45,False,True,,2026-08-10T21:06:51.539Z,,,-111.539,,0.015,0.29,,,,,,,,
btc-updown-5m-1786395600,btc-5m,2026-08-10 20:55:02.053000+00:00,2026-08-10 21:11:32.958000+00:00,2026-08-11,4,297.9470000267029,-1.35,1.35,False,True,2026-08-10T21:00:07.298Z,,,,-7.298,0.014,,0.29,,,,,,,,
btc-updown-5m-1786395300,btc-5m,2026-08-10 20:50:02.713000+00:00,2026-08-10 21:07:23.200000+00:00,2026-08-11,4,297.2869999408722,-0.6,0.6,False,True,,2026-08-10T20:58:54.823Z,,,-234.823,,0.01,0.29,,,,,,,,
btc-updown-15m-1786394700,btc-15m,2026-08-10 20:30:04.836000+00:00,2026-08-10 21:03:38.867000+00:00,2026-08-11,4,895.1640000343323,-2.4,2.4,False,True,2026-08-10T20:30:07.671Z,,,,892.329,0.089,,0.49,,,,,,,,
btc-updown-5m-1786395000,btc-5m,2026-08-10 20:45:03.427000+00:00,2026-08-10 21:01:24.127000+00:00,2026-08-11,4,296.57299995422363,-1.4,1.4,False,True,,2026-08-10T20:51:10.194Z,,,-70.194,,0.002,0.29,,,,,,,,
btc-updown-5m-1786394700,btc-5m,2026-08-10 20:40:04.210000+00:00,2026-08-10 20:56:30.180000+00:00,2026-08-11,4,295.789999961853,-1.3,1.3,False,True,2026-08-10T20:45:36.576Z,,,,-36.576,0.805,,0.29,,,,,,,,
btc-updown-5m-1786394400,btc-5m,2026-08-10 20:35:02.973000+00:00,2026-08-10 20:52:16.839000+00:00,2026-08-11,4,297.02699995040894,-1.4,1.4,False,True,,2026-08-10T20:41:17.994Z,,,-77.994,,0.009,0.29,,,,,,,,
btc-updown-15m-1786393800,btc-15m,2026-08-10 20:15:04.800000+00:00,2026-08-10 20:51:38.453000+00:00,2026-08-11,4,895.2000000476837,0.1,4.9,True,False,2026-08-10T20:23:36.508Z,2026-08-10T20:31:23.613Z,2026-08-10T20:31:23.613Z,-83.613,383.492,0.682,0.011,0.49,,,,,,,,
btc-updown-5m-1786394100,btc-5m,2026-08-10 20:30:03.512000+00:00,2026-08-10 20:43:03.244000+00:00,2026-08-11,4,296.48799991607666,-1.45,1.45,False,True,,2026-08-10T20:36:39.178Z,,,-99.178,,0.003,0.29,,,,,,,,
btc-updown-5m-1786393800,btc-5m,2026-08-10 20:25:02.526000+00:00,2026-08-10 20:41:19.647000+00:00,2026-08-11,4,297.4739999771118,-1.1,1.1,False,True,2026-08-10T20:30:16.109Z,,,,-16.109,0.005,,0.29,,,,,,,,
btc-updown-5m-1786393500,btc-5m,2026-08-10 20:20:03.478000+00:00,2026-08-10 20:34:28.287000+00:00,2026-08-11,4,296.5220000743866,-1.45,1.45,False,True,,2026-08-10T20:27:26.429Z,,,-146.429,,0.012,0.29,,,,,,,,
btc-updown-15m-1786392900,btc-15m,2026-08-10 20:00:03.054000+00:00,2026-08-10 20:34:17.608000+00:00,2026-08-11,4,896.9460000991821,0.15,4.85,True,False,2026-08-10T20:12:30.230Z,2026-08-10T20:15:07.351Z,2026-08-10T20:15:07.351Z,-7.351,149.77,0.018,0.018,0.49,,,,,,,,
btc-updown-5m-1786393200,btc-5m,2026-08-10 20:15:03.503000+00:00,2026-08-10 20:31:50.655000+00:00,2026-08-11,4,296.49699997901917,-1.15,1.15,False,True,2026-08-10T20:21:22.431Z,,,,-82.431,0.277,,0.29,,,,,,,,
btc-updown-5m-1786392900,btc-5m,2026-08-10 20:10:02.548000+00:00,2026-08-10 20:26:40.781000+00:00,2026-08-11,4,297.4519999027252,-1.2,1.2,False,True,,2026-08-10T20:15:38.299Z,,,-38.299,,0.009,0.29,,,,,,,,
btc-updown-15m-1786392000,btc-15m,2026-08-10 19:45:02.256000+00:00,2026-08-10 20:22:15.719000+00:00,2026-08-11,3,897.7439999580383,0.2,4.8,True,False,2026-08-10T19:59:30.582Z,2026-08-10T20:00:04.716Z,2026-08-10T20:00:04.716Z,-4.716,29.418,0.261,0.017,0.49,,,,,,,,
btc-updown-5m-1786392600,btc-5m,2026-08-10 20:05:02.780000+00:00,2026-08-10 20:20:49.098000+00:00,2026-08-11,4,297.22000002861023,2.7,2.3,True,False,2026-08-10T20:13:54.496Z,2026-08-10T20:12:09.525Z,2026-08-10T20:13:54.496Z,-234.496,-129.525,0.005,0.006,0.29,,,,,,,,
btc-updown-5m-1786392300,btc-5m,2026-08-10 20:00:01.668000+00:00,2026-08-10 20:16:31.614000+00:00,2026-08-11,4,298.33200001716614,-1.45,1.45,False,True,,2026-08-10T20:05:14.520Z,,,-14.52,,0.002,0.29,,,,,,,,
btc-updown-5m-1786392000,btc-5m,2026-08-10 19:55:03.241000+00:00,2026-08-10 20:10:49.102000+00:00,2026-08-11,3,296.7590000629425,2.15,2.85,True,False,2026-08-10T20:01:06.021Z,2026-08-10T20:01:31.759Z,2026-08-10T20:01:31.759Z,-91.759,-66.021,0.003,0.001,0.29,,,,,,,,
btc-updown-15m-1786391100,btc-15m,2026-08-10 19:30:03.214000+00:00,2026-08-10 20:06:19.492000+00:00,2026-08-11,3,896.7860000133514,0.15,4.85,True,False,2026-08-10T19:45:05.242Z,2026-08-10T19:45:09.495Z,2026-08-10T19:45:09.495Z,-9.495,-5.242,0.018,0.011,0.49,,,,,,,,
btc-updown-5m-1786391700,btc-5m,2026-08-10 19:50:01.939000+00:00,2026-08-10 20:05:39.564000+00:00,2026-08-11,3,298.0610001087189,2.65,2.35,True,False,2026-08-10T19:58:44.292Z,2026-08-10T19:59:29.108Z,2026-08-10T19:59:29.108Z,-269.108,-224.292,0.009,0.016,0.29,,,,,,,,
btc-updown-5m-1786391400,btc-5m,2026-08-10 19:45:03.479000+00:00,2026-08-10 20:00:34.573000+00:00,2026-08-11,3,296.52099990844727,2.15,2.85,True,False,2026-08-10T19:52:19.714Z,2026-08-10T19:50:30.791Z,2026-08-10T19:52:19.714Z,-139.714,-30.791,0.004,0.017,0.29,,,,,,,,
btc-updown-5m-1786391100,btc-5m,2026-08-10 19:40:02.108000+00:00,2026-08-10 19:55:29.296000+00:00,2026-08-11,3,297.8919999599457,2.25,2.75,True,False,2026-08-10T19:48:05.829Z,2026-08-10T19:46:26.408Z,2026-08-10T19:48:05.829Z,-185.829,-86.408,0.015,0.002,0.29,,,,,,,,
btc-updown-15m-1786390200,btc-15m,2026-08-10 19:15:02.136000+00:00,2026-08-10 19:52:58.802000+00:00,2026-08-11,3,897.864000082016,0.25,4.75,True,False,2026-08-10T19:29:45.803Z,2026-08-10T19:30:06.184Z,2026-08-10T19:30:06.184Z,-6.184,14.197,0.154,0.027,0.49,,,,,,,,
btc-updown-5m-1786390800,btc-5m,2026-08-10 19:35:03.540000+00:00,2026-08-10 19:49:45.187000+00:00,2026-08-11,3,296.460000038147,2.65,2.35,True,False,2026-08-10T19:41:08.705Z,2026-08-10T19:42:58.731Z,2026-08-10T19:42:58.731Z,-178.731,-68.705,0.005,0.013,0.29,,,,,,,,
btc-updown-5m-1786390500,btc-5m,2026-08-10 19:30:04.986000+00:00,2026-08-10 19:45:04.470000+00:00,2026-08-11,3,295.01399993896484,-0.9,0.9,False,True,2026-08-10T19:35:42.175Z,,,,-42.175,0.014,,0.29,,,,,,,,
btc-updown-5m-1786390200,btc-5m,2026-08-10 19:25:02.929000+00:00,2026-08-10 19:39:59.430000+00:00,2026-08-11,3,297.07100009918213,-0.8,0.8,False,True,,2026-08-10T19:30:20.721Z,,,-20.721,,0.004,0.29,,,,,,,,
btc-updown-15m-1786389300,btc-15m,2026-08-10 19:00:04.034000+00:00,2026-08-10 19:34:48.725000+00:00,2026-08-11,3,895.9660000801086,0.25,4.75,True,False,2026-08-10T19:16:52.470Z,2026-08-10T19:13:06.500Z,2026-08-10T19:16:52.470Z,-112.47,113.5,0.026,0.064,0.49,,,,,,,,
btc-updown-5m-1786389900,btc-5m,2026-08-10 19:20:02.040000+00:00,2026-08-10 19:33:50.494000+00:00,2026-08-11,3,297.960000038147,-1.4,1.4,False,True,,2026-08-10T19:28:33.797Z,,,-213.797,,0.004,0.29,,,,,,,,
btc-updown-5m-1786389600,btc-5m,2026-08-10 19:15:03.467000+00:00,2026-08-10 19:30:32.957000+00:00,2026-08-11,3,296.5329999923706,-1.45,1.45,False,True,,2026-08-10T19:21:28.930Z,,,-88.93,,0.7,0.29,,,,,,,,
btc-updown-5m-1786389300,btc-5m,2026-08-10 19:10:03.324000+00:00,2026-08-10 19:26:27.175000+00:00,2026-08-11,3,296.6760001182556,3.05,1.95,True,False,2026-08-10T19:16:59.588Z,2026-08-10T19:18:01.657Z,2026-08-10T19:18:01.657Z,-181.657,-119.588,0.002,0.003,0.29,,,,,,,,
btc-updown-5m-1786389000,btc-5m,2026-08-10 19:05:02.653000+00:00,2026-08-10 19:21:26.195000+00:00,2026-08-11,3,297.34699988365173,2.35,2.65,True,False,2026-08-10T19:12:38.528Z,2026-08-10T19:14:02.582Z,2026-08-10T19:14:02.582Z,-242.582,-158.528,0.038,0.023,0.29,,,,,,,,
btc-updown-15m-1786388400,btc-15m,2026-08-10 18:45:05.024000+00:00,2026-08-10 19:19:37.874000+00:00,2026-08-11,2,894.9760000705719,0.3,4.7,True,False,2026-08-10T19:00:05.759Z,2026-08-10T18:45:07.588Z,2026-08-10T19:00:05.759Z,-5.759,892.412,0.009,0.032,0.49,,,,,,,,
btc-updown-5m-1786388700,btc-5m,2026-08-10 19:00:02.912000+00:00,2026-08-10 19:14:12.213000+00:00,2026-08-11,3,297.0880000591278,-1.2,1.2,False,True,,2026-08-10T19:08:49.992Z,,,-229.992,,0.002,0.29,,,,,,,,
btc-updown-5m-1786388400,btc-5m,2026-08-10 18:55:03.457000+00:00,2026-08-10 19:12:58.006000+00:00,2026-08-11,2,296.54299998283386,-1.2,1.2,False,True,,2026-08-10T19:00:36.057Z,,,-36.057,,0.008,0.29,,,,,,,,
btc-updown-15m-1786387500,btc-15m,2026-08-10 18:30:03.633000+00:00,2026-08-10 19:06:58.690000+00:00,2026-08-11,2,896.3670001029968,0.35,4.65,True,False,2026-08-10T18:46:38.242Z,2026-08-10T18:40:05.374Z,2026-08-10T18:46:38.242Z,-98.242,294.626,0.013,0.196,0.49,,,,,,,,
btc-updown-5m-1786388100,btc-5m,2026-08-10 18:50:01.913000+00:00,2026-08-10 19:06:14.471000+00:00,2026-08-11,2,298.0869998931885,2.3,2.7,True,False,2026-08-10T18:59:03.218Z,2026-08-10T18:56:18.379Z,2026-08-10T18:59:03.218Z,-243.218,-78.379,0.006,0.005,0.29,,,,,,,,
btc-updown-5m-1786387800,btc-5m,2026-08-10 18:45:03.872000+00:00,2026-08-10 19:02:50.461000+00:00,2026-08-11,2,296.12800002098083,2.15,2.85,True,False,2026-08-10T18:53:07.532Z,2026-08-10T18:51:18.201Z,2026-08-10T18:53:07.532Z,-187.532,-78.201,0.039,0.002,0.29,,,,,,,,
btc-updown-5m-1786387500,btc-5m,2026-08-10 18:40:02.454000+00:00,2026-08-10 18:57:19.510000+00:00,2026-08-11,2,297.5460000038147,2.4,2.6,True,False,2026-08-10T18:46:38.768Z,2026-08-10T18:48:45.868Z,2026-08-10T18:48:45.868Z,-225.868,-98.768,0.015,0.01,0.29,,,,,,,,
btc-updown-5m-1786387200,btc-5m,2026-08-10 18:35:03.594000+00:00,2026-08-10 18:50:12.130000+00:00,2026-08-11,2,296.4059998989105,-1.3,1.3,False,True,,2026-08-10T18:43:13.663Z,,,-193.663,,0.015,0.29,,,,,,,,
btc-updown-15m-1786386600,btc-15m,2026-08-10 18:15:04.446000+00:00,2026-08-10 18:49:59.881000+00:00,2026-08-11,2,895.5539999008179,0.1,4.9,True,False,2026-08-10T18:29:46.730Z,2026-08-10T18:28:06.786Z,2026-08-10T18:29:46.730Z,13.27,113.214,0.027,0.03,0.49,,,,,,,,
btc-updown-5m-1786386900,btc-5m,2026-08-10 18:30:02.375000+00:00,2026-08-10 18:47:37.295000+00:00,2026-08-11,2,297.625,-0.45,0.45,False,True,2026-08-10T18:36:34.154Z,,,,-94.154,0.008,,0.29,,,,,,,,
btc-updown-5m-1786386600,btc-5m,2026-08-10 18:25:03.603000+00:00,2026-08-10 18:39:41.700000+00:00,2026-08-11,2,296.3970000743866,2.35,2.65,True,False,2026-08-10T18:30:42.388Z,2026-08-10T18:32:35.830Z,2026-08-10T18:32:35.830Z,-155.83,-42.388,0.005,0.112,0.29,,,,,,,,
btc-updown-5m-1786386300,btc-5m,2026-08-10 18:20:03.456000+00:00,2026-08-10 18:36:48.091000+00:00,2026-08-11,2,296.5439999103546,2.1,2.9,True,False,2026-08-10T18:26:48.332Z,2026-08-10T18:25:58.304Z,2026-08-10T18:26:48.332Z,-108.332,-58.304,0.011,0.261,0.29,,,,,,,,
btc-updown-15m-1786385700,btc-15m,2026-08-10 18:00:04.406000+00:00,2026-08-10 18:35:11.792000+00:00,2026-08-11,2,895.5940001010895,0.55,4.45,True,False,2026-08-10T18:15:02.131Z,2026-08-10T18:21:34.657Z,2026-08-10T18:21:34.657Z,-394.657,-2.131,0.317,0.004,0.49,,,,,,,,
btc-updown-5m-1786386000,btc-5m,2026-08-10 18:15:03.184000+00:00,2026-08-10 18:29:38.514000+00:00,2026-08-11,2,296.8159999847412,-1.0,1.0,False,True,,2026-08-10T18:21:23.426Z,,,-83.426,,0.014,0.29,,,,,,,,
btc-updown-5m-1786385700,btc-5m,2026-08-10 18:10:02.090000+00:00,2026-08-10 18:26:38.091000+00:00,2026-08-11,2,297.9100000858307,-1.35,1.35,False,True,2026-08-10T18:15:06.162Z,,,,-6.162,0.017,,0.29,,,,,,,,
btc-updown-5m-1786385400,btc-5m,2026-08-10 18:05:01.966000+00:00,2026-08-10 18:23:46.616000+00:00,2026-08-11,2,298.03399991989136,2.55,2.45,True,False,2026-08-10T18:14:39.481Z,2026-08-10T18:10:32.756Z,2026-08-10T18:14:39.481Z,-279.481,-32.756,0.007,0.014,0.29,,,,,,,,
btc-updown-15m-1786384800,btc-15m,2026-08-10 17:45:04.079000+00:00,2026-08-10 18:19:21.215000+00:00,2026-08-11,1,895.9210000038147,0.15,4.85,True,False,2026-08-10T18:02:43.803Z,2026-08-10T17:57:45.005Z,2026-08-10T18:02:43.803Z,-163.803,134.995,0.001,1.553,0.49,,,,,,,,
btc-updown-5m-1786385100,btc-5m,2026-08-10 18:00:03.188000+00:00,2026-08-10 18:14:02.282000+00:00,2026-08-11,2,296.8120000362396,2.45,2.55,True,False,2026-08-10T18:05:11.017Z,2026-08-10T18:07:01.923Z,2026-08-10T18:07:01.923Z,-121.923,-11.017,0.009,0.006,0.29,,,,,,,,
btc-updown-5m-1786384800,btc-5m,2026-08-10 17:55:01.865000+00:00,2026-08-10 18:13:58.634000+00:00,2026-08-11,1,298.13499999046326,2.2,2.8,True,False,2026-08-10T18:04:18.182Z,2026-08-10T18:00:08.116Z,2026-08-10T18:04:18.182Z,-258.182,-8.116,0.008,0.018,0.29,,,,,,,,
btc-updown-5m-1786384500,btc-5m,2026-08-10 17:50:02.331000+00:00,2026-08-10 18:09:32.085000+00:00,2026-08-11,1,297.6689999103546,-1.4,1.4,False,True,,2026-08-10T17:56:52.996Z,,,-112.996,,0.007,0.29,,,,,,,,
btc-updown-15m-1786383900,btc-15m,2026-08-10 17:30:02.336000+00:00,2026-08-10 18:05:08.501000+00:00,2026-08-11,1,897.6640000343323,0.2,4.8,True,False,2026-08-10T17:44:09.109Z,2026-08-10T17:50:15.245Z,2026-08-10T17:50:15.245Z,-315.245,50.891,1.022,0.011,0.49,,,,,,,,
btc-updown-5m-1786384200,btc-5m,2026-08-10 17:45:03.006000+00:00,2026-08-10 17:59:20.849000+00:00,2026-08-11,1,296.99399995803833,2.3,2.7,True,False,2026-08-10T17:52:20.798Z,2026-08-10T17:50:11.490Z,2026-08-10T17:52:20.798Z,-140.798,-11.49,0.006,0.006,0.29,,,,,,,,
btc-updown-5m-1786383900,btc-5m,2026-08-10 17:40:01.616000+00:00,2026-08-10 17:54:19.176000+00:00,2026-08-11,1,298.3840000629425,-0.9,0.9,False,True,2026-08-10T17:45:17.907Z,,,,-17.907,0.012,,0.29,,,,,,,,
btc-updown-15m-1786383000,btc-15m,2026-08-10 17:15:03.764000+00:00,2026-08-10 17:49:43.368000+00:00,2026-08-11,1,896.2360000610352,0.65,4.35,True,False,2026-08-10T17:30:06.768Z,2026-08-10T17:18:06.204Z,2026-08-10T17:30:06.768Z,-6.768,713.796,0.005,0.031,0.49,,,,,,,,
btc-updown-5m-1786383600,btc-5m,2026-08-10 17:35:03.316000+00:00,2026-08-10 17:49:19.371000+00:00,2026-08-11,1,296.6840000152588,-1.35,1.35,False,True,,2026-08-10T17:40:05.153Z,,,-5.153,,0.002,0.29,,,,,,,,
btc-updown-5m-1786383300,btc-5m,2026-08-10 17:30:03.661000+00:00,2026-08-10 17:45:13.636000+00:00,2026-08-11,1,296.33899998664856,-1.45,1.45,False,True,2026-08-10T17:37:10.016Z,,,,-130.016,0.007,,0.29,,,,,,,,
btc-updown-5m-1786383000,btc-5m,2026-08-10 17:25:03.391000+00:00,2026-08-10 17:43:18.127000+00:00,2026-08-11,1,296.6089999675751,2.35,2.65,True,False,2026-08-10T17:30:05.356Z,2026-08-10T17:32:26.097Z,2026-08-10T17:32:26.097Z,-146.097,-5.356,0.008,0.003,0.29,,,,,,,,
btc-updown-5m-1786382700,btc-5m,2026-08-10 17:20:02.295000+00:00,2026-08-10 17:38:16.709000+00:00,2026-08-11,1,297.70499992370605,-1.3,1.3,False,True,,2026-08-10T17:25:14.728Z,,,-14.728,,0.002,0.29,,,,,,,,
btc-updown-15m-1786382100,btc-15m,2026-08-10 17:00:04.489000+00:00,2026-08-10 17:36:07.618000+00:00,2026-08-11,1,895.510999917984,0.4,4.6,True,False,2026-08-10T17:15:06.144Z,2026-08-10T17:00:12.424Z,2026-08-10T17:15:06.144Z,-6.144,887.576,0.008,0.057,0.49,,,,,,,,
btc-updown-5m-1786382400,btc-5m,2026-08-10 17:15:02.082000+00:00,2026-08-10 17:32:42.851000+00:00,2026-08-11,1,297.91799998283386,2.2,2.8,True,False,2026-08-10T17:23:09.285Z,2026-08-10T17:23:26.259Z,2026-08-10T17:23:26.259Z,-206.259,-189.285,0.004,0.008,0.29,,,,,,,,
btc-updown-5m-1786382100,btc-5m,2026-08-10 17:10:02.736000+00:00,2026-08-10 17:23:14.786000+00:00,2026-08-11,1,297.26399993896484,-1.45,1.45,False,True,2026-08-10T17:15:09.435Z,,,,-9.435,0.01,,0.29,,,,,,,,
btc-updown-5m-1786381800,btc-5m,2026-08-10 17:05:03.345000+00:00,2026-08-10 17:21:42.560000+00:00,2026-08-11,1,296.65499997138977,-1.4,1.4,False,True,,2026-08-10T17:10:15.013Z,,,-15.013,,0.001,0.29,,,,,,,,
btc-updown-15m-1786381200,btc-15m,2026-08-10 16:45:02.056000+00:00,2026-08-10 17:19:11.383000+00:00,2026-08-11,0,897.944000005722,0.25,4.75,True,False,2026-08-10T17:01:54.746Z,2026-08-10T16:45:04.728Z,2026-08-10T17:01:54.746Z,-114.746,895.272,0.007,0.249,0.49,,,,,,,,
btc-updown-5m-1786381500,btc-5m,2026-08-10 17:00:02.150000+00:00,2026-08-10 17:18:09.432000+00:00,2026-08-11,1,297.84999990463257,-1.35,1.35,False,True,,2026-08-10T17:06:14.256Z,,,-74.256,,0.015,0.29,,,,,,,,
btc-updown-5m-1786381200,btc-5m,2026-08-10 16:55:02.561000+00:00,2026-08-10 17:10:09.319000+00:00,2026-08-11,0,297.4389998912811,2.6,2.4,True,False,2026-08-10T17:01:58.154Z,2026-08-10T17:00:26.031Z,2026-08-10T17:01:58.154Z,-118.154,-26.031,0.004,0.011,0.29,,,,,,,,
btc-updown-15m-1786380300,btc-15m,2026-08-10 16:30:03.187000+00:00,2026-08-10 17:08:12.296000+00:00,2026-08-11,0,896.8129999637604,0.4,4.6,True,False,2026-08-10T16:45:04.728Z,2026-08-10T16:30:04.934Z,2026-08-10T16:45:04.728Z,-4.728,895.066,0.006,0.69,0.49,,,,,,,,
btc-updown-5m-1786380900,btc-5m,2026-08-10 16:50:01.494000+00:00,2026-08-10 17:04:11.374000+00:00,2026-08-11,0,298.50600004196167,-0.45,0.45,False,True,,2026-08-10T16:58:05.941Z,,,-185.941,,0.007,0.29,,,,,,,,
btc-updown-5m-1786380600,btc-5m,2026-08-10 16:45:02.937000+00:00,2026-08-10 16:59:09.637000+00:00,2026-08-11,0,297.0629999637604,2.2,2.8,True,False,2026-08-10T16:53:25.029Z,2026-08-10T16:52:07.734Z,2026-08-10T16:53:25.029Z,-205.029,-127.734,0.009,0.005,0.29,,,,,,,,
btc-updown-5m-1786380300,btc-5m,2026-08-10 16:40:03.611000+00:00,2026-08-10 16:54:41.967000+00:00,2026-08-11,0,296.38899993896484,-1.45,1.45,False,True,2026-08-10T16:45:31.682Z,,,,-31.682,0.004,,0.29,,,,,,,,
btc-updown-5m-1786380000,btc-5m,2026-08-10 16:35:04.321000+00:00,2026-08-10 16:53:00.285000+00:00,2026-08-11,0,295.67899990081787,2.2,2.8,True,False,2026-08-10T16:42:44.562Z,2026-08-10T16:40:39.077Z,2026-08-10T16:42:44.562Z,-164.562,-39.077,0.008,0.006,0.29,,,,,,,,
btc-updown-15m-1786379400,btc-15m,2026-08-10 16:15:02.765000+00:00,2026-08-10 16:49:57.489000+00:00,2026-08-11,0,897.2349998950958,0.1,4.9,True,False,2026-08-10T16:30:57.809Z,2026-08-10T16:18:27.930Z,2026-08-10T16:30:57.809Z,-57.809,692.07,0.008,0.327,0.49,,,,,,,,
btc-updown-5m-1786379700,btc-5m,2026-08-10 16:30:02.059000+00:00,2026-08-10 16:43:49.515000+00:00,2026-08-11,0,297.9409999847412,-1.45,1.45,False,True,,2026-08-10T16:38:36.897Z,,,-216.897,,0.559,0.29,,,,,,,,
btc-updown-5m-1786379400,btc-5m,2026-08-10 16:25:03.648000+00:00,2026-08-10 16:38:09.997000+00:00,2026-08-11,0,296.35199999809265,-0.8,0.8,False,True,2026-08-10T16:32:01.207Z,,,,-121.207,0.003,,0.29,,,,,,,,
btc-updown-5m-1786379100,btc-5m,2026-08-10 16:20:01.717000+00:00,2026-08-10 16:36:11.481000+00:00,2026-08-11,0,298.2829999923706,-1.4,1.4,False,True,,2026-08-10T16:26:30.273Z,,,-90.273,,0.007,0.29,,,,,,,,
btc-updown-15m-1786378500,btc-15m,2026-08-10 16:00:05.451000+00:00,2026-08-10 16:35:20.762000+00:00,2026-08-11,0,894.5490000247955,0.2,4.8,True,False,2026-08-10T16:15:23.885Z,2026-08-10T16:00:09.045Z,2026-08-10T16:15:23.885Z,-23.885,890.955,0.006,0.719,0.49,,,,,,,,
btc-updown-5m-1786378500,btc-5m,2026-08-10 16:10:01.824000+00:00,2026-08-10 16:27:43.476000+00:00,2026-08-11,0,298.1760001182556,-1.45,1.45,False,True,2026-08-10T16:15:36.135Z,,,,-36.135,0.017,,0.29,,,,,,,,
btc-updown-5m-1786378800,btc-5m,2026-08-10 16:15:04.044000+00:00,2026-08-10 16:27:41.392000+00:00,2026-08-11,0,295.9560000896454,2.15,2.85,True,False,2026-08-10T16:21:06.731Z,2026-08-10T16:24:19.468Z,2026-08-10T16:24:19.468Z,-259.468,-66.731,0.009,0.003,0.29,,,,,,,,
btc-updown-5m-1786378200,btc-5m,2026-08-10 16:05:03.207000+00:00,2026-08-10 16:22:41.800000+00:00,2026-08-11,0,296.79299998283386,-1.45,1.45,False,True,2026-08-10T16:11:10.796Z,,,,-70.796,0.006,,0.29,,,,,,,,
btc-updown-15m-1786377600,btc-15m,2026-08-10 15:45:02.728000+00:00,2026-08-10 16:20:40.342000+00:00,2026-08-10,23,897.2720000743866,0.2,4.8,True,False,2026-08-10T16:00:02.086Z,2026-08-10T15:46:32.316Z,2026-08-10T16:00:02.086Z,-2.086,807.684,0.271,0.015,0.49,,,,,,,,
btc-updown-5m-1786377900,btc-5m,2026-08-10 16:00:04.190000+00:00,2026-08-10 16:16:32.899000+00:00,2026-08-11,0,295.80999994277954,3.25,1.75,True,False,2026-08-10T16:08:54.114Z,2026-08-10T16:05:38.811Z,2026-08-10T16:08:54.114Z,-234.114,-38.811,0.01,0.002,0.29,,,,,,,,
btc-updown-5m-1786377600,btc-5m,2026-08-10 15:55:01.764000+00:00,2026-08-10 16:08:35.582000+00:00,2026-08-10,23,298.23600006103516,3.0,2.0,True,False,2026-08-10T16:00:08.500Z,2026-08-10T16:03:33.227Z,2026-08-10T16:03:33.227Z,-213.227,-8.5,0.006,0.009,0.29,,,,,,,,
btc-updown-15m-1786376700,btc-15m,2026-08-10 15:30:04.650000+00:00,2026-08-10 16:07:37.510000+00:00,2026-08-10,23,895.3499999046326,0.2,4.8,True,False,2026-08-10T15:45:13.817Z,2026-08-10T15:30:18.244Z,2026-08-10T15:45:13.817Z,-13.817,881.756,0.01,0.561,0.49,,,,,,,,
btc-updown-5m-1786377000,btc-5m,2026-08-10 15:45:04.145000+00:00,2026-08-10 16:04:05.499000+00:00,2026-08-10,23,295.8550000190735,2.5,2.5,True,False,2026-08-10T15:53:38.486Z,2026-08-10T15:50:35.836Z,2026-08-10T15:53:38.486Z,-218.486,-35.836,0.004,0.002,0.29,,,,,,,,
btc-updown-5m-1786377300,btc-5m,2026-08-10 15:50:03.666000+00:00,2026-08-10 16:04:05.230000+00:00,2026-08-10,23,296.3340001106262,-1.3,1.3,False,True,,2026-08-10T15:57:00.918Z,,,-120.918,,0.001,0.29,,,,,,,,
btc-updown-5m-1786376700,btc-5m,2026-08-10 15:40:03.343000+00:00,2026-08-10 15:57:40.329000+00:00,2026-08-10,23,296.65700006484985,-1.45,1.45,False,True,2026-08-10T15:46:31.134Z,,,,-91.134,0.007,,0.29,,,,,,,,
btc-updown-5m-1786376400,btc-5m,2026-08-10 15:35:04.088000+00:00,2026-08-10 15:53:57.023000+00:00,2026-08-10,23,295.9119999408722,-1.45,1.45,False,True,,2026-08-10T15:40:58.027Z,,,-58.027,,0.006,0.29,,,,,,,,
btc-updown-15m-1786375800,btc-15m,2026-08-10 15:15:03.919000+00:00,2026-08-10 15:49:42.727000+00:00,2026-08-10,23,896.0810000896454,0.2,4.8,True,False,2026-08-10T15:34:16.527Z,2026-08-10T15:20:33.169Z,2026-08-10T15:34:16.527Z,-256.527,566.831,0.008,0.172,0.49,,,,,,,,
btc-updown-5m-1786376100,btc-5m,2026-08-10 15:30:03.404000+00:00,2026-08-10 15:45:05.146000+00:00,2026-08-10,23,296.595999956131,-1.45,1.45,False,True,2026-08-10T15:35:02.802Z,,,,-2.802,0.329,,0.29,,,,,,,,
btc-updown-5m-1786375800,btc-5m,2026-08-10 15:25:02.462000+00:00,2026-08-10 15:41:05.711000+00:00,2026-08-10,23,297.5380001068115,2.25,2.75,True,False,2026-08-10T15:34:13.307Z,2026-08-10T15:32:26.582Z,2026-08-10T15:34:13.307Z,-253.307,-146.582,0.008,0.014,0.29,,,,,,,,
btc-updown-5m-1786375500,btc-5m,2026-08-10 15:20:02.486000+00:00,2026-08-10 15:37:16.269000+00:00,2026-08-10,23,297.51399993896484,-1.45,1.45,False,True,2026-08-10T15:25:33.270Z,,,,-33.27,0.003,,0.29,,,,,,,,
btc-updown-15m-1786374900,btc-15m,2026-08-10 15:00:08.542000+00:00,2026-08-10 15:36:40.434000+00:00,2026-08-10,23,891.4579999446869,0.3,4.7,True,False,2026-08-10T15:15:02.815Z,2026-08-10T15:00:14.111Z,2026-08-10T15:15:02.815Z,-2.815,885.889,0.281,1.079,0.49,,,,,,,,
btc-updown-5m-1786375200,btc-5m,2026-08-10 15:15:05.598000+00:00,2026-08-10 15:31:12.263000+00:00,2026-08-10,23,294.40199995040894,-1.35,1.35,False,True,2026-08-10T15:22:57.904Z,,,,-177.904,0.005,,0.29,,,,,,,,
btc-updown-5m-1786374900,btc-5m,2026-08-10 15:10:02.342000+00:00,2026-08-10 15:26:12.504000+00:00,2026-08-10,23,297.6579999923706,2.25,2.75,True,False,2026-08-10T15:17:41.204Z,2026-08-10T15:15:41.478Z,2026-08-10T15:17:41.204Z,-161.204,-41.478,0.011,0.009,0.29,,,,,,,,
btc-updown-15m-1786374000,btc-15m,2026-08-10 14:45:04.132000+00:00,2026-08-10 15:20:42.044000+00:00,2026-08-10,22,895.8680000305176,0.2,4.8,True,False,2026-08-10T15:00:05.587Z,2026-08-10T15:00:00.064Z,2026-08-10T15:00:05.587Z,-5.587,-0.064,0.577,0.015,0.49,,,,,,,,
btc-updown-5m-1786374600,btc-5m,2026-08-10 15:05:01.677000+00:00,2026-08-10 15:18:41.510000+00:00,2026-08-10,23,298.32299995422363,2.75,2.25,True,False,2026-08-10T15:12:41.608Z,2026-08-10T15:10:45.167Z,2026-08-10T15:12:41.608Z,-161.608,-45.167,0.007,0.014,0.29,,,,,,,,
btc-updown-5m-1786374300,btc-5m,2026-08-10 15:00:06.955000+00:00,2026-08-10 15:17:18.184000+00:00,2026-08-10,23,293.04500007629395,2.3,2.7,True,False,2026-08-10T15:09:01.455Z,2026-08-10T15:06:22.503Z,2026-08-10T15:09:01.455Z,-241.455,-82.503,0.003,0.005,0.29,,,,,,,,
btc-updown-5m-1786374000,btc-5m,2026-08-10 14:55:02.899000+00:00,2026-08-10 15:11:47.994000+00:00,2026-08-10,22,297.1010000705719,2.2,2.8,True,False,2026-08-10T15:01:01.596Z,2026-08-10T15:01:41.645Z,2026-08-10T15:01:41.645Z,-101.645,-61.596,0.006,0.001,0.29,,,,,,,,
btc-updown-5m-1786373700,btc-5m,2026-08-10 14:50:01.944000+00:00,2026-08-10 15:06:45.758000+00:00,2026-08-10,22,298.05599999427795,-1.3,1.3,False,True,2026-08-10T14:57:05.606Z,,,,-125.606,0.092,,0.29,,,,,,,,
btc-updown-15m-1786373100,btc-15m,2026-08-10 14:30:03.833000+00:00,2026-08-10 15:04:35.502000+00:00,2026-08-10,22,896.1670000553131,0.15,4.85,True,False,2026-08-10T14:44:56.716Z,2026-08-10T14:45:14.782Z,2026-08-10T14:45:14.782Z,-14.782,3.284,0.076,0.014,0.49,,,,,,,,
btc-updown-5m-1786373400,btc-5m,2026-08-10 14:45:02.508000+00:00,2026-08-10 14:58:32.845000+00:00,2026-08-10,22,297.4920001029968,-1.35,1.35,False,True,2026-08-10T14:51:32.740Z,,,,-92.74,0.008,,0.29,,,,,,,,
btc-updown-5m-1786373100,btc-5m,2026-08-10 14:40:03.009000+00:00,2026-08-10 14:55:22.395000+00:00,2026-08-10,22,296.9909999370575,2.6,2.4,True,False,2026-08-10T14:47:05.079Z,2026-08-10T14:45:58.879Z,2026-08-10T14:47:05.079Z,-125.079,-58.879,0.001,0.009,0.29,,,,,,,,
btc-updown-15m-1786372200,btc-15m,2026-08-10 14:15:04.263000+00:00,2026-08-10 14:51:11.893000+00:00,2026-08-10,22,895.7369999885559,0.1,4.9,True,False,2026-08-10T14:29:58.512Z,2026-08-10T14:26:17.615Z,2026-08-10T14:29:58.512Z,1.488,222.385,0.034,0.016,0.49,,,,,,,,
btc-updown-5m-1786372800,btc-5m,2026-08-10 14:35:01.985000+00:00,2026-08-10 14:50:55.859000+00:00,2026-08-10,22,298.0150001049042,-1.35,1.35,False,True,,2026-08-10T14:40:26.678Z,,,-26.678,,0.001,0.29,,,,,,,,
btc-updown-5m-1786372500,btc-5m,2026-08-10 14:30:02.338000+00:00,2026-08-10 14:46:42.282000+00:00,2026-08-10,22,297.6619999408722,2.25,2.75,True,False,2026-08-10T14:38:39.870Z,2026-08-10T14:35:10.740Z,2026-08-10T14:38:39.870Z,-219.87,-10.74,0.003,0.004,0.29,,,,,,,,
btc-updown-5m-1786372200,btc-5m,2026-08-10 14:25:02.733000+00:00,2026-08-10 14:42:03.987000+00:00,2026-08-10,22,297.2669999599457,3.25,1.75,True,False,2026-08-10T14:32:04.037Z,2026-08-10T14:34:34.675Z,2026-08-10T14:34:34.675Z,-274.675,-124.037,0.165,0.004,0.29,,,,,,,,
btc-updown-15m-1786371300,btc-15m,2026-08-10 14:00:04.250000+00:00,2026-08-10 14:35:36.369000+00:00,2026-08-10,22,895.75,0.15,4.85,True,False,2026-08-10T14:16:16.641Z,2026-08-10T14:13:25.315Z,2026-08-10T14:16:16.641Z,-76.641,94.685,0.013,0.284,0.49,,,,,,,,
btc-updown-5m-1786371900,btc-5m,2026-08-10 14:20:04.114000+00:00,2026-08-10 14:35:04.498000+00:00,2026-08-10,22,295.885999917984,-1.05,1.05,False,True,,2026-08-10T14:26:06.383Z,,,-66.383,,0.004,0.29,,,,,,,,
btc-updown-5m-1786371600,btc-5m,2026-08-10 14:15:03.211000+00:00,2026-08-10 14:30:07.129000+00:00,2026-08-10,22,296.7890000343323,-1.45,1.45,False,True,2026-08-10T14:21:18.877Z,,,,-78.877,0.01,,0.29,,,,,,,,
btc-updown-5m-1786371300,btc-5m,2026-08-10 14:10:02.546000+00:00,2026-08-10 14:26:35.280000+00:00,2026-08-10,22,297.4539999961853,2.25,2.75,True,False,2026-08-10T14:16:23.968Z,2026-08-10T14:19:10.748Z,2026-08-10T14:19:10.748Z,-250.748,-83.968,0.011,0.002,0.29,,,,,,,,
btc-updown-5m-1786371000,btc-5m,2026-08-10 14:05:03.413000+00:00,2026-08-10 14:22:34.586000+00:00,2026-08-10,22,296.5869998931885,-1.3,1.3,False,True,,2026-08-10T14:12:03.123Z,,,-123.123,,0.008,0.29,,,,,,,,
btc-updown-15m-1786370400,btc-15m,2026-08-10 13:45:05.160000+00:00,2026-08-10 14:20:22.321000+00:00,2026-08-10,21,894.8399999141693,0.2,4.8,True,False,2026-08-10T14:00:08.459Z,2026-08-10T13:45:08.147Z,2026-08-10T14:00:08.459Z,-8.459,891.853,0.005,0.594,0.49,,,,,,,,
btc-updown-5m-1786370700,btc-5m,2026-08-10 14:00:02.362000+00:00,2026-08-10 14:17:40.970000+00:00,2026-08-10,22,297.6380000114441,-1.3,1.3,False,True,2026-08-10T14:08:24.424Z,,,,-204.424,0.02,,0.29,,,,,,,,
btc-updown-5m-1786370400,btc-5m,2026-08-10 13:55:03.512000+00:00,2026-08-10 14:10:06.790000+00:00,2026-08-10,21,296.48799991607666,-1.1,1.1,False,True,,2026-08-10T14:00:40.066Z,,,-40.066,,0.017,0.29,,,,,,,,
btc-updown-5m-1786370100,btc-5m,2026-08-10 13:50:03.196000+00:00,2026-08-10 14:05:00.835000+00:00,2026-08-10,21,296.80399990081787,-1.45,1.45,False,True,,2026-08-10T13:57:12.332Z,,,-132.332,,0.025,0.29,,,,,,,,
btc-updown-15m-1786369500,btc-15m,2026-08-10 13:30:05.426000+00:00,2026-08-10 14:04:20.274000+00:00,2026-08-10,21,894.5739998817444,0.1,4.9,True,False,2026-08-10T13:46:07.371Z,2026-08-10T13:38:13.049Z,2026-08-10T13:46:07.371Z,-67.371,406.951,0.017,0.014,0.49,,,,,,,,
btc-updown-5m-1786369800,btc-5m,2026-08-10 13:45:06.513000+00:00,2026-08-10 13:58:53.919000+00:00,2026-08-10,21,293.4869999885559,2.1,2.9,True,False,2026-08-10T13:52:46.993Z,2026-08-10T13:51:02.202Z,2026-08-10T13:52:46.993Z,-166.993,-62.202,0.009,0.004,0.29,,,,,,,,
btc-updown-5m-1786369500,btc-5m,2026-08-10 13:40:01.921000+00:00,2026-08-10 13:53:48.830000+00:00,2026-08-10,21,298.0789999961853,-1.45,1.45,False,True,2026-08-10T13:47:03.497Z,,,,-123.497,0.037,,0.29,,,,,,,,
btc-updown-5m-1786369200,btc-5m,2026-08-10 13:35:02.218000+00:00,2026-08-10 13:50:51.545000+00:00,2026-08-10,21,297.78200006484985,-1.35,1.35,False,True,2026-08-10T13:40:20.631Z,,,,-20.631,0.004,,0.29,,,,,,,,
btc-updown-15m-1786368600,btc-15m,2026-08-10 13:15:03.630000+00:00,2026-08-10 13:49:49.752000+00:00,2026-08-10,21,896.3699998855591,0.65,4.35,True,False,2026-08-10T13:30:08.243Z,2026-08-10T13:26:13.121Z,2026-08-10T13:30:08.243Z,-8.243,226.879,0.005,0.142,0.49,,,,,,,,
btc-updown-5m-1786368900,btc-5m,2026-08-10 13:30:04.071000+00:00,2026-08-10 13:47:25.432000+00:00,2026-08-10,21,295.92899990081787,2.45,2.55,True,False,2026-08-10T13:35:06.950Z,2026-08-10T13:36:31.277Z,2026-08-10T13:36:31.277Z,-91.277,-6.95,0.013,0.017,0.29,,,,,,,,
btc-updown-5m-1786368600,btc-5m,2026-08-10 13:25:04.010000+00:00,2026-08-10 13:40:26.633000+00:00,2026-08-10,21,295.99000000953674,-1.35,1.35,False,True,2026-08-10T13:30:21.829Z,,,,-21.829,0.01,,0.29,,,,,,,,
btc-updown-15m-1786367700,btc-15m,2026-08-10 13:00:02.335000+00:00,2026-08-10 13:37:02.513000+00:00,2026-08-10,21,897.664999961853,-2.45,2.45,False,True,,2026-08-10T13:04:12.322Z,,,647.678,,0.741,0.49,,,,,,,,
btc-updown-5m-1786368000,btc-5m,2026-08-10 13:15:02.334000+00:00,2026-08-10 13:34:51.918000+00:00,2026-08-10,21,297.6659998893738,2.45,2.55,True,False,2026-08-10T13:20:25.262Z,2026-08-10T13:22:57.610Z,2026-08-10T13:22:57.610Z,-177.61,-25.262,0.011,0.01,0.29,,,,,,,,
btc-updown-5m-1786368300,btc-5m,2026-08-10 13:20:03.598000+00:00,2026-08-10 13:34:51.734000+00:00,2026-08-10,21,296.40199995040894,-1.25,1.25,False,True,2026-08-10T13:25:02.583Z,,,,-2.583,0.031,,0.29,,,,,,,,
btc-updown-5m-1786367700,btc-5m,2026-08-10 13:10:03.047000+00:00,2026-08-10 13:26:46.335000+00:00,2026-08-10,21,296.95300006866455,-1.25,1.25,False,True,,2026-08-10T13:16:16.092Z,,,-76.092,,0.004,0.29,,,,,,,,
btc-updown-5m-1786367400,btc-5m,2026-08-10 13:05:02.031000+00:00,2026-08-10 13:20:50.674000+00:00,2026-08-10,21,297.9690001010895,2.7,2.3,True,False,2026-08-10T13:12:33.882Z,2026-08-10T13:14:16.755Z,2026-08-10T13:14:16.755Z,-256.755,-153.882,0.007,0.021,0.29,,,,,,,,
btc-updown-15m-1786366800,btc-15m,2026-08-10 12:45:02.322000+00:00,2026-08-10 13:18:57.218000+00:00,2026-08-10,20,897.6779999732971,0.45,4.55,True,False,2026-08-10T13:00:07.666Z,2026-08-10T12:45:06.246Z,2026-08-10T13:00:07.666Z,-7.666,893.754,0.371,0.059,0.49,,,,,,,,
btc-updown-5m-1786367100,btc-5m,2026-08-10 13:00:04.468000+00:00,2026-08-10 13:14:28.585000+00:00,2026-08-10,21,295.53200006484985,-1.4,1.4,False,True,,2026-08-10T13:05:50.974Z,,,-50.974,,0.017,0.29,,,,,,,,
btc-updown-5m-1786366800,btc-5m,2026-08-10 12:55:03.538000+00:00,2026-08-10 13:11:55.211000+00:00,2026-08-10,20,296.4619998931885,2.3,2.7,True,False,2026-08-10T13:03:25.853Z,2026-08-10T13:00:44.247Z,2026-08-10T13:03:25.853Z,-205.853,-44.247,0.003,0.011,0.29,,,,,,,,
btc-updown-5m-1786366500,btc-5m,2026-08-10 12:50:03.009000+00:00,2026-08-10 13:06:30.699000+00:00,2026-08-10,20,296.9909999370575,-1.3,1.3,False,True,2026-08-10T12:55:52.247Z,,,,-52.247,0.011,,0.29,,,,,,,,
btc-updown-15m-1786365900,btc-15m,2026-08-10 12:30:05.901000+00:00,2026-08-10 13:04:13.310000+00:00,2026-08-10,20,894.0989999771118,0.2,4.8,True,False,2026-08-10T12:45:06.246Z,2026-08-10T12:30:11.686Z,2026-08-10T12:45:06.246Z,-6.246,888.314,0.008,0.165,0.49,,,,,,,,
btc-updown-5m-1786366200,btc-5m,2026-08-10 12:45:04.061000+00:00,2026-08-10 12:59:50.038000+00:00,2026-08-10,20,295.9389998912811,-1.4,1.4,False,True,2026-08-10T12:50:36.596Z,,,,-36.596,0.593,,0.29,,,,,,,,
btc-updown-5m-1786365900,btc-5m,2026-08-10 12:40:03.150000+00:00,2026-08-10 12:59:45.847000+00:00,2026-08-10,20,296.84999990463257,-1.45,1.45,False,True,2026-08-10T12:46:38.719Z,,,,-98.719,0.008,,0.29,,,,,,,,
btc-updown-5m-1786365600,btc-5m,2026-08-10 12:35:02.152000+00:00,2026-08-10 12:53:40.461000+00:00,2026-08-10,20,297.84800004959106,2.7,2.3,True,False,2026-08-10T12:40:43.981Z,2026-08-10T12:42:20.256Z,2026-08-10T12:42:20.256Z,-140.256,-43.981,0.009,0.012,0.29,,,,,,,,
btc-updown-15m-1786365000,btc-15m,2026-08-10 12:15:01.970000+00:00,2026-08-10 12:49:38.742000+00:00,2026-08-10,20,898.0299999713898,0.45,4.55,True,False,2026-08-10T12:30:20.173Z,2026-08-10T12:29:19.121Z,2026-08-10T12:30:20.173Z,-20.173,40.879,0.017,0.099,0.49,,,,,,,,
btc-updown-5m-1786365300,btc-5m,2026-08-10 12:30:04.764000+00:00,2026-08-10 12:46:26.458000+00:00,2026-08-10,20,295.23600006103516,-1.1,1.1,False,True,2026-08-10T12:35:04.997Z,,,,-4.997,0.016,,0.29,,,,,,,,
btc-updown-5m-1786365000,btc-5m,2026-08-10 12:25:02.056000+00:00,2026-08-10 12:38:39.053000+00:00,2026-08-10,20,297.94400000572205,-1.35,1.35,False,True,2026-08-10T12:32:26.471Z,,,,-146.471,0.001,,0.29,,,,,,,,
btc-updown-15m-1786364100,btc-15m,2026-08-10 12:00:07.014000+00:00,2026-08-10 12:36:27.733000+00:00,2026-08-10,20,892.9860000610352,-2.45,2.45,False,True,2026-08-10T12:07:15.075Z,,,,464.925,0.816,,0.49,,,,,,,,
btc-updown-5m-1786364700,btc-5m,2026-08-10 12:20:02.887000+00:00,2026-08-10 12:34:23.782000+00:00,2026-08-10,20,297.11299991607666,-0.7,0.7,False,True,2026-08-10T12:26:22.783Z,,,,-82.783,0.008,,0.29,,,,,,,,
btc-updown-5m-1786364400,btc-5m,2026-08-10 12:15:03.236000+00:00,2026-08-10 12:30:17.602000+00:00,2026-08-10,20,296.76399993896484,2.8,2.2,True,False,2026-08-10T12:24:21.112Z,2026-08-10T12:21:42.487Z,2026-08-10T12:24:21.112Z,-261.112,-102.487,0.004,0.001,0.29,,,,,,,,
btc-updown-5m-1786364100,btc-5m,2026-08-10 12:10:03.230000+00:00,2026-08-10 12:27:20.416000+00:00,2026-08-10,20,296.7699999809265,-1.35,1.35,False,True,2026-08-10T12:16:03.341Z,,,,-63.341,0.005,,0.29,,,,,,,,
btc-updown-5m-1786363800,btc-5m,2026-08-10 12:05:01.907000+00:00,2026-08-10 12:25:06.001000+00:00,2026-08-10,20,298.09299993515015,3.05,1.95,True,False,2026-08-10T12:12:36.844Z,2026-08-10T12:10:16.019Z,2026-08-10T12:12:36.844Z,-156.844,-16.019,0.001,0.007,0.29,,,,,,,,
btc-updown-15m-1786363200,btc-15m,2026-08-10 11:45:04.352000+00:00,2026-08-10 12:23:50.669000+00:00,2026-08-10,19,895.6480000019073,0.2,4.8,True,False,2026-08-10T11:56:17.850Z,2026-08-10T12:02:18.634Z,2026-08-10T12:02:18.634Z,-138.634,222.15,0.028,0.028,0.49,,,,,,,,
btc-updown-5m-1786363500,btc-5m,2026-08-10 12:00:05.754000+00:00,2026-08-10 12:16:01.775000+00:00,2026-08-10,20,294.2460000514984,-1.25,1.25,False,True,2026-08-10T12:05:47.275Z,,,,-47.275,0.005,,0.29,,,,,,,,
btc-updown-5m-1786362900,btc-5m,2026-08-10 11:50:02.069000+00:00,2026-08-10 12:10:19.738000+00:00,2026-08-10,19,297.93099999427795,-1.45,1.45,False,True,,2026-08-10T11:55:05.676Z,,,-5.676,,0.008,0.29,,,,,,,,
btc-updown-5m-1786363200,btc-5m,2026-08-10 11:55:03.175000+00:00,2026-08-10 12:09:04.986000+00:00,2026-08-10,19,296.8250000476837,2.85,2.15,True,False,2026-08-10T12:00:08.751Z,2026-08-10T12:02:29.324Z,2026-08-10T12:02:29.324Z,-149.324,-8.751,0.01,0.001,0.29,,,,,,,,
btc-updown-15m-1786362300,btc-15m,2026-08-10 11:30:04.114000+00:00,2026-08-10 12:06:17.489000+00:00,2026-08-10,19,895.885999917984,0.1,4.9,True,False,2026-08-10T11:45:39.319Z,2026-08-10T11:44:36.135Z,2026-08-10T11:45:39.319Z,-39.319,23.865,0.007,0.632,0.49,,,,,,,,
btc-updown-5m-1786362600,btc-5m,2026-08-10 11:45:03.070000+00:00,2026-08-10 11:59:49.244000+00:00,2026-08-10,19,296.9300000667572,2.5,2.5,True,False,2026-08-10T11:52:39.406Z,2026-08-10T11:54:09.536Z,2026-08-10T11:54:09.536Z,-249.536,-159.406,0.001,0.015,0.29,,,,,,,,
btc-updown-5m-1786362300,btc-5m,2026-08-10 11:40:01.552000+00:00,2026-08-10 11:53:50.169000+00:00,2026-08-10,19,298.44799995422363,-1.2,1.2,False,True,,2026-08-10T11:46:27.065Z,,,-87.065,,0.006,0.29,,,,,,,,
btc-updown-5m-1786362000,btc-5m,2026-08-10 11:35:03.020000+00:00,2026-08-10 11:53:22.287000+00:00,2026-08-10,19,296.9800000190735,-1.35,1.35,False,True,2026-08-10T11:42:41.646Z,,,,-161.646,0.014,,0.29,,,,,,,,
btc-updown-15m-1786361400,btc-15m,2026-08-10 11:15:03.737000+00:00,2026-08-10 11:50:32.623000+00:00,2026-08-10,19,896.2630000114441,0.55,4.45,True,False,2026-08-10T11:29:02.476Z,2026-08-10T11:30:07.146Z,2026-08-10T11:30:07.146Z,-7.146,57.524,0.002,0.017,0.49,,,,,,,,
btc-updown-5m-1786361700,btc-5m,2026-08-10 11:30:05.462000+00:00,2026-08-10 11:46:02.018000+00:00,2026-08-10,19,294.5380001068115,-0.8,0.8,False,True,2026-08-10T11:37:09.838Z,,,,-129.838,0.006,,0.29,,,,,,,,
btc-updown-5m-1786361400,btc-5m,2026-08-10 11:25:03.091000+00:00,2026-08-10 11:41:00.507000+00:00,2026-08-10,19,296.90899991989136,3.0,2.0,True,False,2026-08-10T11:33:17.588Z,2026-08-10T11:34:03.892Z,2026-08-10T11:34:03.892Z,-243.892,-197.588,0.001,0.005,0.29,,,,,,,,
btc-updown-5m-1786361100,btc-5m,2026-08-10 11:20:02.886000+00:00,2026-08-10 11:37:29.685000+00:00,2026-08-10,19,297.114000082016,-1.4,1.4,False,True,,2026-08-10T11:25:59.798Z,,,-59.798,,0.025,0.29,,,,,,,,
btc-updown-15m-1786360500,btc-15m,2026-08-10 11:00:04.958000+00:00,2026-08-10 11:35:54.937000+00:00,2026-08-10,19,895.0420000553131,-2.45,2.45,False,True,,2026-08-10T11:13:07.227Z,,,112.773,,0.071,0.49,,,,,,,,
btc-updown-5m-1786360800,btc-5m,2026-08-10 11:15:02.850000+00:00,2026-08-10 11:29:41.542000+00:00,2026-08-10,19,297.15000009536743,2.45,2.55,True,False,2026-08-10T11:23:51.692Z,2026-08-10T11:21:21.554Z,2026-08-10T11:23:51.692Z,-231.692,-81.554,0.009,0.004,0.29,,,,,,,,
btc-updown-5m-1786360500,btc-5m,2026-08-10 11:10:02.360000+00:00,2026-08-10 11:24:28.895000+00:00,2026-08-10,19,297.6400001049042,-1.35,1.35,False,True,,2026-08-10T11:15:05.604Z,,,-5.604,,0.011,0.29,,,,,,,,
btc-updown-15m-1786359600,btc-15m,2026-08-10 10:45:03.462000+00:00,2026-08-10 11:20:40.766000+00:00,2026-08-10,18,896.5380001068115,0.1,4.9,True,False,2026-08-10T10:56:39.704Z,2026-08-10T10:59:03.717Z,2026-08-10T10:59:03.717Z,56.283,200.296,0.085,0.142,0.49,,,,,,,,
btc-updown-5m-1786360200,btc-5m,2026-08-10 11:05:03.127000+00:00,2026-08-10 11:18:12.039000+00:00,2026-08-10,19,296.8729999065399,2.6,2.4,True,False,2026-08-10T11:12:19.758Z,2026-08-10T11:14:31.353Z,2026-08-10T11:14:31.353Z,-271.353,-139.758,0.002,0.012,0.29,,,,,,,,
btc-updown-5m-1786359900,btc-5m,2026-08-10 11:00:03.388000+00:00,2026-08-10 11:16:20.142000+00:00,2026-08-10,19,296.6119999885559,-1.3,1.3,False,True,,2026-08-10T11:05:23.976Z,,,-23.976,,0.002,0.29,,,,,,,,
btc-updown-5m-1786359600,btc-5m,2026-08-10 10:55:02.809000+00:00,2026-08-10 11:10:06.188000+00:00,2026-08-10,18,297.1909999847412,-1.1,1.1,False,True,2026-08-10T11:01:04.646Z,,,,-64.646,0.003,,0.29,,,,,,,,
btc-updown-15m-1786358700,btc-15m,2026-08-10 10:30:03.371000+00:00,2026-08-10 11:05:37.408000+00:00,2026-08-10,18,896.6289999485016,0.15,4.85,True,False,2026-08-10T10:45:57.735Z,2026-08-10T10:44:02.339Z,2026-08-10T10:45:57.735Z,-57.735,57.661,0.01,0.039,0.49,,,,,,,,
btc-updown-5m-1786359300,btc-5m,2026-08-10 10:50:01.975000+00:00,2026-08-10 11:04:50.495000+00:00,2026-08-10,18,298.02500009536743,-1.35,1.35,False,True,2026-08-10T10:55:41.510Z,,,,-41.51,0.018,,0.29,,,,,,,,
btc-updown-5m-1786359000,btc-5m,2026-08-10 10:45:02.162000+00:00,2026-08-10 11:00:06.418000+00:00,2026-08-10,18,297.8380000591278,-1.35,1.35,False,True,2026-08-10T10:50:38.899Z,,,,-38.899,0.013,,0.29,,,,,,,,
btc-updown-5m-1786358700,btc-5m,2026-08-10 10:40:02.279000+00:00,2026-08-10 10:59:26.823000+00:00,2026-08-10,18,297.720999956131,-1.2,1.2,False,True,,2026-08-10T10:45:39.425Z,,,-39.425,,0.01,0.29,,,,,,,,
btc-updown-15m-1786357800,btc-15m,2026-08-10 10:15:03.556000+00:00,2026-08-10 10:52:05.989000+00:00,2026-08-10,18,896.444000005722,0.15,4.85,True,False,2026-08-10T10:35:52.541Z,2026-08-10T10:29:02.711Z,2026-08-10T10:35:52.541Z,-352.541,57.289,0.008,0.135,0.49,,,,,,,,
btc-updown-5m-1786358400,btc-5m,2026-08-10 10:35:01.818000+00:00,2026-08-10 10:50:08.022000+00:00,2026-08-10,18,298.1819999217987,-1.45,1.45,False,True,2026-08-10T10:41:05.147Z,,,,-65.147,0.007,,0.29,,,,,,,,
btc-updown-5m-1786358100,btc-5m,2026-08-10 10:30:02.093000+00:00,2026-08-10 10:45:51.102000+00:00,2026-08-10,18,297.90700006484985,2.2,2.8,True,False,2026-08-10T10:35:53.715Z,2026-08-10T10:36:26.670Z,2026-08-10T10:36:26.670Z,-86.67,-53.715,0.009,0.005,0.29,,,,,,,,
btc-updown-5m-1786357800,btc-5m,2026-08-10 10:25:01.797000+00:00,2026-08-10 10:40:06.207000+00:00,2026-08-10,18,298.20300006866455,-1.45,1.45,False,True,,2026-08-10T10:30:05.088Z,,,-5.088,,0.007,0.29,,,,,,,,
btc-updown-15m-1786356900,btc-15m,2026-08-10 10:00:03.219000+00:00,2026-08-10 10:36:15.949000+00:00,2026-08-10,18,896.7809998989105,0.2,4.8,True,False,2026-08-10T10:15:37.997Z,2026-08-10T10:00:06.014Z,2026-08-10T10:15:37.997Z,-37.997,893.986,0.003,0.726,0.49,,,,,,,,
btc-updown-5m-1786357500,btc-5m,2026-08-10 10:20:02.571000+00:00,2026-08-10 10:34:57.117000+00:00,2026-08-10,18,297.42899990081787,2.15,2.85,True,False,2026-08-10T10:27:52.663Z,2026-08-10T10:27:16.576Z,2026-08-10T10:27:52.663Z,-172.663,-136.576,0.008,0.012,0.29,,,,,,,,
btc-updown-5m-1786357200,btc-5m,2026-08-10 10:15:02.452000+00:00,2026-08-10 10:32:03.253000+00:00,2026-08-10,18,297.5480000972748,-1.2,1.2,False,True,,2026-08-10T10:20:50.347Z,,,-50.347,,0.019,0.29,,,,,,,,
btc-updown-5m-1786356900,btc-5m,2026-08-10 10:10:01.637000+00:00,2026-08-10 10:23:39.576000+00:00,2026-08-10,18,298.36299991607666,-1.45,1.45,False,True,2026-08-10T10:16:24.683Z,,,,-84.683,0.002,,0.29,,,,,,,,
btc-updown-5m-1786356600,btc-5m,2026-08-10 10:05:03.587000+00:00,2026-08-10 10:22:35.450000+00:00,2026-08-10,18,296.4130001068115,-1.45,1.45,False,True,2026-08-10T10:10:54.402Z,,,,-54.402,0.012,,0.29,,,,,,,,
btc-updown-15m-1786356000,btc-15m,2026-08-10 09:45:02.576000+00:00,2026-08-10 10:20:01.457000+00:00,2026-08-10,17,897.4240000247955,-2.4,2.4,False,True,,2026-08-10T09:45:06.633Z,,,893.367,,0.02,0.49,,,,,,,,
btc-updown-5m-1786356300,btc-5m,2026-08-10 10:00:04.237000+00:00,2026-08-10 10:14:47.544000+00:00,2026-08-10,18,295.7630000114441,2.4,2.6,True,False,2026-08-10T10:08:16.275Z,2026-08-10T10:05:52.254Z,2026-08-10T10:08:16.275Z,-196.275,-52.254,0.006,0.009,0.29,,,,,,,,
btc-updown-5m-1786356000,btc-5m,2026-08-10 09:55:03.241000+00:00,2026-08-10 10:09:47.431000+00:00,2026-08-10,17,296.7590000629425,-0.65,0.65,False,True,,2026-08-10T10:01:41.317Z,,,-101.317,,0.004,0.29,,,,,,,,
btc-updown-5m-1786355700,btc-5m,2026-08-10 09:50:02.833000+00:00,2026-08-10 10:07:10.985000+00:00,2026-08-10,17,297.1670000553131,-1.45,1.45,False,True,,2026-08-10T09:55:39.700Z,,,-39.7,,0.005,0.29,,,,,,,,
btc-updown-15m-1786355100,btc-15m,2026-08-10 09:30:04.547000+00:00,2026-08-10 10:04:52.586000+00:00,2026-08-10,17,895.4530000686646,0.2,4.8,True,False,2026-08-10T09:45:48.132Z,2026-08-10T09:33:23.224Z,2026-08-10T09:45:48.132Z,-48.132,696.776,0.002,0.178,0.49,,,,,,,,
btc-updown-5m-1786355400,btc-5m,2026-08-10 09:45:03.927000+00:00,2026-08-10 10:03:14.900000+00:00,2026-08-10,17,296.07299995422363,2.25,2.75,True,False,2026-08-10T09:53:53.678Z,2026-08-10T09:51:01.999Z,2026-08-10T09:53:53.678Z,-233.678,-61.999,0.01,0.008,0.29,,,,,,,,
btc-updown-5m-1786355100,btc-5m,2026-08-10 09:40:02.160000+00:00,2026-08-10 09:56:39.151000+00:00,2026-08-10,17,297.8399999141693,-1.45,1.45,False,True,2026-08-10T09:45:54.105Z,,,,-54.105,0.004,,0.29,,,,,,,,
btc-updown-5m-1786354800,btc-5m,2026-08-10 09:35:03.303000+00:00,2026-08-10 09:49:18.202000+00:00,2026-08-10,17,296.6970000267029,-1.45,1.45,False,True,2026-08-10T09:40:32.778Z,,,,-32.778,0.016,,0.29,,,,,,,,
btc-updown-15m-1786354200,btc-15m,2026-08-10 09:15:04.388000+00:00,2026-08-10 09:48:06.811000+00:00,2026-08-10,17,895.6119999885559,0.5,4.5,True,False,2026-08-10T09:30:02.509Z,2026-08-10T09:21:13.063Z,2026-08-10T09:30:02.509Z,-2.509,526.937,0.251,0.953,0.49,,,,,,,,
btc-updown-5m-1786354200,btc-5m,2026-08-10 09:25:02.817000+00:00,2026-08-10 09:43:57.864000+00:00,2026-08-10,17,297.18300008773804,-1.45,1.45,False,True,2026-08-10T09:30:03.289Z,,,,-3.289,0.25,,0.29,,,,,,,,
btc-updown-5m-1786354500,btc-5m,2026-08-10 09:30:06.003000+00:00,2026-08-10 09:43:27.756000+00:00,2026-08-10,17,293.99699997901917,2.35,2.65,True,False,2026-08-10T09:36:16.260Z,2026-08-10T09:35:30.711Z,2026-08-10T09:36:16.260Z,-76.26,-30.711,0.01,0.002,0.29,,,,,,,,
btc-updown-5m-1786353900,btc-5m,2026-08-10 09:20:03.071000+00:00,2026-08-10 09:36:01.125000+00:00,2026-08-10,17,296.92899990081787,-1.45,1.45,False,True,2026-08-10T09:25:33.669Z,,,,-33.669,0.004,,0.29,,,,,,,,
btc-updown-15m-1786353300,btc-15m,2026-08-10 09:00:04.096000+00:00,2026-08-10 09:34:30.259000+00:00,2026-08-10,17,895.904000043869,0.1,4.9,True,False,2026-08-10T09:14:27.476Z,2026-08-10T09:15:57.034Z,2026-08-10T09:15:57.034Z,-57.034,32.524,0.201,0.005,0.49,,,,,,,,
btc-updown-5m-1786353600,btc-5m,2026-08-10 09:15:03.211000+00:00,2026-08-10 09:29:37.797000+00:00,2026-08-10,17,296.7890000343323,-1.05,1.05,False,True,2026-08-10T09:20:04.710Z,,,,-4.71,0.008,,0.29,,,,,,,,
btc-updown-5m-1786353300,btc-5m,2026-08-10 09:10:02.913000+00:00,2026-08-10 09:25:35.914000+00:00,2026-08-10,17,297.0869998931885,-1.35,1.35,False,True,2026-08-10T09:18:28.313Z,,,,-208.313,0.017,,0.29,,,,,,,,
btc-updown-5m-1786353000,btc-5m,2026-08-10 09:05:02.359000+00:00,2026-08-10 09:24:50.266000+00:00,2026-08-10,17,297.6410000324249,2.45,2.55,True,False,2026-08-10T09:10:23.724Z,2026-08-10T09:12:50.915Z,2026-08-10T09:12:50.915Z,-170.915,-23.724,0.005,0.001,0.29,,,,,,,,
btc-updown-15m-1786352400,btc-15m,2026-08-10 08:45:01.809000+00:00,2026-08-10 09:19:12.473000+00:00,2026-08-10,16,898.1909999847412,-2.45,2.45,False,True,2026-08-10T08:58:46.592Z,,,,73.408,0.535,,0.49,,,,,,,,
btc-updown-5m-1786352700,btc-5m,2026-08-10 09:00:02.903000+00:00,2026-08-10 09:14:07.483000+00:00,2026-08-10,17,297.09699988365173,3.25,1.75,True,False,2026-08-10T09:06:23.821Z,2026-08-10T09:09:49.954Z,2026-08-10T09:09:49.954Z,-289.954,-83.821,0.001,0.001,0.29,,,,,,,,
btc-updown-5m-1786352400,btc-5m,2026-08-10 08:55:03.744000+00:00,2026-08-10 09:11:38.902000+00:00,2026-08-10,16,296.25600004196167,-1.3,1.3,False,True,2026-08-10T09:00:30.702Z,,,,-30.702,0.633,,0.29,,,,,,,,
btc-updown-15m-1786351500,btc-15m,2026-08-10 08:30:01.743000+00:00,2026-08-10 09:09:04.091000+00:00,2026-08-10,16,898.2569999694824,0.15,4.85,True,False,2026-08-10T08:45:23.448Z,2026-08-10T08:45:05.185Z,2026-08-10T08:45:23.448Z,-23.448,-5.185,0.013,0.103,0.49,,,,,,,,
btc-updown-5m-1786351800,btc-5m,2026-08-10 08:45:02.498000+00:00,2026-08-10 09:04:19.596000+00:00,2026-08-10,16,297.5020000934601,-1.4,1.4,False,True,,2026-08-10T08:51:45.757Z,,,-105.757,,0.018,0.29,,,,,,,,
btc-updown-5m-1786352100,btc-5m,2026-08-10 08:50:03.204000+00:00,2026-08-10 09:04:09.467000+00:00,2026-08-10,16,296.7960000038147,-1.45,1.45,False,True,,2026-08-10T08:56:30.570Z,,,-90.57,,0.153,0.29,,,,,,,,
btc-updown-5m-1786351500,btc-5m,2026-08-10 08:40:03.664000+00:00,2026-08-10 08:53:43.110000+00:00,2026-08-10,16,296.3359999656677,-1.35,1.35,False,True,2026-08-10T08:45:27.416Z,,,,-27.416,0.005,,0.29,,,,,,,,
btc-updown-15m-1786350600,btc-15m,2026-08-10 08:15:02.786000+00:00,2026-08-10 08:50:56.944000+00:00,2026-08-10,16,897.2139999866486,0.25,4.75,True,False,2026-08-10T08:25:11.731Z,2026-08-10T08:30:09.684Z,2026-08-10T08:30:09.684Z,-9.684,288.269,0.925,0.004,0.49,,,,,,,,
btc-updown-5m-1786351200,btc-5m,2026-08-10 08:35:03.072000+00:00,2026-08-10 08:48:14.707000+00:00,2026-08-10,16,296.9279999732971,-1.25,1.25,False,True,2026-08-10T08:41:14.365Z,,,,-74.365,0.031,,0.29,,,,,,,,
btc-updown-5m-1786350900,btc-5m,2026-08-10 08:30:03.193000+00:00,2026-08-10 08:47:57.280000+00:00,2026-08-10,16,296.8069999217987,-1.15,1.15,False,True,2026-08-10T08:37:03.841Z,,,,-123.841,0.003,,0.29,,,,,,,,
btc-updown-15m-1786349700,btc-15m,2026-08-10 08:00:03.102000+00:00,2026-08-10 08:38:31.254000+00:00,2026-08-10,16,896.8980000019073,0.4,4.6,True,False,2026-08-10T08:14:32.081Z,2026-08-10T08:16:52.521Z,2026-08-10T08:16:52.521Z,-112.521,27.919,0.673,0.02,0.49,,,,,,,,
btc-updown-5m-1786350300,btc-5m,2026-08-10 08:20:02.564000+00:00,2026-08-10 08:37:47.136000+00:00,2026-08-10,16,297.4360001087189,2.3,2.7,True,False,2026-08-10T08:28:23.983Z,2026-08-10T08:25:26.300Z,2026-08-10T08:28:23.983Z,-203.983,-26.3,0.01,0.002,0.29,,,,,,,,
btc-updown-5m-1786350600,btc-5m,2026-08-10 08:25:03.020000+00:00,2026-08-10 08:37:25.177000+00:00,2026-08-10,16,296.9800000190735,3.2,1.8,True,False,2026-08-10T08:34:10.483Z,2026-08-10T08:33:43.283Z,2026-08-10T08:34:10.483Z,-250.483,-223.283,0.002,0.019,0.29,,,,,,,,
btc-updown-5m-1786350000,btc-5m,2026-08-10 08:15:01.592000+00:00,2026-08-10 08:32:22.371000+00:00,2026-08-10,16,298.4079999923706,2.35,2.65,True,False,2026-08-10T08:20:39.233Z,2026-08-10T08:23:53.403Z,2026-08-10T08:23:53.403Z,-233.403,-39.233,0.003,0.011,0.29,,,,,,,,
btc-updown-5m-1786349700,btc-5m,2026-08-10 08:10:03.402000+00:00,2026-08-10 08:23:42.785000+00:00,2026-08-10,16,296.59800004959106,2.35,2.65,True,False,2026-08-10T08:15:11.102Z,2026-08-10T08:16:59.380Z,2026-08-10T08:16:59.380Z,-119.38,-11.102,0.013,0.001,0.29,,,,,,,,
btc-updown-5m-1786349400,btc-5m,2026-08-10 08:05:02.760000+00:00,2026-08-10 08:23:22.794000+00:00,2026-08-10,16,297.24000000953674,2.9,2.1,True,False,2026-08-10T08:11:51.904Z,2026-08-10T08:14:18.071Z,2026-08-10T08:14:18.071Z,-258.071,-111.904,0.014,0.004,0.29,,,,,,,,
btc-updown-15m-1786348800,btc-15m,2026-08-10 07:45:03.920000+00:00,2026-08-10 08:19:49.945000+00:00,2026-08-10,15,896.079999923706,-2.45,2.45,False,True,,2026-08-10T07:57:04.922Z,,,175.078,,0.016,0.49,,,,,,,,
btc-updown-5m-1786349100,btc-5m,2026-08-10 08:00:04.266000+00:00,2026-08-10 08:18:15.331000+00:00,2026-08-10,16,295.7339999675751,-1.1,1.1,False,True,2026-08-10T08:05:23.611Z,,,,-23.611,0.004,,0.29,,,,,,,,
btc-updown-5m-1786348800,btc-5m,2026-08-10 07:55:02.190000+00:00,2026-08-10 08:12:10.952000+00:00,2026-08-10,15,297.80999994277954,-1.25,1.25,False,True,,2026-08-10T08:00:13.082Z,,,-13.082,,0.004,0.29,,,,,,,,
btc-updown-5m-1786348500,btc-5m,2026-08-10 07:50:02.169000+00:00,2026-08-10 08:08:04.744000+00:00,2026-08-10,15,297.8310000896454,-1.25,1.25,False,True,2026-08-10T07:57:28.922Z,,,,-148.922,0.014,,0.29,,,,,,,,
btc-updown-15m-1786347900,btc-15m,2026-08-10 07:30:02.801000+00:00,2026-08-10 08:03:16.844000+00:00,2026-08-10,15,897.1989998817444,0.25,4.75,True,False,2026-08-10T07:30:13.479Z,2026-08-10T07:45:20.045Z,2026-08-10T07:45:20.045Z,-20.045,886.521,0.027,0.005,0.49,,,,,,,,
btc-updown-5m-1786348200,btc-5m,2026-08-10 07:45:02.255000+00:00,2026-08-10 08:02:35.102000+00:00,2026-08-10,15,297.7449998855591,-1.3,1.3,False,True,2026-08-10T07:51:06.879Z,,,,-66.879,0.004,,0.29,,,,,,,,
btc-updown-5m-1786347900,btc-5m,2026-08-10 07:40:02.109000+00:00,2026-08-10 07:57:18.010000+00:00,2026-08-10,15,297.8910000324249,-1.35,1.35,False,True,2026-08-10T07:46:41.577Z,,,,-101.577,0.659,,0.29,,,,,,,,
btc-updown-5m-1786347600,btc-5m,2026-08-10 07:35:03.370000+00:00,2026-08-10 07:48:47.099000+00:00,2026-08-10,15,296.6300001144409,2.8,2.2,True,False,2026-08-10T07:44:03.007Z,2026-08-10T07:44:29.015Z,2026-08-10T07:44:29.015Z,-269.015,-243.007,0.007,0.008,0.29,,,,,,,,
btc-updown-15m-1786347000,btc-15m,2026-08-10 07:15:03.191000+00:00,2026-08-10 07:48:09.304000+00:00,2026-08-10,15,896.8090000152588,0.25,4.75,True,False,2026-08-10T07:23:11.244Z,2026-08-10T07:30:06.318Z,2026-08-10T07:30:06.318Z,-6.318,408.756,0.697,0.004,0.49,,,,,,,,
btc-updown-5m-1786347300,btc-5m,2026-08-10 07:30:01.485000+00:00,2026-08-10 07:47:19.328000+00:00,2026-08-10,15,298.5150001049042,2.2,2.8,True,False,2026-08-10T07:36:32.315Z,2026-08-10T07:35:09.980Z,2026-08-10T07:36:32.315Z,-92.315,-9.98,0.007,0.007,0.29,,,,,,,,
btc-updown-5m-1786347000,btc-5m,2026-08-10 07:25:03.159000+00:00,2026-08-10 07:43:15.880000+00:00,2026-08-10,15,296.84100008010864,2.3,2.7,True,False,2026-08-10T07:30:50.874Z,2026-08-10T07:33:57.182Z,2026-08-10T07:33:57.182Z,-237.182,-50.874,0.003,0.008,0.29,,,,,,,,
btc-updown-5m-1786346700,btc-5m,2026-08-10 07:20:03.754000+00:00,2026-08-10 07:36:47.367000+00:00,2026-08-10,15,296.2460000514984,2.4,2.6,True,False,2026-08-10T07:25:43.791Z,2026-08-10T07:29:15.944Z,2026-08-10T07:29:15.944Z,-255.944,-43.791,0.01,0.01,0.29,,,,,,,,
btc-updown-15m-1786346100,btc-15m,2026-08-10 07:00:05.428000+00:00,2026-08-10 07:35:19.311000+00:00,2026-08-10,15,894.5720000267029,0.25,4.75,True,False,2026-08-10T07:00:06.954Z,2026-08-10T07:19:53.718Z,2026-08-10T07:19:53.718Z,-293.718,893.046,0.093,0.004,0.49,,,,,,,,
btc-updown-5m-1786346400,btc-5m,2026-08-10 07:15:02.024000+00:00,2026-08-10 07:28:22.466000+00:00,2026-08-10,15,297.9760000705719,-1.45,1.45,False,True,,2026-08-10T07:20:06.570Z,,,-6.57,,0.015,0.29,,,,,,,,
btc-updown-5m-1786346100,btc-5m,2026-08-10 07:10:03.569000+00:00,2026-08-10 07:27:48.899000+00:00,2026-08-10,15,296.43099999427795,-1.3,1.3,False,True,2026-08-10T07:15:39.016Z,,,,-39.016,0.012,,0.29,,,,,,,,
btc-updown-15m-1786345200,btc-15m,2026-08-10 06:45:02.445000+00:00,2026-08-10 07:23:52.396000+00:00,2026-08-10,14,897.5550000667572,0.1,4.9,True,False,2026-08-10T06:45:13.273Z,2026-08-10T07:03:39.597Z,2026-08-10T07:03:39.597Z,-219.597,886.727,1.606,0.009,0.49,,,,,,,,
btc-updown-5m-1786345800,btc-5m,2026-08-10 07:05:02.854000+00:00,2026-08-10 07:22:48.048000+00:00,2026-08-10,15,297.14599990844727,-1.45,1.45,False,True,,2026-08-10T07:10:30.272Z,,,-30.272,,0.013,0.29,,,,,,,,
btc-updown-5m-1786345500,btc-5m,2026-08-10 07:00:04.067000+00:00,2026-08-10 07:17:59.438000+00:00,2026-08-10,15,295.93300008773804,-1.45,1.45,False,True,2026-08-10T07:06:53.757Z,,,,-113.757,0.003,,0.29,,,,,,,,
btc-updown-5m-1786345200,btc-5m,2026-08-10 06:55:03.169000+00:00,2026-08-10 07:11:57.765000+00:00,2026-08-10,14,296.8310000896454,2.5,2.5,True,False,2026-08-10T07:01:03.158Z,2026-08-10T07:03:55.972Z,2026-08-10T07:03:55.972Z,-235.972,-63.158,0.013,0.018,0.29,,,,,,,,
btc-updown-5m-1786344900,btc-5m,2026-08-10 06:50:02.670000+00:00,2026-08-10 07:07:32.681000+00:00,2026-08-10,14,297.32999992370605,-1.1,1.1,False,True,,2026-08-10T06:56:39.962Z,,,-99.962,,0.009,0.29,,,,,,,,
btc-updown-15m-1786344300,btc-15m,2026-08-10 06:30:03.999000+00:00,2026-08-10 07:05:12.486000+00:00,2026-08-10,14,896.0009999275208,0.4,4.6,True,False,2026-08-10T06:38:09.445Z,2026-08-10T06:45:04.286Z,2026-08-10T06:45:04.286Z,-4.286,410.555,0.309,0.013,0.49,,,,,,,,
btc-updown-5m-1786344600,btc-5m,2026-08-10 06:45:01.642000+00:00,2026-08-10 07:00:06.010000+00:00,2026-08-10,14,298.3580000400543,-0.95,0.95,False,True,,2026-08-10T06:50:45.528Z,,,-45.528,,0.009,0.29,,,,,,,,
btc-updown-5m-1786344300,btc-5m,2026-08-10 06:40:03.208000+00:00,2026-08-10 06:56:49.358000+00:00,2026-08-10,14,296.7920000553131,2.6,2.4,True,False,2026-08-10T06:48:34.513Z,2026-08-10T06:49:12.802Z,2026-08-10T06:49:12.802Z,-252.802,-214.513,0.006,0.001,0.29,,,,,,,,
btc-updown-15m-1786343400,btc-15m,2026-08-10 06:15:04.019000+00:00,2026-08-10 06:48:49.565000+00:00,2026-08-10,14,895.9809999465942,0.35,4.65,True,False,2026-08-10T06:15:10.684Z,2026-08-10T06:30:06.791Z,2026-08-10T06:30:06.791Z,-6.791,889.316,1.088,0.005,0.49,,,,,,,,
btc-updown-5m-1786343700,btc-5m,2026-08-10 06:30:02.841000+00:00,2026-08-10 06:47:53.420000+00:00,2026-08-10,14,297.15899991989136,-1.4,1.4,False,True,,2026-08-10T06:37:51.183Z,,,-171.183,,0.007,0.29,,,,,,,,
btc-updown-5m-1786344000,btc-5m,2026-08-10 06:35:02.301000+00:00,2026-08-10 06:47:40.069000+00:00,2026-08-10,14,297.6989998817444,-1.1,1.1,False,True,,2026-08-10T06:41:10.093Z,,,-70.093,,0.014,0.29,,,,,,,,
btc-updown-5m-1786343400,btc-5m,2026-08-10 06:25:02.060000+00:00,2026-08-10 06:42:47.523000+00:00,2026-08-10,14,297.94000005722046,-1.2,1.2,False,True,,2026-08-10T06:31:20.097Z,,,-80.097,,0.007,0.29,,,,,,,,
btc-updown-15m-1786342500,btc-15m,2026-08-10 06:00:03.879000+00:00,2026-08-10 06:37:16.139000+00:00,2026-08-10,14,896.1210000514984,0.1,4.9,True,False,2026-08-10T06:00:07.140Z,2026-08-10T06:15:31.761Z,2026-08-10T06:15:31.761Z,-31.761,892.86,0.478,0.037,0.49,,,,,,,,
btc-updown-5m-1786343100,btc-5m,2026-08-10 06:20:03.201000+00:00,2026-08-10 06:36:48.377000+00:00,2026-08-10,14,296.79900002479553,-1.35,1.35,False,True,2026-08-10T06:25:38.885Z,,,,-38.885,0.011,,0.29,,,,,,,,
btc-updown-5m-1786342800,btc-5m,2026-08-10 06:15:02.737000+00:00,2026-08-10 06:31:46.051000+00:00,2026-08-10,14,297.2630000114441,-1.35,1.35,False,True,2026-08-10T06:20:28.080Z,,,,-28.08,0.003,,0.29,,,,,,,,
btc-updown-5m-1786342500,btc-5m,2026-08-10 06:10:01.957000+00:00,2026-08-10 06:23:36.953000+00:00,2026-08-10,14,298.04299998283386,2.3,2.7,True,False,2026-08-10T06:16:54.877Z,2026-08-10T06:16:02.376Z,2026-08-10T06:16:54.877Z,-114.877,-62.376,0.011,0.026,0.29,,,,,,,,
btc-updown-15m-1786341600,btc-15m,2026-08-10 05:45:03.924000+00:00,2026-08-10 06:22:33.058000+00:00,2026-08-10,13,896.0759999752045,0.7,4.3,True,False,2026-08-10T05:55:07.730Z,2026-08-10T06:00:07.140Z,2026-08-10T06:00:07.140Z,-7.14,292.27,0.024,0.4,0.49,,,,,,,,
btc-updown-5m-1786342200,btc-5m,2026-08-10 06:05:03.546000+00:00,2026-08-10 06:21:39.429000+00:00,2026-08-10,14,296.4539999961853,-1.2,1.2,False,True,,2026-08-10T06:11:18.888Z,,,-78.888,,0.015,0.29,,,,,,,,
btc-updown-5m-1786341900,btc-5m,2026-08-10 06:00:05.043000+00:00,2026-08-10 06:16:34.510000+00:00,2026-08-10,14,294.95700001716614,2.295,2.705,True,False,2026-08-10T06:09:22.367Z,2026-08-10T06:06:10.143Z,2026-08-10T06:09:22.367Z,-262.367,-70.143,0.007,0.008,0.29,,,,,,,,
btc-updown-5m-1786341600,btc-5m,2026-08-10 05:55:03.267000+00:00,2026-08-10 06:11:34.536000+00:00,2026-08-10,13,296.7330000400543,-1.4,1.4,False,True,,2026-08-10T06:00:06.745Z,,,-6.745,,0.004,0.29,,,,,,,,
btc-updown-15m-1786340700,btc-15m,2026-08-10 05:30:01.810000+00:00,2026-08-10 06:08:47.532000+00:00,2026-08-10,13,898.1900000572205,0.1,4.9,True,False,2026-08-10T05:42:45.512Z,2026-08-10T05:45:47.851Z,2026-08-10T05:45:47.851Z,-47.851,134.488,0.514,0.005,0.49,,,,,,,,
btc-updown-5m-1786341300,btc-5m,2026-08-10 05:50:01.788000+00:00,2026-08-10 06:06:29.340000+00:00,2026-08-10,13,298.2119998931885,2.45,2.55,True,False,2026-08-10T05:59:24.562Z,2026-08-10T05:55:05.725Z,2026-08-10T05:59:24.562Z,-264.562,-5.725,0.002,0.008,0.29,,,,,,,,
btc-updown-5m-1786341000,btc-5m,2026-08-10 05:45:02.665000+00:00,2026-08-10 05:59:36.928000+00:00,2026-08-10,13,297.335000038147,-1.35,1.35,False,True,,2026-08-10T05:50:12.571Z,,,-12.571,,0.01,0.29,,,,,,,,
btc-updown-5m-1786340700,btc-5m,2026-08-10 05:40:02.770000+00:00,2026-08-10 05:56:28.893000+00:00,2026-08-10,13,297.2300000190735,-1.45,1.45,False,True,2026-08-10T05:46:25.771Z,,,,-85.771,0.104,,0.29,,,,,,,,
btc-updown-15m-1786339800,btc-15m,2026-08-10 05:15:03.829000+00:00,2026-08-10 05:52:02.341000+00:00,2026-08-10,13,896.1710000038147,0.25,4.75,True,False,2026-08-10T05:29:02.589Z,2026-08-10T05:31:02.807Z,2026-08-10T05:31:02.807Z,-62.807,57.411,0.066,0.013,0.49,,,,,,,,
btc-updown-5m-1786340400,btc-5m,2026-08-10 05:35:03.895000+00:00,2026-08-10 05:51:25.970000+00:00,2026-08-10,13,296.1050000190735,-1.3,1.3,False,True,,2026-08-10T05:42:31.514Z,,,-151.514,,0.019,0.29,,,,,,,,
btc-updown-5m-1786340100,btc-5m,2026-08-10 05:30:03.195000+00:00,2026-08-10 05:48:19.262000+00:00,2026-08-10,13,296.8050000667572,-1.45,1.45,False,True,,2026-08-10T05:35:35.032Z,,,-35.032,,0.016,0.29,,,,,,,,
btc-updown-5m-1786339800,btc-5m,2026-08-10 05:25:01.959000+00:00,2026-08-10 05:40:38.656000+00:00,2026-08-10,13,298.0409998893738,2.2,2.8,True,False,2026-08-10T05:32:17.141Z,2026-08-10T05:34:57.673Z,2026-08-10T05:34:57.673Z,-297.673,-137.141,0.008,0.014,0.29,,,,,,,,
btc-updown-15m-1786338900,btc-15m,2026-08-10 05:00:03.398000+00:00,2026-08-10 05:33:32.548000+00:00,2026-08-10,13,896.6019999980927,-2.45,2.45,False,True,,2026-08-10T05:14:17.726Z,,,42.274,,0.045,0.49,,,,,,,,
btc-updown-5m-1786339500,btc-5m,2026-08-10 05:20:01.608000+00:00,2026-08-10 05:33:18.791000+00:00,2026-08-10,13,298.3919999599457,2.3,2.7,True,False,2026-08-10T05:26:10.541Z,2026-08-10T05:25:18.538Z,2026-08-10T05:26:10.541Z,-70.541,-18.538,0.006,0.01,0.29,,,,,,,,
btc-updown-5m-1786339200,btc-5m,2026-08-10 05:15:02.765000+00:00,2026-08-10 05:29:57.580000+00:00,2026-08-10,13,297.2349998950958,-1.15,1.15,False,True,,2026-08-10T05:22:50.286Z,,,-170.286,,0.089,0.29,,,,,,,,
btc-updown-5m-1786338900,btc-5m,2026-08-10 05:10:02.316000+00:00,2026-08-10 05:25:34.025000+00:00,2026-08-10,13,297.6840000152588,-1.45,1.45,False,True,,2026-08-10T05:15:09.750Z,,,-9.75,,0.551,0.29,,,,,,,,
btc-updown-15m-1786338000,btc-15m,2026-08-10 04:45:03.223000+00:00,2026-08-10 05:24:23.110000+00:00,2026-08-10,12,896.7769999504089,0.1,4.9,True,False,2026-08-10T05:01:43.052Z,2026-08-10T04:59:03.818Z,2026-08-10T05:01:43.052Z,-103.052,56.182,0.004,0.596,0.49,,,,,,,,
btc-updown-5m-1786338300,btc-5m,2026-08-10 05:00:04.767000+00:00,2026-08-10 05:18:09.054000+00:00,2026-08-10,13,295.2330000400543,-1.4,1.4,False,True,,2026-08-10T05:05:46.757Z,,,-46.757,,0.01,0.29,,,,,,,,
btc-updown-5m-1786338600,btc-5m,2026-08-10 05:05:02.119000+00:00,2026-08-10 05:18:01.263000+00:00,2026-08-10,13,297.88100004196167,-1.3,1.3,False,True,2026-08-10T05:11:04.992Z,,,,-64.992,0.018,,0.29,,,,,,,,
btc-updown-5m-1786338000,btc-5m,2026-08-10 04:55:02.891000+00:00,2026-08-10 05:13:04.471000+00:00,2026-08-10,12,297.1089999675751,-1.45,1.45,False,True,,2026-08-10T05:00:30.311Z,,,-30.311,,0.009,0.29,,,,,,,,
btc-updown-5m-1786337700,btc-5m,2026-08-10 04:50:02.186000+00:00,2026-08-10 05:07:42.024000+00:00,2026-08-10,12,297.8139998912811,-1.05,1.05,False,True,2026-08-10T04:56:02.641Z,,,,-62.641,0.002,,0.29,,,,,,,,
btc-updown-15m-1786337100,btc-15m,2026-08-10 04:30:01.891000+00:00,2026-08-10 05:05:21.641000+00:00,2026-08-10,12,898.1089999675751,0.45,4.55,True,False,2026-08-10T04:56:34.457Z,2026-08-10T04:40:18.173Z,2026-08-10T04:56:34.457Z,-694.457,281.827,0.004,1.067,0.49,,,,,,,,
btc-updown-5m-1786337400,btc-5m,2026-08-10 04:45:04.357000+00:00,2026-08-10 05:00:53.921000+00:00,2026-08-10,12,295.64299988746643,-1.4,1.4,False,True,,2026-08-10T04:52:14.865Z,,,-134.865,,0.007,0.29,,,,,,,,
btc-updown-5m-1786337100,btc-5m,2026-08-10 04:40:02.940000+00:00,2026-08-10 04:55:50.295000+00:00,2026-08-10,12,297.05999994277954,-1.35,1.35,False,True,,2026-08-10T04:45:16.143Z,,,-16.143,,0.011,0.29,,,,,,,,
btc-updown-5m-1786336800,btc-5m,2026-08-10 04:35:02.282000+00:00,2026-08-10 04:50:50.087000+00:00,2026-08-10,12,297.71799993515015,-1.4,1.4,False,True,2026-08-10T04:40:02.019Z,,,,-2.019,0.165,,0.29,,,,,,,,
btc-updown-15m-1786336200,btc-15m,2026-08-10 04:15:03.104000+00:00,2026-08-10 04:50:07.870000+00:00,2026-08-10,12,896.8959999084473,-2.45,2.45,False,True,2026-08-10T04:29:06.681Z,,,,53.319,0.334,,0.49,,,,,,,,
btc-updown-5m-1786336500,btc-5m,2026-08-10 04:30:03.015000+00:00,2026-08-10 04:45:41.934000+00:00,2026-08-10,12,296.9849998950958,2.7,2.3,True,False,2026-08-10T04:37:32.882Z,2026-08-10T04:38:18.883Z,2026-08-10T04:38:18.883Z,-198.883,-152.882,0.007,0.006,0.29,,,,,,,,
btc-updown-5m-1786336200,btc-5m,2026-08-10 04:25:01.843000+00:00,2026-08-10 04:40:40.743000+00:00,2026-08-10,12,298.15700006484985,2.5,2.5,True,False,2026-08-10T04:33:14.811Z,2026-08-10T04:32:30.811Z,2026-08-10T04:33:14.811Z,-194.811,-150.811,0.005,0.021,0.29,,,,,,,,
btc-updown-5m-1786335900,btc-5m,2026-08-10 04:20:01.548000+00:00,2026-08-10 04:37:41.880000+00:00,2026-08-10,12,298.4519999027252,2.9,2.1,True,False,2026-08-10T04:29:16.699Z,2026-08-10T04:28:08.667Z,2026-08-10T04:29:16.699Z,-256.699,-188.667,0.014,0.006,0.29,,,,,,,,
btc-updown-15m-1786335300,btc-15m,2026-08-10 04:00:01.384000+00:00,2026-08-10 04:36:18.292000+00:00,2026-08-10,12,898.6159999370575,0.2,4.8,True,False,2026-08-10T04:19:58.987Z,2026-08-10T04:14:35.925Z,2026-08-10T04:19:58.987Z,-298.987,24.075,0.005,0.564,0.49,,,,,,,,
btc-updown-5m-1786335600,btc-5m,2026-08-10 04:15:04.499000+00:00,2026-08-10 04:30:34.442000+00:00,2026-08-10,12,295.50099992752075,2.5,2.5,True,False,2026-08-10T04:24:42.223Z,2026-08-10T04:21:32.208Z,2026-08-10T04:24:42.223Z,-282.223,-92.208,0.004,0.01,0.29,,,,,,,,
btc-updown-5m-1786335300,btc-5m,2026-08-10 04:10:03.124000+00:00,2026-08-10 04:27:45.811000+00:00,2026-08-10,12,296.87599992752075,2.1,2.9,True,False,2026-08-10T04:19:04.138Z,2026-08-10T04:15:40.083Z,2026-08-10T04:19:04.138Z,-244.138,-40.083,0.011,0.044,0.29,,,,,,,,
btc-updown-15m-1786334400,btc-15m,2026-08-10 03:45:01.940000+00:00,2026-08-10 04:21:57.084000+00:00,2026-08-10,11,898.0599999427795,0.3,4.7,True,False,2026-08-10T04:00:15.394Z,2026-08-10T03:58:28.715Z,2026-08-10T04:00:15.394Z,-15.394,91.285,0.009,0.196,0.49,,,,,,,,
btc-updown-5m-1786335000,btc-5m,2026-08-10 04:05:02.800000+00:00,2026-08-10 04:19:07.684000+00:00,2026-08-10,12,297.2000000476837,-1.3,1.3,False,True,,2026-08-10T04:12:07.920Z,,,-127.92,,0.015,0.29,,,,,,,,
btc-updown-5m-1786334700,btc-5m,2026-08-10 04:00:02.532000+00:00,2026-08-10 04:17:13.398000+00:00,2026-08-10,12,297.46799993515015,2.1,2.9,True,False,2026-08-10T04:07:07.461Z,2026-08-10T04:05:15.430Z,2026-08-10T04:07:07.461Z,-127.461,-15.43,0.004,0.026,0.29,,,,,,,,
btc-updown-5m-1786334400,btc-5m,2026-08-10 03:55:02.052000+00:00,2026-08-10 04:08:56.641000+00:00,2026-08-10,11,297.94799995422363,2.2,2.8,True,False,2026-08-10T03:59:34.715Z,2026-08-10T04:00:57.395Z,2026-08-10T04:00:57.395Z,-57.395,25.285,0.163,0.007,0.29,,,,,,,,
btc-updown-5m-1786334100,btc-5m,2026-08-10 03:50:03.212000+00:00,2026-08-10 04:05:26.561000+00:00,2026-08-10,11,296.7880001068115,-1.4,1.4,False,True,2026-08-10T03:55:50.680Z,,,,-50.68,0.01,,0.29,,,,,,,,
btc-updown-15m-1786333500,btc-15m,2026-08-10 03:30:03.335000+00:00,2026-08-10 04:03:46.363000+00:00,2026-08-10,11,896.664999961853,0.5,4.5,True,False,2026-08-10T03:41:42.642Z,2026-08-10T03:45:04.887Z,2026-08-10T03:45:04.887Z,-4.887,197.358,0.075,0.051,0.49,,,,,,,,
btc-updown-5m-1786333800,btc-5m,2026-08-10 03:45:03.128000+00:00,2026-08-10 04:00:26.251000+00:00,2026-08-10,11,296.87199997901917,-1.4,1.4,False,True,2026-08-10T03:51:18.091Z,,,,-78.091,0.012,,0.29,,,,,,,,
btc-updown-5m-1786333200,btc-5m,2026-08-10 03:35:03.345000+00:00,2026-08-10 03:54:09.039000+00:00,2026-08-10,11,296.65499997138977,3.3,1.7,True,False,2026-08-10T03:43:48.790Z,2026-08-10T03:43:10.648Z,2026-08-10T03:43:48.790Z,-228.79,-190.648,0.005,0.006,0.29,,,,,,,,
btc-updown-5m-1786333500,btc-5m,2026-08-10 03:40:01.977000+00:00,2026-08-10 03:54:01.525000+00:00,2026-08-10,11,298.02300000190735,-1.25,1.25,False,True,,2026-08-10T03:45:06.940Z,,,-6.94,,0.278,0.29,,,,,,,,
btc-updown-15m-1786332600,btc-15m,2026-08-10 03:15:03.247000+00:00,2026-08-10 03:52:33.252000+00:00,2026-08-10,11,896.7530000209808,0.3,4.7,True,False,2026-08-10T03:25:32.982Z,2026-08-10T03:34:59.519Z,2026-08-10T03:34:59.519Z,-299.519,267.018,0.202,0.003,0.49,,,,,,,,
btc-updown-5m-1786332900,btc-5m,2026-08-10 03:30:02.358000+00:00,2026-08-10 03:43:09.641000+00:00,2026-08-10,11,297.6419999599457,-1.2,1.2,False,True,,2026-08-10T03:35:22.889Z,,,-22.889,,0.005,0.29,,,,,,,,
btc-updown-5m-1786332600,btc-5m,2026-08-10 03:25:02.392000+00:00,2026-08-10 03:38:41.649000+00:00,2026-08-10,11,297.6080000400543,2.9,2.1,True,False,2026-08-10T03:30:11.373Z,2026-08-10T03:34:07.514Z,2026-08-10T03:34:07.514Z,-247.514,-11.373,0.009,0.009,0.29,,,,,,,,
btc-updown-15m-1786331700,btc-15m,2026-08-10 03:00:03.292000+00:00,2026-08-10 03:37:33.842000+00:00,2026-08-10,11,896.7079999446869,0.25,4.75,True,False,2026-08-10T03:15:06.117Z,2026-08-10T03:13:41.939Z,2026-08-10T03:15:06.117Z,-6.117,78.061,0.007,0.034,0.49,,,,,,,,
btc-updown-5m-1786332300,btc-5m,2026-08-10 03:20:01.825000+00:00,2026-08-10 03:33:54.365000+00:00,2026-08-10,11,298.1749999523163,2.35,2.65,True,False,2026-08-10T03:26:49.476Z,2026-08-10T03:25:54.986Z,2026-08-10T03:26:49.476Z,-109.476,-54.986,0.01,0.013,0.29,,,,,,,,
btc-updown-5m-1786332000,btc-5m,2026-08-10 03:15:04.326000+00:00,2026-08-10 03:32:02.211000+00:00,2026-08-10,11,295.67400002479553,-1.4,1.4,False,True,,2026-08-10T03:20:42.514Z,,,-42.514,,0.014,0.29,,,,,,,,
btc-updown-5m-1786331700,btc-5m,2026-08-10 03:10:03.150000+00:00,2026-08-10 03:26:09.938000+00:00,2026-08-10,11,296.84999990463257,2.25,2.75,True,False,2026-08-10T03:16:01.014Z,2026-08-10T03:17:25.234Z,2026-08-10T03:17:25.234Z,-145.234,-61.014,0.004,0.002,0.29,,,,,,,,
btc-updown-5m-1786331400,btc-5m,2026-08-10 03:05:02.809000+00:00,2026-08-10 03:21:39.258000+00:00,2026-08-10,11,297.1909999847412,-1.15,1.15,False,True,2026-08-10T03:11:02.376Z,,,,-62.376,0.0,,0.29,,,,,,,,
btc-updown-15m-1786330800,btc-15m,2026-08-10 02:45:03.948000+00:00,2026-08-10 03:21:31.466000+00:00,2026-08-10,10,896.0520000457764,0.4,4.6,True,False,2026-08-10T03:00:11.519Z,2026-08-10T03:00:04.989Z,2026-08-10T03:00:11.519Z,-11.519,-4.989,0.002,0.008,0.49,,,,,,,,
btc-updown-5m-1786331100,btc-5m,2026-08-10 03:00:02.056000+00:00,2026-08-10 03:16:06.332000+00:00,2026-08-10,11,297.94400000572205,2.15,2.85,True,False,2026-08-10T03:06:27.542Z,2026-08-10T03:05:20.176Z,2026-08-10T03:06:27.542Z,-87.542,-20.176,0.014,0.471,0.29,,,,,,,,
btc-updown-5m-1786330800,btc-5m,2026-08-10 02:55:01.237000+00:00,2026-08-10 03:11:58.806000+00:00,2026-08-10,10,298.7630000114441,-1.1,1.1,False,True,2026-08-10T03:00:55.016Z,,,,-55.016,0.012,,0.29,,,,,,,,
btc-updown-5m-1786330500,btc-5m,2026-08-10 02:50:03.299000+00:00,2026-08-10 03:08:42.527000+00:00,2026-08-10,10,296.70099997520447,-1.3,1.3,False,True,2026-08-10T02:56:54.134Z,,,,-114.134,0.012,,0.29,,,,,,,,
btc-updown-15m-1786329900,btc-15m,2026-08-10 02:30:02.505000+00:00,2026-08-10 03:05:06.638000+00:00,2026-08-10,10,897.4949998855591,-2.35,2.35,False,True,2026-08-10T02:44:15.172Z,,,,44.828,0.174,,0.49,,,,,,,,
btc-updown-5m-1786330200,btc-5m,2026-08-10 02:45:02.886000+00:00,2026-08-10 03:00:04.434000+00:00,2026-08-10,10,297.114000082016,2.25,2.75,True,False,2026-08-10T02:53:00.105Z,2026-08-10T02:50:30.083Z,2026-08-10T02:53:00.105Z,-180.105,-30.083,0.004,0.011,0.29,,,,,,,,
btc-updown-5m-1786329900,btc-5m,2026-08-10 02:40:02.404000+00:00,2026-08-10 02:55:46.942000+00:00,2026-08-10,10,297.595999956131,-1.45,1.45,False,True,2026-08-10T02:45:05.675Z,,,,-5.675,0.003,,0.29,,,,,,,,
btc-updown-15m-1786329000,btc-15m,2026-08-10 02:15:03.379000+00:00,2026-08-10 02:50:55.126000+00:00,2026-08-10,10,896.6210000514984,-2.45,2.45,False,True,,2026-08-10T02:22:12.859Z,,,467.141,,1.0,0.49,,,,,,,,
btc-updown-5m-1786329600,btc-5m,2026-08-10 02:35:02.175000+00:00,2026-08-10 02:50:27.116000+00:00,2026-08-10,10,297.8250000476837,-1.45,1.45,False,True,,2026-08-10T02:40:19.147Z,,,-19.147,,0.004,0.29,,,,,,,,
btc-updown-5m-1786329000,btc-5m,2026-08-10 02:25:02.037000+00:00,2026-08-10 02:45:04.782000+00:00,2026-08-10,10,297.9630000591278,-1.35,1.35,False,True,,2026-08-10T02:30:40.412Z,,,-40.412,,0.003,0.29,,,,,,,,
btc-updown-5m-1786329300,btc-5m,2026-08-10 02:30:03.563000+00:00,2026-08-10 02:44:43.978000+00:00,2026-08-10,10,296.4370000362396,-1.3,1.3,False,True,,2026-08-10T02:36:46.706Z,,,-106.706,,0.004,0.29,,,,,,,,
btc-updown-5m-1786328700,btc-5m,2026-08-10 02:20:03.507000+00:00,2026-08-10 02:36:31.460000+00:00,2026-08-10,10,296.4930000305176,2.4,2.6,True,False,2026-08-10T02:25:08.622Z,2026-08-10T02:29:02.661Z,2026-08-10T02:29:02.661Z,-242.661,-8.622,0.008,0.008,0.29,,,,,,,,
btc-updown-15m-1786328100,btc-15m,2026-08-10 02:00:04.105000+00:00,2026-08-10 02:33:31.233000+00:00,2026-08-10,10,895.8949999809265,-2.45,2.45,False,True,2026-08-10T02:07:55.605Z,,,,424.395,0.657,,0.49,,,,,,,,
btc-updown-5m-1786328400,btc-5m,2026-08-10 02:15:02.704000+00:00,2026-08-10 02:32:49.562000+00:00,2026-08-10,10,297.2960000038147,-1.2,1.2,False,True,,2026-08-10T02:21:42.402Z,,,-102.402,,0.006,0.29,,,,,,,,
btc-updown-5m-1786328100,btc-5m,2026-08-10 02:10:02.994000+00:00,2026-08-10 02:24:35.422000+00:00,2026-08-10,10,297.00600004196167,-1.3,1.3,False,True,2026-08-10T02:15:39.885Z,,,,-39.885,0.007,,0.29,,,,,,,,
btc-updown-5m-1786327800,btc-5m,2026-08-10 02:05:02.867000+00:00,2026-08-10 02:19:34.839000+00:00,2026-08-10,10,297.1329998970032,2.7,2.3,True,False,2026-08-10T02:14:33.678Z,2026-08-10T02:10:59.661Z,2026-08-10T02:14:33.678Z,-273.678,-59.661,0.008,0.008,0.29,,,,,,,,
btc-updown-15m-1786327200,btc-15m,2026-08-10 01:45:03.483000+00:00,2026-08-10 02:19:32.920000+00:00,2026-08-10,9,896.5169999599457,0.25,4.75,True,False,2026-08-10T01:50:04.984Z,2026-08-10T02:00:05.493Z,2026-08-10T02:00:05.493Z,-5.493,595.016,0.438,0.012,0.49,,,,,,,,
btc-updown-5m-1786327500,btc-5m,2026-08-10 02:00:02.723000+00:00,2026-08-10 02:14:32.781000+00:00,2026-08-10,10,297.27699995040894,2.3,2.7,True,False,2026-08-10T02:07:19.610Z,2026-08-10T02:06:57.588Z,2026-08-10T02:07:19.610Z,-139.61,-117.588,0.016,0.009,0.29,,,,,,,,
btc-updown-5m-1786327200,btc-5m,2026-08-10 01:55:02.181000+00:00,2026-08-10 02:12:32.677000+00:00,2026-08-10,9,297.81900000572205,-1.2,1.2,False,True,2026-08-10T02:00:37.501Z,,,,-37.501,0.005,,0.29,,,,,,,,
btc-updown-5m-1786326900,btc-5m,2026-08-10 01:50:02.034000+00:00,2026-08-10 02:07:26.968000+00:00,2026-08-10,9,297.96600008010864,-1.45,1.45,False,True,2026-08-10T01:56:01.308Z,,,,-61.308,0.001,,0.29,,,,,,,,
btc-updown-15m-1786326300,btc-15m,2026-08-10 01:30:01.883000+00:00,2026-08-10 02:07:01.011000+00:00,2026-08-10,9,898.1170001029968,-2.45,2.45,False,True,,2026-08-10T01:40:51.589Z,,,248.411,,0.935,0.49,,,,,,,,
btc-updown-5m-1786326600,btc-5m,2026-08-10 01:45:04.426000+00:00,2026-08-10 02:02:26.574000+00:00,2026-08-10,9,295.5739998817444,-1.15,1.15,False,True,,2026-08-10T01:50:04.597Z,,,-4.597,,0.008,0.29,,,,,,,,
btc-updown-5m-1786326300,btc-5m,2026-08-10 01:40:03.043000+00:00,2026-08-10 01:57:00.006000+00:00,2026-08-10,9,296.95700001716614,-1.15,1.15,False,True,,2026-08-10T01:45:54.327Z,,,-54.327,,0.004,0.29,,,,,,,,
btc-updown-15m-1786325400,btc-15m,2026-08-10 01:15:04.448000+00:00,2026-08-10 01:53:07.559000+00:00,2026-08-10,9,895.5520000457764,-2.45,2.45,False,True,2026-08-10T01:27:36.507Z,,,,143.493,0.841,,0.49,,,,,,,,
btc-updown-5m-1786326000,btc-5m,2026-08-10 01:35:02.265000+00:00,2026-08-10 01:50:55.858000+00:00,2026-08-10,9,297.7349998950958,-1.45,1.45,False,True,,2026-08-10T01:41:15.594Z,,,-75.594,,0.007,0.29,,,,,,,,
btc-updown-5m-1786325700,btc-5m,2026-08-10 01:30:03.071000+00:00,2026-08-10 01:46:17.370000+00:00,2026-08-10,9,296.92899990081787,-1.15,1.15,False,True,2026-08-10T01:37:06.976Z,,,,-126.976,0.069,,0.29,,,,,,,,
btc-updown-5m-1786325400,btc-5m,2026-08-10 01:25:01.686000+00:00,2026-08-10 01:40:52.749000+00:00,2026-08-10,9,298.3139998912811,-1.45,1.45,False,True,2026-08-10T01:30:04.735Z,,,,-4.735,0.01,,0.29,,,,,,,,
btc-updown-15m-1786324500,btc-15m,2026-08-10 01:00:03.132000+00:00,2026-08-10 01:35:44.105000+00:00,2026-08-10,9,896.8680000305176,0.25,4.75,True,False,2026-08-10T01:14:15.784Z,2026-08-10T01:15:05.995Z,2026-08-10T01:15:05.995Z,-5.995,44.216,0.012,0.014,0.49,,,,,,,,
btc-updown-5m-1786325100,btc-5m,2026-08-10 01:20:01.512000+00:00,2026-08-10 01:34:19.513000+00:00,2026-08-10,9,298.48799991607666,2.55,2.45,True,False,2026-08-10T01:29:12.980Z,2026-08-10T01:26:20.298Z,2026-08-10T01:29:12.980Z,-252.98,-80.298,0.007,0.015,0.29,,,,,,,,
btc-updown-5m-1786324800,btc-5m,2026-08-10 01:15:03.166000+00:00,2026-08-10 01:31:08.036000+00:00,2026-08-10,9,296.8340001106262,2.15,2.85,True,False,2026-08-10T01:21:20.151Z,2026-08-10T01:24:16.156Z,2026-08-10T01:24:16.156Z,-256.156,-80.151,0.012,0.007,0.29,,,,,,,,
btc-updown-5m-1786324500,btc-5m,2026-08-10 01:10:03.155000+00:00,2026-08-10 01:27:09.287000+00:00,2026-08-10,9,296.84500002861023,-1.45,1.45,False,True,,2026-08-10T01:15:14.583Z,,,-14.583,,0.0,0.29,,,,,,,,
btc-updown-15m-1786323600,btc-15m,2026-08-10 00:45:03.111000+00:00,2026-08-10 01:22:29.189000+00:00,2026-08-10,8,896.8889999389648,0.25,4.75,True,False,2026-08-10T01:00:04.837Z,2026-08-10T00:48:02.658Z,2026-08-10T01:00:04.837Z,-4.837,717.342,0.009,0.008,0.49,,,,,,,,
btc-updown-5m-1786324200,btc-5m,2026-08-10 01:05:02.479000+00:00,2026-08-10 01:19:34.820000+00:00,2026-08-10,9,297.52099990844727,-1.45,1.45,False,True,,2026-08-10T01:10:15.743Z,,,-15.743,,0.007,0.29,,,,,,,,
btc-updown-5m-1786323900,btc-5m,2026-08-10 01:00:02.113000+00:00,2026-08-10 01:15:49.543000+00:00,2026-08-10,9,297.88700008392334,-1.45,1.45,False,True,2026-08-10T01:05:21.738Z,,,,-21.738,0.005,,0.29,,,,,,,,
btc-updown-5m-1786323600,btc-5m,2026-08-10 00:55:02.182000+00:00,2026-08-10 01:09:16.683000+00:00,2026-08-10,8,297.8180000782013,-1.45,1.45,False,True,,2026-08-10T01:00:44.850Z,,,-44.85,,0.01,0.29,,,,,,,,
btc-updown-15m-1786322700,btc-15m,2026-08-10 00:30:03.719000+00:00,2026-08-10 01:05:48.415000+00:00,2026-08-10,8,896.2809998989105,-2.45,2.45,False,True,,2026-08-10T00:39:00.522Z,,,359.478,,1.255,0.49,,,,,,,,
btc-updown-5m-1786323300,btc-5m,2026-08-10 00:50:01.970000+00:00,2026-08-10 01:03:47.852000+00:00,2026-08-10,8,298.02999997138977,2.1,2.9,True,False,2026-08-10T00:58:22.810Z,2026-08-10T00:55:28.778Z,2026-08-10T00:58:22.810Z,-202.81,-28.778,0.01,0.002,0.29,,,,,,,,
btc-updown-5m-1786323000,btc-5m,2026-08-10 00:45:01.646000+00:00,2026-08-10 01:01:42.231000+00:00,2026-08-10,8,298.35400009155273,-1.4,1.4,False,True,,2026-08-10T00:50:20.705Z,,,-20.705,,0.004,0.29,,,,,,,,
btc-updown-5m-1786322700,btc-5m,2026-08-10 00:40:03.729000+00:00,2026-08-10 00:57:37.938000+00:00,2026-08-10,8,296.27099990844727,-1.35,1.35,False,True,,2026-08-10T00:45:29.145Z,,,-29.145,,0.002,0.29,,,,,,,,
btc-updown-5m-1786322400,btc-5m,2026-08-10 00:35:02.771000+00:00,2026-08-10 00:51:47.686000+00:00,2026-08-10,8,297.22900009155273,-1.2,1.2,False,True,2026-08-10T00:40:06.326Z,,,,-6.326,0.008,,0.29,,,,,,,,
btc-updown-15m-1786321800,btc-15m,2026-08-10 00:15:03.305000+00:00,2026-08-10 00:50:05.486000+00:00,2026-08-10,8,896.6949999332428,0.35,4.65,True,False,2026-08-10T00:29:15.343Z,2026-08-10T00:30:59.783Z,2026-08-10T00:30:59.783Z,-59.783,44.657,0.297,0.002,0.49,,,,,,,,
btc-updown-5m-1786322100,btc-5m,2026-08-10 00:30:02.762000+00:00,2026-08-10 00:48:41.411000+00:00,2026-08-10,8,297.23799991607666,-1.45,1.45,False,True,2026-08-10T00:35:55.680Z,,,,-55.68,0.007,,0.29,,,,,,,,
btc-updown-5m-1786321800,btc-5m,2026-08-10 00:25:02.644000+00:00,2026-08-10 00:39:50.871000+00:00,2026-08-10,8,297.35599994659424,2.2,2.8,True,False,2026-08-10T00:30:15.536Z,2026-08-10T00:31:01.565Z,2026-08-10T00:31:01.565Z,-61.565,-15.536,0.015,0.038,0.29,,,,,,,,
btc-updown-5m-1786321500,btc-5m,2026-08-10 00:20:02.778000+00:00,2026-08-10 00:37:43.010000+00:00,2026-08-10,8,297.22199988365173,-1.45,1.45,False,True,,2026-08-10T00:26:17.205Z,,,-77.205,,0.003,0.29,,,,,,,,
btc-updown-15m-1786320900,btc-15m,2026-08-10 00:00:04.202000+00:00,2026-08-10 00:36:39.337000+00:00,2026-08-10,8,895.7980000972748,0.1,4.9,True,False,2026-08-10T00:13:06.725Z,2026-08-10T00:16:59.145Z,2026-08-10T00:16:59.145Z,-119.145,113.275,0.135,0.02,0.49,,,,,,,,
btc-updown-5m-1786321200,btc-5m,2026-08-10 00:15:02.275000+00:00,2026-08-10 00:32:32.735000+00:00,2026-08-10,8,297.72499990463257,-1.15,1.15,False,True,2026-08-10T00:20:45.747Z,,,,-45.747,0.0,,0.29,,,,,,,,
btc-updown-5m-1786320900,btc-5m,2026-08-10 00:10:02.111000+00:00,2026-08-10 00:26:33.864000+00:00,2026-08-10,8,297.88899993896484,-1.45,1.45,False,True,2026-08-10T00:15:53.088Z,,,,-53.088,0.012,,0.29,,,,,,,,
btc-updown-5m-1786320600,btc-5m,2026-08-10 00:05:01.884000+00:00,2026-08-10 00:22:04.111000+00:00,2026-08-10,8,298.1159999370575,-1.45,1.45,False,True,,2026-08-10T00:10:32.681Z,,,-32.681,,0.009,0.29,,,,,,,,
btc-updown-15m-1786320000,btc-15m,2026-08-09 23:45:04.022000+00:00,2026-08-10 00:18:07.743000+00:00,2026-08-10,7,895.9779999256134,0.7,4.3,True,False,2026-08-10T00:00:06.162Z,2026-08-09T23:45:10.366Z,2026-08-10T00:00:06.162Z,-6.162,889.634,0.516,0.023,0.49,,,,,,,,
btc-updown-5m-1786320300,btc-5m,2026-08-10 00:00:02.846000+00:00,2026-08-10 00:16:10.222000+00:00,2026-08-10,8,297.154000043869,-1.4,1.4,False,True,,2026-08-10T00:05:34.441Z,,,-34.441,,0.005,0.29,,,,,,,,
btc-updown-5m-1786320000,btc-5m,2026-08-09 23:55:02.506000+00:00,2026-08-10 00:13:17.538000+00:00,2026-08-10,7,297.49399995803833,2.2,2.8,True,False,2026-08-10T00:00:05.679Z,2026-08-10T00:03:28.267Z,2026-08-10T00:03:28.267Z,-208.267,-5.679,0.005,0.012,0.29,,,,,,,,
btc-updown-15m-1786319100,btc-15m,2026-08-09 23:30:03.236000+00:00,2026-08-10 00:07:45.414000+00:00,2026-08-10,7,896.7639999389648,0.3,4.7,True,False,2026-08-09T23:50:56.689Z,2026-08-09T23:31:35.027Z,2026-08-09T23:50:56.689Z,-356.689,804.973,0.019,0.006,0.49,,,,,,,,
btc-updown-5m-1786319700,btc-5m,2026-08-09 23:50:03.932000+00:00,2026-08-10 00:05:31.836000+00:00,2026-08-10,7,296.0680000782013,2.6,2.4,True,False,2026-08-09T23:55:19.108Z,2026-08-09T23:58:39.124Z,2026-08-09T23:58:39.124Z,-219.124,-19.108,0.017,0.018,0.29,,,,,,,,
btc-updown-5m-1786319400,btc-5m,2026-08-09 23:45:02.990000+00:00,2026-08-10 00:00:05.014000+00:00,2026-08-10,7,297.00999999046326,-1.35,1.35,False,True,2026-08-09T23:50:24.681Z,,,,-24.681,0.004,,0.29,,,,,,,,
btc-updown-5m-1786319100,btc-5m,2026-08-09 23:40:02.762000+00:00,2026-08-09 23:58:10.166000+00:00,2026-08-10,7,297.23799991607666,-1.3,1.3,False,True,,2026-08-09T23:45:26.595Z,,,-26.595,,0.009,0.29,,,,,,,,
btc-updown-15m-1786318200,btc-15m,2026-08-09 23:15:02.982000+00:00,2026-08-09 23:51:29.731000+00:00,2026-08-10,7,897.0179998874664,0.3,4.7,True,False,2026-08-09T23:30:04.899Z,2026-08-09T23:15:46.938Z,2026-08-09T23:30:04.899Z,-4.899,853.062,0.008,0.011,0.49,,,,,,,,
btc-updown-5m-1786318800,btc-5m,2026-08-09 23:35:02.293000+00:00,2026-08-09 23:50:23.460000+00:00,2026-08-10,7,297.70700001716614,-1.45,1.45,False,True,,2026-08-09T23:42:41.366Z,,,-161.366,,0.004,0.29,,,,,,,,
btc-updown-5m-1786318500,btc-5m,2026-08-09 23:30:02.195000+00:00,2026-08-09 23:45:41.187000+00:00,2026-08-10,7,297.8050000667572,-1.0,1.0,False,True,,2026-08-09T23:35:53.060Z,,,-53.06,,0.006,0.29,,,,,,,,
btc-updown-5m-1786318200,btc-5m,2026-08-09 23:25:02.273000+00:00,2026-08-09 23:40:16.031000+00:00,2026-08-10,7,297.72699999809265,-0.95,0.95,False,True,2026-08-09T23:30:08.902Z,,,,-8.902,0.013,,0.29,,,,,,,,
btc-updown-5m-1786317900,btc-5m,2026-08-09 23:20:02.010000+00:00,2026-08-09 23:37:59.924000+00:00,2026-08-10,7,297.99000000953674,-1.45,1.45,False,True,2026-08-09T23:25:06.804Z,,,,-6.804,0.009,,0.29,,,,,,,,
btc-updown-15m-1786317300,btc-15m,2026-08-09 23:00:02.552000+00:00,2026-08-09 23:34:55.582000+00:00,2026-08-10,7,897.4479999542236,0.75,4.25,True,False,2026-08-09T23:15:04.727Z,2026-08-09T23:10:04.432Z,2026-08-09T23:15:04.727Z,-4.727,295.568,0.019,0.677,0.49,,,,,,,,
btc-updown-5m-1786317600,btc-5m,2026-08-09 23:15:01.955000+00:00,2026-08-09 23:32:43.848000+00:00,2026-08-10,7,298.04500007629395,-1.35,1.35,False,True,2026-08-09T23:21:01.028Z,,,,-61.028,0.009,,0.29,,,,,,,,
btc-updown-5m-1786317300,btc-5m,2026-08-09 23:10:01.787000+00:00,2026-08-09 23:26:11.572000+00:00,2026-08-10,7,298.2130000591278,2.4,2.6,True,False,2026-08-09T23:18:18.748Z,2026-08-09T23:17:06.746Z,2026-08-09T23:18:18.748Z,-198.748,-126.746,0.002,0.019,0.29,,,,,,,,
btc-updown-5m-1786317000,btc-5m,2026-08-09 23:05:01.352000+00:00,2026-08-09 23:21:43.648000+00:00,2026-08-10,7,298.64800000190735,-1.35,1.35,False,True,,2026-08-09T23:11:56.446Z,,,-116.446,,0.006,0.29,,,,,,,,
btc-updown-15m-1786316400,btc-15m,2026-08-09 22:45:03.741000+00:00,2026-08-09 23:20:23.747000+00:00,2026-08-10,6,896.2590000629425,0.1,4.9,True,False,2026-08-09T22:59:50.036Z,2026-08-09T22:45:15.505Z,2026-08-09T22:59:50.036Z,9.964,884.495,0.133,0.386,0.49,,,,,,,,
btc-updown-5m-1786316700,btc-5m,2026-08-09 23:00:01.213000+00:00,2026-08-09 23:16:41.578000+00:00,2026-08-10,7,298.7869999408722,-1.45,1.45,False,True,2026-08-09T23:06:48.186Z,,,,-108.186,0.002,,0.29,,,,,,,,
btc-updown-5m-1786316400,btc-5m,2026-08-09 22:55:03.197000+00:00,2026-08-09 23:11:41.478000+00:00,2026-08-10,6,296.8029999732971,2.45,2.55,True,False,2026-08-09T23:00:10.932Z,2026-08-09T23:04:08.141Z,2026-08-09T23:04:08.141Z,-248.141,-10.932,0.001,0.004,0.29,,,,,,,,
btc-updown-5m-1786316100,btc-5m,2026-08-09 22:50:03.376000+00:00,2026-08-09 23:03:46.958000+00:00,2026-08-10,6,296.62400007247925,-1.45,1.45,False,True,,2026-08-09T22:55:05.999Z,,,-5.999,,0.014,0.29,,,,,,,,
btc-updown-5m-1786315800,btc-5m,2026-08-09 22:45:02.770000+00:00,2026-08-09 23:03:45.083000+00:00,2026-08-10,6,297.2300000190735,2.3,2.7,True,False,2026-08-09T22:51:12.443Z,2026-08-09T22:53:36.579Z,2026-08-09T22:53:36.579Z,-216.579,-72.443,0.006,0.003,0.29,,,,,,,,
btc-updown-15m-1786315500,btc-15m,2026-08-09 22:30:02.336000+00:00,2026-08-09 23:03:17.342000+00:00,2026-08-10,6,897.6640000343323,0.3,4.7,True,False,2026-08-09T22:45:07.504Z,2026-08-09T22:38:11.559Z,2026-08-09T22:45:07.504Z,-7.504,408.441,0.004,0.908,0.49,,,,,,,,
btc-updown-5m-1786315500,btc-5m,2026-08-09 22:40:02.539000+00:00,2026-08-09 22:57:13.132000+00:00,2026-08-10,6,297.4609999656677,-1.3,1.3,False,True,2026-08-09T22:45:11.757Z,,,,-11.757,0.002,,0.29,,,,,,,,
btc-updown-15m-1786314600,btc-15m,2026-08-09 22:15:03.264000+00:00,2026-08-09 22:50:34.799000+00:00,2026-08-10,6,896.7360000610352,0.1,4.9,True,False,2026-08-09T22:15:16.038Z,2026-08-09T22:30:04.997Z,2026-08-09T22:30:04.997Z,-4.997,883.962,0.844,0.01,0.49,,,,,,,,
btc-updown-5m-1786315200,btc-5m,2026-08-09 22:35:02.599000+00:00,2026-08-09 22:48:35.324000+00:00,2026-08-10,6,297.4010000228882,-1.4,1.4,False,True,,2026-08-09T22:42:15.166Z,,,-135.166,,0.073,0.29,,,,,,,,
btc-updown-5m-1786314900,btc-5m,2026-08-09 22:30:01.358000+00:00,2026-08-09 22:44:03.989000+00:00,2026-08-10,6,298.6419999599457,-1.45,1.45,False,True,2026-08-09T22:35:13.550Z,,,,-13.55,0.009,,0.29,,,,,,,,
btc-updown-5m-1786314600,btc-5m,2026-08-09 22:25:01.387000+00:00,2026-08-09 22:41:41.935000+00:00,2026-08-10,6,298.61299991607666,-1.4,1.4,False,True,2026-08-09T22:31:35.826Z,,,,-95.826,0.541,,0.29,,,,,,,,
btc-updown-5m-1786314300,btc-5m,2026-08-09 22:20:01.266000+00:00,2026-08-09 22:37:04.259000+00:00,2026-08-10,6,298.7339999675751,-1.3,1.3,False,True,,2026-08-09T22:25:50.117Z,,,-50.117,,0.007,0.29,,,,,,,,
btc-updown-15m-1786313700,btc-15m,2026-08-09 22:00:03.526000+00:00,2026-08-09 22:34:21.784000+00:00,2026-08-10,6,896.4739999771118,0.95,4.05,True,False,2026-08-09T22:01:33.413Z,2026-08-09T22:15:06.024Z,2026-08-09T22:15:06.024Z,-6.024,806.587,1.142,0.027,0.49,,,,,,,,
btc-updown-5m-1786314000,btc-5m,2026-08-09 22:15:04.323000+00:00,2026-08-09 22:31:17.967000+00:00,2026-08-10,6,295.67700004577637,-1.4,1.4,False,True,2026-08-09T22:21:58.096Z,,,,-118.096,0.005,,0.29,,,,,,,,
btc-updown-5m-1786313700,btc-5m,2026-08-09 22:10:03.402000+00:00,2026-08-09 22:26:08.978000+00:00,2026-08-10,6,296.59800004959106,-1.4,1.4,False,True,2026-08-09T22:15:10.034Z,,,,-10.034,0.009,,0.29,,,,,,,,
btc-updown-5m-1786313400,btc-5m,2026-08-09 22:05:03.069000+00:00,2026-08-09 22:21:56.975000+00:00,2026-08-10,6,296.93099999427795,2.1,2.9,True,False,2026-08-09T22:12:07.938Z,2026-08-09T22:09:43.798Z,2026-08-09T22:12:07.938Z,-127.938,16.202,0.006,0.034,0.29,,,,,,,,
btc-updown-15m-1786312800,btc-15m,2026-08-09 21:45:02.402000+00:00,2026-08-09 22:20:29.244000+00:00,2026-08-10,5,897.5980000495911,0.15,4.85,True,False,2026-08-09T21:45:05.077Z,2026-08-09T22:00:05.391Z,2026-08-09T22:00:05.391Z,-5.391,894.923,1.205,0.009,0.49,,,,,,,,
btc-updown-5m-1786313100,btc-5m,2026-08-09 22:00:02.859000+00:00,2026-08-09 22:15:21.346000+00:00,2026-08-10,6,297.1410000324249,-0.95,0.95,False,True,,2026-08-09T22:06:02.050Z,,,-62.05,,0.004,0.29,,,,,,,,
btc-updown-5m-1786312800,btc-5m,2026-08-09 21:55:02.442000+00:00,2026-08-09 22:10:52.778000+00:00,2026-08-10,5,297.55800008773804,-1.0,1.0,False,True,,2026-08-09T22:00:09.388Z,,,-9.388,,0.002,0.29,,,,,,,,
btc-updown-15m-1786311900,btc-15m,2026-08-09 21:30:03.605000+00:00,2026-08-09 22:04:06.259000+00:00,2026-08-10,5,896.3949999809265,-2.4,2.4,False,True,2026-08-09T21:40:04.281Z,,,,295.719,1.025,,0.49,,,,,,,,
btc-updown-5m-1786312200,btc-5m,2026-08-09 21:45:01.461000+00:00,2026-08-09 22:03:30.140000+00:00,2026-08-10,5,298.5390000343323,-1.25,1.25,False,True,2026-08-09T21:50:25.897Z,,,,-25.897,0.004,,0.29,,,,,,,,
btc-updown-5m-1786312500,btc-5m,2026-08-09 21:50:02.654000+00:00,2026-08-09 22:03:28.220000+00:00,2026-08-10,5,297.345999956131,-1.3,1.3,False,True,,2026-08-09T21:55:33.220Z,,,-33.22,,0.009,0.29,,,,,,,,
btc-updown-5m-1786311900,btc-5m,2026-08-09 21:40:01.578000+00:00,2026-08-09 21:58:26.124000+00:00,2026-08-10,5,298.42199993133545,-1.35,1.35,False,True,2026-08-09T21:47:13.118Z,,,,-133.118,0.006,,0.29,,,,,,,,
btc-updown-15m-1786311000,btc-15m,2026-08-09 21:15:01.463000+00:00,2026-08-09 21:53:58.418000+00:00,2026-08-10,5,898.5369999408722,0.1,4.9,True,False,2026-08-09T21:33:20.178Z,2026-08-09T21:25:01.116Z,2026-08-09T21:33:20.178Z,-200.178,298.884,0.01,0.431,0.49,,,,,,,,
btc-updown-5m-1786311600,btc-5m,2026-08-09 21:35:01.432000+00:00,2026-08-09 21:53:12.040000+00:00,2026-08-10,5,298.5680000782013,2.2,2.8,True,False,2026-08-09T21:41:14.287Z,2026-08-09T21:39:34.226Z,2026-08-09T21:41:14.287Z,-74.287,25.774,0.025,0.008,0.29,,,,,,,,
btc-updown-5m-1786311300,btc-5m,2026-08-09 21:30:02.774000+00:00,2026-08-09 21:46:00.065000+00:00,2026-08-10,5,297.2260000705719,-0.9,0.9,False,True,,2026-08-09T21:35:36.882Z,,,-36.882,,0.005,0.29,,,,,,,,
btc-updown-5m-1786311000,btc-5m,2026-08-09 21:25:03.024000+00:00,2026-08-09 21:41:33.188000+00:00,2026-08-10,5,296.9760000705719,2.1,2.9,True,False,2026-08-09T21:33:00.783Z,2026-08-09T21:30:30.145Z,2026-08-09T21:33:00.783Z,-180.783,-30.145,0.551,0.014,0.29,,,,,,,,
btc-updown-15m-1786310100,btc-15m,2026-08-09 21:00:02.884000+00:00,2026-08-09 21:34:39.398000+00:00,2026-08-10,5,897.1159999370575,0.1,4.9,True,False,2026-08-09T21:15:42.888Z,2026-08-09T21:14:44.381Z,2026-08-09T21:15:42.888Z,-42.888,15.619,0.047,0.755,0.49,,,,,,,,
btc-updown-5m-1786310700,btc-5m,2026-08-09 21:20:02.105000+00:00,2026-08-09 21:33:23.521000+00:00,2026-08-10,5,297.8949999809265,2.35,2.65,True,False,2026-08-09T21:29:07.535Z,2026-08-09T21:25:15.513Z,2026-08-09T21:29:07.535Z,-247.535,-15.513,0.009,0.01,0.29,,,,,,,,
btc-updown-5m-1786310400,btc-5m,2026-08-09 21:15:02.106000+00:00,2026-08-09 21:30:51.333000+00:00,2026-08-10,5,297.89400005340576,-1.45,1.45,False,True,,2026-08-09T21:21:55.062Z,,,-115.062,,0.03,0.29,,,,,,,,
btc-updown-5m-1786310100,btc-5m,2026-08-09 21:10:01.720000+00:00,2026-08-09 21:28:17.990000+00:00,2026-08-10,5,298.27999997138977,2.7,2.3,True,False,2026-08-09T21:18:42.973Z,2026-08-09T21:16:33.079Z,2026-08-09T21:18:42.973Z,-222.973,-93.079,0.003,0.004,0.29,,,,,,,,
btc-updown-15m-1786309200,btc-15m,2026-08-09 20:45:03.526000+00:00,2026-08-09 21:23:11.910000+00:00,2026-08-10,4,896.4739999771118,0.15,4.85,True,False,2026-08-09T21:02:40.220Z,2026-08-09T21:00:08.200Z,2026-08-09T21:02:40.220Z,-160.22,-8.2,0.02,0.016,0.49,,,,,,,,
btc-updown-5m-1786309800,btc-5m,2026-08-09 21:05:01.685000+00:00,2026-08-09 21:18:15.951000+00:00,2026-08-10,5,298.31500005722046,2.7,2.3,True,False,2026-08-09T21:12:54.370Z,2026-08-09T21:11:56.369Z,2026-08-09T21:12:54.370Z,-174.37,-116.369,0.014,0.007,0.29,,,,,,,,
btc-updown-5m-1786309500,btc-5m,2026-08-09 21:00:03.520000+00:00,2026-08-09 21:15:57.875000+00:00,2026-08-10,5,296.4800000190735,2.35,2.65,True,False,2026-08-09T21:06:00.852Z,2026-08-09T21:07:02.243Z,2026-08-09T21:07:02.243Z,-122.243,-60.852,0.001,0.003,0.29,,,,,,,,
btc-updown-5m-1786309200,btc-5m,2026-08-09 20:55:02.666000+00:00,2026-08-09 21:11:19.113000+00:00,2026-08-10,4,297.3340001106262,-1.3,1.3,False,True,2026-08-09T21:01:54.212Z,,,,-114.212,0.005,,0.29,,,,,,,,
btc-updown-5m-1786308900,btc-5m,2026-08-09 20:50:02.656000+00:00,2026-08-09 21:05:37.175000+00:00,2026-08-10,4,297.3440001010895,-1.45,1.45,False,True,,2026-08-09T20:55:47.514Z,,,-47.514,,0.011,0.29,,,,,,,,
btc-updown-15m-1786308300,btc-15m,2026-08-09 20:30:02.786000+00:00,2026-08-09 21:04:23.138000+00:00,2026-08-10,4,897.2139999866486,0.25,4.75,True,False,2026-08-09T20:45:37.325Z,2026-08-09T20:45:09.315Z,2026-08-09T20:45:37.325Z,-37.325,-9.315,0.005,0.009,0.49,,,,,,,,
btc-updown-5m-1786308600,btc-5m,2026-08-09 20:45:02.526000+00:00,2026-08-09 21:00:49.404000+00:00,2026-08-10,4,297.4739999771118,2.35,2.65,True,False,2026-08-09T20:51:49.847Z,2026-08-09T20:54:23.539Z,2026-08-09T20:54:23.539Z,-263.539,-109.847,0.006,0.002,0.29,,,,,,,,
btc-updown-5m-1786308300,btc-5m,2026-08-09 20:40:02.175000+00:00,2026-08-09 20:56:12.693000+00:00,2026-08-10,4,297.8250000476837,2.1,2.9,True,False,2026-08-09T20:45:39.324Z,2026-08-09T20:48:03.362Z,2026-08-09T20:48:03.362Z,-183.362,-39.324,0.002,0.007,0.29,,,,,,,,
btc-updown-5m-1786308000,btc-5m,2026-08-09 20:35:01.917000+00:00,2026-08-09 20:51:42.396000+00:00,2026-08-10,4,298.0829999446869,-1.25,1.25,False,True,2026-08-09T20:41:25.402Z,,,,-85.402,0.032,,0.29,,,,,,,,
btc-updown-15m-1786307400,btc-15m,2026-08-09 20:15:03.682000+00:00,2026-08-09 20:48:10.543000+00:00,2026-08-10,4,896.3180000782013,-2.45,2.45,False,True,,2026-08-09T20:15:08.047Z,,,891.953,,0.055,0.49,,,,,,,,
btc-updown-5m-1786307700,btc-5m,2026-08-09 20:30:01.466000+00:00,2026-08-09 20:44:07.580000+00:00,2026-08-10,4,298.53399991989136,-1.3,1.3,False,True,2026-08-09T20:35:34.566Z,,,,-34.566,0.006,,0.29,,,,,,,,
btc-updown-5m-1786307400,btc-5m,2026-08-09 20:25:01.524000+00:00,2026-08-09 20:42:25.515000+00:00,2026-08-10,4,298.4760000705719,-1.45,1.45,False,True,,2026-08-09T20:30:28.287Z,,,-28.287,,0.02,0.29,,,,,,,,
btc-updown-5m-1786307100,btc-5m,2026-08-09 20:20:03.482000+00:00,2026-08-09 20:36:09.491000+00:00,2026-08-10,4,296.51799988746643,2.2,2.8,True,False,2026-08-09T20:25:30.106Z,2026-08-09T20:27:28.113Z,2026-08-09T20:27:28.113Z,-148.113,-30.106,0.008,0.004,0.29,,,,,,,,
btc-updown-15m-1786306500,btc-15m,2026-08-09 20:00:03.619000+00:00,2026-08-09 20:35:13.055000+00:00,2026-08-10,4,896.3810000419617,-2.45,2.45,False,True,,2026-08-09T20:00:11.256Z,,,888.744,,0.276,0.49,,,,,,,,
btc-updown-5m-1786306800,btc-5m,2026-08-09 20:15:02.824000+00:00,2026-08-09 20:30:35.834000+00:00,2026-08-10,4,297.1760001182556,-1.1,1.1,False,True,,2026-08-09T20:20:21.864Z,,,-21.864,,0.009,0.29,,,,,,,,
btc-updown-5m-1786306500,btc-5m,2026-08-09 20:10:02.588000+00:00,2026-08-09 20:27:19.030000+00:00,2026-08-10,4,297.4119999408722,-1.1,1.1,False,True,,2026-08-09T20:15:35.507Z,,,-35.507,,0.02,0.29,,,,,,,,
btc-updown-5m-1786306200,btc-5m,2026-08-09 20:05:02.415000+00:00,2026-08-09 20:21:42.915000+00:00,2026-08-10,4,297.585000038147,-1.2,1.2,False,True,2026-08-09T20:10:13.833Z,,,,-13.833,0.002,,0.29,,,,,,,,
btc-updown-15m-1786305600,btc-15m,2026-08-09 19:45:02.172000+00:00,2026-08-09 20:18:05.266000+00:00,2026-08-10,3,897.8280000686646,0.1,4.9,True,False,2026-08-09T20:00:47.259Z,2026-08-09T19:49:09.157Z,2026-08-09T20:00:47.259Z,-47.259,650.843,0.016,0.052,0.49,,,,,,,,
btc-updown-5m-1786305900,btc-5m,2026-08-09 20:00:02.319000+00:00,2026-08-09 20:15:04.370000+00:00,2026-08-10,4,297.68099999427795,-1.35,1.35,False,True,2026-08-09T20:05:35.303Z,,,,-35.303,0.013,,0.29,,,,,,,,
btc-updown-5m-1786305600,btc-5m,2026-08-09 19:55:02.493000+00:00,2026-08-09 20:11:30.077000+00:00,2026-08-10,3,297.5069999694824,2.2,2.8,True,False,2026-08-09T20:02:19.267Z,2026-08-09T20:00:05.257Z,2026-08-09T20:02:19.267Z,-139.267,-5.257,0.007,0.006,0.29,,,,,,,,
btc-updown-5m-1786305300,btc-5m,2026-08-09 19:50:02.387000+00:00,2026-08-09 20:06:29.962000+00:00,2026-08-10,3,297.61299991607666,2.45,2.55,True,False,2026-08-09T19:59:03.228Z,2026-08-09T19:55:13.387Z,2026-08-09T19:59:03.228Z,-243.228,-13.387,0.005,0.014,0.29,,,,,,,,
btc-updown-15m-1786304700,btc-15m,2026-08-09 19:30:02.106000+00:00,2026-08-09 20:04:11.939000+00:00,2026-08-10,3,897.8940000534058,0.1,4.9,True,False,2026-08-09T19:30:08.761Z,2026-08-09T19:47:35.125Z,2026-08-09T19:47:35.125Z,-155.125,891.239,0.716,0.048,0.49,,,,,,,,
btc-updown-5m-1786305000,btc-5m,2026-08-09 19:45:03.369000+00:00,2026-08-09 20:00:08.423000+00:00,2026-08-10,3,296.63100004196167,-1.4,1.4,False,True,,2026-08-09T19:50:03.165Z,,,-3.165,,0.005,0.29,,,,,,,,
btc-updown-5m-1786304700,btc-5m,2026-08-09 19:40:02.122000+00:00,2026-08-09 19:57:07.967000+00:00,2026-08-10,3,297.87800002098083,-1.45,1.45,False,True,2026-08-09T19:46:19.073Z,,,,-79.073,0.018,,0.29,,,,,,,,
btc-updown-15m-1786303800,btc-15m,2026-08-09 19:15:00.891000+00:00,2026-08-09 19:52:47.906000+00:00,2026-08-10,3,899.1089999675751,-2.45,2.45,False,True,2026-08-09T19:30:04.761Z,,,,-4.761,0.013,,0.49,,,,,,,,
btc-updown-5m-1786304400,btc-5m,2026-08-09 19:35:01.996000+00:00,2026-08-09 19:50:07.903000+00:00,2026-08-10,3,298.0039999485016,-1.45,1.45,False,True,2026-08-09T19:41:43.017Z,,,,-103.017,0.004,,0.29,,,,,,,,
btc-updown-5m-1786304100,btc-5m,2026-08-09 19:30:03.320000+00:00,2026-08-09 19:46:07.943000+00:00,2026-08-10,3,296.6800000667572,-1.35,1.35,False,True,2026-08-09T19:38:10.978Z,,,,-190.978,0.009,,0.29,,,,,,,,
btc-updown-5m-1786303800,btc-5m,2026-08-09 19:25:01.889000+00:00,2026-08-09 19:41:29.780000+00:00,2026-08-10,3,298.11100006103516,-0.65,0.65,False,True,2026-08-09T19:32:13.678Z,,,,-133.678,0.002,,0.29,,,,,,,,
btc-updown-5m-1786303500,btc-5m,2026-08-09 19:20:01.948000+00:00,2026-08-09 19:37:41.871000+00:00,2026-08-10,3,298.05200004577637,-1.3,1.3,False,True,2026-08-09T19:27:58.712Z,,,,-178.712,0.009,,0.29,,,,,,,,
btc-updown-15m-1786302900,btc-15m,2026-08-09 19:00:02.663000+00:00,2026-08-09 19:37:39.732000+00:00,2026-08-10,3,897.3369998931885,-2.45,2.45,False,True,,2026-08-09T19:09:39.984Z,,,320.016,,0.725,0.49,,,,,,,,
btc-updown-5m-1786303200,btc-5m,2026-08-09 19:15:01.847000+00:00,2026-08-09 19:29:41.315000+00:00,2026-08-10,3,298.15300011634827,-1.25,1.25,False,True,2026-08-09T19:23:16.684Z,,,,-196.684,0.01,,0.29,,,,,,,,
btc-updown-5m-1786302900,btc-5m,2026-08-09 19:10:03.299000+00:00,2026-08-09 19:25:49.761000+00:00,2026-08-10,3,296.70099997520447,-1.3,1.3,False,True,,2026-08-09T19:16:50.645Z,,,-110.645,,0.003,0.29,,,,,,,,
btc-updown-15m-1786302000,btc-15m,2026-08-09 18:45:02.708000+00:00,2026-08-09 19:22:35.980000+00:00,2026-08-10,2,897.2920000553131,0.15,4.85,True,False,2026-08-09T18:59:24.195Z,2026-08-09T19:00:29.893Z,2026-08-09T19:00:29.893Z,-29.893,35.805,1.111,0.004,0.49,,,,,,,,
btc-updown-5m-1786302600,btc-5m,2026-08-09 19:05:02.670000+00:00,2026-08-09 19:19:31.431000+00:00,2026-08-10,3,297.32999992370605,2.85,2.15,True,False,2026-08-09T19:12:02.949Z,2026-08-09T19:10:54.010Z,2026-08-09T19:12:02.949Z,-122.949,-54.01,0.006,0.004,0.29,,,,,,,,
btc-updown-5m-1786302300,btc-5m,2026-08-09 19:00:04.055000+00:00,2026-08-09 19:15:47.743000+00:00,2026-08-10,3,295.9449999332428,-1.45,1.45,False,True,,2026-08-09T19:09:26.375Z,,,-266.375,,0.001,0.29,,,,,,,,
btc-updown-5m-1786302000,btc-5m,2026-08-09 18:55:03.070000+00:00,2026-08-09 19:09:43.158000+00:00,2026-08-10,2,296.9300000667572,-1.45,1.45,False,True,,2026-08-09T19:03:47.929Z,,,-227.929,,0.009,0.29,,,,,,,,
btc-updown-15m-1786301100,btc-15m,2026-08-09 18:30:02.512000+00:00,2026-08-09 19:09:17.041000+00:00,2026-08-10,2,897.4879999160767,0.15,4.85,True,False,2026-08-09T18:44:03.241Z,2026-08-09T18:48:00.032Z,2026-08-09T18:48:00.032Z,-180.032,56.759,0.221,0.002,0.49,,,,,,,,
btc-updown-5m-1786301700,btc-5m,2026-08-09 18:50:02.713000+00:00,2026-08-09 19:06:32.652000+00:00,2026-08-10,2,297.2869999408722,-1.4,1.4,False,True,2026-08-09T18:55:31.721Z,,,,-31.721,0.024,,0.29,,,,,,,,
btc-updown-5m-1786301400,btc-5m,2026-08-09 18:45:03.185000+00:00,2026-08-09 19:02:34.875000+00:00,2026-08-10,2,296.81500005722046,2.7,2.3,True,False,2026-08-09T18:54:33.710Z,2026-08-09T18:54:02.185Z,2026-08-09T18:54:33.710Z,-273.71,-242.185,0.008,0.003,0.29,,,,,,,,
btc-updown-5m-1786301100,btc-5m,2026-08-09 18:40:02.361000+00:00,2026-08-09 18:54:06.405000+00:00,2026-08-10,2,297.63899993896484,-0.8,0.8,False,True,2026-08-09T18:48:26.043Z,,,,-206.043,0.007,,0.29,,,,,,,,
btc-updown-15m-1786300200,btc-15m,2026-08-09 18:15:02.845000+00:00,2026-08-09 18:52:44.514000+00:00,2026-08-10,2,897.1549999713898,-2.45,2.45,False,True,,2026-08-09T18:29:58.639Z,,,1.361,,0.006,0.49,,,,,,,,
btc-updown-5m-1786300800,btc-5m,2026-08-09 18:35:02.531000+00:00,2026-08-09 18:50:46.230000+00:00,2026-08-10,2,297.4690001010895,-1.4,1.4,False,True,2026-08-09T18:43:47.239Z,,,,-227.239,0.005,,0.29,,,,,,,,
btc-updown-5m-1786300500,btc-5m,2026-08-09 18:30:01.588000+00:00,2026-08-09 18:48:46.250000+00:00,2026-08-10,2,298.4119999408722,-1.4,1.4,False,True,2026-08-09T18:36:07.181Z,,,,-67.181,0.008,,0.29,,,,,,,,
btc-updown-5m-1786300200,btc-5m,2026-08-09 18:25:01.760000+00:00,2026-08-09 18:43:11.758000+00:00,2026-08-10,2,298.24000000953674,-1.3,1.3,False,True,,2026-08-09T18:30:39.121Z,,,-39.121,,0.013,0.29,,,,,,,,
btc-updown-15m-1786299300,btc-15m,2026-08-09 18:00:02.934000+00:00,2026-08-09 18:37:31.914000+00:00,2026-08-10,2,897.0659999847412,1.25,3.75,True,False,2026-08-09T18:15:12.472Z,2026-08-09T18:26:22.698Z,2026-08-09T18:26:22.698Z,-682.698,-12.472,0.01,0.004,0.49,,,,,,,,
btc-updown-5m-1786299900,btc-5m,2026-08-09 18:20:01.728000+00:00,2026-08-09 18:33:39.962000+00:00,2026-08-10,2,298.2720000743866,-1.05,1.05,False,True,,2026-08-09T18:26:20.386Z,,,-80.386,,0.947,0.29,,,,,,,,
btc-updown-5m-1786299600,btc-5m,2026-08-09 18:15:03.648000+00:00,2026-08-09 18:29:35.269000+00:00,2026-08-10,2,296.35199999809265,-1.15,1.15,False,True,,2026-08-09T18:21:20.319Z,,,-80.319,,0.004,0.29,,,,,,,,
btc-updown-5m-1786299300,btc-5m,2026-08-09 18:10:02.511000+00:00,2026-08-09 18:24:07.027000+00:00,2026-08-10,2,297.489000082016,-1.3,1.3,False,True,2026-08-09T18:15:13.283Z,,,,-13.283,0.002,,0.29,,,,,,,,
btc-updown-15m-1786298400,btc-15m,2026-08-09 17:45:01.171000+00:00,2026-08-09 18:23:25.156000+00:00,2026-08-10,1,898.8289999961853,0.1,4.9,True,False,2026-08-09T18:00:09.946Z,2026-08-09T17:55:00.677Z,2026-08-09T18:00:09.946Z,-9.946,299.323,0.006,0.183,0.49,,,,,,,,
btc-updown-5m-1786299000,btc-5m,2026-08-09 18:05:02.533000+00:00,2026-08-09 18:23:09.105000+00:00,2026-08-10,2,297.4670000076294,-1.45,1.45,False,True,2026-08-09T18:13:39.538Z,,,,-219.538,0.015,,0.29,,,,,,,,
btc-updown-5m-1786298700,btc-5m,2026-08-09 18:00:01.863000+00:00,2026-08-09 18:13:46.601000+00:00,2026-08-10,2,298.13700008392334,2.45,2.55,True,False,2026-08-09T18:07:27.494Z,2026-08-09T18:09:33.504Z,2026-08-09T18:09:33.504Z,-273.504,-147.494,0.004,0.005,0.29,,,,,,,,
btc-updown-5m-1786298400,btc-5m,2026-08-09 17:55:01.938000+00:00,2026-08-09 18:13:06.707000+00:00,2026-08-10,1,298.0620000362396,-0.85,0.85,False,True,,2026-08-09T18:01:51.465Z,,,-111.465,,0.013,0.29,,,,,,,,
btc-updown-15m-1786297500,btc-15m,2026-08-09 17:30:02.341000+00:00,2026-08-09 18:07:52.155000+00:00,2026-08-10,1,897.6589999198914,-2.4,2.4,False,True,2026-08-09T17:45:54.608Z,,,,-54.608,0.01,,0.49,,,,,,,,
btc-updown-5m-1786298100,btc-5m,2026-08-09 17:50:01.784000+00:00,2026-08-09 18:03:57.802000+00:00,2026-08-10,1,298.21600008010864,2.35,2.65,True,False,2026-08-09T17:58:25.045Z,2026-08-09T17:58:04.695Z,2026-08-09T17:58:25.045Z,-205.045,-184.695,0.005,0.013,0.29,,,,,,,,
btc-updown-5m-1786297800,btc-5m,2026-08-09 17:45:02.204000+00:00,2026-08-09 17:58:57.272000+00:00,2026-08-10,1,297.7960000038147,-1.4,1.4,False,True,2026-08-09T17:51:56.650Z,,,,-116.65,0.007,,0.29,,,,,,,,
btc-updown-5m-1786297500,btc-5m,2026-08-09 17:40:01.184000+00:00,2026-08-09 17:55:03.751000+00:00,2026-08-10,1,298.8159999847412,-1.0,1.0,False,True,2026-08-09T17:47:06.612Z,,,,-126.612,0.006,,0.29,,,,,,,,
btc-updown-15m-1786296600,btc-15m,2026-08-09 17:15:02.817000+00:00,2026-08-09 17:53:57.254000+00:00,2026-08-10,1,897.183000087738,0.15,4.85,True,False,2026-08-09T17:29:03.523Z,2026-08-09T17:32:06.152Z,2026-08-09T17:32:06.152Z,-126.152,56.477,0.5,0.011,0.49,,,,,,,,
btc-updown-5m-1786297200,btc-5m,2026-08-09 17:35:01.159000+00:00,2026-08-09 17:50:09.169000+00:00,2026-08-10,1,298.84100008010864,-1.45,1.45,False,True,2026-08-09T17:42:48.548Z,,,,-168.548,0.001,,0.29,,,,,,,,
btc-updown-5m-1786296900,btc-5m,2026-08-09 17:30:03.588000+00:00,2026-08-09 17:44:46.859000+00:00,2026-08-10,1,296.4119999408722,-0.6,0.6,False,True,,2026-08-09T17:39:02.229Z,,,-242.229,,0.007,0.29,,,,,,,,
btc-updown-5m-1786296600,btc-5m,2026-08-09 17:25:02.651000+00:00,2026-08-09 17:43:30.884000+00:00,2026-08-10,1,297.3489999771118,2.3,2.7,True,False,2026-08-09T17:32:56.157Z,2026-08-09T17:32:08.151Z,2026-08-09T17:32:56.157Z,-176.157,-128.151,0.013,0.021,0.29,,,,,,,,
btc-updown-5m-1786296300,btc-5m,2026-08-09 17:20:02.459000+00:00,2026-08-09 17:37:58.775000+00:00,2026-08-10,1,297.5409998893738,-1.45,1.45,False,True,,2026-08-09T17:28:15.520Z,,,-195.52,,0.003,0.29,,,,,,,,
btc-updown-15m-1786295700,btc-15m,2026-08-09 17:00:01.736000+00:00,2026-08-09 17:35:08.748000+00:00,2026-08-10,1,898.2639999389648,0.45,4.55,True,False,2026-08-09T17:15:05.402Z,2026-08-09T17:19:33.478Z,2026-08-09T17:19:33.478Z,-273.478,-5.402,0.025,0.003,0.49,,,,,,,,
btc-updown-5m-1786296000,btc-5m,2026-08-09 17:15:02.057000+00:00,2026-08-09 17:32:57.258000+00:00,2026-08-10,1,297.9430000782013,2.2,2.8,True,False,2026-08-09T17:20:59.631Z,2026-08-09T17:22:50.058Z,2026-08-09T17:22:50.058Z,-170.058,-59.631,0.002,0.001,0.29,,,,,,,,
btc-updown-5m-1786295700,btc-5m,2026-08-09 17:10:02.310000+00:00,2026-08-09 17:27:38.832000+00:00,2026-08-10,1,297.69000005722046,2.9,2.1,True,False,2026-08-09T17:19:31.448Z,2026-08-09T17:18:31.436Z,2026-08-09T17:19:31.448Z,-271.448,-211.436,0.003,0.002,0.29,,,,,,,,
btc-updown-5m-1786295400,btc-5m,2026-08-09 17:05:01.774000+00:00,2026-08-09 17:22:36.374000+00:00,2026-08-10,1,298.2260000705719,2.2,2.8,True,False,2026-08-09T17:12:42.857Z,2026-08-09T17:13:42.870Z,2026-08-09T17:13:42.870Z,-222.87,-162.857,0.003,0.007,0.29,,,,,,,,
btc-updown-15m-1786294800,btc-15m,2026-08-09 16:45:02.502000+00:00,2026-08-09 17:21:56.379000+00:00,2026-08-10,0,897.4979999065399,-2.45,2.45,False,True,2026-08-09T16:59:12.708Z,,,,47.292,0.707,,0.49,,,,,,,,
btc-updown-5m-1786295100,btc-5m,2026-08-09 17:00:02.967000+00:00,2026-08-09 17:18:20.097000+00:00,2026-08-10,1,297.0329999923706,-1.4,1.4,False,True,2026-08-09T17:08:04.820Z,,,,-184.82,0.009,,0.29,,,,,,,,
btc-updown-5m-1786294800,btc-5m,2026-08-09 16:55:01.755000+00:00,2026-08-09 17:12:21.597000+00:00,2026-08-10,0,298.2449998855591,-0.5,0.5,False,True,2026-08-09T17:02:11.021Z,,,,-131.021,0.002,,0.29,,,,,,,,
btc-updown-15m-1786293900,btc-15m,2026-08-09 16:30:01.759000+00:00,2026-08-09 17:05:17.628000+00:00,2026-08-10,0,898.2409999370575,0.1,4.9,True,False,2026-08-09T16:44:31.790Z,2026-08-09T16:47:26.495Z,2026-08-09T16:47:26.495Z,-146.495,28.21,0.269,0.016,0.49,,,,,,,,
btc-updown-5m-1786294500,btc-5m,2026-08-09 16:50:01.882000+00:00,2026-08-09 17:04:27.849000+00:00,2026-08-10,0,298.1180000305176,-1.3,1.3,False,True,2026-08-09T16:57:20.602Z,,,,-140.602,0.003,,0.29,,,,,,,,
btc-updown-5m-1786294200,btc-5m,2026-08-09 16:45:03.908000+00:00,2026-08-09 17:03:09.302000+00:00,2026-08-10,0,296.0920000076294,-1.4,1.4,False,True,,2026-08-09T16:50:30.532Z,,,-30.532,,0.003,0.29,,,,,,,,
btc-updown-5m-1786293900,btc-5m,2026-08-09 16:40:02.808000+00:00,2026-08-09 16:58:09.532000+00:00,2026-08-10,0,297.19199991226196,-1.05,1.05,False,True,2026-08-09T16:48:22.499Z,,,,-202.499,0.009,,0.29,,,,,,,,
btc-updown-15m-1786293000,btc-15m,2026-08-09 16:15:01.452000+00:00,2026-08-09 16:51:39.433000+00:00,2026-08-10,0,898.5480000972748,-2.45,2.45,False,True,,2026-08-09T16:25:02.940Z,,,297.06,,0.951,0.49,,,,,,,,
btc-updown-5m-1786293600,btc-5m,2026-08-09 16:35:02.898000+00:00,2026-08-09 16:50:35.168000+00:00,2026-08-10,0,297.10199999809265,-1.25,1.25,False,True,,2026-08-09T16:42:02.202Z,,,-122.202,,0.005,0.29,,,,,,,,
btc-updown-5m-1786293300,btc-5m,2026-08-09 16:30:03.136000+00:00,2026-08-09 16:48:07.444000+00:00,2026-08-10,0,296.864000082016,-1.3,1.3,False,True,,2026-08-09T16:36:23.688Z,,,-83.688,,0.001,0.29,,,,,,,,
btc-updown-5m-1786293000,btc-5m,2026-08-09 16:25:02.171000+00:00,2026-08-09 16:42:50.419000+00:00,2026-08-10,0,297.8289999961853,-1.45,1.45,False,True,,2026-08-09T16:30:07.586Z,,,-7.586,,0.008,0.29,,,,,,,,
btc-updown-5m-1786292700,btc-5m,2026-08-09 16:20:01.875000+00:00,2026-08-09 16:38:58.205000+00:00,2026-08-10,0,298.125,-1.4,1.4,False,True,2026-08-09T16:25:04.940Z,,,,-4.94,0.008,,0.29,,,,,,,,
btc-updown-15m-1786292100,btc-15m,2026-08-09 16:00:02.381000+00:00,2026-08-09 16:36:22.305000+00:00,2026-08-10,0,897.6189999580383,0.2,4.8,True,False,2026-08-09T16:11:48.328Z,2026-08-09T16:15:28.870Z,2026-08-09T16:15:28.870Z,-28.87,191.672,0.233,0.01,0.49,,,,,,,,
btc-updown-5m-1786292400,btc-5m,2026-08-09 16:15:02.253000+00:00,2026-08-09 16:32:10.304000+00:00,2026-08-10,0,297.74699997901917,-1.35,1.35,False,True,2026-08-09T16:22:32.929Z,,,,-152.929,0.006,,0.29,,,,,,,,
btc-updown-15m-1786291200,btc-15m,2026-08-09 15:45:01.272000+00:00,2026-08-09 16:23:51.526000+00:00,2026-08-09,23,898.7279999256134,0.1,4.9,True,False,2026-08-09T15:59:11.775Z,2026-08-09T16:00:14.177Z,2026-08-09T16:00:14.177Z,-14.177,48.225,0.644,0.025,0.49,,,,,,,,
btc-updown-5m-1786292100,btc-5m,2026-08-09 16:10:01.382000+00:00,2026-08-09 16:23:33.457000+00:00,2026-08-10,0,298.6180000305176,2.6,2.4,True,False,2026-08-09T16:19:06.901Z,2026-08-09T16:16:23.494Z,2026-08-09T16:19:06.901Z,-246.901,-83.494,0.003,0.417,0.29,,,,,,,,
btc-updown-5m-1786291500,btc-5m,2026-08-09 16:00:03.463000+00:00,2026-08-09 16:19:04.609000+00:00,2026-08-10,0,296.5369999408722,-1.45,1.45,False,True,,2026-08-09T16:05:04.223Z,,,-4.223,,0.043,0.29,,,,,,,,
btc-updown-5m-1786291800,btc-5m,2026-08-09 16:05:01.417000+00:00,2026-08-09 16:19:04.405000+00:00,2026-08-10,0,298.5829999446869,-1.15,1.15,False,True,2026-08-09T16:12:10.353Z,,,,-130.353,0.003,,0.29,,,,,,,,
btc-updown-5m-1786291200,btc-5m,2026-08-09 15:55:02.927000+00:00,2026-08-09 16:11:50.949000+00:00,2026-08-09,23,297.07299995422363,2.5,2.5,True,False,2026-08-09T16:02:40.204Z,2026-08-09T16:01:02.187Z,2026-08-09T16:02:40.204Z,-160.204,-62.187,0.005,0.013,0.29,,,,,,,,
btc-updown-15m-1786290300,btc-15m,2026-08-09 15:30:01.232000+00:00,2026-08-09 16:11:02.642000+00:00,2026-08-09,23,898.7679998874664,0.35,4.65,True,False,2026-08-09T15:44:58.915Z,2026-08-09T15:45:04.876Z,2026-08-09T15:45:04.876Z,-4.876,1.085,0.023,0.122,0.49,,,,,,,,
btc-updown-5m-1786290900,btc-5m,2026-08-09 15:50:02.598000+00:00,2026-08-09 16:03:54.821000+00:00,2026-08-09,23,297.40199995040894,2.1,2.9,True,False,2026-08-09T15:53:37.635Z,2026-08-09T15:59:33.407Z,2026-08-09T15:59:33.407Z,-273.407,82.365,0.011,0.012,0.29,,,,,,,,
btc-updown-5m-1786290600,btc-5m,2026-08-09 15:45:02.350000+00:00,2026-08-09 16:03:03.050000+00:00,2026-08-09,23,297.65000009536743,-1.45,1.45,False,True,2026-08-09T15:49:38.936Z,,,,21.064,0.021,,0.29,,,,,,,,
btc-updown-15m-1786289400,btc-15m,2026-08-09 15:15:02.285000+00:00,2026-08-09 15:54:41.512000+00:00,2026-08-09,23,897.7149999141693,0.15,4.85,True,False,2026-08-09T15:27:07.985Z,2026-08-09T15:30:35.106Z,2026-08-09T15:30:35.106Z,-35.106,172.015,0.169,0.01,0.49,,,,,,,,
btc-updown-5m-1786290300,btc-5m,2026-08-09 15:40:01.544000+00:00,2026-08-09 15:53:38.197000+00:00,2026-08-09,23,298.4560000896454,2.45,2.55,True,False,2026-08-09T15:46:28.916Z,2026-08-09T15:48:35.395Z,2026-08-09T15:48:35.395Z,-215.395,-88.916,0.007,0.004,0.29,,,,,,,,
btc-updown-5m-1786290000,btc-5m,2026-08-09 15:35:01.489000+00:00,2026-08-09 15:51:42.127000+00:00,2026-08-09,23,298.510999917984,2.1,2.9,True,False,2026-08-09T15:42:02.613Z,2026-08-09T15:41:58.613Z,2026-08-09T15:42:02.613Z,-122.613,-118.613,0.011,0.009,0.29,,,,,,,,
btc-updown-5m-1786289700,btc-5m,2026-08-09 15:30:01.880000+00:00,2026-08-09 15:44:10.972000+00:00,2026-08-09,23,298.1199998855591,-1.1,1.1,False,True,,2026-08-09T15:36:56.573Z,,,-116.573,,0.005,0.29,,,,,,,,
btc-updown-5m-1786289400,btc-5m,2026-08-09 15:25:03.133000+00:00,2026-08-09 15:41:41.103000+00:00,2026-08-09,23,296.8670001029968,-0.9,0.9,False,True,2026-08-09T15:34:05.025Z,,,,-245.025,0.013,,0.29,,,,,,,,
btc-updown-15m-1786288500,btc-15m,2026-08-09 15:00:02.265000+00:00,2026-08-09 15:38:57.366000+00:00,2026-08-09,23,897.7349998950958,-2.45,2.45,False,True,2026-08-09T15:00:09.284Z,,,,890.716,0.63,,0.49,,,,,,,,
btc-updown-5m-1786289100,btc-5m,2026-08-09 15:20:02.996000+00:00,2026-08-09 15:36:31.051000+00:00,2026-08-09,23,297.0039999485016,-1.45,1.45,False,True,2026-08-09T15:23:27.932Z,,,,92.068,0.025,,0.29,,,,,,,,
btc-updown-5m-1786288800,btc-5m,2026-08-09 15:15:03.295000+00:00,2026-08-09 15:32:53.156000+00:00,2026-08-09,23,296.70499992370605,2.1,2.9,True,False,2026-08-09T15:23:29.931Z,2026-08-09T15:19:41.906Z,2026-08-09T15:23:29.931Z,-209.931,18.094,0.005,0.011,0.29,,,,,,,,
btc-updown-5m-1786288500,btc-5m,2026-08-09 15:10:02.467000+00:00,2026-08-09 15:27:42.644000+00:00,2026-08-09,23,297.5329999923706,-1.3,1.3,False,True,2026-08-09T15:15:25.864Z,,,,-25.864,0.011,,0.29,,,,,,,,
btc-updown-5m-1786288200,btc-5m,2026-08-09 15:05:02.527000+00:00,2026-08-09 15:22:04.601000+00:00,2026-08-09,23,297.47300004959106,2.1,2.9,True,False,2026-08-09T15:13:49.686Z,2026-08-09T15:10:37.683Z,2026-08-09T15:13:49.686Z,-229.686,-37.683,0.001,0.003,0.29,,,,,,,,
btc-updown-15m-1786287600,btc-15m,2026-08-09 14:45:01.493000+00:00,2026-08-09 15:20:43.372000+00:00,2026-08-09,22,898.5069999694824,-2.45,2.45,False,True,2026-08-09T14:55:35.269Z,,,,264.731,1.056,,0.49,,,,,,,,
btc-updown-5m-1786287900,btc-5m,2026-08-09 15:00:03.317000+00:00,2026-08-09 15:14:33.849000+00:00,2026-08-09,23,296.68300008773804,2.15,2.85,True,False,2026-08-09T15:09:09.708Z,2026-08-09T15:05:21.347Z,2026-08-09T15:09:09.708Z,-249.708,-21.347,0.002,0.011,0.29,,,,,,,,
btc-updown-5m-1786287600,btc-5m,2026-08-09 14:55:01.857000+00:00,2026-08-09 15:11:50.167000+00:00,2026-08-09,22,298.14299988746643,-1.45,1.45,False,True,2026-08-09T15:00:09.004Z,,,,-9.004,0.003,,0.29,,,,,,,,
btc-updown-15m-1786286700,btc-15m,2026-08-09 14:30:02.239000+00:00,2026-08-09 15:04:23.610000+00:00,2026-08-09,22,897.760999917984,0.25,4.75,True,False,2026-08-09T14:36:38.852Z,2026-08-09T14:45:08.917Z,2026-08-09T14:45:08.917Z,-8.917,501.148,0.331,0.033,0.49,,,,,,,,
btc-updown-5m-1786287300,btc-5m,2026-08-09 14:50:02.131000+00:00,2026-08-09 15:04:23.542000+00:00,2026-08-09,22,297.86899995803833,-1.45,1.45,False,True,,2026-08-09T14:55:04.980Z,,,-4.98,,0.002,0.29,,,,,,,,
btc-updown-5m-1786287000,btc-5m,2026-08-09 14:45:01.893000+00:00,2026-08-09 15:01:43.839000+00:00,2026-08-09,22,298.10700011253357,-1.35,1.35,False,True,,2026-08-09T14:50:10.975Z,,,-10.975,,0.019,0.29,,,,,,,,
btc-updown-5m-1786286700,btc-5m,2026-08-09 14:40:01.978000+00:00,2026-08-09 14:56:43.655000+00:00,2026-08-09,22,298.0220000743866,-1.4,1.4,False,True,,2026-08-09T14:48:22.958Z,,,-202.958,,0.003,0.29,,,,,,,,
btc-updown-15m-1786285800,btc-15m,2026-08-09 14:15:02.702000+00:00,2026-08-09 14:50:23.519000+00:00,2026-08-09,22,897.2980000972748,0.1,4.9,True,False,2026-08-09T14:15:20.146Z,2026-08-09T14:30:04.795Z,2026-08-09T14:30:04.795Z,-4.795,879.854,0.849,0.027,0.49,,,,,,,,
btc-updown-5m-1786286400,btc-5m,2026-08-09 14:35:01.676000+00:00,2026-08-09 14:48:57.311000+00:00,2026-08-09,22,298.3239998817444,-1.45,1.45,False,True,2026-08-09T14:40:06.878Z,,,,-6.878,0.006,,0.29,,,,,,,,
btc-updown-5m-1786286100,btc-5m,2026-08-09 14:30:01.395000+00:00,2026-08-09 14:45:29.383000+00:00,2026-08-09,22,298.6050000190735,-1.45,1.45,False,True,2026-08-09T14:35:13.190Z,,,,-13.19,0.005,,0.29,,,,,,,,
btc-updown-5m-1786285800,btc-5m,2026-08-09 14:25:01.511000+00:00,2026-08-09 14:40:29.833000+00:00,2026-08-09,22,298.489000082016,-1.4,1.4,False,True,,2026-08-09T14:30:08.791Z,,,-8.791,,0.005,0.29,,,,,,,,
btc-updown-15m-1786284900,btc-15m,2026-08-09 14:00:03.074000+00:00,2026-08-09 14:37:55.538000+00:00,2026-08-09,22,896.9260001182556,-2.45,2.45,False,True,2026-08-09T14:08:11.665Z,,,,408.335,0.744,,0.49,,,,,,,,
btc-updown-5m-1786285500,btc-5m,2026-08-09 14:20:01.344000+00:00,2026-08-09 14:35:31.623000+00:00,2026-08-09,22,298.6559998989105,-1.4,1.4,False,True,,2026-08-09T14:26:10.252Z,,,-70.252,,0.006,0.29,,,,,,,,
btc-updown-5m-1786285200,btc-5m,2026-08-09 14:15:03.471000+00:00,2026-08-09 14:30:59.592000+00:00,2026-08-09,22,296.529000043869,-1.3,1.3,False,True,2026-08-09T14:23:02.220Z,,,,-182.22,0.004,,0.29,,,,,,,,
btc-updown-5m-1786284900,btc-5m,2026-08-09 14:10:02.771000+00:00,2026-08-09 14:23:55.071000+00:00,2026-08-09,22,297.22900009155273,-1.45,1.45,False,True,2026-08-09T14:15:08.136Z,,,,-8.136,0.002,,0.29,,,,,,,,
btc-updown-5m-1786284600,btc-5m,2026-08-09 14:05:02.529000+00:00,2026-08-09 14:20:28.792000+00:00,2026-08-09,22,297.470999956131,2.35,2.65,True,False,2026-08-09T14:11:02.197Z,2026-08-09T14:14:03.740Z,2026-08-09T14:14:03.740Z,-243.74,-62.197,0.021,0.003,0.29,,,,,,,,
btc-updown-15m-1786284000,btc-15m,2026-08-09 13:45:01.755000+00:00,2026-08-09 14:19:44.666000+00:00,2026-08-09,21,898.2449998855591,0.2,4.8,True,False,2026-08-09T13:45:35.079Z,2026-08-09T14:00:19.605Z,2026-08-09T14:00:19.605Z,-19.605,864.921,0.468,0.006,0.49,,,,,,,,
btc-updown-5m-1786284300,btc-5m,2026-08-09 14:00:02.264000+00:00,2026-08-09 14:19:24.910000+00:00,2026-08-09,22,297.73600006103516,-1.35,1.35,False,True,,2026-08-09T14:05:27.646Z,,,-27.646,,0.004,0.29,,,,,,,,
btc-updown-5m-1786284000,btc-5m,2026-08-09 13:55:01.889000+00:00,2026-08-09 14:11:24.632000+00:00,2026-08-09,21,298.11100006103516,2.45,2.55,True,False,2026-08-09T14:01:59.810Z,2026-08-09T14:00:21.604Z,2026-08-09T14:01:59.810Z,-119.81,-21.604,0.002,0.006,0.29,,,,,,,,
btc-updown-15m-1786283100,btc-15m,2026-08-09 13:30:02.858000+00:00,2026-08-09 14:05:50.368000+00:00,2026-08-09,21,897.1419999599457,0.1,4.9,True,False,2026-08-09T13:30:34.359Z,2026-08-09T13:52:12.968Z,2026-08-09T13:52:12.968Z,-432.968,865.641,0.76,0.012,0.49,,,,,,,,
btc-updown-5m-1786283700,btc-5m,2026-08-09 13:50:01.983000+00:00,2026-08-09 14:05:04.272000+00:00,2026-08-09,21,298.0169999599457,2.25,2.75,True,False,2026-08-09T13:58:49.390Z,2026-08-09T13:59:07.049Z,2026-08-09T13:59:07.049Z,-247.049,-229.39,0.003,0.01,0.29,,,,,,,,
btc-updown-5m-1786283400,btc-5m,2026-08-09 13:45:02.309000+00:00,2026-08-09 14:02:44.427000+00:00,2026-08-09,21,297.6909999847412,2.15,2.85,True,False,2026-08-09T13:50:34.987Z,2026-08-09T13:53:28.982Z,2026-08-09T13:53:28.982Z,-208.982,-34.987,0.001,0.003,0.29,,,,,,,,
btc-updown-5m-1786283100,btc-5m,2026-08-09 13:40:01.641000+00:00,2026-08-09 13:56:01.748000+00:00,2026-08-09,21,298.3589999675751,-1.4,1.4,False,True,2026-08-09T13:47:08.925Z,,,,-128.925,0.024,,0.29,,,,,,,,
btc-updown-15m-1786282200,btc-15m,2026-08-09 13:15:02.506000+00:00,2026-08-09 13:53:11.827000+00:00,2026-08-09,21,897.4939999580383,0.35,4.65,True,False,2026-08-09T13:15:03.910Z,2026-08-09T13:30:14.348Z,2026-08-09T13:30:14.348Z,-14.348,896.09,1.009,0.004,0.49,,,,,,,,
btc-updown-5m-1786282800,btc-5m,2026-08-09 13:35:01.796000+00:00,2026-08-09 13:51:43.717000+00:00,2026-08-09,21,298.2039999961853,-1.2,1.2,False,True,,2026-08-09T13:40:08.425Z,,,-8.425,,0.003,0.29,,,,,,,,
btc-updown-5m-1786282500,btc-5m,2026-08-09 13:30:04.041000+00:00,2026-08-09 13:46:41.411000+00:00,2026-08-09,21,295.9590001106262,3.45,1.55,True,False,2026-08-09T13:36:28.392Z,2026-08-09T13:39:40.422Z,2026-08-09T13:39:40.422Z,-280.422,-88.392,0.005,0.009,0.29,,,,,,,,
btc-updown-5m-1786282200,btc-5m,2026-08-09 13:25:02.713000+00:00,2026-08-09 13:40:59.018000+00:00,2026-08-09,21,297.2869999408722,2.1,2.9,True,False,2026-08-09T13:28:43.973Z,2026-08-09T13:30:26.892Z,2026-08-09T13:30:26.892Z,-26.892,76.027,0.006,0.002,0.29,,,,,,,,
btc-updown-15m-1786281300,btc-15m,2026-08-09 13:00:02.087000+00:00,2026-08-09 13:38:39.047000+00:00,2026-08-09,21,897.9130001068115,0.25,4.75,True,False,2026-08-09T13:05:03.860Z,2026-08-09T13:15:31.908Z,2026-08-09T13:15:31.908Z,-31.908,596.14,0.415,0.005,0.49,,,,,,,,
btc-updown-5m-1786281900,btc-5m,2026-08-09 13:20:02.938000+00:00,2026-08-09 13:36:11.057000+00:00,2026-08-09,21,297.0620000362396,-1.45,1.45,False,True,,2026-08-09T13:26:11.963Z,,,-71.963,,0.004,0.29,,,,,,,,
btc-updown-5m-1786281600,btc-5m,2026-08-09 13:15:03.048000+00:00,2026-08-09 13:30:04.391000+00:00,2026-08-09,21,296.9519999027252,2.2,2.8,True,False,2026-08-09T13:22:09.954Z,2026-08-09T13:18:47.929Z,2026-08-09T13:22:09.954Z,-129.954,72.071,0.006,0.02,0.29,,,,,,,,
btc-updown-5m-1786281300,btc-5m,2026-08-09 13:10:02.855000+00:00,2026-08-09 13:26:40.548000+00:00,2026-08-09,21,297.1449999809265,-1.4,1.4,False,True,,2026-08-09T13:13:41.893Z,,,78.107,,0.137,0.29,,,,,,,,
btc-updown-15m-1786280400,btc-15m,2026-08-09 12:45:02.466000+00:00,2026-08-09 13:24:10.424000+00:00,2026-08-09,20,897.5339999198914,0.15,4.85,True,False,2026-08-09T12:59:03.142Z,2026-08-09T13:00:09.824Z,2026-08-09T13:00:09.824Z,-9.824,56.858,0.376,0.032,0.49,,,,,,,,
btc-updown-5m-1786281000,btc-5m,2026-08-09 13:05:02.810000+00:00,2026-08-09 13:24:04.432000+00:00,2026-08-09,21,297.19000005722046,-1.45,1.45,False,True,,2026-08-09T13:13:14.242Z,,,-194.242,,0.004,0.29,,,,,,,,
btc-updown-5m-1786280700,btc-5m,2026-08-09 13:00:03.284000+00:00,2026-08-09 13:16:52.357000+00:00,2026-08-09,21,296.71600008010864,-1.45,1.45,False,True,,2026-08-09T13:05:11.882Z,,,-11.882,,0.002,0.29,,,,,,,,
btc-updown-5m-1786280400,btc-5m,2026-08-09 12:55:01.861000+00:00,2026-08-09 13:11:12.375000+00:00,2026-08-09,20,298.13899993896484,-1.35,1.35,False,True,,2026-08-09T13:00:27.828Z,,,-27.828,,0.004,0.29,,,,,,,,
btc-updown-5m-1786280100,btc-5m,2026-08-09 12:50:01.991000+00:00,2026-08-09 13:06:30.493000+00:00,2026-08-09,20,298.0090000629425,-1.3,1.3,False,True,,2026-08-09T12:55:31.115Z,,,-31.115,,0.027,0.29,,,,,,,,
btc-updown-15m-1786279500,btc-15m,2026-08-09 12:30:02.138000+00:00,2026-08-09 13:04:04.975000+00:00,2026-08-09,20,897.8619999885559,0.1,4.9,True,False,2026-08-09T12:45:31.035Z,2026-08-09T12:46:53.057Z,2026-08-09T12:46:53.057Z,-113.057,-31.035,0.003,0.003,0.49,,,,,,,,
btc-updown-5m-1786279800,btc-5m,2026-08-09 12:45:02.042000+00:00,2026-08-09 13:01:16.571000+00:00,2026-08-09,20,297.9579999446869,2.25,2.75,True,False,2026-08-09T12:51:53.093Z,2026-08-09T12:50:09.087Z,2026-08-09T12:51:53.093Z,-113.093,-9.087,0.006,0.007,0.29,,,,,,,,
btc-updown-5m-1786279500,btc-5m,2026-08-09 12:40:02.068000+00:00,2026-08-09 12:54:17.589000+00:00,2026-08-09,20,297.9319999217987,2.75,2.25,True,False,2026-08-09T12:49:35.088Z,2026-08-09T12:47:51.069Z,2026-08-09T12:49:35.088Z,-275.088,-171.069,0.018,0.017,0.29,,,,,,,,
btc-updown-5m-1786279200,btc-5m,2026-08-09 12:35:01.973000+00:00,2026-08-09 12:53:09.635000+00:00,2026-08-09,20,298.02699995040894,-1.45,1.45,False,True,,2026-08-09T12:43:42.946Z,,,-222.946,,0.019,0.29,,,,,,,,
btc-updown-15m-1786278600,btc-15m,2026-08-09 12:15:01.476000+00:00,2026-08-09 12:51:39.839000+00:00,2026-08-09,20,898.5239999294281,0.1,4.9,True,False,2026-08-09T12:30:23.162Z,2026-08-09T12:35:52.859Z,2026-08-09T12:35:52.859Z,-352.859,-23.162,0.004,0.013,0.49,,,,,,,,
btc-updown-5m-1786278900,btc-5m,2026-08-09 12:30:01.506000+00:00,2026-08-09 12:49:41.763000+00:00,2026-08-09,20,298.49399995803833,-0.85,0.85,False,True,2026-08-09T12:39:01.326Z,,,,-241.326,0.007,,0.29,,,,,,,,
btc-updown-5m-1786278600,btc-5m,2026-08-09 12:25:01.959000+00:00,2026-08-09 12:40:05.558000+00:00,2026-08-09,20,298.0409998893738,3.5,1.5,True,False,2026-08-09T12:32:04.847Z,2026-08-09T12:34:46.855Z,2026-08-09T12:34:46.855Z,-286.855,-124.847,0.02,0.011,0.29,,,,,,,,
btc-updown-15m-1786277700,btc-15m,2026-08-09 12:00:03.872000+00:00,2026-08-09 12:37:07.399000+00:00,2026-08-09,20,896.1280000209808,0.1,4.9,True,False,2026-08-09T12:16:52.736Z,2026-08-09T12:11:14.490Z,2026-08-09T12:16:52.736Z,-112.736,225.51,0.044,0.5,0.49,,,,,,,,
btc-updown-5m-1786278300,btc-5m,2026-08-09 12:20:01.640000+00:00,2026-08-09 12:34:38.205000+00:00,2026-08-09,20,298.3599998950958,2.8,2.2,True,False,2026-08-09T12:29:37.054Z,2026-08-09T12:28:10.809Z,2026-08-09T12:29:37.054Z,-277.054,-190.809,0.005,0.007,0.29,,,,,,,,
btc-updown-5m-1786278000,btc-5m,2026-08-09 12:15:02.189000+00:00,2026-08-09 12:29:05.179000+00:00,2026-08-09,20,297.8110001087189,-1.3,1.3,False,True,2026-08-09T12:24:04.788Z,,,,-244.788,0.007,,0.29,,,,,,,,
btc-updown-5m-1786277700,btc-5m,2026-08-09 12:10:01.507000+00:00,2026-08-09 12:28:53.735000+00:00,2026-08-09,20,298.4930000305176,2.25,2.75,True,False,2026-08-09T12:16:20.731Z,2026-08-09T12:19:50.756Z,2026-08-09T12:19:50.756Z,-290.756,-80.731,0.007,0.016,0.29,,,,,,,,
btc-updown-5m-1786277400,btc-5m,2026-08-09 12:05:01.487000+00:00,2026-08-09 12:23:47.543000+00:00,2026-08-09,20,298.5130000114441,-1.4,1.4,False,True,,2026-08-09T12:13:02.499Z,,,-182.499,,0.013,0.29,,,,,,,,
btc-updown-15m-1786276800,btc-15m,2026-08-09 11:45:03.222000+00:00,2026-08-09 12:18:47.516000+00:00,2026-08-09,19,896.7780001163483,-2.45,2.45,False,True,2026-08-09T11:45:24.250Z,,,,875.75,0.019,,0.49,,,,,,,,
btc-updown-5m-1786277100,btc-5m,2026-08-09 12:00:02.969000+00:00,2026-08-09 12:17:01.508000+00:00,2026-08-09,20,297.0309998989105,2.45,2.55,True,False,2026-08-09T12:08:04.439Z,2026-08-09T12:08:54.444Z,2026-08-09T12:08:54.444Z,-234.444,-184.439,0.005,0.002,0.29,,,,,,,,
btc-updown-5m-1786276800,btc-5m,2026-08-09 11:55:03.061000+00:00,2026-08-09 12:10:47.068000+00:00,2026-08-09,19,296.9389998912811,-1.45,1.45,False,True,2026-08-09T12:01:08.367Z,,,,-68.367,0.011,,0.29,,,,,,,,
btc-updown-15m-1786275900,btc-15m,2026-08-09 11:30:02.212000+00:00,2026-08-09 12:06:50.890000+00:00,2026-08-09,19,897.7880001068115,0.5,4.5,True,False,2026-08-09T11:36:48.174Z,2026-08-09T11:45:19.794Z,2026-08-09T11:45:19.794Z,-19.794,491.826,0.401,0.016,0.49,,,,,,,,
btc-updown-5m-1786276500,btc-5m,2026-08-09 11:50:03.268000+00:00,2026-08-09 12:03:24.936000+00:00,2026-08-09,19,296.73200011253357,-1.4,1.4,False,True,2026-08-09T11:55:19.887Z,,,,-19.887,0.01,,0.29,,,,,,,,
btc-updown-5m-1786276200,btc-5m,2026-08-09 11:45:02.548000+00:00,2026-08-09 12:01:36.919000+00:00,2026-08-09,19,297.4519999027252,2.3,2.7,True,False,2026-08-09T11:54:26.537Z,2026-08-09T11:49:38.533Z,2026-08-09T11:54:26.537Z,-266.537,21.467,0.003,0.013,0.29,,,,,,,,
btc-updown-5m-1786275900,btc-5m,2026-08-09 11:40:02.777000+00:00,2026-08-09 11:53:36.745000+00:00,2026-08-09,19,297.22300004959106,2.3,2.7,True,False,2026-08-09T11:48:14.103Z,2026-08-09T11:46:35.804Z,2026-08-09T11:48:14.103Z,-194.103,-95.804,0.001,0.007,0.29,,,,,,,,
btc-updown-15m-1786275000,btc-15m,2026-08-09 11:15:02.069000+00:00,2026-08-09 11:52:04.404000+00:00,2026-08-09,19,897.930999994278,0.1,4.9,True,False,2026-08-09T11:15:08.681Z,2026-08-09T11:31:12.103Z,2026-08-09T11:31:12.103Z,-72.103,891.319,0.837,0.312,0.49,,,,,,,,
btc-updown-5m-1786275600,btc-5m,2026-08-09 11:35:02.608000+00:00,2026-08-09 11:49:36.462000+00:00,2026-08-09,19,297.3919999599457,2.55,2.45,True,False,2026-08-09T11:39:57.690Z,2026-08-09T11:44:43.737Z,2026-08-09T11:44:43.737Z,-283.737,2.31,0.006,0.013,0.29,,,,,,,,
btc-updown-5m-1786275300,btc-5m,2026-08-09 11:30:02.976000+00:00,2026-08-09 11:46:46.487000+00:00,2026-08-09,19,297.0239999294281,-1.0,1.0,False,True,,2026-08-09T11:36:45.660Z,,,-105.66,,0.003,0.29,,,,,,,,
btc-updown-5m-1786275000,btc-5m,2026-08-09 11:25:01.892000+00:00,2026-08-09 11:41:30.180000+00:00,2026-08-09,19,298.1080000400543,-1.45,1.45,False,True,,2026-08-09T11:29:32.848Z,,,27.152,,0.044,0.29,,,,,,,,
btc-updown-15m-1786274100,btc-15m,2026-08-09 11:00:02.140000+00:00,2026-08-09 11:38:06.473000+00:00,2026-08-09,19,897.8599998950958,-2.45,2.45,False,True,2026-08-09T11:00:32.588Z,,,,867.412,0.426,,0.49,,,,,,,,
btc-updown-5m-1786274700,btc-5m,2026-08-09 11:20:01.935000+00:00,2026-08-09 11:36:02.314000+00:00,2026-08-09,19,298.06500005722046,-1.45,1.45,False,True,,2026-08-09T11:24:42.808Z,,,17.192,,0.058,0.29,,,,,,,,
btc-updown-5m-1786274400,btc-5m,2026-08-09 11:15:01.718000+00:00,2026-08-09 11:31:28.399000+00:00,2026-08-09,19,298.28200006484985,-1.0,1.0,False,True,2026-08-09T11:23:13.350Z,,,,-193.35,0.002,,0.29,,,,,,,,
btc-updown-5m-1786274100,btc-5m,2026-08-09 11:10:01.569000+00:00,2026-08-09 11:25:17.230000+00:00,2026-08-09,19,298.43099999427795,-1.05,1.05,False,True,2026-08-09T11:18:49.399Z,,,,-229.399,0.007,,0.29,,,,,,,,
btc-updown-15m-1786273200,btc-15m,2026-08-09 10:45:01.190000+00:00,2026-08-09 11:21:17.257000+00:00,2026-08-09,18,898.8099999427795,0.3,4.7,True,False,2026-08-09T10:45:02.580Z,2026-08-09T11:00:32.588Z,2026-08-09T11:00:32.588Z,-32.588,897.42,0.473,0.023,0.49,,,,,,,,
btc-updown-5m-1786273800,btc-5m,2026-08-09 11:05:01.512000+00:00,2026-08-09 11:20:49.383000+00:00,2026-08-09,19,298.48799991607666,-1.45,1.45,False,True,,2026-08-09T11:12:00.957Z,,,-120.957,,0.005,0.29,,,,,,,,
btc-updown-5m-1786273500,btc-5m,2026-08-09 11:00:01.383000+00:00,2026-08-09 11:15:15.510000+00:00,2026-08-09,19,298.6170001029968,-1.4,1.4,False,True,,2026-08-09T11:05:48.853Z,,,-48.853,,0.003,0.29,,,,,,,,
btc-updown-5m-1786273200,btc-5m,2026-08-09 10:55:01.263000+00:00,2026-08-09 11:12:11.063000+00:00,2026-08-09,18,298.7369999885559,-1.4,1.4,False,True,,2026-08-09T11:00:52.590Z,,,-52.59,,0.016,0.29,,,,,,,,
btc-updown-15m-1786272300,btc-15m,2026-08-09 10:30:02.690000+00:00,2026-08-09 11:05:15.518000+00:00,2026-08-09,18,897.3099999427795,-2.3,2.3,False,True,,2026-08-09T10:45:10.176Z,,,-10.176,,0.021,0.49,,,,,,,,
btc-updown-5m-1786272900,btc-5m,2026-08-09 10:50:01.230000+00:00,2026-08-09 11:03:49.264000+00:00,2026-08-09,18,298.7699999809265,2.25,2.75,True,False,2026-08-09T10:57:42.255Z,2026-08-09T10:57:28.254Z,2026-08-09T10:57:42.255Z,-162.255,-148.254,0.007,0.003,0.29,,,,,,,,
btc-updown-5m-1786272600,btc-5m,2026-08-09 10:45:00.748000+00:00,2026-08-09 11:00:02.606000+00:00,2026-08-09,18,299.2520000934601,-0.7,0.7,False,True,2026-08-09T10:53:40.217Z,,,,-220.217,0.004,,0.29,,,,,,,,
btc-updown-5m-1786272300,btc-5m,2026-08-09 10:40:01.401000+00:00,2026-08-09 10:55:33.279000+00:00,2026-08-09,18,298.5989999771118,-1.05,1.05,False,True,,2026-08-09T10:46:18.186Z,,,-78.186,,0.003,0.29,,,,,,,,
btc-updown-5m-1786272000,btc-5m,2026-08-09 10:35:01.462000+00:00,2026-08-09 10:50:38.789000+00:00,2026-08-09,18,298.5380001068115,2.8,2.2,True,False,2026-08-09T10:44:00.380Z,2026-08-09T10:44:44.174Z,2026-08-09T10:44:44.174Z,-284.174,-240.38,0.001,0.018,0.29,,,,,,,,
btc-updown-15m-1786271400,btc-15m,2026-08-09 10:15:02.894000+00:00,2026-08-09 10:50:08.707000+00:00,2026-08-09,18,897.1059999465942,0.25,4.75,True,False,2026-08-09T10:20:59.884Z,2026-08-09T10:30:06.048Z,2026-08-09T10:30:06.048Z,-6.048,540.116,0.064,0.022,0.49,,,,,,,,
btc-updown-5m-1786271700,btc-5m,2026-08-09 10:30:03.531000+00:00,2026-08-09 10:45:32.921000+00:00,2026-08-09,18,296.4690001010895,2.1,2.9,True,False,2026-08-09T10:38:48.587Z,2026-08-09T10:36:10.112Z,2026-08-09T10:38:48.587Z,-228.587,-70.112,0.001,0.007,0.29,,,,,,,,
btc-updown-5m-1786271400,btc-5m,2026-08-09 10:25:02.926000+00:00,2026-08-09 10:38:40.749000+00:00,2026-08-09,18,297.0739998817444,-1.05,1.05,False,True,2026-08-09T10:30:44.055Z,,,,-44.055,0.007,,0.29,,,,,,,,
btc-updown-5m-1786271100,btc-5m,2026-08-09 10:20:02.709000+00:00,2026-08-09 10:36:58.582000+00:00,2026-08-09,18,297.2909998893738,2.1,2.9,True,False,2026-08-09T10:25:57.893Z,2026-08-09T10:20:57.874Z,2026-08-09T10:25:57.893Z,-57.893,242.126,0.004,0.003,0.29,,,,,,,,
btc-updown-15m-1786270500,btc-15m,2026-08-09 10:00:03.057000+00:00,2026-08-09 10:35:54.686000+00:00,2026-08-09,18,896.9430000782013,0.1,4.9,True,False,2026-08-09T10:02:05.635Z,2026-08-09T10:16:09.814Z,2026-08-09T10:16:09.814Z,-69.814,774.365,0.397,0.017,0.49,,,,,,,,
btc-updown-5m-1786270800,btc-5m,2026-08-09 10:15:02.455000+00:00,2026-08-09 10:28:34.759000+00:00,2026-08-09,18,297.54500007629395,-1.15,1.15,False,True,,2026-08-09T10:20:50.309Z,,,-50.309,,0.313,0.29,,,,,,,,
btc-updown-5m-1786270500,btc-5m,2026-08-09 10:10:02.778000+00:00,2026-08-09 10:25:32.438000+00:00,2026-08-09,18,297.22199988365173,2.25,2.75,True,False,2026-08-09T10:19:01.968Z,2026-08-09T10:18:29.869Z,2026-08-09T10:19:01.968Z,-241.968,-209.869,0.003,0.015,0.29,,,,,,,,
btc-updown-5m-1786270200,btc-5m,2026-08-09 10:05:02.665000+00:00,2026-08-09 10:22:32.532000+00:00,2026-08-09,18,297.335000038147,2.1,2.9,True,False,2026-08-09T10:09:37.973Z,2026-08-09T10:11:27.721Z,2026-08-09T10:11:27.721Z,-87.721,22.027,0.001,0.003,0.29,,,,,,,,
btc-updown-15m-1786269600,btc-15m,2026-08-09 09:45:02.253000+00:00,2026-08-09 10:22:28.269000+00:00,2026-08-09,17,897.7469999790192,1.0,4.0,True,False,2026-08-09T09:56:03.550Z,2026-08-09T10:00:05.602Z,2026-08-09T10:00:05.602Z,-5.602,236.45,0.827,0.011,0.49,,,,,,,,
btc-updown-5m-1786269900,btc-5m,2026-08-09 10:00:02.514000+00:00,2026-08-09 10:15:14.268000+00:00,2026-08-09,18,297.48600006103516,-1.25,1.25,False,True,,2026-08-09T10:08:51.685Z,,,-231.685,,0.007,0.29,,,,,,,,
btc-updown-15m-1786268700,btc-15m,2026-08-09 09:30:01.950000+00:00,2026-08-09 10:09:06.334000+00:00,2026-08-09,17,898.0499999523163,0.8,4.2,True,False,2026-08-09T09:46:49.586Z,2026-08-09T09:30:07.330Z,2026-08-09T09:46:49.586Z,-109.586,892.67,0.015,0.011,0.49,,,,,,,,
btc-updown-5m-1786269600,btc-5m,2026-08-09 09:55:02.372000+00:00,2026-08-09 10:08:10.201000+00:00,2026-08-09,17,297.62800002098083,-1.35,1.35,False,True,,2026-08-09T10:00:13.821Z,,,-13.821,,0.001,0.29,,,,,,,,
btc-updown-5m-1786269300,btc-5m,2026-08-09 09:50:02.352000+00:00,2026-08-09 10:07:10.219000+00:00,2026-08-09,17,297.64800000190735,-1.45,1.45,False,True,,2026-08-09T09:54:31.544Z,,,28.456,,0.004,0.29,,,,,,,,
btc-updown-5m-1786269000,btc-5m,2026-08-09 09:45:02.736000+00:00,2026-08-09 10:02:26.504000+00:00,2026-08-09,17,297.26399993896484,2.4,2.6,True,False,2026-08-09T09:49:13.530Z,2026-08-09T09:53:01.586Z,2026-08-09T09:53:01.586Z,-181.586,46.47,0.019,0.002,0.29,,,,,,,,
btc-updown-5m-1786268700,btc-5m,2026-08-09 09:40:02.311000+00:00,2026-08-09 09:55:02.883000+00:00,2026-08-09,17,297.6889998912811,2.1,2.9,True,False,2026-08-09T09:47:29.480Z,2026-08-09T09:43:29.429Z,2026-08-09T09:47:29.480Z,-149.48,90.571,0.021,0.042,0.29,,,,,,,,
btc-updown-15m-1786267800,btc-15m,2026-08-09 09:15:02.770000+00:00,2026-08-09 09:50:20.311000+00:00,2026-08-09,17,897.2300000190735,0.45,4.55,True,False,2026-08-09T09:30:05.331Z,2026-08-09T09:27:47.313Z,2026-08-09T09:30:05.331Z,-5.331,132.687,0.013,0.83,0.49,,,,,,,,
btc-updown-5m-1786268400,btc-5m,2026-08-09 09:35:02.285000+00:00,2026-08-09 09:49:56.003000+00:00,2026-08-09,17,297.7149999141693,2.3,2.7,True,False,2026-08-09T09:43:49.466Z,2026-08-09T09:42:33.418Z,2026-08-09T09:43:49.466Z,-229.466,-153.418,0.007,0.006,0.29,,,,,,,,
btc-updown-5m-1786268100,btc-5m,2026-08-09 09:30:02.764000+00:00,2026-08-09 09:48:14.153000+00:00,2026-08-09,17,297.23600006103516,-1.45,1.45,False,True,,2026-08-09T09:37:31.386Z,,,-151.386,,0.009,0.29,,,,,,,,
btc-updown-5m-1786267800,btc-5m,2026-08-09 09:25:02.224000+00:00,2026-08-09 09:40:27.781000+00:00,2026-08-09,17,297.7760000228882,3.2,1.8,True,False,2026-08-09T09:30:29.333Z,2026-08-09T09:34:47.379Z,2026-08-09T09:34:47.379Z,-287.379,-29.333,0.023,0.005,0.29,,,,,,,,
btc-updown-15m-1786266900,btc-15m,2026-08-09 09:00:01.993000+00:00,2026-08-09 09:37:47.935000+00:00,2026-08-09,17,898.0069999694824,0.1,4.9,True,False,2026-08-09T09:15:37.251Z,2026-08-09T09:15:25.237Z,2026-08-09T09:15:37.251Z,-37.251,-25.237,0.01,0.023,0.49,,,,,,,,
btc-updown-5m-1786267500,btc-5m,2026-08-09 09:20:02.370000+00:00,2026-08-09 09:36:17.803000+00:00,2026-08-09,17,297.6300001144409,-1.45,1.45,False,True,2026-08-09T09:23:49.309Z,,,,70.691,0.01,,0.29,,,,,,,,
btc-updown-5m-1786267200,btc-5m,2026-08-09 09:15:02.193000+00:00,2026-08-09 09:32:27.978000+00:00,2026-08-09,17,297.8069999217987,2.35,2.65,True,False,2026-08-09T09:24:37.328Z,2026-08-09T09:23:01.315Z,2026-08-09T09:24:37.328Z,-277.328,-181.315,0.001,0.0,0.29,,,,,,,,
btc-updown-5m-1786266900,btc-5m,2026-08-09 09:10:02.047000+00:00,2026-08-09 09:24:39.959000+00:00,2026-08-09,17,297.95300006866455,-1.0,1.0,False,True,,2026-08-09T09:15:47.224Z,,,-47.224,,0.014,0.29,,,,,,,,
btc-updown-5m-1786266600,btc-5m,2026-08-09 09:05:02.384000+00:00,2026-08-09 09:20:41.764000+00:00,2026-08-09,17,297.6159999370575,2.45,2.55,True,False,2026-08-09T09:11:09.180Z,2026-08-09T09:14:41.213Z,2026-08-09T09:14:41.213Z,-281.213,-69.18,0.005,0.003,0.29,,,,,,,,
btc-updown-15m-1786266000,btc-15m,2026-08-09 08:45:02.132000+00:00,2026-08-09 09:20:20.015000+00:00,2026-08-09,16,897.8680000305176,-2.45,2.45,False,True,,2026-08-09T08:59:59.079Z,,,0.921,,0.088,0.49,,,,,,,,
btc-updown-5m-1786266300,btc-5m,2026-08-09 09:00:02.489000+00:00,2026-08-09 09:17:45.884000+00:00,2026-08-09,17,297.510999917984,2.25,2.75,True,False,2026-08-09T09:08:33.152Z,2026-08-09T09:04:53.134Z,2026-08-09T09:08:33.152Z,-213.152,6.866,0.005,0.018,0.29,,,,,,,,
btc-updown-5m-1786266000,btc-5m,2026-08-09 08:55:02.157000+00:00,2026-08-09 09:09:19.711000+00:00,2026-08-09,16,297.84299993515015,-1.4,1.4,False,True,,2026-08-09T09:02:35.117Z,,,-155.117,,0.004,0.29,,,,,,,,
btc-updown-5m-1786265700,btc-5m,2026-08-09 08:50:02.116000+00:00,2026-08-09 09:04:34.162000+00:00,2026-08-09,16,297.8840000629425,-1.35,1.35,False,True,,2026-08-09T08:55:57.050Z,,,-57.05,,0.003,0.29,,,,,,,,
btc-updown-15m-1786265100,btc-15m,2026-08-09 08:30:01.457000+00:00,2026-08-09 09:03:59.816000+00:00,2026-08-09,16,898.5429999828339,0.45,4.55,True,False,2026-08-09T08:45:04.989Z,2026-08-09T08:42:50.981Z,2026-08-09T08:45:04.989Z,-4.989,129.019,0.013,0.135,0.49,,,,,,,,
btc-updown-5m-1786265400,btc-5m,2026-08-09 08:45:02.500000+00:00,2026-08-09 09:02:01.841000+00:00,2026-08-09,16,297.5,-0.5,0.5,False,True,2026-08-09T08:52:23.036Z,,,,-143.036,0.005,,0.29,,,,,,,,
btc-updown-5m-1786265100,btc-5m,2026-08-09 08:40:01.889000+00:00,2026-08-09 08:55:25.540000+00:00,2026-08-09,16,298.11100006103516,-1.35,1.35,False,True,,2026-08-09T08:45:49.287Z,,,-49.287,,0.002,0.29,,,,,,,,
btc-updown-15m-1786264200,btc-15m,2026-08-09 08:15:02.305000+00:00,2026-08-09 08:51:21.658000+00:00,2026-08-09,16,897.6949999332428,0.15,4.85,True,False,2026-08-09T08:16:11.038Z,2026-08-09T08:30:02.883Z,2026-08-09T08:30:02.883Z,-2.883,828.962,0.531,0.06,0.49,,,,,,,,
btc-updown-5m-1786264800,btc-5m,2026-08-09 08:35:02.125000+00:00,2026-08-09 08:49:31.587000+00:00,2026-08-09,16,297.875,-1.4,1.4,False,True,2026-08-09T08:39:22.966Z,,,,37.034,0.026,,0.29,,,,,,,,
btc-updown-5m-1786264500,btc-5m,2026-08-09 08:30:02.188000+00:00,2026-08-09 08:45:23.527000+00:00,2026-08-09,16,297.8120000362396,2.25,2.75,True,False,2026-08-09T08:38:14.947Z,2026-08-09T08:37:46.940Z,2026-08-09T08:38:14.947Z,-194.947,-166.94,0.012,0.004,0.29,,,,,,,,
btc-updown-5m-1786264200,btc-5m,2026-08-09 08:25:01.635000+00:00,2026-08-09 08:41:55.405000+00:00,2026-08-09,16,298.36500000953674,-1.45,1.45,False,True,,2026-08-09T08:30:18.888Z,,,-18.888,,0.022,0.29,,,,,,,,
btc-updown-5m-1786263900,btc-5m,2026-08-09 08:20:01.627000+00:00,2026-08-09 08:36:41.455000+00:00,2026-08-09,16,298.3729999065399,-1.3,1.3,False,True,2026-08-09T08:26:46.864Z,,,,-106.864,0.004,,0.29,,,,,,,,
btc-updown-15m-1786263300,btc-15m,2026-08-09 08:00:02.033000+00:00,2026-08-09 08:35:01.684000+00:00,2026-08-09,16,897.9670000076294,0.5,4.5,True,False,2026-08-09T08:09:56.680Z,2026-08-09T08:15:23.342Z,2026-08-09T08:15:23.342Z,-23.342,303.32,0.315,0.014,0.49,,,,,,,,
btc-updown-5m-1786263600,btc-5m,2026-08-09 08:15:01.723000+00:00,2026-08-09 08:29:35.753000+00:00,2026-08-09,16,298.27699995040894,-1.15,1.15,False,True,2026-08-09T08:21:20.845Z,,,,-80.845,0.004,,0.29,,,,,,,,
btc-updown-5m-1786263300,btc-5m,2026-08-09 08:10:01.750000+00:00,2026-08-09 08:27:11.210000+00:00,2026-08-09,16,298.25,-1.45,1.45,False,True,,2026-08-09T08:15:22.725Z,,,-22.725,,0.015,0.29,,,,,,,,
btc-updown-5m-1786263000,btc-5m,2026-08-09 08:05:01.621000+00:00,2026-08-09 08:21:37.354000+00:00,2026-08-09,16,298.3789999485016,-1.45,1.45,False,True,,2026-08-09T08:10:56.690Z,,,-56.69,,0.003,0.29,,,,,,,,
btc-updown-15m-1786262400,btc-15m,2026-08-09 07:45:01.005000+00:00,2026-08-09 08:19:47.316000+00:00,2026-08-09,15,898.9949998855591,-2.45,2.45,False,True,,2026-08-09T07:46:28.186Z,,,811.814,,1.418,0.49,,,,,,,,
btc-updown-5m-1786262700,btc-5m,2026-08-09 08:00:01.358000+00:00,2026-08-09 08:17:07.111000+00:00,2026-08-09,16,298.6419999599457,-1.3,1.3,False,True,,2026-08-09T08:09:02.668Z,,,-242.668,,0.007,0.29,,,,,,,,
btc-updown-5m-1786262400,btc-5m,2026-08-09 07:55:01.250000+00:00,2026-08-09 08:12:09.370000+00:00,2026-08-09,15,298.75,-1.2,1.2,False,True,,2026-08-09T08:00:28.611Z,,,-28.611,,0.006,0.29,,,,,,,,
btc-updown-5m-1786262100,btc-5m,2026-08-09 07:50:01.114000+00:00,2026-08-09 08:06:09.162000+00:00,2026-08-09,15,298.885999917984,-1.05,1.05,False,True,,2026-08-09T07:58:02.255Z,,,-182.255,,0.009,0.29,,,,,,,,
btc-updown-15m-1786261500,btc-15m,2026-08-09 07:30:03.372000+00:00,2026-08-09 08:04:15.072000+00:00,2026-08-09,15,896.6280000209808,0.5,4.5,True,False,2026-08-09T07:45:08.177Z,2026-08-09T07:37:42.079Z,2026-08-09T07:45:08.177Z,-8.177,437.921,0.03,0.633,0.49,,,,,,,,
btc-updown-5m-1786261800,btc-5m,2026-08-09 07:45:01.524000+00:00,2026-08-09 08:02:01.422000+00:00,2026-08-09,15,298.4760000705719,-1.45,1.45,False,True,2026-08-09T07:48:34.206Z,,,,85.794,0.032,,0.29,,,,,,,,
btc-updown-5m-1786261500,btc-5m,2026-08-09 07:40:00.870000+00:00,2026-08-09 07:56:58.586000+00:00,2026-08-09,15,299.1300001144409,2.15,2.85,True,False,2026-08-09T07:45:48.653Z,2026-08-09T07:43:42.171Z,2026-08-09T07:45:48.653Z,-48.653,77.829,0.0,0.005,0.29,,,,,,,,
btc-updown-5m-1786261200,btc-5m,2026-08-09 07:35:01.362000+00:00,2026-08-09 07:50:36.701000+00:00,2026-08-09,15,298.6380000114441,-1.45,1.45,False,True,,2026-08-09T07:39:04.088Z,,,55.912,,0.063,0.29,,,,,,,,
btc-updown-15m-1786260600,btc-15m,2026-08-09 07:15:03.319000+00:00,2026-08-09 07:49:22.587000+00:00,2026-08-09,15,896.680999994278,0.1,4.9,True,False,2026-08-09T07:30:21.944Z,2026-08-09T07:30:11.945Z,2026-08-09T07:30:21.944Z,-21.944,-11.945,0.002,0.023,0.49,,,,,,,,
btc-updown-5m-1786260900,btc-5m,2026-08-09 07:30:02.886000+00:00,2026-08-09 07:48:28.829000+00:00,2026-08-09,15,297.114000082016,2.6,2.4,True,False,2026-08-09T07:39:12.154Z,2026-08-09T07:34:46.032Z,2026-08-09T07:39:12.154Z,-252.154,13.968,0.015,0.01,0.29,,,,,,,,
btc-updown-5m-1786260600,btc-5m,2026-08-09 07:25:03.140000+00:00,2026-08-09 07:41:50.528000+00:00,2026-08-09,15,296.8599998950958,2.6,2.4,True,False,2026-08-09T07:30:59.949Z,2026-08-09T07:32:51.985Z,2026-08-09T07:32:51.985Z,-171.985,-59.949,0.008,0.02,0.29,,,,,,,,
btc-updown-5m-1786260300,btc-5m,2026-08-09 07:20:02.814000+00:00,2026-08-09 07:36:52.458000+00:00,2026-08-09,15,297.1860001087189,-1.45,1.45,False,True,2026-08-09T07:24:21.871Z,,,,38.129,0.272,,0.29,,,,,,,,
btc-updown-15m-1786259700,btc-15m,2026-08-09 07:00:03.077000+00:00,2026-08-09 07:36:20.425000+00:00,2026-08-09,15,896.9230000972748,0.1,4.9,True,False,2026-08-09T07:11:03.792Z,2026-08-09T07:15:03.817Z,2026-08-09T07:15:03.817Z,-3.817,236.208,0.227,0.008,0.49,,,,,,,,
btc-updown-5m-1786260000,btc-5m,2026-08-09 07:15:02.774000+00:00,2026-08-09 07:31:46.483000+00:00,2026-08-09,15,297.2260000705719,-1.2,1.2,False,True,2026-08-09T07:20:31.852Z,,,,-31.852,0.006,,0.29,,,,,,,,
btc-updown-5m-1786259700,btc-5m,2026-08-09 07:10:03.224000+00:00,2026-08-09 07:24:38.406000+00:00,2026-08-09,15,296.7760000228882,2.15,2.85,True,False,2026-08-09T07:11:37.831Z,2026-08-09T07:13:23.813Z,2026-08-09T07:13:23.813Z,96.187,202.169,0.073,0.061,0.29,,,,,,,,
btc-updown-5m-1786259400,btc-5m,2026-08-09 07:05:03.227000+00:00,2026-08-09 07:23:46.307000+00:00,2026-08-09,15,296.77300000190735,2.65,2.35,True,False,2026-08-09T07:05:53.764Z,2026-08-09T07:14:41.817Z,2026-08-09T07:14:41.817Z,-281.817,246.236,0.127,0.005,0.29,,,,,,,,
btc-updown-15m-1786258800,btc-15m,2026-08-09 06:45:02.676000+00:00,2026-08-09 07:20:30.355000+00:00,2026-08-09,14,897.3239998817444,0.35,4.65,True,False,2026-08-09T06:45:07.631Z,2026-08-09T07:03:57.962Z,2026-08-09T07:03:57.962Z,-237.962,892.369,0.222,0.216,0.49,,,,,,,,
btc-updown-5m-1786259100,btc-5m,2026-08-09 07:00:02.587000+00:00,2026-08-09 07:15:42.455000+00:00,2026-08-09,15,297.4130001068115,2.6,2.4,True,False,2026-08-09T07:02:27.751Z,2026-08-09T07:08:33.778Z,2026-08-09T07:08:33.778Z,-213.778,152.249,0.01,0.011,0.29,,,,,,,,
btc-updown-5m-1786258800,btc-5m,2026-08-09 06:55:02.539000+00:00,2026-08-09 07:11:34.819000+00:00,2026-08-09,14,297.4609999656677,2.15,2.85,True,False,2026-08-09T06:58:27.709Z,2026-08-09T07:03:57.758Z,2026-08-09T07:03:57.758Z,-237.758,92.291,0.014,0.003,0.29,,,,,,,,
btc-updown-5m-1786258500,btc-5m,2026-08-09 06:50:02.880000+00:00,2026-08-09 07:06:46.121000+00:00,2026-08-09,14,297.1199998855591,2.6,2.4,True,False,2026-08-09T06:54:03.684Z,2026-08-09T06:57:23.699Z,2026-08-09T06:57:23.699Z,-143.699,56.316,0.012,0.008,0.29,,,,,,,,
btc-updown-15m-1786257900,btc-15m,2026-08-09 06:30:02.349000+00:00,2026-08-09 07:05:28.176000+00:00,2026-08-09,14,897.6510000228882,0.25,4.75,True,False,2026-08-09T06:33:49.851Z,2026-08-09T06:45:37.868Z,2026-08-09T06:45:37.868Z,-37.868,670.149,1.896,0.001,0.49,,,,,,,,
btc-updown-5m-1786258200,btc-5m,2026-08-09 06:45:02.383000+00:00,2026-08-09 06:59:28.252000+00:00,2026-08-09,14,297.6170001029968,-1.4,1.4,False,True,2026-08-09T06:49:31.651Z,,,,28.349,0.027,,0.29,,,,,,,,
btc-updown-5m-1786257900,btc-5m,2026-08-09 06:40:02.598000+00:00,2026-08-09 06:55:52.078000+00:00,2026-08-09,14,297.40199995040894,-0.45,0.45,False,True,2026-08-09T06:48:31.648Z,,,,-211.648,0.004,,0.29,,,,,,,,
btc-updown-15m-1786257000,btc-15m,2026-08-09 06:15:02.142000+00:00,2026-08-09 06:52:54.024000+00:00,2026-08-09,14,897.8580000400543,0.35,4.65,True,False,2026-08-09T06:16:13.579Z,2026-08-09T06:30:41.522Z,2026-08-09T06:30:41.522Z,-41.522,826.421,1.266,0.027,0.49,,,,,,,,
btc-updown-5m-1786257600,btc-5m,2026-08-09 06:35:02.697000+00:00,2026-08-09 06:52:52.007000+00:00,2026-08-09,14,297.3029999732971,2.45,2.55,True,False,2026-08-09T06:38:41.589Z,2026-08-09T06:44:33.620Z,2026-08-09T06:44:33.620Z,-273.62,78.411,0.013,0.004,0.29,,,,,,,,
btc-updown-5m-1786257300,btc-5m,2026-08-09 06:30:02.922000+00:00,2026-08-09 06:45:26.298000+00:00,2026-08-09,14,297.07800006866455,-1.4,1.4,False,True,,2026-08-09T06:33:41.552Z,,,78.448,,0.009,0.29,,,,,,,,
btc-updown-5m-1786257000,btc-5m,2026-08-09 06:25:02.264000+00:00,2026-08-09 06:42:26.024000+00:00,2026-08-09,14,297.73600006103516,-1.4,1.4,False,True,,2026-08-09T06:28:55.509Z,,,64.491,,0.023,0.29,,,,,,,,
btc-updown-5m-1786256700,btc-5m,2026-08-09 06:20:02.254000+00:00,2026-08-09 06:37:41.995000+00:00,2026-08-09,14,297.7460000514984,-1.35,1.35,False,True,,2026-08-09T06:24:21.472Z,,,38.528,,0.017,0.29,,,,,,,,
btc-updown-15m-1786256100,btc-15m,2026-08-09 06:00:01.753000+00:00,2026-08-09 06:35:54.032000+00:00,2026-08-09,14,898.2469999790192,0.25,4.75,True,False,2026-08-09T06:15:01.788Z,2026-08-09T06:15:27.337Z,2026-08-09T06:15:27.337Z,-27.337,-1.788,0.085,0.011,0.49,,,,,,,,
btc-updown-5m-1786256400,btc-5m,2026-08-09 06:15:02.906000+00:00,2026-08-09 06:29:02.139000+00:00,2026-08-09,14,297.0940001010895,-1.35,1.35,False,True,,2026-08-09T06:19:17.390Z,,,42.61,,0.083,0.29,,,,,,,,
btc-updown-5m-1786256100,btc-5m,2026-08-09 06:10:02.087000+00:00,2026-08-09 06:27:23.844000+00:00,2026-08-09,14,297.9130001068115,2.5,2.5,True,False,2026-08-09T06:13:35.314Z,2026-08-09T06:17:49.449Z,2026-08-09T06:17:49.449Z,-169.449,84.686,0.068,0.004,0.29,,,,,,,,
btc-updown-15m-1786255200,btc-15m,2026-08-09 05:45:02.236000+00:00,2026-08-09 06:20:51.748000+00:00,2026-08-09,13,897.7639999389648,0.15,4.85,True,False,2026-08-09T06:01:19.100Z,2026-08-09T06:00:05.092Z,2026-08-09T06:01:19.100Z,-79.1,-5.092,0.018,0.005,0.49,,,,,,,,
btc-updown-5m-1786255800,btc-5m,2026-08-09 06:05:01.967000+00:00,2026-08-09 06:20:09.879000+00:00,2026-08-09,14,298.0329999923706,-1.05,1.05,False,True,,2026-08-09T06:10:53.260Z,,,-53.26,,0.002,0.29,,,,,,,,
btc-updown-5m-1786255500,btc-5m,2026-08-09 06:00:02.282000+00:00,2026-08-09 06:17:49.874000+00:00,2026-08-09,14,297.71799993515015,2.95,2.05,True,False,2026-08-09T06:08:53.228Z,2026-08-09T06:08:23.224Z,2026-08-09T06:08:53.228Z,-233.228,-203.224,0.002,0.004,0.29,,,,,,,,
btc-updown-5m-1786255200,btc-5m,2026-08-09 05:55:01.698000+00:00,2026-08-09 06:12:49.682000+00:00,2026-08-09,13,298.30200004577637,2.8,2.2,True,False,2026-08-09T06:01:39.105Z,2026-08-09T05:59:43.090Z,2026-08-09T06:01:39.105Z,-99.105,16.91,0.003,0.015,0.29,,,,,,,,
btc-updown-5m-1786254900,btc-5m,2026-08-09 05:50:01.647000+00:00,2026-08-09 06:06:59.683000+00:00,2026-08-09,13,298.3529999256134,-1.4,1.4,False,True,,2026-08-09T05:53:23.009Z,,,96.991,,0.031,0.29,,,,,,,,
btc-updown-15m-1786254300,btc-15m,2026-08-09 05:30:01.291000+00:00,2026-08-09 06:05:49.592000+00:00,2026-08-09,13,898.7090001106262,1.75,3.25,True,False,2026-08-09T05:46:32.968Z,2026-08-09T05:45:10.960Z,2026-08-09T05:46:32.968Z,-92.968,-10.96,0.009,0.038,0.49,,,,,,,,
btc-updown-5m-1786254600,btc-5m,2026-08-09 05:45:01.777000+00:00,2026-08-09 06:00:09.633000+00:00,2026-08-09,13,298.22300004959106,2.2,2.8,True,False,2026-08-09T05:52:21.005Z,2026-08-09T05:49:18.989Z,2026-08-09T05:52:21.005Z,-141.005,41.011,0.005,0.014,0.29,,,,,,,,
btc-updown-5m-1786254300,btc-5m,2026-08-09 05:40:01.754000+00:00,2026-08-09 05:57:27.457000+00:00,2026-08-09,13,298.2460000514984,-1.4,1.4,False,True,2026-08-09T05:44:50.958Z,,,,9.042,0.014,,0.29,,,,,,,,
btc-updown-5m-1786254000,btc-5m,2026-08-09 05:35:01.769000+00:00,2026-08-09 05:49:53.286000+00:00,2026-08-09,13,298.23099994659424,-1.45,1.45,False,True,2026-08-09T05:38:50.933Z,,,,69.067,0.064,,0.29,,,,,,,,
btc-updown-15m-1786253400,btc-15m,2026-08-09 05:15:01.806000+00:00,2026-08-09 05:49:47.250000+00:00,2026-08-09,13,898.194000005722,0.15,4.85,True,False,2026-08-09T05:31:04.887Z,2026-08-09T05:26:12.913Z,2026-08-09T05:31:04.887Z,-64.887,227.087,0.01,0.181,0.49,,,,,,,,
btc-updown-5m-1786253700,btc-5m,2026-08-09 05:30:01.925000+00:00,2026-08-09 05:43:33.274000+00:00,2026-08-09,13,298.0750000476837,-1.35,1.35,False,True,2026-08-09T05:34:52.909Z,,,,7.091,0.033,,0.29,,,,,,,,
btc-updown-5m-1786253400,btc-5m,2026-08-09 05:25:01.509000+00:00,2026-08-09 05:40:21.304000+00:00,2026-08-09,13,298.4909999370575,-1.45,1.45,False,True,,2026-08-09T05:27:18.855Z,,,161.145,,0.027,0.29,,,,,,,,
btc-updown-5m-1786253100,btc-5m,2026-08-09 05:20:01.669000+00:00,2026-08-09 05:37:27.236000+00:00,2026-08-09,13,298.3310000896454,2.1,2.9,True,False,2026-08-09T05:29:32.863Z,2026-08-09T05:26:38.853Z,2026-08-09T05:29:32.863Z,-272.863,-98.853,0.008,0.002,0.29,,,,,,,,
btc-updown-15m-1786252500,btc-15m,2026-08-09 05:00:01.549000+00:00,2026-08-09 05:35:43.346000+00:00,2026-08-09,13,898.4509999752045,0.2,4.8,True,False,2026-08-09T05:15:14.780Z,2026-08-09T05:10:32.752Z,2026-08-09T05:15:14.780Z,-14.78,267.248,0.002,0.147,0.49,,,,,,,,
btc-updown-5m-1786252800,btc-5m,2026-08-09 05:15:01.411000+00:00,2026-08-09 05:29:57.211000+00:00,2026-08-09,13,298.58899998664856,2.35,2.65,True,False,2026-08-09T05:22:26.840Z,2026-08-09T05:19:50.832Z,2026-08-09T05:22:26.840Z,-146.84,9.168,0.006,0.03,0.29,,,,,,,,
btc-updown-5m-1786252500,btc-5m,2026-08-09 05:10:01.506000+00:00,2026-08-09 05:26:47.116000+00:00,2026-08-09,13,298.49399995803833,-1.2,1.2,False,True,2026-08-09T05:18:28.825Z,,,,-208.825,0.002,,0.29,,,,,,,,
btc-updown-5m-1786252200,btc-5m,2026-08-09 05:05:01.518000+00:00,2026-08-09 05:23:31.275000+00:00,2026-08-09,13,298.48200011253357,-1.45,1.45,False,True,,2026-08-09T05:09:58.748Z,,,1.252,,0.107,0.29,,,,,,,,
btc-updown-15m-1786251600,btc-15m,2026-08-09 04:45:01.572000+00:00,2026-08-09 05:21:33.136000+00:00,2026-08-09,12,898.4279999732971,0.2,4.8,True,False,2026-08-09T05:00:06.661Z,2026-08-09T04:58:00.897Z,2026-08-09T05:00:06.661Z,-6.661,119.103,0.012,0.249,0.49,,,,,,,,
btc-updown-5m-1786251900,btc-5m,2026-08-09 05:00:01.150000+00:00,2026-08-09 05:14:55.138000+00:00,2026-08-09,13,298.84999990463257,2.35,2.65,True,False,2026-08-09T05:05:54.713Z,2026-08-09T05:09:54.743Z,2026-08-09T05:09:54.743Z,-294.743,-54.713,0.007,0.007,0.29,,,,,,,,
btc-updown-5m-1786251600,btc-5m,2026-08-09 04:55:01.074000+00:00,2026-08-09 05:13:27.066000+00:00,2026-08-09,12,298.9260001182556,2.35,2.65,True,False,2026-08-09T05:03:34.705Z,2026-08-09T05:03:10.704Z,2026-08-09T05:03:34.705Z,-214.705,-190.704,0.006,0.007,0.29,,,,,,,,
btc-updown-5m-1786251300,btc-5m,2026-08-09 04:50:01.172000+00:00,2026-08-09 05:08:21.145000+00:00,2026-08-09,12,298.82800006866455,2.45,2.55,True,False,2026-08-09T04:57:06.643Z,2026-08-09T04:54:44.628Z,2026-08-09T04:57:06.643Z,-126.643,15.372,0.016,0.102,0.29,,,,,,,,
btc-updown-15m-1786250700,btc-15m,2026-08-09 04:30:01.218000+00:00,2026-08-09 05:08:01.098000+00:00,2026-08-09,12,898.7820000648499,0.25,4.75,True,False,2026-08-09T04:45:12.878Z,2026-08-09T04:46:30.528Z,2026-08-09T04:46:30.528Z,-90.528,-12.878,0.32,0.027,0.49,,,,,,,,
btc-updown-5m-1786251000,btc-5m,2026-08-09 04:45:00.950000+00:00,2026-08-09 05:02:21.009000+00:00,2026-08-09,12,299.0499999523163,-1.4,1.4,False,True,2026-08-09T04:49:56.602Z,,,,3.398,0.094,,0.29,,,,,,,,
btc-updown-5m-1786250700,btc-5m,2026-08-09 04:40:01.210000+00:00,2026-08-09 04:54:28.976000+00:00,2026-08-09,12,298.789999961853,2.5,2.5,True,False,2026-08-09T04:46:48.558Z,2026-08-09T04:46:26.528Z,2026-08-09T04:46:48.558Z,-108.558,-86.528,0.0,0.008,0.29,,,,,,,,
btc-updown-5m-1786250400,btc-5m,2026-08-09 04:35:01.256000+00:00,2026-08-09 04:51:54.983000+00:00,2026-08-09,12,298.74399995803833,-1.3,1.3,False,True,2026-08-09T04:38:40.476Z,,,,79.524,0.026,,0.29,,,,,,,,
btc-updown-15m-1786249800,btc-15m,2026-08-09 04:15:00.819000+00:00,2026-08-09 04:51:35.420000+00:00,2026-08-09,12,899.180999994278,0.4,4.6,True,False,2026-08-09T04:30:08.393Z,2026-08-09T04:30:04.398Z,2026-08-09T04:30:08.393Z,-8.393,-4.398,0.035,0.053,0.49,,,,,,,,
btc-updown-5m-1786250100,btc-5m,2026-08-09 04:30:00.856000+00:00,2026-08-09 04:44:18.802000+00:00,2026-08-09,12,299.14400005340576,-1.4,1.4,False,True,2026-08-09T04:35:02.442Z,,,,-2.442,0.01,,0.29,,,,,,,,
btc-updown-5m-1786249800,btc-5m,2026-08-09 04:25:00.821000+00:00,2026-08-09 04:42:58.807000+00:00,2026-08-09,12,299.17899990081787,-1.3,1.3,False,True,2026-08-09T04:27:58.373Z,,,,121.627,0.09,,0.29,,,,,,,,
btc-updown-15m-1786248900,btc-15m,2026-08-09 04:00:00.847000+00:00,2026-08-09 04:35:06.909000+00:00,2026-08-09,12,899.1530001163483,1.25,3.75,True,False,2026-08-09T04:16:22.264Z,2026-08-09T04:15:10.259Z,2026-08-09T04:16:22.264Z,-82.264,-10.259,0.007,0.035,0.49,,,,,,,,
btc-updown-5m-1786249500,btc-5m,2026-08-09 04:20:00.613000+00:00,2026-08-09 04:34:22.745000+00:00,2026-08-09,12,299.38700008392334,-1.45,1.45,False,True,,2026-08-09T04:24:42.335Z,,,17.665,,0.057,0.29,,,,,,,,
btc-updown-5m-1786249200,btc-5m,2026-08-09 04:15:00.552000+00:00,2026-08-09 04:31:26.735000+00:00,2026-08-09,12,299.44799995422363,-1.4,1.4,False,True,,2026-08-09T04:19:28.299Z,,,31.701,,0.031,0.29,,,,,,,,
btc-updown-5m-1786248900,btc-5m,2026-08-09 04:10:00.728000+00:00,2026-08-09 04:28:56.721000+00:00,2026-08-09,12,299.2720000743866,2.55,2.45,True,False,2026-08-09T04:16:30.268Z,2026-08-09T04:15:20.258Z,2026-08-09T04:16:30.268Z,-90.268,-20.258,0.037,0.004,0.29,,,,,,,,
btc-updown-5m-1786248600,btc-5m,2026-08-09 04:05:00.512000+00:00,2026-08-09 04:22:56.686000+00:00,2026-08-09,12,299.48799991607666,-1.05,1.05,False,True,,2026-08-09T04:11:56.244Z,,,-116.244,,0.004,0.29,,,,,,,,
btc-updown-15m-1786248000,btc-15m,2026-08-09 03:45:00.932000+00:00,2026-08-09 04:22:02.735000+00:00,2026-08-09,11,899.0680000782013,0.15,4.85,True,False,2026-08-09T04:00:12.171Z,2026-08-09T04:00:18.144Z,2026-08-09T04:00:18.144Z,-18.144,-12.171,0.005,0.011,0.49,,,,,,,,
btc-updown-5m-1786248300,btc-5m,2026-08-09 04:00:00.594000+00:00,2026-08-09 04:16:40.623000+00:00,2026-08-09,12,299.4059998989105,-1.3,1.3,False,True,,2026-08-09T04:06:38.236Z,,,-98.236,,0.013,0.29,,,,,,,,
btc-updown-5m-1786248000,btc-5m,2026-08-09 03:55:00.429000+00:00,2026-08-09 04:09:04.501000+00:00,2026-08-09,11,299.57100009918213,2.4,2.6,True,False,2026-08-09T04:04:00.385Z,2026-08-09T04:02:40.182Z,2026-08-09T04:04:00.385Z,-240.385,-160.182,0.0,0.007,0.29,,,,,,,,
btc-updown-15m-1786247100,btc-15m,2026-08-09 03:30:02.807000+00:00,2026-08-09 04:08:42.582000+00:00,2026-08-09,11,897.1930000782013,0.55,4.45,True,False,2026-08-09T03:46:42.220Z,2026-08-09T03:30:47.937Z,2026-08-09T03:46:42.220Z,-102.22,852.063,0.163,0.015,0.49,,,,,,,,
btc-updown-5m-1786247700,btc-5m,2026-08-09 03:50:00.497000+00:00,2026-08-09 04:06:32.661000+00:00,2026-08-09,11,299.50300002098083,-1.45,1.45,False,True,2026-08-09T03:55:10.103Z,,,,-10.103,0.014,,0.29,,,,,,,,
btc-updown-5m-1786247400,btc-5m,2026-08-09 03:45:00.566000+00:00,2026-08-09 04:03:42.541000+00:00,2026-08-09,11,299.4340000152588,-1.3,1.3,False,True,2026-08-09T03:53:18.079Z,,,,-198.079,0.005,,0.29,,,,,,,,
btc-updown-5m-1786247100,btc-5m,2026-08-09 03:40:00.495000+00:00,2026-08-09 03:58:40.726000+00:00,2026-08-09,11,299.5050001144409,-0.9,0.9,False,True,2026-08-09T03:46:42.061Z,,,,-102.061,0.009,,0.29,,,,,,,,
btc-updown-15m-1786246200,btc-15m,2026-08-09 03:15:01.194000+00:00,2026-08-09 03:51:16.364000+00:00,2026-08-09,11,898.805999994278,0.15,4.85,False,True,2026-08-09T03:30:19.942Z,,,,-19.942,0.041,,0.49,,,,,,,,
btc-updown-5m-1786246800,btc-5m,2026-08-09 03:35:02.410000+00:00,2026-08-09 03:50:22.407000+00:00,2026-08-09,11,297.5899999141693,-1.45,1.45,False,True,,2026-08-09T03:40:40.044Z,,,-40.044,,0.01,0.29,,,,,,,,
btc-updown-5m-1786246500,btc-5m,2026-08-09 03:30:02.387000+00:00,2026-08-09 03:44:04.338000+00:00,2026-08-09,11,297.61299991607666,2.4,2.6,True,False,2026-08-09T03:35:03.990Z,2026-08-09T03:39:42.029Z,2026-08-09T03:39:42.029Z,-282.029,-3.99,0.012,0.006,0.29,,,,,,,,
btc-updown-5m-1786246200,btc-5m,2026-08-09 03:25:01.524000+00:00,2026-08-09 03:42:54.382000+00:00,2026-08-09,11,298.4760000705719,2.55,2.45,True,False,2026-08-09T03:29:57.929Z,2026-08-09T03:32:38.397Z,2026-08-09T03:32:38.397Z,-158.397,2.071,0.044,0.0,0.29,,,,,,,,
btc-updown-5m-1786245900,btc-5m,2026-08-09 03:20:01.468000+00:00,2026-08-09 03:35:10.295000+00:00,2026-08-09,11,298.53200006484985,2.8,2.2,False,True,2026-08-09T03:28:57.920Z,,,,-237.92,0.018,,0.29,,,,,,,,
